"DataEntries: 8756, TestEntries: 24, Epochs: 3000, UseTestData: true, LimitEntries: true, Firstlayer#: 5, SecondLayer: true, SecondLayer#: 30, Predict: true, Curvebehaviour: false, Stacksize: 6, useLastXDays: false, Max: 632.0, Min: 61.0, Curve behaviour: false, Historical: false, Skewness: true"
"Actual","Ideal"
"355.25715137623087","338.9736379613424"
"313.824226783519","335.9630931458565"
"293.01360435669494","313.8857644990455"
"262.0400833544581","309.8717047451785"
"291.05288800625596","310.87521968378803"
"286.2737120017986","302.8471001757685"
"271.383199707366","291.80843585249147"
"277.72701793293027","290.80492091388203"
"255.27011367738095","283.780316344472"
"269.64479758646473","280.769771528929"
"272.0534187396121","277.7592267136715"
"266.6486263434072","277.7592267136715"
"277.72701793293027","275.7521968364525"
"279.8724695150882","282.7768014058625"
"287.3050789777877","286.79086116001497"
"292.3229000256583","293.815465729425"
"310.6578670796813","311.878734622112"
"279.98694988759246","316.8963093145885"
"290.36545829784075","316.8963093145885"
"353.1837931618788","320.9103690685412"
"321.8975517820438","311.878734622112"
"310.8802316830661","314.889279437655"
"307.2580007748166","315.892794375979"
"313.18323952256816","343.99121265377886"
"421.1696952947759","349.00878734622114"
"351.4159393304024","339.9771528998377"
"310.1530826545094","322.9173989455318"
"283.10880389298006","311.878734622112"
"327.18778340281733","312.8822495607215"
"285.98028288534044","307.864674868245"
"271.65487601248117","292.8119507908155"
"277.72701793293027","283.780316344472"
"253.3865287501062","275.7521968364525"
"259.60494011687155","262.706502636242"
"267.7124837226905","259.695957820699"
"263.5502826823285","276.75571177506197"
"277.72701793293027","290.80492091388203"
"276.53883620010765","364.06151142355355"
"376.0261746391243","432.3005272406915"
"396.4931970563308","383.1282952548215"
"321.2449991364831","357.0369068541435"
"371.62683330906503","357.0369068541435"
"355.6351550678799","371.0861159929635"
"355.7672099441689","422.265377856024"
"399.7723226890048","389.149384885622"
"365.47327595455477","380.1177504392785"
"344.47532219548566","409.219683655528"
"404.37030724851365","496.525483303991"
"421.8983767482347","513.585237258354"
"421.898632689404","362.05448154656295"
"310.58232683732155","316.8963093145885"
"273.8437083025604","307.864674868245"
"327.1979775765851","302.8471001757685"
"285.0920034342501","300.84007029883503"
"268.9459534982858","289.8014059752725"
"277.72701793293027","289.8014059752725"
"250.8202650071263","285.7873462214055"
"260.2187574850858","287.794376098339"
"273.0941786088448","283.780316344472"
"267.2064042469586","288.7978910369485"
"277.72701793293027","305.85764499131153"
"351.6531492510327","338.9736379613424"
"374.7662087447296","409.219683655528"
"395.92839326607657","368.0755711775062"
"327.49541041758704","352.0193321616956"
"371.68983372246794","342.987697715295"
"355.35513490134133","353.0228471001623"
"354.58607053484144","360.0474516696009"
"357.43421924890714","353.0228471001623"
"313.2255156163386","347.0017574692448"
"326.0514692652448","365.06502636204885"
"364.2160082365762","429.289982425434"
"421.8800490624186","456.3848857644645"
"421.8985884093556","357.0369068541435"
"310.65702133216536","344.9947275922685"
"282.4877662717596","319.9068541300459"
"327.6998193474823","318.9033391915506"
"289.9494513650417","306.8611599296355"
"270.9872875660435","295.82249560635853"
"277.72701793293027","295.82249560635853"
"252.68905337653692","288.7978910369485"
"265.34605491074456","289.8014059752725"
"272.5857062799175","291.80843585249147"
"267.14999100121065","297.829525483292"
"277.72701793293027","311.878734622112"
"359.7610095119285","342.987697715295"
"371.9162947481519","373.0931458699541"
"334.2437017214221","379.1142355009545"
"338.9963441507481","365.06502636204885"
"372.0360051445768","362.05448154656295"
"355.7385391797357","366.0685413005156"
"355.8767862164977","363.05799648505825"
"358.8677654506247","359.0439367311056"
"320.3187251602171","358.0404217926103"
"329.2086901419691","369.0790861160015"
"374.28007923875816","409.219683655528"
"421.8624533249173","484.4833040421045"
"421.89862159535323","360.0474516696009"
"310.4528803930143","336.9666080843518"
"276.2209858171387","318.9033391915506"
"327.37481878650084","322.9173989455318"
"288.9840490578483","319.9068541300459"
"272.75648018483975","300.84007029883503"
"277.72701793293027","304.854130052702"
"256.73947599668475","296.8260105446825"
"279.27043164710904","297.829525483292"
"272.270366489582","299.8365553602255"
"266.97249744128766","308.868189806569"
"277.72701793293027","320.9103690685412"
"359.54768352543493","344.9947275922685"
"374.18382294214365","410.2231985941375"
"380.9615632418891","334.9595782073897"
"310.94914266001643","323.9209138839985"
"306.6347626770696","319.9068541300459"
"354.21089626761415","330.94551845343705"
"291.93996422434816","368.0755711775062"
"357.08406564516366","345.9982425307552"
"311.0489621732763","350.012302284705"
"324.896309840134","373.0931458699541"
"380.1935302722137","430.293497363758"
"421.87907757304174","508.5676625658775"
"421.89863120070856","382.12478031621197"
"310.92107280515785","324.9244288224938"
"274.0609357555537","317.899824253198"
"327.07309669201476","319.9068541300459"
"285.0547490162286","313.8857644990455"
"271.6050509225599","303.850615114378"
"277.72701793293027","305.85764499131153"
"256.823201410166","296.8260105446825"
"281.04063586018293","295.82249560635853"
"271.83051177648474","297.829525483292"
"266.7506849282689","293.815465729425"
"277.72701793293027","307.864674868245"
"340.2074639223161","335.9630931458565"
"360.09438269679725","378.110720562345"
"312.1021202510006","336.9666080843518"
"310.6755054286383","332.9525483303991"
"306.2439989324788","328.93848857644645"
"291.2334383754308","336.9666080843518"
"290.4514740899639","334.9595782073897"
"324.08219429421877","329.94200351494175"
"310.7669357279598","327.93497363795115"
"315.96102479127035","329.94200351494175"
"311.05791706787625","364.06151142355355"
"366.57580616491236","385.135325131755"
"421.8898121747814","344.9947275922685"
"291.9047305987003","321.9138840070365"
"243.624070179189","319.9068541300459"
"323.0215980645104","317.899824253198"
"279.63148071540013","312.8822495607215"
"270.96205683042615","303.850615114378"
"277.72701793293027","304.854130052702"
"256.5549160463492","293.815465729425"
"280.17491532378426","280.769771528929"
"268.85353473850654","277.7592267136715"
"264.708572161234","281.77328646753847"
"277.72701793282323","288.7978910369485"
"271.5555864691561","298.8330404219015"
"283.79323698087114","311.878734622112"
"292.6052154482338","317.899824253198"
"310.5649370072234","318.9033391915506"
"303.4685201328455","318.9033391915506"
"352.8219142096639","318.9033391915506"
"289.8644610012418","312.8822495607215"
"311.4272914457434","311.878734622112"
"286.17517425157166","313.8857644990455"
"313.6310974980568","318.9033391915506"
"319.50818988367496","330.94551845343705"
"367.6007547319154","334.9595782073897"
"341.9088663972419","328.93848857644645"
"310.1169034475311","319.9068541300459"
"275.326263724189","316.8963093145885"
"328.0149615603816","320.9103690685412"
"291.32693003105624","321.9138840070365"
"274.161502723921","313.8857644990455"
"277.72701793293027","318.9033391915506"
"260.6161682666033","307.864674868245"
"302.1435729088136","292.8119507908155"
"273.1705671980119","291.80843585249147"
"267.40927092811114","293.815465729425"
"277.72701793293027","293.815465729425"
"248.2627745962838","288.7978910369485"
"299.5178985467069","290.80492091388203"
"293.1080477721401","298.8330404219015"
"310.9125883816931","319.9068541300459"
"306.1353483754979","327.93497363795115"
"311.0113337759734","325.9279437609891"
"355.1012093024287","323.9209138839985"
"335.22826115019393","320.9103690685412"
"311.0531820400071","318.9033391915506"
"319.5397783706449","322.9173989455318"
"346.8562095137829","345.9982425307552"
"421.71396108162605","350.012302284705"
"386.19688428106156","341.9841827767997"
"310.88517452874856","332.9525483303991"
"286.7931029904983","326.9314586994844"
"329.7886967011258","329.94200351494175"
"292.5818157706638","321.9138840070365"
"274.4673626493052","307.864674868245"
"277.72701793293027","309.8717047451785"
"259.7422983059645","300.84007029883503"
"298.6697452473709","289.8014059752725"
"273.07135971221675","289.8014059752725"
"267.3966393597545","296.8260105446825"
"277.72701793293027","318.9033391915506"
"373.12854003238544","344.9947275922685"
"366.6561813868982","366.0685413005156"
"377.0411695183232","333.9560632688944"
"312.48507249131796","325.9279437609891"
"371.37137932772094","326.9314586994844"
"355.42974330169346","333.9560632688944"
"355.64618427495975","341.9841827767997"
"358.7072016175346","345.9982425307552"
"333.9470165959316","350.012302284705"
"339.045699736958","347.0017574692448"
"386.96739235291574","352.0193321616956"
"421.7573031918887","348.0052724077315"
"387.392105093566","331.9490333919038"
"310.62499864745405","318.9033391915506"
"282.69038894603364","314.889279437655"
"328.4894648311343","329.94200351494175"
"292.68365150328003","324.9244288224938"
"274.698041989913","314.889279437655"
"277.72701793293027","315.892794375979"
"259.9999664676255","313.8857644990455"
"300.99186690553256","312.8822495607215"
"273.413081151602","308.868189806569"
"267.59431127568985","312.8822495607215"
"277.72701793293027","326.9314586994844"
"368.08407698860503","368.0755711775062"
"367.49430584962306","410.2231985941375"
"401.14578862166127","329.94200351494175"
"311.06771352217186","324.9244288224938"
"306.87783560810993","324.9244288224938"
"315.937534400123","327.93497363795115"
"355.0523312682751","374.0966608084494"
"361.8918697816459","376.1036906854115"
"371.1925784745364","363.05799648505825"
"343.15136019787855","385.135325131755"
"403.87354012978517","439.32513181010154"
"421.897077519807","465.416520210808"
"421.89863093519534","379.1142355009545"
"311.37092635840895","344.9947275922685"
"278.75297653316574","333.9560632688944"
"330.23082337121593","337.9701230228471"
"292.78893577691986","327.93497363795115"
"274.32123477111463","316.8963093145885"
"277.72701793293027","316.8963093145885"
"259.76233166474015","311.878734622112"
"301.7458915975723","310.87521968378803"
"273.3931504485432","303.850615114378"
"272.31029901839133","308.868189806569"
"277.72701793293027","329.94200351494175"
"360.01042891092044","360.0474516696009"
"366.7030226922294","379.1142355009545"
"388.84751074304506","364.06151142355355"
"349.55930395060955","344.9947275922685"
"370.9404839630183","343.99121265377886"
"351.7701417107454","340.9806678383044"
"355.1739149161745","342.987697715295"
"345.1564021132355","339.9771528998377"
"311.0295737701949","338.9736379613424"
"323.782440751724","351.0158172232003"
"360.3145182947909","377.107205624021"
"421.7870645247772","409.219683655528"
"412.24373312647634","343.99121265377886"
"310.6415006845319","338.9736379613424"
"285.56819466500406","323.9209138839985"
"328.0472863652539","329.94200351494175"
"291.4608745460644","326.9314586994844"
"274.42628332244425","317.899824253198"
"277.72701793293027","317.899824253198"
"260.4031398183229","315.892794375979"
"307.4507637774767","315.892794375979"
"273.4731487147209","314.889279437655"
"356.021894517087","319.9068541300459"
"277.72701793293027","326.9314586994844"
"365.26341707096697","365.06502636204885"
"367.423913904185","352.0193321616956"
"336.0513859153264","352.0193321616956"
"332.76482461643974","343.99121265377886"
"371.55904007146376","342.987697715295"
"355.2747285615619","343.99121265377886"
"355.7233683801876","348.0052724077315"
"357.0714992909504","347.0017574692448"
"332.5486373744284","353.0228471001623"
"336.0471445161516","408.2161687169185"
"405.9794849449021","438.3216168717775"
"421.8960919388288","520.6098418277641"
"421.89863554007513","456.3848857644645"
"398.52557491448715","409.219683655528"
"311.051454527863","340.9806678383044"
"331.0624819906202","339.9771528998377"
"292.40764577000874","331.9490333919038"
"275.063071208161","325.9279437609891"
"277.72701793293027","319.9068541300459"
"260.44747969989777","315.892794375979"
"305.43696119962607","311.878734622112"
"273.1682941819731","307.864674868245"
"276.8175829005811","305.85764499131153"
"277.72701793293027","323.9209138839985"
"342.459749323402","373.0931458699541"
"366.7910546406811","433.304042179301"
"395.613761980942","409.219683655528"
"392.24147018217786","355.0298769771529"
"371.82498280689254","354.0263620386576"
"355.6217101098559","355.0298769771529"
"355.6181759010651","345.9982425307552"
"347.43430091215833","336.9666080843518"
"311.04751052778255","332.9525483303991"
"319.22896629094737","339.9771528998377"
"316.34388472471915","353.0228471001623"
"367.33749340078157","387.14235500868847"
"388.0627865834987","332.9525483303991"
"293.37920675299205","323.9209138839985"
"266.78872776071466","316.8963093145885"
"326.799630448254","315.892794375979"
"281.7189393264148","312.8822495607215"
"270.96867488754003","308.868189806569"
"277.72701793293027","304.854130052702"
"257.28043565742","301.843585237159"
"288.68911350569834","299.8365553602255"
"272.2232365187308","298.8330404219015"
"266.70456932872384","300.84007029883503"
"277.72701793293027","304.854130052702"
"310.82807174007945","310.87521968378803"
"352.92723945057804","310.87521968378803"
"292.4218544963183","312.8822495607215"
"310.7192655628596","312.8822495607215"
"303.4011651909949","315.892794375979"
"351.3654167802674","315.892794375979"
"290.6519658447784","314.889279437655"
"315.0246453828284","313.8857644990455"
"342.55293087364595","313.8857644990455"
"314.12938016987846","316.8963093145885"
"317.69388721396774","331.9490333919038"
"367.66786199723356","336.9666080843518"
"348.06899675098356","326.9314586994844"
"308.3321900581708","317.899824253198"
"271.1109592242004","315.892794375979"
"327.77893423110254","314.889279437655"
"289.24494487664606","314.889279437655"
"273.1908822208848","312.8822495607215"
"277.72701793293027","311.878734622112"
"259.30090580186356","306.8611599296355"
"298.8600481563064","304.854130052702"
"273.280518415876","304.854130052702"
"267.59682269861435","297.829525483292"
"277.72701793293027","293.815465729425"
"298.54545333236547","303.850615114378"
"253.09377633392515","304.854130052702"
"293.2298929888437","309.8717047451785"
"310.9928421150843","311.878734622112"
"304.5777119002747","312.8822495607215"
"292.19438314070976","314.889279437655"
"312.59018090686925","314.889279437655"
"328.89587150474745","313.8857644990455"
"311.0313467480459","314.889279437655"
"318.597777034457","316.8963093145885"
"343.527415301458","317.899824253198"
"394.13118639039203","317.899824253198"
"336.0406279546768","317.899824253198"
"310.06285054704006","316.8963093145885"
"281.05365792254474","315.892794375979"
"328.5930619078039","315.892794375979"
"291.1806866801343","314.889279437655"
"273.8767179314781","311.878734622112"
"277.72701793293027","299.8365553602255"
"258.51616180664143","295.82249560635853"
"292.4826121294677","295.82249560635853"
"273.1019278935704","296.8260105446825"
"267.26723169598245","297.829525483292"
"277.72701793293027","312.8822495607215"
"336.0238190607506","331.9490333919038"
"375.0949550880853","323.9209138839985"
"319.40634078930077","319.9068541300459"
"311.02487497409476","316.8963093145885"
"306.8892253519113","319.9068541300459"
"328.1774725274341","323.9209138839985"
"355.4006165262372","331.9490333919038"
"348.66521263135905","324.9244288224938"
"311.4867477630155","322.9173989455318"
"325.5643322373382","361.0509666080962"
"401.09709919095417","484.4833040421045"
"421.8985374439997","518.6028119508305"
"421.89863548191045","366.0685413005156"
"311.06142877845554","316.8963093145885"
"279.6861352082407","312.8822495607215"
"328.0169429590957","312.8822495607215"
"290.62967224594547","309.8717047451785"
"272.79398024589653","305.85764499131153"
"277.72701793293027","300.84007029883503"
"258.4973700119228","297.829525483292"
"295.1398681584783","296.8260105446825"
"273.1363563023723","298.8330404219015"
"268.46997847644343","300.84007029883503"
"277.72701793293027","315.892794375979"
"346.79454269172646","329.94200351494175"
"376.19008123477767","320.9103690685412"
"299.5454917811693","320.9103690685412"
"311.0419615182355","314.889279437655"
"306.3149046974786","313.8857644990455"
"322.11702947493944","316.8963093145885"
"291.92547114889675","316.8963093145885"
"302.8528555241932","313.8857644990455"
"311.05097401884825","311.878734622112"
"319.10831808544737","327.93497363795115"
"322.54014829473493","402.19507908611797"
"421.85855354486824","402.19507908611797"
"404.18450711943257","323.9209138839985"
"310.01185165575316","310.87521968378803"
"283.4454437977007","306.8611599296355"
"327.6860112687893","305.85764499131153"
"287.18092204851644","302.8471001757685"
"271.4013146257683","298.8330404219015"
"277.72701793293027","297.829525483292"
"257.7323956832623","290.80492091388203"
"287.8510389045333","290.80492091388203"
"272.43332224795046","293.815465729425"
"267.11532515099077","297.829525483292"
"277.72701793293027","308.868189806569"
"362.9183123167445","313.8857644990455"
"337.2924008922733","313.8857644990455"
"327.5620316751837","312.8822495607215"
"311.0147711731389","305.85764499131153"
"304.7787396616483","304.854130052702"
"302.73999887024826","305.85764499131153"
"291.168195141893","304.854130052702"
"320.64574066941026","304.854130052702"
"310.90959515779696","304.854130052702"
"314.0995530603362","315.892794375979"
"311.3343404256044","319.9068541300459"
"365.7022643488914","315.892794375979"
"311.0299613331519","307.864674868245"
"305.7945168986329","303.850615114378"
"242.66523675520423","298.8330404219015"
"297.2277973209391","292.8119507908155"
"276.3384140988566","289.8014059752725"
"265.38305431613986","281.77328646753847"
"277.7270179323875","274.7486818981285"
"248.49102538109602","269.731107205652"
"258.5579735977507","268.7275922670425"
"265.01563537161826","270.734622143976"
"263.26453796611725","274.7486818981285"
"277.72701793283466","282.7768014058625"
"277.43076774036984","295.82249560635853"
"359.77126497335064","304.854130052702"
"292.98608745871377","304.854130052702"
"310.7115656489655","299.8365553602255"
"302.38024995215176","298.8330404219015"
"351.81156798089256","300.84007029883503"
"288.48477931689627","300.84007029883503"
"310.9506013418537","299.8365553602255"
"253.82063833464431","303.850615114378"
"311.6291009241008","320.9103690685412"
"312.27792395348433","309.8717047451785"
"376.1305554668351","314.889279437655"
"311.0613926317956","304.854130052702"
"297.779046065178","300.84007029883503"
"275.4994897072052","295.82249560635853"
"263.4072983028598","291.80843585249147"
"265.6145064832987","287.794376098339"
"262.0734968845434","277.7592267136715"
"277.7270163573421","262.706502636242"
"239.91449250996993","253.6748681898985"
"239.30756697096723","249.660808435746"
"228.75782446257665","252.67135325128902"
"241.75256585325934","260.6994727593085"
"277.67522337096165","266.72056239010897"
"264.1623962025075","283.780316344472"
"268.59626866702735","290.80492091388203"
"285.3101463877782","289.8014059752725"
"284.2147263875276","287.794376098339"
"273.79575815397317","287.794376098339"
"282.83496782519154","288.7978910369485"
"278.3325919676504","288.7978910369485"
"271.7538519904823","289.8014059752725"
"289.4447117158605","289.8014059752725"
"296.38970909319545","291.80843585249147"
"311.06114109797466","297.829525483292"
"291.98476990211674","299.8365553602255"
"341.1314297216928","292.8119507908155"
"233.21255839522922","285.7873462214055"
"252.990251816357","277.7592267136715"
"263.2245302671994","272.741652021195"
"280.67462754999656","270.734622143976"
"253.34087746164826","261.7029876976325"
"277.61816413636535","251.667838312965"
"230.85015514515754","237.61862917385952"
"228.05336832732598","230.5940246044495"
"212.32783065572292","228.58699472751601"
"208.22804530798868","233.60456941999252"
"224.55890049171575","242.63620386633602"
"263.59268449433944","254.6783831282225"
"264.86325368901646","255.681898066832"
"276.0704251619197","259.695957820699"
"281.2287127418041","264.7135325131755"
"258.5054868888285","267.7240773287185"
"266.405385532782","268.7275922670425"
"254.74115197796388","264.7135325131755"
"228.42825944641976","262.706502636242"
"275.23996956274675","264.7135325131755"
"262.56971835559983","274.7486818981285"
"295.4739828758327","280.769771528929"
"264.8754615034484","283.780316344472"
"289.3806905928323","279.766256590605"
"252.983379276314","271.7381370825855"
"242.87509773615994","264.7135325131755"
"263.20023395780106","261.7029876976325"
"253.49814500216496","256.68541300515597"
"223.22908906236773","239.6256590510785"
"224.54841998445414","223.5694200350395"
"201.55582297204043","194.4674868190755"
"154.90034414791106","161.351493848959"
"144.0470910697662","150.3128295253965"
"131.50936981840678","185.4358523724465"
"224.35092010979585","171.3866432336265"
"179.01199085604492","180.4182776802555"
"182.81444709054404","189.44991212659897"
"190.29283766084518","224.572934973649"
"245.45390071275068","255.681898066832"
"224.21893549147876","259.695957820699"
"249.00907349491015","262.706502636242"
"226.02866127734967","264.7135325131755"
"212.80512815320543","258.692442882375"
"253.620942797368","255.681898066832"
"230.44827782454794","262.706502636242"
"186.90349716780472","281.77328646753847"
"267.0757379751092","286.79086116001497"
"283.1934674905384","282.7768014058625"
"246.22339976062753","278.7627416519955"
"225.55932026848538","274.7486818981285"
"263.19959039390574","267.7240773287185"
"254.38107703798175","258.692442882375"
"241.2174803106283","252.67135325128902"
"210.2260427372973","195.47100175739948"
"184.91263647127508","197.478031634333"
"216.05208847447318","241.632688928012"
"249.51127461118568","247.65377855881252"
"258.3657383027759","252.67135325128902"
"277.7168560194371","262.706502636242"
"270.33020128010344","278.7627416519955"
"286.0519253516205","303.850615114378"
"293.0872705421809","303.850615114378"
"310.71968414566396","304.854130052702"
"303.5076557776462","302.8471001757685"
"352.33697322020777","310.87521968378803"
"289.0594640288036","316.8963093145885"
"320.099118703609","302.8471001757685"
"318.2175210924172","317.899824253198"
"315.74822367815295","333.9560632688944"
"311.54208324696503","372.0896309314588"
"421.36542970548953","419.254833040481"
"421.89825287981904","312.8822495607215"
"283.2341181822906","294.818980667749"
"276.7701513734655","282.7768014058625"
"263.2830092278529","277.7592267136715"
"262.3340126344885","268.7275922670425"
"256.52205375368135","256.68541300515597"
"277.564707319425","256.68541300515597"
"239.91628407562803","248.65729349742202"
"239.5549827057788","247.65377855881252"
"240.93779951597708","249.660808435746"
"253.98512302416282","253.6748681898985"
"277.72382455802597","261.7029876976325"
"265.47586911160147","282.7768014058625"
"276.6128813159887","300.84007029883503"
"290.66638828729555","293.815465729425"
"325.9498292390316","284.7838312830815"
"275.4009424992294","286.79086116001497"
"282.9549986544704","287.794376098339"
"274.314952313772","287.794376098339"
"270.9668257446276","287.794376098339"
"288.50839599770916","289.8014059752725"
"300.1698468349923","302.8471001757685"
"310.74728743574605","306.8611599296355"
"343.45043201100333","304.854130052702"
"310.8893910025906","289.8014059752725"
"261.9850467052837","281.77328646753847"
"253.51269784893228","271.7381370825855"
"263.2146353596369","266.72056239010897"
"252.51629566560086","257.6889279437655"
"243.78931912450548","244.6432337432695"
"224.89803396405617","235.611599296926"
"212.65402937950327","207.513181019286"
"216.73058459589703","199.485061511552"
"158.48101253078252","212.5307557117625"
"184.35855354388312","234.608084358602"
"224.65173855942552","252.67135325128902"
"264.2016488228196","263.710017574566"
"267.00948979459207","277.7592267136715"
"285.1599395423373","278.7627416519955"
"280.92447624156335","277.7592267136715"
"270.4316192163887","276.75571177506197"
"279.2131345923093","275.7521968364525"
"264.93047684815434","277.7592267136715"
"277.8821325520666","277.7592267136715"
"288.7874258808842","279.766256590605"
"299.28764426790343","284.7838312830815"
"310.911436328356","288.7978910369485"
"291.92691537837845","293.815465729425"
"311.01398339443955","283.780316344472"
"286.48249193887176","277.7592267136715"
"256.1622980125155","271.7381370825855"
"263.26091285245195","267.7240773287185"
"247.19151194803538","261.7029876976325"
"251.90338917795776","251.667838312965"
"274.50877258167975","241.632688928012"
"224.36756220185617","218.55184534284848"
"220.47275511877336","215.54130052730548"
"202.75516765206396","220.558875219782"
"233.63959930021267","233.60456941999252"
"224.6112846800915","253.6748681898985"
"263.96399252295436","264.7135325131755"
"264.847051565374","277.7592267136715"
"278.4802086288463","277.7592267136715"
"272.88201603015546","274.7486818981285"
"274.35245555639875","273.745166959519"
"265.8621462653704","274.7486818981285"
"259.6378041231304","273.745166959519"
"251.58156166754017","273.745166959519"
"285.75475671637497","275.7521968364525"
"296.2455192120764","283.780316344472"
"293.53713238256614","288.7978910369485"
"269.952113614254","289.8014059752725"
"311.0393867756038","281.77328646753847"
"279.1701773499153","277.7592267136715"
"277.2459805418549","273.745166959519"
"263.37190809122086","271.7381370825855"
"282.5568837295274","268.7275922670425"
"262.7535585121803","259.695957820699"
"277.7270179173068","255.681898066832"
"247.04185565276072","252.67135325128902"
"254.9209181910565","252.67135325128902"
"270.1715484682554","256.68541300515597"
"265.7690660940167","260.6994727593085"
"277.7270179329226","271.7381370825855"
"283.62313078756983","275.7521968364525"
"331.35279070454214","289.8014059752725"
"293.3297863495584","290.80492091388203"
"310.84743822520284","288.7978910369485"
"301.94764778303215","287.794376098339"
"290.33296344774766","288.7978910369485"
"288.55813173417823","288.7978910369485"
"300.5114857905246","289.8014059752725"
"292.5821655106654","292.8119507908155"
"305.7725730790542","297.829525483292"
"311.0258150178597","296.8260105446825"
"344.8982022320352","293.815465729425"
"311.0557569700084","290.80492091388203"
"287.8283007068428","287.794376098339"
"241.30134708608293","282.7768014058625"
"263.36873841228174","278.7627416519955"
"276.96967580271104","272.741652021195"
"259.09075063169075","264.7135325131755"
"277.72599141336366","263.710017574566"
"242.2391847535515","256.68541300515597"
"242.37411994723314","253.6748681898985"
"231.19669919315604","248.65729349742202"
"234.66262158569185","242.63620386633602"
"224.57078675138152","246.6502636204885"
"263.39145810278205","251.667838312965"
"263.5961475540378","255.681898066832"
"238.10051315580557","256.68541300515597"
"276.90456138566526","260.6994727593085"
"281.37282184914966","263.710017574566"
"254.8573146401921","263.710017574566"
"240.99079030668906","262.706502636242"
"224.92509479794998","260.6994727593085"
"273.3957499415934","261.7029876976325"
"266.65581530231384","267.7240773287185"
"266.0137868785839","276.75571177506197"
"280.1449733284673","280.769771528929"
"290.49842127678903","276.75571177506197"
"269.2393403546115","267.7240773287185"
"245.61345100697247","258.692442882375"
"263.20396255365705","256.68541300515597"
"264.1479663285784","250.6643233743555"
"242.21604114138074","244.6432337432695"
"227.0604564067799","237.61862917385952"
"224.16830993871744","176.404217926103"
"150.07685708717943","147.302284710139"
"142.76853142387543","140.277680140729"
"132.6692474764907","123.21792618636601"
"130.85158105252262","104.15114235506948"
"177.5077585433007","143.28822495598652"
"187.71752028863517","198.4815465729425"
"265.78751921989783","229.5905096661255"
"253.18631186983697","252.67135325128902"
"265.1047743753394","257.6889279437655"
"257.7863066700913","260.6994727593085"
"241.64702613873226","260.6994727593085"
"231.13285254912114","262.706502636242"
"275.378031892064","265.717047451785"
"277.8978741545905","272.741652021195"
"292.2481704115519","279.766256590605"
"323.742024537882","283.780316344472"
"293.5166975076976","282.7768014058625"
"269.24505114091954","280.769771528929"
"266.5386745633201","275.7521968364525"
"263.27367417159195","273.745166959519"
"255.56475768845672","267.7240773287185"
"256.4643101216832","257.6889279437655"
"277.72640088923333","265.717047451785"
"244.3297635055921","253.6748681898985"
"245.58163877731755","217.548330404239"
"224.73009529769303","221.56239015810598"
"251.8352472951891","233.60456941999252"
"247.9677703991625","265.717047451785"
"270.5180935587499","282.7768014058625"
"282.2335095336943","295.82249560635853"
"292.1758316432706","293.815465729425"
"280.59190133760364","291.80843585249147"
"300.0423217382125","293.815465729425"
"288.6951598572939","293.815465729425"
"284.2606023998133","291.80843585249147"
"291.8450410884792","291.80843585249147"
"290.7419748839078","295.82249560635853"
"311.1820628549426","324.9244288224938"
"321.8923630740876","303.850615114378"
"307.13723062235886","306.8611599296355"
"311.03757307563274","294.818980667749"
"301.1718691843146","289.8014059752725"
"281.95043042532876","283.780316344472"
"263.3146598875179","281.77328646753847"
"269.8560180919418","273.745166959519"
"261.2816603236483","268.7275922670425"
"277.72701789590104","266.72056239010897"
"248.6425933225717","262.706502636242"
"260.2380579012045","263.710017574566"
"266.708269221999","258.692442882375"
"264.04094496939064","259.695957820699"
"277.7270175517349","270.734622143976"
"270.0127268107705","280.769771528929"
"333.52758535257885","293.815465729425"
"292.5535380405334","293.815465729425"
"310.07487253354066","288.7978910369485"
"301.522116223082","288.7978910369485"
"287.96127093737533","294.818980667749"
"285.21084048289623","293.815465729425"
"340.5172461289288","294.818980667749"
"282.9982733626841","294.818980667749"
"308.02579369825827","297.829525483292"
"310.99178234253077","300.84007029883503"
"297.59980997605294","300.84007029883503"
"311.0246237835814","294.818980667749"
"292.66621225364156","287.794376098339"
"265.26882680534845","281.77328646753847"
"263.23674929454364","280.769771528929"
"281.03249275734447","276.75571177506197"
"256.988014209525","268.7275922670425"
"277.7269108080756","262.706502636242"
"240.95460413036074","259.695957820699"
"248.15504312906035","259.695957820699"
"253.30775146999758","257.6889279437655"
"258.32499164104007","259.695957820699"
"277.7270167653434","273.745166959519"
"270.1557013133549","286.79086116001497"
"350.00693696736465","322.9173989455318"
"311.4507445607143","323.9209138839985"
"311.0332703340459","301.843585237159"
"304.38631426146827","296.8260105446825"
"332.97242951006206","312.8822495607215"
"292.0382993569944","308.868189806569"
"332.01913809133396","308.868189806569"
"311.06029367817246","316.8963093145885"
"322.0851286179289","335.9630931458565"
"371.9556002885303","365.06502636204885"
"421.80216246690685","379.1142355009545"
"402.0816984307147","319.9068541300459"
"310.5795562546128","295.82249560635853"
"274.89441248282986","290.80492091388203"
"298.1271297868762","288.7978910369485"
"282.0985115945604","282.7768014058625"
"267.8412739894183","273.745166959519"
"277.7270179329188","259.695957820699"
"247.8263054521639","259.695957820699"
"261.565452815806","249.660808435746"
"266.86017853066835","245.646748681879"
"262.1369290433899","255.681898066832"
"277.7270179245338","272.741652021195"
"280.48277412461397","291.80843585249147"
"368.95040321323035","342.987697715295"
"316.8479092646975","345.9982425307552"
"315.02073420413166","319.9068541300459"
"306.03123843703816","314.889279437655"
"329.6871480408923","325.9279437609891"
"291.9929897353134","333.9560632688944"
"304.5126417812319","334.9595782073897"
"310.8934295640898","327.93497363795115"
"314.8017760268612","322.9173989455318"
"310.7741740957506","329.94200351494175"
"366.4879609269567","317.899824253198"
"339.13725092259733","293.815465729425"
"271.59304151342224","284.7838312830815"
"245.78211382545777","277.7592267136715"
"263.21084547665373","274.7486818981285"
"268.02366431899634","267.7240773287185"
"249.9840918247852","258.692442882375"
"246.21894655488111","226.5799648505825"
"198.55662774305662","200.488576449876"
"201.87515251711736","197.478031634333"
"142.21610468645548","212.5307557117625"
"140.0342957938387","222.56590509671548"
"224.54839125053525","255.681898066832"
"263.25925948627525","270.734622143976"
"263.36836266351105","284.7838312830815"
"286.673507070733","287.794376098339"
"247.5044283986095","286.79086116001497"
"248.85239896098864","285.7873462214055"
"233.6636672348319","284.7838312830815"
"249.31709940740177","282.7768014058625"
"219.54483292823602","278.7627416519955"
"281.1483665552487","280.769771528929"
"266.83807829140983","284.7838312830815"
"281.71345668640413","286.79086116001497"
"274.00979523936195","285.7873462214055"
"283.4881903046992","279.766256590605"
"251.09813389661372","271.7381370825855"
"226.0434533050792","266.72056239010897"
"263.19880294123493","263.710017574566"
"248.67799834238605","260.6994727593085"
"221.9166241430607","255.681898066832"
"239.99427312205012","249.660808435746"
"221.26226189129278","232.60105448166848"
"221.83208325957693","225.5764499122585"
"187.50351227667568","224.572934973649"
"187.7847416941717","233.60456941999252"
"224.54846393766513","240.6291739894025"
"263.394716386679","244.6432337432695"
"263.57168746940283","249.660808435746"
"249.42607649164228","251.667838312965"
"248.02398065642737","255.681898066832"
"277.9176630458803","258.692442882375"
"232.71589273773424","259.695957820699"
"248.53746099094698","258.692442882375"
"216.80395643147432","257.6889279437655"
"243.73878468717533","259.695957820699"
"254.6321404690882","266.72056239010897"
"256.43841019695833","271.7381370825855"
"282.61865170476005","275.7521968364525"
"287.9676967089004","270.734622143976"
"268.92742463607215","266.72056239010897"
"244.55963092703092","261.7029876976325"
"263.2049590701687","259.695957820699"
"268.7657436539532","255.681898066832"
"245.51472357441952","253.6748681898985"
"269.3544252046708","254.6783831282225"
"235.92797276044212","251.667838312965"
"238.34381505942076","242.63620386633602"
"239.75941982820015","238.62214411246902"
"248.48382529327282","252.67135325128902"
"277.7268029213251","250.6643233743555"
"265.67156933332524","258.692442882375"
"270.1213652621924","260.6994727593085"
"286.68151128828396","261.7029876976325"
"284.7455591424016","263.710017574566"
"268.201327021274","267.7240773287185"
"277.1007155195421","270.734622143976"
"266.42369786639347","270.734622143976"
"247.77983253017246","271.7381370825855"
"283.79488801050013","273.745166959519"
"282.29906888022174","282.7768014058625"
"294.0549420092368","286.79086116001497"
"297.6064076961027","286.79086116001497"
"292.88210975248734","283.780316344472"
"250.66841056081196","277.7592267136715"
"252.03411727042703","272.741652021195"
"263.2212406711626","269.731107205652"
"276.72483157327576","262.706502636242"
"251.86112563562682","257.6889279437655"
"277.25702165082396","255.681898066832"
"235.40471694338478","252.67135325128902"
"240.90241921138028","251.667838312965"
"249.64613178378397","230.5940246044495"
"236.39105159118768","239.6256590510785"
"247.03447704218334","263.710017574566"
"266.8962158277891","308.868189806569"
"364.9190461346234","376.1036906854115"
"356.39201114119356","291.80843585249147"
"310.3105712200878","289.8014059752725"
"271.18129025179746","288.7978910369485"
"350.75042136606226","289.8014059752725"
"288.1522577403016","288.7978910369485"
"308.4199737495025","288.7978910369485"
"296.862039404654","299.8365553602255"
"311.2216222116369","408.2161687169185"
"403.28624786949894","376.1036906854115"
"421.7593268647854","334.9595782073897"
"323.96485434171024","289.8014059752725"
"299.8741058547826","283.780316344472"
"275.60729506792603","275.7521968364525"
"263.27175618525666","270.734622143976"
"257.82325372152667","263.710017574566"
"255.94484100659676","255.681898066832"
"277.6418492402457","254.6783831282225"
"239.00149516250897","249.660808435746"
"239.69322047551992","240.6291739894025"
"213.4075012265665","213.534270650372"
"177.85789215201353","215.54130052730548"
"224.54839125292673","277.7592267136715"
"264.08866683754644","299.8365553602255"
"313.6146810794691","342.987697715295"
"292.6748003670932","283.780316344472"
"270.68782233554947","276.75571177506197"
"272.3676239146863","277.7592267136715"
"259.3148059713487","274.7486818981285"
"248.97016143301886","299.8365553602255"
"272.06127001642966","289.8014059752725"
"286.99504310822294","304.854130052702"
"307.914627240859","348.0052724077315"
"311.06199636095135","349.00878734622114"
"365.96979646605956","284.7838312830815"
"293.3466903513043","278.7627416519955"
"276.524617455164","273.745166959519"
"246.99175455083048","267.7240773287185"
"263.2084213719711","265.717047451785"
"256.175193355062","257.6889279437655"
"242.939478628963","245.646748681879"
"224.56800133355665","233.60456941999252"
"209.56862466726076","196.47451669600898"
"193.76855255847025","201.4920913884855"
"151.58052126974886","175.40070298777897"
"138.77746877969827","208.51669595789548"
"224.54839125432648","250.6643233743555"
"263.65329194632403","262.706502636242"
"264.50584679401936","274.7486818981285"
"278.32353228068206","276.75571177506197"
"279.9854768409748","272.741652021195"
"266.7751922969653","273.745166959519"
"271.5023881309249","273.745166959519"
"270.1194555054983","272.741652021195"
"252.50639820819165","277.7592267136715"
"286.3475568842613","284.7838312830815"
"297.56524686275594","287.794376098339"
"310.5347730135567","288.7978910369485"
"290.95207380009896","288.7978910369485"
"283.2965191522479","282.7768014058625"
"253.75421743129988","272.741652021195"
"252.9731733524197","264.7135325131755"
"263.21888055826963","261.7029876976325"
"268.939787009816","255.681898066832"
"245.84399650836713","245.646748681879"
"243.4989762820788","242.63620386633602"
"228.26483051235687","206.509666080962"
"218.628422617346","202.49560632680948"
"188.30496148153645","180.4182776802555"
"182.26817213979658","198.4815465729425"
"224.5483912622407","252.67135325128902"
"264.47415669137354","265.717047451785"
"269.21602874186976","276.75571177506197"
"288.2621854009078","283.780316344472"
"298.93734274439527","278.7627416519955"
"274.5887329507651","278.7627416519955"
"282.87627202488864","279.766256590605"
"277.4902140348782","280.769771528929"
"278.92101937278176","281.77328646753847"
"290.71168423231853","283.780316344472"
"305.7992165408962","291.80843585249147"
"311.05656905881636","308.868189806569"
"365.827826009049","295.82249560635853"
"311.0460441060683","290.80492091388203"
"303.527475090535","279.766256590605"
"280.2228563170852","271.7381370825855"
"263.3518481445235","272.741652021195"
"280.3009637639494","264.7135325131755"
"262.5492254623073","258.692442882375"
"277.7270178461301","250.6643233743555"
"246.3995921079806","248.65729349742202"
"256.45688839667935","248.65729349742202"
"270.2026445360111","253.6748681898985"
"266.05955057792505","256.68541300515597"
"277.72701793281556","262.706502636242"
"278.74125390263987","278.7627416519955"
"364.3097930584563","294.818980667749"
"293.359404431331","299.8365553602255"
"311.03536921352804","290.80492091388203"
"303.6944139104664","288.7978910369485"
"291.44776538240285","287.794376098339"
"288.7083112789507","293.815465729425"
"309.2900148200534","290.80492091388203"
"295.7628728722193","291.80843585249147"
"305.8107573086354","292.8119507908155"
"311.05528061548046","294.818980667749"
"343.26449389831447","292.8119507908155"
"311.0594018148316","286.79086116001497"
"300.5974826071671","280.769771528929"
"271.74523935651337","270.734622143976"
"263.2819579323723","267.7240773287185"
"260.0601772179234","262.706502636242"
"257.43293845971436","256.68541300515597"
"277.72474346335827","227.58347978919198"
"221.2757993118725","192.460456942142"
"216.87011833806346","171.3866432336265"
"159.65390716116931","167.3725834797595"
"167.82054612555277","170.3831282953025"
"224.54838749229023","185.4358523724465"
"262.34007662877127","228.58699472751601"
"264.7859963028838","237.61862917385952"
"270.84018792309655","251.667838312965"
"279.75162778026703","261.7029876976325"
"266.2519029589858","263.710017574566"
"274.1638206985502","263.710017574566"
"263.4520874405572","260.6994727593085"
"243.62316351076572","259.695957820699"
"283.54553373386494","262.706502636242"
"278.54737278229686","266.72056239010897"
"291.90357798153394","271.7381370825855"
"296.2836475348539","273.745166959519"
"292.9724100302567","269.731107205652"
"260.2650989326231","262.706502636242"
"255.92497064827037","257.6889279437655"
"263.2333590428196","251.667838312965"
"281.7596742773373","247.65377855881252"
"249.524148464958","234.608084358602"
"228.66590240178084","226.5799648505825"
"227.20492582204417","183.428822495513"
"214.36160986152578","157.3374340948065"
"171.92938940513648","135.26010544825252"
"177.94054000220427","136.26362038657652"
"131.50272234224727","149.30931458707252"
"205.51498257284055","159.34446397174"
"223.6352521548763","170.3831282953025"
"248.4976322739058","207.513181019286"
"242.1122441460363","249.660808435746"
"259.9940580706897","252.67135325128902"
"267.27907315410096","255.681898066832"
"263.2353738555631","252.67135325128902"
"240.1023806285899","250.6643233743555"
"280.12408667902696","252.67135325128902"
"271.64213533486264","259.695957820699"
"289.00310518443683","267.7240773287185"
"297.25696455163916","271.7381370825855"
"292.89844050249167","267.7240773287185"
"258.2942731135992","262.706502636242"
"256.2457704643193","256.68541300515597"
"263.2327525130567","251.667838312965"
"279.69981343683895","247.65377855881252"
"247.26269307093298","235.611599296926"
"245.5078706464408","245.646748681879"
"234.11607646288843","244.6432337432695"
"235.50867118878858","245.646748681879"
"254.40585693796325","246.6502636204885"
"256.5084249096237","249.660808435746"
"276.5511072583121","257.6889279437655"
"267.8246059727194","269.731107205652"
"277.63722925838545","281.77328646753847"
"291.3472143608531","285.7873462214055"
"333.5861280652026","282.7768014058625"
"275.52609141119734","283.780316344472"
"283.94195832742525","283.780316344472"
"276.94956933222284","282.7768014058625"
"271.399165578963","282.7768014058625"
"290.50913358822424","283.780316344472"
"302.52472504130793","288.7978910369485"
"325.31971304610636","292.8119507908155"
"291.63721263718884","292.8119507908155"
"311.058782745677","285.7873462214055"
"301.0539260179794","276.75571177506197"
"272.3482453713357","268.7275922670425"
"263.27992709716256","261.7029876976325"
"258.62628445299544","258.692442882375"
"255.31583475898066","248.65729349742202"
"277.71053199620894","245.646748681879"
"237.3546147887334","242.63620386633602"
"242.07350208674637","242.63620386633602"
"253.36817531283384","244.6432337432695"
"257.69964541654963","247.65377855881252"
"277.7267481537004","255.681898066832"
"267.66211510047265","272.741652021195"
"284.40493186098746","288.7978910369485"
"292.71438394044594","294.818980667749"
"310.77656679744314","287.794376098339"
"288.63866427549834","285.7873462214055"
"289.6715747002057","285.7873462214055"
"288.48170065449114","285.7873462214055"
"305.544287351428","285.7873462214055"
"310.4699277882971","289.8014059752725"
"311.86414469399824","305.85764499131153"
"331.3365880253251","304.854130052702"
"367.91982213203653","299.8365553602255"
"325.4249646553052","289.8014059752725"
"292.8322911605844","282.7768014058625"
"273.2101677774367","272.741652021195"
"263.69799905940636","267.7240773287185"
"275.50678728572177","261.7029876976325"
"261.39478473359827","249.660808435746"
"277.7270128039661","248.65729349742202"
"242.18251686442227","245.646748681879"
"250.1038195032483","245.646748681879"
"267.51572674408845","246.6502636204885"
"262.4657375039491","248.65729349742202"
"277.7270134229485","256.68541300515597"
"271.8470028904034","270.734622143976"
"266.4666482263129","289.8014059752725"
"293.1750040913843","297.829525483292"
"310.9730844666565","288.7978910369485"
"301.2127529224689","286.79086116001497"
"290.167197634348","288.7978910369485"
"289.4054743593098","288.7978910369485"
"307.537311198716","286.79086116001497"
"343.2548077154016","289.8014059752725"
"311.82053684599947","299.8365553602255"
"333.0378209149813","304.854130052702"
"421.2993423069089","299.8365553602255"
"335.9986411074553","288.7978910369485"
"293.4552372983768","282.7768014058625"
"281.76947327922915","273.745166959519"
"263.96438073513565","266.72056239010897"
"282.0261272854247","258.692442882375"
"261.8476711965204","251.667838312965"
"277.7270179297161","250.6643233743555"
"246.26008484781806","246.6502636204885"
"252.46486671421331","246.6502636204885"
"269.2292096550332","246.6502636204885"
"264.03289250992447","248.65729349742202"
"277.72701403537275","257.6889279437655"
"270.575466795751","274.7486818981285"
"262.3591329082208","285.7873462214055"
"292.634031221962","288.7978910369485"
"310.5540628416782","282.7768014058625"
"278.854678704555","280.769771528929"
"288.54255714070797","279.766256590605"
"287.4682518499783","280.769771528929"
"294.69699462087584","281.77328646753847"
"297.75765970549867","280.769771528929"
"305.02629009046075","281.77328646753847"
"311.0417803000492","283.780316344472"
"344.8357921444755","281.77328646753847"
"311.0553242943655","276.75571177506197"
"302.9342346004619","270.734622143976"
"277.4383350069232","260.6994727593085"
"263.3016763119566","253.6748681898985"
"255.77215222126674","247.65377855881252"
"249.06196226061954","238.62214411246902"
"277.6760916931126","238.62214411246902"
"228.35659116530428","234.608084358602"
"231.78822376895658","230.5940246044495"
"238.86374199356965","232.60105448166848"
"248.31407163931345","233.60456941999252"
"242.28446725963136","237.61862917385952"
"264.29013206350544","243.6397188049455"
"266.0919418317679","250.6643233743555"
"277.55577080262094","253.6748681898985"
"278.1113373551959","250.6643233743555"
"257.02224785023685","248.65729349742202"
"258.38747942447213","247.65377855881252"
"239.43106730431396","246.6502636204885"
"225.02298531311797","244.6432337432695"
"278.26775417747797","244.6432337432695"
"256.9833463371002","245.646748681879"
"262.60983906541804","248.65729349742202"
"242.19582996753957","249.660808435746"
"290.46033184813433","246.6502636204885"
"269.9692133153453","239.6256590510785"
"247.23111878300935","234.608084358602"
"263.2105389679859","234.608084358602"
"234.56337053209376","229.5905096661255"
"218.02467090034088","218.55184534284848"
"225.01511771662044","180.4182776802555"
"176.92525147784573","141.28119507905302"
"122.43784496140248","126.22847100162349"
"142.42323663969813","95.119507908726"
"131.397618018003","95.119507908726"
"130.85156037453007","90.1019332162495"
"104.09894273508945","104.15114235506948"
"166.35025685782367","166.3690685414355"
"206.85621625385275","205.5061511423525"
"267.69758357659913","230.5940246044495"
"245.75187410742546","236.6151142355355"
"241.59442547472372","237.61862917385952"
"216.29281615947818","236.6151142355355"
"217.98113003420397","234.608084358602"
"278.03622623494493","234.608084358602"
"250.23319520591986","234.608084358602"
"263.0726166643369","244.6432337432695"
"296.5398572120708","244.6432337432695"
"290.7068577636593","237.61862917385952"
"240.3795153186201","230.5940246044495"
"231.7722140497542","227.58347978919198"
"263.2001555575023","223.5694200350395"
"217.0522307582037","221.56239015810598"
"202.82746867961455","205.5061511423525"
"224.54839125861196","145.29525483292"
"153.3155072325146","97.12653778565948"
"130.85620232220427","93.11247803150701"
"131.6707216703257","101.14059753952651"
"131.86619852725963","125.22495606329949"
"167.31718384978745","169.37961335669303"
"136.39759438040457","194.4674868190755"
"208.30534656018375","184.4323374341225"
"208.99719162340688","165.365553602826"
"145.23633262789312","145.29525483292"
"210.13232433826295","154.326889279549"
"139.65791122934613","172.390158172236"
"263.3739416853155","216.5448154656295"
"238.62265008418802","212.5307557117625"
"133.19707395772122","192.460456942142"
"175.65689673024633","166.3690685414355"
"181.34725643910627","159.34446397174"
"130.8886284489922","125.22495606329949"
"183.64610814192156","88.09490333931598"
"130.92607350016465","92.10896309318298"
"130.91388810814567","144.291739894596"
"177.2128251746437","162.35500878728303"
"149.22711792299614","173.3936731108455"
"138.18933661072512","168.376098418369"
"208.48274830688715","170.3831282953025"
"140.7930748950945","178.4112478030365"
"214.10036341092584","204.502636203743"
"241.3114811483838","219.5553602811725"
"272.4874598377936","216.5448154656295"
"275.7249016668556","204.502636203743"
"177.3059921318481","177.4077328647125"
"136.77601317292684","159.34446397174"
"153.47791925630494","151.316344464006"
"130.9085509726804","129.23901581716652"
"124.54981962982515","94.11599297011651"
"130.85156037449696","126.22847100162349"
"94.11692682374024","94.11599297011651"
"112.46654633338994","82.07381370822998"
"118.84612587970292","86.08787346209704"
"130.88827470346376","115.18980667834651"
"130.85156042357093","151.316344464006"
"183.9013967538001","193.463971880466"
"225.41668700082147","211.527240773153"
"250.20154894542839","220.558875219782"
"255.2537891745688","229.5905096661255"
"243.63083390601554","232.60105448166848"
"243.11416364873838","233.60456941999252"
"235.50319156901116","234.608084358602"
"228.98297575896726","236.6151142355355"
"279.38022230826004","239.6256590510785"
"254.43831517883376","248.65729349742202"
"266.65911448984605","253.6748681898985"
"291.92515927445817","252.67135325128902"
"293.204247619757","249.660808435746"
"272.1353935159353","244.6432337432695"
"243.77486401818612","238.62214411246902"
"263.26831679206873","236.6151142355355"
"255.97058533375525","229.5905096661255"
"241.79578839999255","209.5202108962195"
"224.5485144962883","221.56239015810598"
"225.46965393695","212.5307557117625"
"225.39303241811652","205.5061511423525"
"231.4220146231085","204.502636203743"
"229.88792548888085","214.537785588696"
"224.54839142341038","222.56590509671548"
"263.70533383693527","231.59753954305899"
"264.53707473376545","237.61862917385952"
"272.2899680300729","243.6397188049455"
"272.6832191081071","244.6432337432695"
"243.359349480552","244.6432337432695"
"243.12661660056665","243.6397188049455"
"207.5030476578699","238.62214411246902"
"214.80525877987526","235.611599296926"
"247.68861385958428","237.61862917385952"
"230.46329860858265","241.632688928012"
"252.55289951731288","243.6397188049455"
"276.8500485470196","242.63620386633602"
"276.207353896887","238.62214411246902"
"246.43072191875223","231.59753954305899"
"225.04745553194644","220.558875219782"
"263.1953590293713","209.5202108962195"
"131.3484589935746","185.4358523724465"
"161.3656271539112","161.351493848959"
"160.2130781292991","160.3479789103495"
"154.29568850837768","116.19332161695601"
"112.60289917754312","97.12653778565948"
"118.86875058940939","90.1019332162495"
"130.86981343433277","92.10896309318298"
"130.85156037449696","134.25659050964302"
"176.8257920031877","167.3725834797595"
"184.60545745417207","207.513181019286"
"249.33715560720242","220.558875219782"
"252.94950802284546","225.5764499122585"
"193.46494704329527","227.58347978919198"
"225.02814587166952","227.58347978919198"
"194.10722174414903","225.5764499122585"
"210.5780635062355","223.5694200350395"
"243.80365935458784","224.572934973649"
"224.76743078640226","231.59753954305899"
"251.34137446801094","235.611599296926"
"278.76081742260715","237.61862917385952"
"287.67122462450004","235.611599296926"
"253.1788342898721","230.5940246044495"
"244.40222756939733","226.5799648505825"
"263.20400370478035","222.56590509671548"
"254.2328956154809","211.527240773153"
"209.5996616752848","184.4323374341225"
"224.54839124984863","154.326889279549"
"165.28836789066213","148.30579964846302"
"122.97211327929739","146.2987697715295"
"152.73878402342035","147.302284710139"
"162.67388030044128","148.30579964846302"
"188.1917324545645","188.4463971879895"
"228.525890798352","228.58699472751601"
"264.6918952446895","237.61862917385952"
"280.11730782203676","242.63620386633602"
"279.2276461208395","244.6432337432695"
"251.4347454425297","248.65729349742202"
"259.67314450868093","247.65377855881252"
"258.54528285832515","246.6502636204885"
"241.09741707811537","244.6432337432695"
"286.17751303433903","245.646748681879"
"264.92352976091115","254.6783831282225"
"260.6254729024913","260.6994727593085"
"290.56095697463667","264.7135325131755"
"274.2395343323616","260.6994727593085"
"285.0506099264605","254.6783831282225"
"268.28342749394585","246.6502636204885"
"263.2805779094262","243.6397188049455"
"266.16481177485934","241.632688928012"
"253.25823669037305","234.608084358602"
"277.465865780144","246.6502636204885"
"244.66427448138734","228.58699472751601"
"241.9301560067181","209.5202108962195"
"253.35325687061604","201.4920913884855"
"251.3823029058775","204.502636203743"
"224.54930568575247","212.5307557117625"
"264.4182840388306","212.5307557117625"
"265.17812778973956","229.5905096661255"
"282.04700192495034","245.646748681879"
"286.79347803869064","249.660808435746"
"287.1129040770847","254.6783831282225"
"280.09856169048834","255.681898066832"
"274.2600829442556","256.68541300515597"
"256.91639802243367","256.68541300515597"
"288.597286351698","258.692442882375"
"266.4741010627518","278.7627416519955"
"240.90315685452327","332.9525483303991"
"349.60828213219264","333.9560632688944"
"337.9422064496895","283.780316344472"
"274.7623231208327","256.68541300515597"
"253.71620090955503","247.65377855881252"
"263.2164798924957","244.6432337432695"
"266.8905014321063","240.6291739894025"
"277.6878958050454","186.439367311056"
"183.40950403544116","175.40070298777897"
"211.8227196323858","215.54130052730548"
"217.06614276751577","211.527240773153"
"226.8032748964078","205.5061511423525"
"224.70376110175562","205.5061511423525"
"263.48036568400744","192.460456942142"
"225.51258088195743","192.460456942142"
"243.24786402441424","180.4182776802555"
"180.36803371098358","180.4182776802555"
"188.85302285108793","198.4815465729425"
"155.8969648849684","215.54130052730548"
"217.02764526273546","217.548330404239"
"215.72012493927406","215.54130052730548"
"260.7283343594926","216.5448154656295"
"226.74100495343322","222.56590509671548"
"259.0512930203545","230.5940246044495"
"284.1053328834762","244.6432337432695"
"290.29590449500614","250.6643233743555"
"241.37766133699495","245.646748681879"
"249.30070238401152","229.5905096661255"
"263.20605712357593","217.548330404239"
"208.44560896986496","208.51669595789548"
"202.7671677740193","182.42530755718897"
"224.54839121757823","218.55184534284848"
"215.22461385532733","212.5307557117625"
"222.77571779700483","205.5061511423525"
"205.71513215962185","206.509666080962"
"237.15365600160516","214.537785588696"
"235.21821426999486","211.527240773153"
"264.1570252425832","207.513181019286"
"264.9609317809942","284.7838312830815"
"293.02280938664","285.7873462214055"
"310.9120150596435","281.77328646753847"
"275.95629995062905","288.7978910369485"
"288.1799201847196","300.84007029883503"
"289.8548514974715","260.6994727593085"
"306.47105588381777","263.710017574566"
"291.5569953388858","268.7275922670425"
"283.92951078448215","278.7627416519955"
"310.9740165334632","279.766256590605"
"290.1379192819508","281.77328646753847"
"311.0590886649761","265.717047451785"
"282.8522980409564","259.695957820699"
"268.4462992909103","252.67135325128902"
"263.2311397684811","247.65377855881252"
"252.39838117590216","237.61862917385952"
"243.17404859367505","218.55184534284848"
"277.72150652168375","215.54130052730548"
"215.38128174345385","189.44991212659897"
"216.28330286608278","161.351493848959"
"163.26895919500615","146.2987697715295"
"178.56307125013205","141.28119507905302"
"224.46113045304253","180.4182776802555"
"263.2687672780371","246.6502636204885"
"266.847531164138","274.7486818981285"
"288.5247814961033","249.660808435746"
"283.65228581470376","248.65729349742202"
"248.24387403524167","248.65729349742202"
"242.9342155206071","247.65377855881252"
"212.3494552684173","247.65377855881252"
"217.076225011154","248.65729349742202"
"266.4070837195937","248.65729349742202"
"250.01089777886642","250.6643233743555"
"236.01592534368382","251.667838312965"
"263.1067047509651","250.6643233743555"
"285.7788251462467","249.660808435746"
"247.96690490713416","245.646748681879"
"225.1597670139347","250.6643233743555"
"263.1958703993262","214.537785588696"
"134.23292997289045","214.537785588696"
"189.62780765867814","118.20035149388949"
"130.97100103385034","73.04217926188653"
"130.85156037449696","81.070298769906"
"176.45519797312522","153.3233743409395"
"204.34784789824437","294.818980667749"
"291.73711561623486","244.6432337432695"
"279.52496941576055","243.6397188049455"
"254.82200572053563","246.6502636204885"
"247.65443161578474","246.6502636204885"
"239.9075799294665","245.646748681879"
"223.5792428062406","245.646748681879"
"272.69777491539566","247.65377855881252"
"257.8511208547153","248.65729349742202"
"248.906180086878","251.667838312965"
"242.40811987626307","251.667838312965"
"237.96145270447414","250.6643233743555"
"254.37540832546108","246.6502636204885"
"249.25102585728612","241.632688928012"
"263.21357397110654","233.60456941999252"
"253.2203385931948","226.5799648505825"
"213.657614496748","201.4920913884855"
"263.2919735359085","125.22495606329949"
"185.7228407565125","264.7135325131755"
"289.58653082271684","260.6994727593085"
"267.20742869003243","261.7029876976325"
"270.0936940031109","264.7135325131755"
"284.886676217906","264.7135325131755"
"281.84245865632465","260.6994727593085"
"250.8534565496115","258.692442882375"
"280.87035691903077","261.7029876976325"
"272.12070222018053","268.7275922670425"
"310.3878906577496","278.7627416519955"
"297.72255823610817","284.7838312830815"
"310.94100193387266","259.695957820699"
"248.7222020979895","251.667838312965"
"253.14843842656768","245.646748681879"
"263.2290725601916","231.59753954305899"
"269.89361932308054","219.5553602811725"
"215.98617064799447","140.277680140729"
"224.54026415405227","213.534270650372"
"214.49873951824728","155.33040421787302"
"123.76427631685405","118.20035149388949"
"142.53776968265907","121.21089630943251"
"138.17184607655963","153.3233743409395"
"224.5467930762739","159.34446397174"
"187.4231601867176","173.3936731108455"
"225.38787150343893","270.734622143976"
"291.9390839413061","289.8014059752725"
"310.74182703714706","287.794376098339"
"286.4150962432081","290.80492091388203"
"290.17378594588956","331.9490333919038"
"355.2851271447422","300.84007029883503"
"314.2229437962869","274.7486818981285"
"292.16716918874397","259.695957820699"
"283.13243840731224","263.710017574566"
"342.23227725846783","327.93497363795115"
"421.1112566166924","390.1528998242315"
"404.37474181853656","364.06151142355355"
"311.0434540219655","331.9490333919038"
"281.85842646804366","254.6783831282225"
"263.23697606226375","248.65729349742202"
"240.09863191207768","240.6291739894025"
"232.49322134099458","232.60105448166848"
"277.7267403372981","244.6432337432695"
"230.84244075629846","227.58347978919198"
"227.03701341984421","209.5202108962195"
"232.7212239588996","148.30579964846302"
"165.41665914411413","132.2495606327095"
"131.43437991549175","111.17574692447948"
"181.01678282729586","204.502636203743"
"188.87225252960118","198.4815465729425"
"271.9293880477016","259.695957820699"
"280.4836031313988","247.65377855881252"
"252.95442637191837","249.660808435746"
"250.7741838776724","248.65729349742202"
"245.83260591474487","246.6502636204885"
"226.726766529295","242.63620386633602"
"283.17955019555774","245.646748681879"
"257.0849627626469","246.6502636204885"
"272.69169762440015","253.6748681898985"
"264.78904589643275","273.745166959519"
"310.46649908918556","264.7135325131755"
"273.0781859795005","254.6783831282225"
"253.28016900890285","252.67135325128902"
"263.22875037848854","234.608084358602"
"258.3932233398384","233.60456941999252"
"219.04311149529252","216.5448154656295"
"236.2046875834708","201.4920913884855"
"220.5005909848392","73.04217926188653"
"130.85156037449696","193.463971880466"
"263.54818554619226","209.5202108962195"
"261.27515226820924","212.5307557117625"
"273.19356100761047","219.5553602811725"
"258.3293636972353","197.478031634333"
"255.5470798851067","250.6643233743555"
"266.1426187066488","282.7768014058625"
"283.2826713556258","260.6994727593085"
"256.0324046309938","259.695957820699"
"287.64578169985384","246.6502636204885"
"260.08410011912804","246.6502636204885"
"266.0515953085858","277.7592267136715"
"343.9007477824657","341.9841827767997"
"384.2255560346897","404.2021089630515"
"360.96529565161563","409.219683655528"
"311.24223238265057","345.9982425307552"
"336.8503814552519","296.8260105446825"
"289.86431148609415","279.766256590605"
"266.2057417868466","252.67135325128902"
"277.7270179211133","259.695957820699"
"247.3842347093401","247.65377855881252"
"250.23941498285947","242.63620386633602"
"268.34923605464724","240.6291739894025"
"265.9607610269582","241.632688928012"
"277.7270179110773","268.7275922670425"
"296.74977526594955","319.9068541300459"
"365.9422632080858","439.32513181010154"
"406.7999398075176","479.46572934962796"
"406.96155023279914","436.31458699484403"
"445.3464021554386","419.254833040481"
"356.0482421791205","416.24428822493803"
"356.0682277094781","414.2372583480045"
"397.67275382165724","407.2126537785945"
"402.029173047048","389.149384885622"
"343.97205738555687","377.107205624021"
"402.57831100653095","385.135325131755"
"421.8423628127688","424.2724077329575"
"421.8984102607776","455.3813708261405"
"421.894729909648","390.1528998242315"
"367.74894418890614","299.8365553602255"
"326.8431211503426","268.7275922670425"
"244.6789260157604","249.660808435746"
"245.50133598448082","241.632688928012"
"277.72701793293027","235.611599296926"
"228.0228458555128","230.5940246044495"
"230.99227718919457","227.58347978919198"
"245.75081229397279","208.51669595789548"
"238.39405154209174","226.5799648505825"
"277.72701649561395","250.6643233743555"
"271.4773999793857","295.82249560635853"
"366.21305530239","357.0369068541435"
"323.47732513453735","394.1669595780985"
"380.5458251447781","381.121265377888"
"372.1976448387393","379.1142355009545"
"355.5787209988359","394.1669595780985"
"355.9590051706208","388.145869947298"
"361.20349566196387","394.1669595780985"
"386.2615790210115","387.14235500868847"
"351.4948155004329","386.1388400703645"
"398.86429763921547","409.219683655528"
"421.8734885821369","455.3813708261405"
"421.89855893246823","454.377855887531"
"377.80319054707604","303.850615114378"
"251.3306133769303","266.72056239010897"
"263.26446568974546","258.692442882375"
"257.03445002858984","245.646748681879"
"244.976772412468","237.61862917385952"
"277.7270161528542","228.58699472751601"
"221.7302628064723","227.58347978919198"
"229.31799540280463","225.5764499122585"
"240.37329640115234","218.55184534284848"
"240.76471654043422","223.5694200350395"
"277.72700893342096","242.63620386633602"
"266.26062152994405","253.6748681898985"
"268.9602635384334","278.7627416519955"
"289.22907494118897","309.8717047451785"
"310.75651434071506","294.818980667749"
"299.78474137306586","282.7768014058625"
"282.3004713266893","291.80843585249147"
"282.0575507231449","296.8260105446825"
"296.8090751983586","299.8365553602255"
"310.5681528932999","299.8365553602255"
"306.26238078545435","315.892794375979"
"311.03161770445763","339.9771528998377"
"366.97425031196735","351.0158172232003"
"344.48348742066236","306.8611599296355"
"305.043457784176","280.769771528929"
"268.7734352646836","262.706502636242"
"263.25906192815785","253.6748681898985"
"239.2739500787779","243.6397188049455"
"241.86124282085825","233.60456941999252"
"277.7270176637473","232.60105448166848"
"219.8970565369969","227.58347978919198"
"225.11572136522926","219.5553602811725"
"199.59787239211093","214.537785588696"
"208.29775667413128","216.5448154656295"
"277.7270099011556","237.61862917385952"
"263.7650582035199","249.660808435746"
"264.6561112236595","256.68541300515597"
"275.9224767698057","262.706502636242"
"257.6567819789546","256.68541300515597"
"253.50992392048568","256.68541300515597"
"234.7151033852595","255.681898066832"
"228.88635560914844","255.681898066832"
"216.76347299935193","256.68541300515597"
"264.31682170554546","256.68541300515597"
"250.75727148788906","255.681898066832"
"283.1638112561996","257.6889279437655"
"282.7949773423061","265.717047451785"
"291.64507042331127","262.706502636242"
"277.0909753848575","256.68541300515597"
"245.7328616443524","253.6748681898985"
"263.2142515202594","250.6643233743555"
"247.22832699594932","245.646748681879"
"232.6222317010011","232.60105448166848"
"277.727014577289","181.4217926185795"
"172.57255629238574","137.267135325186"
"121.21291881194483","121.21089630943251"
"131.6025212861093","121.21089630943251"
"131.88131845487715","136.26362038657652"
"220.2845703981434","191.4569420035325"
"263.3610905954961","249.660808435746"
"268.8145094691184","278.7627416519955"
"290.53396196537017","282.7768014058625"
"293.6711400085545","265.717047451785"
"263.42507341291844","255.681898066832"
"264.445225637744","252.67135325128902"
"252.9496091564674","251.667838312965"
"226.80758733746313","250.6643233743555"
"276.9820854854369","249.660808435746"
"252.6523999980331","249.660808435746"
"262.7943126562172","251.667838312965"
"264.34279917466836","263.710017574566"
"284.55715726095116","259.695957820699"
"273.0939630995912","250.6643233743555"
"246.21039430185263","245.646748681879"
"263.21147528061215","244.6432337432695"
"269.34909909035156","237.61862917385952"
"240.67170910751042","222.56590509671548"
"277.54119287970275","223.5694200350395"
"221.40078925375136","212.5307557117625"
"223.90533381339384","207.513181019286"
"239.90890435921057","215.54130052730548"
"254.68648192511694","218.55184534284848"
"275.89261500125747","228.58699472751601"
"265.71304762890077","231.59753954305899"
"268.97819830645483","238.62214411246902"
"285.30137173256674","243.6397188049455"
"284.2710278112501","247.65377855881252"
"285.49978007667437","257.6889279437655"
"279.10869519506764","262.706502636242"
"277.8572211977152","262.706502636242"
"267.4303125621782","251.667838312965"
"287.56154292630197","251.667838312965"
"273.0722296974922","261.7029876976325"
"273.104373371634","286.79086116001497"
"345.80496840584","307.864674868245"
"320.88787723676967","291.80843585249147"
"291.67467240490447","268.7275922670425"
"241.08277627874793","258.692442882375"
"263.36040204767255","254.6783831282225"
"279.256892816213","253.6748681898985"
"257.47723506863815","250.6643233743555"
"277.72701577973044","253.6748681898985"
"247.29929473015324","250.6643233743555"
"257.7378406037668","249.660808435746"
"272.0258470125724","248.65729349742202"
"267.04080250482","242.63620386633602"
"277.7270179243503","248.65729349742202"
"261.6952653882691","245.646748681879"
"243.12223182768216","251.667838312965"
"292.4711409221965","253.6748681898985"
"292.0606728525389","259.695957820699"
"291.87232526316353","268.7275922670425"
"284.80402371428124","271.7381370825855"
"282.72444654716463","271.7381370825855"
"291.5914814731563","267.7240773287185"
"290.76262665110914","272.741652021195"
"287.1620862954236","284.7838312830815"
"311.04303301957884","293.815465729425"
"344.98250392929975","347.0017574692448"
"377.89014627567747","342.987697715295"
"310.80807021367497","299.8365553602255"
"268.50386908552355","291.80843585249147"
"263.72538879035824","292.8119507908155"
"284.77519380234713","265.717047451785"
"257.9680614024806","255.681898066832"
"277.72701755938226","252.67135325128902"
"241.81858779383674","249.660808435746"
"246.83898378374047","247.65377855881252"
"269.6537588827287","249.660808435746"
"266.0488404814795","248.65729349742202"
"277.72701793293027","267.7240773287185"
"243.39319959187276","313.8857644990455"
"400.96084878147775","431.2970123023675"
"406.2758923083012","452.3708260105975"
"406.6203028954585","356.0333919156482"
"308.4871553805701","337.9701230228471"
"294.3873601122284","360.0474516696009"
"355.6098554664851","395.170474516708"
"396.5543122002039","386.1388400703645"
"391.0257751980355","365.06502636204885"
"347.30587626604853","371.0861159929635"
"400.9021486728484","390.1528998242315"
"421.87724576495935","447.353251318121"
"421.898610879163","353.0228471001623"
"310.9315114394846","318.9033391915506"
"283.2155020050549","296.8260105446825"
"279.60905657454276","279.766256590605"
"285.10891433587165","260.6994727593085"
"259.28047801458496","254.6783831282225"
"277.727017931734","254.6783831282225"
"245.08453703687564","250.6643233743555"
"253.10025362995307","248.65729349742202"
"270.5299333665725","250.6643233743555"
"265.8081834624798","255.681898066832"
"277.72701793293027","297.829525483292"
"343.73728557375824","345.9982425307552"
"375.4761503797431","426.27943760989103"
"412.5656576535322","440.328646748711"
"406.61949589716005","394.1669595780985"
"373.4158030392766","366.0685413005156"
"355.72437013755604","371.0861159929635"
"355.95178454914935","388.145869947298"
"396.87556440028965","381.121265377888"
"394.533780400328","371.0861159929635"
"367.82480320437327","373.0931458699541"
"404.5789796187742","398.181019332251"
"421.88925022181525","457.388400703074"
"421.898630617511","434.307557117625"
"401.17209467727724","341.9841827767997"
"309.23860933992415","329.94200351494175"
"333.37183048924715","283.780316344472"
"287.4111105768868","268.7275922670425"
"263.93774963911665","254.6783831282225"
"277.72701783429403","252.67135325128902"
"243.1208385102443","249.660808435746"
"247.38168842098906","246.6502636204885"
"266.84136292963206","247.65377855881252"
"263.5739594981867","252.67135325128902"
"277.72701793293027","295.82249560635853"
"344.69933067388996","325.9279437609891"
"337.66382601820874","384.131810193431"
"362.3569104003639","388.145869947298"
"362.2820507892299","326.9314586994844"
"304.95352232387955","321.9138840070365"
"333.80180739491595","321.9138840070365"
"289.9534423553504","320.9103690685412"
"307.5584913516468","304.854130052702"
"310.24710305263727","307.864674868245"
"305.5297825868167","304.854130052702"
"311.04690475389236","316.8963093145885"
"325.0091169922068","324.9244288224938"
"311.0260747852774","297.829525483292"
"303.81150434924086","276.75571177506197"
"243.35448757585095","262.706502636242"
"263.2568016970438","259.695957820699"
"256.3870222266536","253.6748681898985"
"251.22825072466003","244.6432337432695"
"277.727005542287","235.611599296926"
"228.4774679333064","229.5905096661255"
"231.0992884627916","230.5940246044495"
"251.32260865832382","232.60105448166848"
"257.70297233145294","240.6291739894025"
"277.72701793203214","250.6643233743555"
"266.136987376736","277.7592267136715"
"280.1348502442485","299.8365553602255"
"292.60630372745845","314.889279437655"
"310.8312255986284","297.829525483292"
"300.9515257296951","287.794376098339"
"289.95508134334926","299.8365553602255"
"289.50155870650144","305.85764499131153"
"316.8451854898383","299.8365553602255"
"310.7448430711992","289.8014059752725"
"304.97354794646304","291.80843585249147"
"311.08428220144896","313.8857644990455"
"368.06348307644123","330.94551845343705"
"352.25160449911607","303.850615114378"
"292.78648796333","278.7627416519955"
"245.62397999476957","271.7381370825855"
"263.3842335695588","266.72056239010897"
"272.05541034993","255.681898066832"
"253.62997644248446","250.6643233743555"
"277.72701792814155","235.611599296926"
"230.1624348803627","234.608084358602"
"231.8286818536311","224.572934973649"
"252.1436401146359","223.5694200350395"
"254.68889807072574","232.60105448166848"
"277.725784876758","232.60105448166848"
"265.4724665356577","291.80843585249147"
"331.5751683671318","340.9806678383044"
"316.98148770760423","371.0861159929635"
"368.40364959249143","340.9806678383044"
"331.27003554772693","329.94200351494175"
"311.0271065096065","335.9630931458565"
"355.3508161421578","333.9560632688944"
"342.56384836119605","313.8857644990455"
"311.0446235664048","304.854130052702"
"317.06528094514044","318.9033391915506"
"366.428059409148","334.9595782073897"
"421.70029769525024","373.0931458699541"
"403.9788074732288","333.9560632688944"
"310.9860322865589","291.80843585249147"
"270.9155245504203","270.734622143976"
"263.545953274907","270.734622143976"
"281.53677823256965","261.7029876976325"
"260.25257049431303","255.681898066832"
"277.72701793279265","254.6783831282225"
"244.96823527201673","251.667838312965"
"251.58314773446074","249.660808435746"
"269.6217069361932","248.65729349742202"
"263.4206570779056","245.646748681879"
"277.7270179317035","245.646748681879"
"264.5028005391828","245.646748681879"
"264.29198451600075","251.667838312965"
"266.5774210805145","252.67135325128902"
"280.5072488944776","255.681898066832"
"254.86989493600288","256.68541300515597"
"262.80174006172854","256.68541300515597"
"262.21137903021514","254.6783831282225"
"235.6206731474521","250.6643233743555"
"279.65534760066396","247.65377855881252"
"259.2940460395877","246.6502636204885"
"266.76924368786274","255.681898066832"
"273.2806108334411","272.741652021195"
"341.051626554004","267.7240773287185"
"277.96045947311364","255.681898066832"
"266.4370361247033","251.667838312965"
"263.2479527426545","245.646748681879"
"243.49484489258876","242.63620386633602"
"241.14396088030065","227.58347978919198"
"277.6879212311144","220.558875219782"
"213.29625622882898","206.509666080962"
"220.23514591320406","197.478031634333"
"207.27985503973048","195.47100175739948"
"205.04151996628158","195.47100175739948"
"228.24720688195188","203.49912126541898"
"263.4863153864319","212.5307557117625"
"263.970608703532","215.54130052730548"
"256.09356876153794","221.56239015810598"
"254.66398212230814","229.5905096661255"
"235.51613053351943","234.608084358602"
"238.32606109342413","236.6151142355355"
"229.9761428574099","236.6151142355355"
"230.047868994211","234.608084358602"
"275.15486803960084","235.611599296926"
"248.1700509391491","240.6291739894025"
"264.14515311083824","222.56590509671548"
"261.0531432945835","296.8260105446825"
"315.35975999939654","290.80492091388203"
"292.4876152990264","275.7521968364525"
"254.58571425968904","263.710017574566"
"263.46296047406355","255.681898066832"
"283.55841585007687","252.67135325128902"
"254.23197738266097","246.6502636204885"
"277.72701787684184","237.61862917385952"
"235.41186061445177","232.60105448166848"
"235.81600043146932","229.5905096661255"
"266.92639522250386","225.5764499122585"
"263.57337180035046","234.608084358602"
"277.72701793278117","234.608084358602"
"276.0629859362352","305.85764499131153"
"375.49876018095546","387.14235500868847"
"404.48687581058414","409.219683655528"
"406.03325996527457","379.1142355009545"
"372.2148456003487","377.107205624021"
"355.76927021420227","383.1282952548215"
"355.9683624224021","372.0896309314588"
"360.8109512039131","356.0333919156482"
"390.5103045972648","348.0052724077315"
"358.0498874182602","334.9595782073897"
"399.27857801270034","353.0228471001623"
"421.8571296948862","409.219683655528"
"406.80634469500546","448.3567662567305"
"404.7135374760079","386.1388400703645"
"311.06140661165233","321.9138840070365"
"323.1102416800811","300.84007029883503"
"288.58591990405887","275.7521968364525"
"257.6038652758248","264.7135325131755"
"277.72701793293027","260.6994727593085"
"242.4653080355984","253.6748681898985"
"245.92443204203357","254.6783831282225"
"270.78509975604516","255.681898066832"
"266.1483800275604","260.6994727593085"
"277.72701793293027","277.7592267136715"
"298.45688439902017","311.878734622112"
"373.35800478228145","409.219683655528"
"404.53998831997353","408.2161687169185"
"404.3673700061221","416.24428822493803"
"378.823902719016","403.1985940247275"
"356.01480798247223","401.19156414750853"
"356.0535969988761","393.1634446397745"
"389.4344206916124","389.149384885622"
"403.3174160345917","381.121265377888"
"359.56042202914006","379.1142355009545"
"406.3021071703862","410.2231985941375"
"421.89709197651337","480.4692442882375"
"421.8988317133954","498.5325131809245"
"406.67373676363377","409.219683655528"
"313.5546448843012","314.889279437655"
"329.5457042054968","313.8857644990455"
"292.21942509012644","277.7592267136715"
"265.6721729978073","268.7275922670425"
"277.72701793293027","269.731107205652"
"252.39515002035313","264.7135325131755"
"267.3501380118192","263.710017574566"
"272.50579181154137","264.7135325131755"
"267.0325136302999","274.7486818981285"
"277.72701793293027","286.79086116001497"
"367.19999822484885","320.9103690685412"
"375.77890748537874","431.2970123023675"
"435.0514997812992","431.2970123023675"
"405.545149005485","409.219683655528"
"374.1164448106859","383.1282952548215"
"355.8508088955184","373.0931458699541"
"355.9363927404345","353.0228471001623"
"354.68684857479735","339.9771528998377"
"355.7078437583727","334.9595782073897"
"335.0641540086131","334.9595782073897"
"359.9443813884222","345.9982425307552"
"421.6134247788664","431.2970123023675"
"421.89853953973113","324.9244288224938"
"310.1186265368884","319.9068541300459"
"288.38924075466815","303.850615114378"
"327.2320116981423","278.7627416519955"
"270.6447059806634","268.7275922670425"
"257.8492205547275","257.6889279437655"
"277.72701793293027","261.7029876976325"
"243.62464852056365","259.695957820699"
"252.64695185531315","256.68541300515597"
"266.1915831645574","249.660808435746"
"260.7874715968251","251.667838312965"
"277.72701793293027","264.7135325131755"
"268.8921669955984","272.741652021195"
"333.35699691146596","274.7486818981285"
"287.9567422736204","325.9279437609891"
"311.00127085874306","327.93497363795115"
"303.43785431520297","322.9173989455318"
"290.89552902915284","290.80492091388203"
"276.3789549448958","279.766256590605"
"251.98131729554376","278.7627416519955"
"292.64371122829317","276.75571177506197"
"265.14095564903346","273.745166959519"
"310.5004985801701","274.7486818981285"
"244.67499936564903","270.734622143976"
"310.4029145044051","276.75571177506197"
"287.5802106584857","270.734622143976"
"255.04506795885754","270.734622143976"
"263.89166154596205","264.7135325131755"
"246.06166563378207","258.692442882375"
"247.92728804049722","249.660808435746"
"277.72701793293027","246.6502636204885"
"226.93848881804888","244.6432337432695"
"233.28104704267759","243.6397188049455"
"248.73606088698642","245.646748681879"
"259.3888532780691","254.6783831282225"
"277.72701793293027","262.706502636242"
"272.0568792363357","276.75571177506197"
"351.04418405979413","386.1388400703645"
"379.60614785560523","416.24428822493803"
"399.9388260585487","438.3216168717775"
"384.6037724988331","409.219683655528"
"355.9167155676775","409.219683655528"
"356.0007621099199","422.265377856024"
"396.6853587612688","377.107205624021"
"337.0295796806642","355.0298769771529"
"325.8834890887868","336.9666080843518"
"351.09728229276135","341.9841827767997"
"421.51294153072774","442.3356766256445"
"421.944781595362","483.4797891037805"
"403.84563038024606","375.100175746802"
"295.27885008749206","285.7873462214055"
"263.33557984515124","279.766256590605"
"276.96654706953353","272.741652021195"
"258.87569293372536","268.7275922670425"
"277.72701793293027","267.7240773287185"
"248.72237230294655","262.706502636242"
"258.7603615557131","261.7029876976325"
"269.4656098957865","262.706502636242"
"265.5433380349829","263.710017574566"
"277.72701793293027","266.72056239010897"
"278.65608532111685","270.734622143976"
"279.4698738794245","274.7486818981285"
"290.7625639435267","275.7521968364525"
"274.9419920922527","282.7768014058625"
"275.0911679417901","290.80492091388203"
"285.73231913047766","289.8014059752725"
"282.697468555353","284.7838312830815"
"294.2215009807894","283.780316344472"
"293.2968527294234","282.7768014058625"
"291.5458399250763","287.794376098339"
"311.0573587013644","319.9068541300459"
"392.97994237791164","396.1739894553175"
"399.55527760548813","449.36028119505454"
"387.7054839538609","314.889279437655"
"273.00607816961355","285.7873462214055"
"263.575578573853","281.77328646753847"
"277.9750349095878","278.7627416519955"
"263.5754075348502","274.7486818981285"
"277.72701793293027","272.741652021195"
"251.99825829164803","268.7275922670425"
"267.7489636419871","265.717047451785"
"271.6877369933157","259.695957820699"
"266.8349415675681","248.65729349742202"
"277.7270179329188","247.65377855881252"
"268.3246151925434","250.6643233743555"
"271.86164070947393","260.6994727593085"
"289.20196431400825","266.72056239010897"
"290.99902558099296","273.745166959519"
"271.0452761392711","278.7627416519955"
"284.5778797773616","276.75571177506197"
"280.9234615566115","273.745166959519"
"285.8937595849498","271.7381370825855"
"292.0609171831988","271.7381370825855"
"278.8751759199321","272.741652021195"
"310.88265133616176","281.77328646753847"
"324.03657032769934","293.815465729425"
"310.74744417509424","288.7978910369485"
"296.15600749621325","283.780316344472"
"281.5015552903835","275.7521968364525"
"263.33398573260985","271.7381370825855"
"280.5147711760399","266.72056239010897"
"256.4912645381788","260.6994727593085"
"277.72701793293027","259.695957820699"
"244.30797037478894","253.6748681898985"
"248.50573062935592","241.632688928012"
"237.6161993319354","237.61862917385952"
"259.8073047283009","243.6397188049455"
"277.72701793293027","238.62214411246902"
"265.8488609576486","291.80843585249147"
"356.9990320368672","371.0861159929635"
"350.28703424526174","421.2618629174145"
"398.353846535176","395.170474516708"
"372.12168041780205","363.05799648505825"
"350.86179460346204","336.9666080843518"
"354.6139176184702","334.9595782073897"
"333.51364500175634","333.9560632688944"
"311.0299466780731","327.93497363795115"
"316.38479178903367","322.9173989455318"
"326.2588828352363","333.9560632688944"
"391.5441403235746","410.2231985941375"
"421.89802082271046","352.0193321616956"
"310.68031300686386","334.9595782073897"
"282.6695452817294","288.7978910369485"
"326.9741261147929","278.7627416519955"
"275.9197395679672","267.7240773287185"
"262.60911261259184","262.706502636242"
"277.72701793293027","270.734622143976"
"251.35913464912954","268.7275922670425"
"268.62455860111834","270.734622143976"
"272.2935970041249","272.741652021195"
"267.00097380631445","274.7486818981285"
"277.72701793293027","279.766256590605"
"345.0663363246502","326.9314586994844"
"361.3103498500017","409.219683655528"
"450.97936308681705","452.3708260105975"
"405.04599047355856","453.3743409489215"
"394.20650450200367","394.1669595780985"
"355.89025737196914","335.9630931458565"
"344.2426800819591","332.9525483303991"
"333.382793060484","332.9525483303991"
"311.04145667326395","326.9314586994844"
"316.3999524208369","326.9314586994844"
"334.9664837436856","335.9630931458565"
"367.38494611475045","434.307557117625"
"421.8985220786741","527.634446397174"
"421.9014918544457","423.268892794348"
"324.7407505085144","371.0861159929635"
"353.9226875083934","326.9314586994844"
"292.5802379540116","296.8260105446825"
"270.45400354263336","282.7768014058625"
"277.72701793293027","291.80843585249147"
"257.55752175147614","287.794376098339"
"289.7117698049544","285.7873462214055"
"273.15849627375394","287.794376098339"
"278.9495193008523","296.8260105446825"
"277.72701793293027","322.9173989455318"
"362.79680655466814","334.9595782073897"
"400.3912919163766","417.2478031635475"
"401.9211312802145","444.342706502578"
"404.92673554464704","455.3813708261405"
"528.5032499686952","463.4094903338745"
"356.13330231715656","441.332161687035"
"356.1074666998314","435.3110720562345"
"398.40610863786674","408.2161687169185"
"401.14252936428375","378.110720562345"
"358.19103656290474","366.0685413005156"
"396.4815114442887","364.06151142355355"
"421.6925906910432","424.2724077329575"
"421.8984047663739","587.8453427066065"
"421.8986347585229","423.268892794348"
"316.75761962628894","383.1282952548215"
"366.10515946502085","357.0369068541435"
"356.0464675489619","339.9771528998377"
"275.8914421075399","310.87521968378803"
"277.72701793293027","311.878734622112"
"260.15608766483047","299.8365553602255"
"299.5643051605884","295.82249560635853"
"273.38433328266024","299.8365553602255"
"314.41043635079006","310.87521968378803"
"277.72701793293027","322.9173989455318"
"374.0407209206967","354.0263620386576"
"367.4268054455786","584.8347978910635"
"406.99829485544933","543.6906854129275"
"440.50645421368426","543.6906854129275"
"360.3533491842121","542.6871704746035"
"483.5555933142241","483.4797891037805"
"421.4684593073968","439.32513181010154"
"406.43673461126144","417.2478031635475"
"399.8111044185108","423.268892794348"
"406.7943078499358","409.219683655528"
"421.895395223034","557.7398945517475"
"421.89861769077777","492.511423550124"
"418.10191192150114","418.2513181018715"
"356.1508791164847","368.0755711775062"
"325.8588549366623","326.9314586994844"
"277.72701793293027","340.9806678383044"
"261.91723667205684","325.9279437609891"
"310.70511113530523","312.8822495607215"
"273.5296513931239","315.892794375979"
"356.1258621233564","318.9033391915506"
"277.72701793293027","318.9033391915506"
"375.7271699002533","386.1388400703645"
"372.04972889578903","594.8699472760165"
"522.3717950656951","630.9964850613906"
"415.0359351575823","503.550087873401"
"421.5050960761238","433.304042179301"
"403.6812993686778","404.2021089630515"
"342.1211314383926","402.19507908611797"
"434.5004088510201","434.307557117625"
"386.46468842968636","559.746924428681"
"421.8986081368876","431.2970123023675"
"379.33063044764003","377.107205624021"
"356.08178547303754","394.1669595780985"
"326.4075658897135","328.93848857644645"
"277.7270179329264","377.107205624021"
"262.92000332113236","341.9841827767997"
"320.65763703796654","330.94551845343705"
"273.6012932416088","335.9630931458565"
"340.3923930255571","339.9771528998377"
"277.72701793293027","327.93497363795115"
"375.5641426383318","316.8963093145885"
"376.2044484706911","328.93848857644645"
"335.6790179326387","347.0017574692448"
"375.46678347331095","394.1669595780985"
"372.6094073475766","413.233743409395"
"356.07024573371484","381.121265377888"
"355.9504123619315","358.0404217926103"
"353.4894593446383","335.9630931458565"
"312.6352044902217","328.93848857644645"
"323.8300143293448","333.9560632688944"
"384.7352231597569","378.110720562345"
"421.8811792012019","508.5676625658775"
"492.0242203414898","499.53602811953397"
"421.89743572783505","386.1388400703645"
"356.51095446322853","356.0333919156482"
"355.98545682148136","352.0193321616956"
"325.23831828133183","322.9173989455318"
"277.72701793293027","328.93848857644645"
"261.39048748661594","318.9033391915506"
"308.85831668314626","306.8611599296355"
"273.3128042742447","305.85764499131153"
"355.99658455126945","306.8611599296355"
"277.72701793293027","301.843585237159"
"364.44227553410235","300.84007029883503"
"346.02069382550167","301.843585237159"
"293.160100909549","301.843585237159"
"310.87928290881194","320.9103690685412"
"304.2379369070959","317.899824253198"
"290.779256437325","317.899824253198"
"290.15802947652634","305.85764499131153"
"270.704846310582","291.80843585249147"
"310.5870305513477","290.80492091388203"
"296.9794571234155","308.868189806569"
"316.8523190956943","321.9138840070365"
"367.623383828807","386.1388400703645"
"421.89737920941275","438.3216168717775"
"400.8387704764103","393.1634446397745"
"310.97352873092336","338.9736379613424"
"330.9578453939173","334.9595782073897"
"292.6011227752358","325.9279437609891"
"274.350033682138","317.899824253198"
"277.72701793293027","305.85764499131153"
"259.06675618915756","303.850615114378"
"304.9050852837494","302.8471001757685"
"272.99571630997383","298.8330404219015"
"299.0926660723193","314.889279437655"
"277.72701793293027","317.899824253198"
"372.2702472551743","431.2970123023675"
"356.1235134252043","594.8699472760165"
"421.8781033236734","592.862917399083"
"421.898636189801","549.7117750440135"
