"DataEntries: 8756, TestEntries: 24, Epochs: 200, UseTestData: true, LimitEntries: true, Firstlayer#: 6, SecondLayer: true, SecondLayer#: 14, Predict: true, Curvebehaviour: true, Stacksize: 6, useLastXDays: false, Max: 502.0, Min: 126.0, Curve behaviour: true, Historical: false, useAverage: false, priceStack1, Skewness: false, SkewStack: 12",", useNewMethod: false, decay: 0.1"
"Range: 6567 to 8756"
"Actual","Ideal"
"196.79903078430158","195.174358974412"
"191.5626181869751","193.728205128128"
"187.58275967241292","193.246153846096"
"187.92015318440173","192.041025641016"
"188.99156556622745","193.246153846096"
"188.0396736912403","189.38974358965203"
"180.99626694627685","178.784615384572"
"175.59344930137678","178.30256410254"
"175.6301610060415","177.82051282050801"
"177.24224905628742","179.50769230762"
"179.08585501635667","183.123076923048"
"183.00311295249443","187.70256410254"
"182.11949233563232","191.8"
"184.13031173997723","192.764102564064"
"186.1034120125897","193.246153846096"
"188.45265335897457","193.246153846096"
"186.68834597923697","192.764102564064"
"186.53083521387282","192.282051282032"
"188.50342580527987","192.764102564064"
"192.3484585659931","193.00512820507998"
"193.78311674463583","194.210256410348"
"198.77519507183553","195.89743589746"
"198.55910888302782","196.379487179492"
"193.60155669985014","195.65641025644402"
"192.45943381028638","194.69230769237998"
"194.40276379589372","193.487179487112"
"193.17740301500228","193.246153846096"
"193.05165942791814","190.835897435936"
"191.43074978584744","190.59487179492"
"189.48983082175164","189.630769230856"
"186.43934724657933","190.353846153904"
"186.1700011746349","191.55897435898402"
"187.41481419837774","192.764102564064"
"190.27588546108655","194.93333333339598"
"199.2237112101156","201.44102564101598"
"206.33770530312887","208.43076923085601"
"208.7501025533782","208.43076923085601"
"207.20336772495915","209.153846153904"
"207.6908375057008","207.948717948636"
"206.40380914952857","206.74358974355602"
"206.90612349879075","202.887179487112"
"203.14469599024008","200.958974358984"
"204.1912285941335","202.887179487112"
"205.285470476198","202.887179487112"
"207.4228655073298","209.87692307695198"
"211.7948031511995","224.338461538476"
"209.29709461996475","224.09743589746"
"211.76252364211592","209.153846153904"
"205.45732671354102","198.789743589652"
"199.2062636982006","197.584615384572"
"193.68027288067526","195.89743589746"
"191.0498870571291","192.764102564064"
"187.26519406423682","193.00512820507998"
"186.53221494361634","192.282051282032"
"185.9596509131302","188.425641025588"
"186.2770016913354","183.846153846096"
"185.56060649446977","187.46153846152401"
"189.95474779162822","192.282051282032"
"197.24976721240017","200.958974358984"
"203.716942659462","206.261538461524"
"207.01075798559515","206.261538461524"
"208.48289228733842","208.43076923085601"
"208.18963292512768","206.984615384572"
"206.43380651974525","207.70769230762"
"204.73176327977018","207.225641025588"
"203.1522421515973","204.574358974412"
"202.64787035526206","203.128205128128"
"201.45393867895626","202.40512820508"
"205.1428507326092","207.948717948636"
"213.60694045358906","213.733333333396"
"210.4873382162753","209.635897435936"
"208.69523259043666","207.70769230762"
"204.6295156278843","201.44102564101598"
"199.96841865495838","199.512820512888"
"195.85070973140478","195.65641025644402"
"192.9324321976924","192.523076923048"
"188.80896725442793","189.630769230856"
"189.0936361952003","187.220512820508"
"185.235715126999","188.184615384572"
"184.4598983444794","188.425641025588"
"186.9609448434713","191.8"
"190.08023332915354","194.451282051364"
"201.24139572273816","203.61025641034797"
"204.6253851932113","214.69743589746"
"209.9517799116919","208.18974358965198"
"205.903101663832","203.61025641034797"
"204.8449792622174","202.646153846096"
"204.9972179880084","204.815384615428"
"205.37298325025768","208.18974358965198"
"202.73913892216888","207.225641025588"
"202.88758077682195","208.18974358965198"
"202.41893106238663","208.912820512888"
"206.4970070668263","211.80512820508"
"210.4817912852621","221.20512820508"
"204.58468266760246","215.179487179492"
"208.43217615274366","204.574358974412"
"204.77069542813246","201.2"
"199.69469818858565","201.2"
"196.14133488104306","196.138461538476"
"192.14750747201367","193.487179487112"
"187.16100768205467","190.59487179492"
"187.3516476486273","188.90769230761998"
"186.3029621895509","188.666666666604"
"186.79800526682976","188.90769230761998"
"189.18420582833096","190.835897435936"
"190.99145839510766","193.728205128128"
"196.93752157646622","201.923076923048"
"205.06422281674355","207.225641025588"
"205.16471938328104","207.225641025588"
"203.31257226893212","206.50256410254002"
"204.53034135724337","204.815384615428"
"204.45486179780775","206.50256410254002"
"204.63504246938413","206.50256410254002"
"204.55804957596115","206.50256410254002"
"203.16406311467978","206.74358974355602"
"203.19262461198986","206.984615384572"
"205.6513716491394","211.082051282032"
"211.45015058494158","220.72307692304798"
"209.6175330233316","210.11794871796798"
"205.44130522302305","206.50256410254002"
"201.2582291450042","201.44102564101598"
"196.6543747549361","196.138461538476"
"191.60722031088315","195.174358974412"
"190.11114367725497","192.041025641016"
"189.22481799651686","190.835897435936"
"186.32284451158125","187.70256410254"
"185.67483443132724","186.49743589745998"
"186.2159848144375","187.220512820508"
"187.5074709459742","189.871794871872"
"192.0325762024944","193.246153846096"
"197.11488119681303","199.512820512888"
"208.03475343194674","200.235897435936"
"201.5985847702483","202.164102564064"
"203.97444383189335","202.646153846096"
"202.9181307319268","201.44102564101598"
"202.20077465088266","201.44102564101598"
"203.08390254859773","201.44102564101598"
"201.16019124793954","200.476923076952"
"199.21399408121135","197.825641025588"
"198.749415911802","198.548717948636"
"202.45230460818806","202.40512820508"
"212.18386639689777","217.589743589652"
"212.58305644325264","212.52820512812798"
"207.63599978236033","205.779487179492"
"200.97139646068086","198.06666666660402"
"196.88521976295374","192.523076923048"
"193.42698181214314","194.451282051364"
"192.64466337037896","192.764102564064"
"190.36579636444077","195.415384615428"
"191.50689220752724","193.969230769144"
"188.80516390481668","193.969230769144"
"189.598091231627","194.69230769237998"
"192.51426992850375","193.246153846096"
"191.89009899387108","194.210256410348"
"194.13702385651766","197.584615384572"
"192.4823506036388","198.06666666660402"
"193.91384667896932","199.030769230856"
"195.7909014454997","199.030769230856"
"195.23575747025433","199.271794871872"
"196.82147912161574","199.030769230856"
"195.40571461967238","199.030769230856"
"196.10122738268046","198.30769230762002"
"194.76234363685452","198.06666666660402"
"194.82270237230847","199.512820512888"
"197.88226734850147","205.779487179492"
"203.02403434889277","207.466666666604"
"202.29793030725057","206.74358974355602"
"200.08968001266328","201.44102564101598"
"197.33641769807178","200.476923076952"
"193.76006820686928","200.717948717968"
"193.4559781387627","198.789743589652"
"191.8555597963472","196.138461538476"
"195.36740408468933","195.89743589746"
"195.62643289639755","194.210256410348"
"190.2035773556547","193.487179487112"
"191.10127855036245","192.764102564064"
"191.38244956028896","192.764102564064"
"192.25307327546417","192.282051282032"
"194.6508169629412","193.969230769144"
"196.43320434084987","194.93333333339598"
"194.82022871713775","196.620512820508"
"198.0652786739688","200.958974358984"
"200.0842070174566","202.164102564064"
"200.74257702861115","202.164102564064"
"201.3265424192279","203.128205128128"
"199.45110998691155","200.958974358984"
"199.3330262859095","201.68205128203198"
"201.6020047460014","201.923076923048"
"202.7875910756773","208.671794871872"
"207.06420512455662","209.87692307695198"
"206.49877759074394","207.70769230762"
"200.59137359219332","203.61025641034797"
"198.07861473017903","200.958974358984"
"199.48309556413466","201.2"
"197.411803816648","199.99487179492002"
"195.94988747408226","196.379487179492"
"193.31195005071925","194.210256410348"
"192.85287656959048","192.282051282032"
"191.15279697349035","189.148717948636"
"191.26401493395662","188.425641025588"
"192.0535457410009","192.523076923048"
"195.55081180942716","195.89743589746"
"202.16555976112983","213.49230769238"
"216.4695508180314","229.88205128203202"
"219.20786242909344","218.071794871872"
"215.1241336781581","211.80512820508"
"212.2041241840874","211.80512820508"
"211.11958341499894","215.179487179492"
"215.27129338837292","227.471794871872"
"214.86432909490478","219.517948717968"
"213.9147419702389","217.348717948636"
"213.97133863044658","224.338461538476"
"221.94766718729318","245.30769230762002"
"232.58560758554273","249.40512820508002"
"227.36744925259774","213.010256410348"
"210.5825370038008","202.164102564064"
"201.10464592886987","199.99487179492002"
"201.08140042355112","198.789743589652"
"197.05886940323023","198.30769230762002"
"193.40303133355184","195.65641025644402"
"193.82518291786738","195.65641025644402"
"193.22772997628505","194.69230769237998"
"189.9619794622416","195.174358974412"
"187.94638714299796","194.210256410348"
"190.88626313682292","195.415384615428"
"194.9468991207555","199.512820512888"
"204.8773245084392","207.466666666604"
"216.6832884218736","224.338461538476"
"215.1998824177606","214.456410256444"
"210.7838526315883","210.6"
"210.5375690324666","208.43076923085601"
"211.09148149584144","210.84102564101602"
"216.658129503409","212.52820512812798"
"213.02899794870268","210.84102564101602"
"210.9348386728997","209.39487179492"
"212.73018037824096","213.733333333396"
"225.46083531726026","229.15897435898398"
"230.78064669435105","235.666666666604"
"215.99344492504318","211.80512820508"
"202.54058008337682","208.912820512888"
"200.4851641115599","202.887179487112"
"199.92262183019733","202.646153846096"
"198.10562414548593","199.753846153904"
"195.75550431303876","197.10256410254"
"192.82081811973967","197.10256410254"
"193.02893349290287","195.415384615428"
"192.25092456262308","195.65641025644402"
"192.58255932313892","196.138461538476"
"194.3044888433684","197.584615384572"
"196.9480821245187","200.958974358984"
"203.07542890784822","208.43076923085601"
"213.17016235563855","215.661538461524"
"210.37458480150056","217.10769230762"
"206.3593297787658","213.733333333396"
"205.7309439630506","213.010256410348"
"207.71460458888362","213.97435897441198"
"208.98913411074017","213.251282051364"
"206.30730976517705","212.28717948711198"
"206.7141597298732","212.046153846096"
"208.17865320443212","214.69743589746"
"215.46100110773307","224.338461538476"
"221.58122575504427","242.415384615428"
"213.05727853722476","212.52820512812798"
"204.17686544901892","206.984615384572"
"201.63594612861618","202.646153846096"
"201.3799785353314","203.61025641034797"
"198.90486040397556","202.887179487112"
"197.1067685658225","198.30769230762002"
"194.08846382663376","199.271794871872"
"195.06959559656136","197.34358974355598"
"194.3360442852113","197.584615384572"
"194.9308257557907","198.06666666660402"
"197.35391507007876","200.235897435936"
"198.64526152425537","203.128205128128"
"204.97852104527965","208.912820512888"
"211.38304211882456","224.579487179492"
"215.0347585568472","206.50256410254002"
"209.72344467049345","203.851282051364"
"208.31799675488054","202.887179487112"
"208.97314612774608","205.53846153847599"
"209.20320749255166","214.456410256444"
"211.64565470919618","209.153846153904"
"208.66552601456215","210.11794871796798"
"210.13449110371687","215.661538461524"
"218.21990177872993","229.39999999999998"
"232.03079093285913","248.2"
"221.64655950774136","217.830769230856"
"208.2556426760201","204.09230769238002"
"201.5591902107717","202.40512820508"
"200.0857338007795","202.887179487112"
"198.36283894314056","201.44102564101598"
"196.14112424775954","199.030769230856"
"197.36944194380465","199.512820512888"
"195.41250713010623","197.34358974355598"
"196.1874396570272","197.10256410254"
"196.58976807049925","197.584615384572"
"199.3258641197006","196.620512820508"
"200.71103167839016","199.99487179492002"
"205.09608919578773","206.74358974355602"
"221.89113025104592","216.866666666604"
"212.69798538254042","206.984615384572"
"207.649375872913","206.020512820508"
"205.79705502863942","205.056410256444"
"204.58496564459944","206.984615384572"
"208.40133954606972","206.50256410254002"
"204.48493395248056","205.29743589746"
"201.9291749306303","204.815384615428"
"203.89074947726","205.29743589746"
"209.93063831916697","213.49230769238"
"224.05509541117175","218.55384615390398"
"215.43829472624927","208.912820512888"
"200.5191339005454","203.369230769144"
"196.64509898322626","202.887179487112"
"198.28289728842537","202.40512820508"
"199.85262562234433","201.2"
"198.78941196849252","199.030769230856"
"198.153170443353","199.271794871872"
"198.06515669213155","196.620512820508"
"196.65522194545653","193.487179487112"
"196.97081276344522","192.764102564064"
"197.3439524805456","193.728205128128"
"196.70905988450448","195.415384615428"
"197.26748299305353","197.825641025588"
"198.95183915279546","200.958974358984"
"196.0060099919866","202.40512820508"
"198.18369794822948","202.646153846096"
"198.62565490721173","202.646153846096"
"199.4739060826785","202.646153846096"
"199.05064630622786","201.2"
"200.81268692936717","200.958974358984"
"200.40578782413036","201.44102564101598"
"201.89863662327235","202.646153846096"
"209.2358085794402","205.53846153847599"
"209.63236540637257","206.50256410254002"
"204.2585737082274","205.056410256444"
"202.09006365667864","202.887179487112"
"202.44264409545696","202.164102564064"
"202.0788834464189","203.128205128128"
"199.77103162101105","203.369230769144"
"198.58473150932713","201.44102564101598"
"198.5659452324786","202.646153846096"
"199.1449669317501","199.99487179492002"
"194.7165631051642","196.379487179492"
"195.05249573064103","196.138461538476"
"197.38458076830864","196.620512820508"
"198.15411109841247","196.620512820508"
"201.58668009073023","195.415384615428"
"201.7291599843016","195.89743589746"
"201.876178452251","197.825641025588"
"202.4296960762494","202.887179487112"
"204.59053973961346","204.815384615428"
"204.758655651815","204.333333333396"
"206.63201830488643","203.851282051364"
"203.65710780691438","203.128205128128"
"204.67749287637858","202.646153846096"
"206.19140908433275","203.61025641034797"
"210.0044035479226","209.153846153904"
"213.5411763284551","210.11794871796798"
"208.9269471848715","208.18974358965198"
"207.0795172568023","206.020512820508"
"204.08324225659211","204.574358974412"
"205.1979098383979","205.29743589746"
"202.1299318945483","203.369230769144"
"199.33839731291454","199.99487179492002"
"196.60937077824246","200.476923076952"
"195.31781039353967","198.30769230762002"
"193.17853425295743","195.65641025644402"
"193.1792591257248","195.65641025644402"
"194.82458392068008","197.34358974355598"
"198.6798835550502","202.646153846096"
"208.78661707170136","208.912820512888"
"217.32076064858887","213.97435897441198"
"217.18792946669666","206.261538461524"
"210.69817979692695","204.333333333396"
"210.5485704501873","204.574358974412"
"209.45755419308716","206.261538461524"
"215.3328679227188","208.18974358965198"
"210.50209598647947","209.153846153904"
"212.55656049388583","210.11794871796798"
"215.03689000490357","209.39487179492"
"219.1943783191378","210.6"
"219.48607545993156","209.635897435936"
"208.89386966902356","205.779487179492"
"208.17309366090637","202.646153846096"
"206.43660347658837","201.68205128203198"
"203.07911070427355","205.29743589746"
"200.0979717667183","204.09230769238002"
"195.896474082814","201.68205128203198"
"200.63600498607414","201.923076923048"
"200.60914766150808","201.44102564101598"
"199.54707587812788","201.2"
"198.97786891240472","200.235897435936"
"200.55020243776616","201.2"
"204.1900778419292","204.574358974412"
"210.4334580333331","214.456410256444"
"222.0046520273524","224.579487179492"
"217.890431094259","205.29743589746"
"208.8422219527772","204.09230769238002"
"208.65078937600765","204.09230769238002"
"209.34575616604042","204.815384615428"
"210.36405677217743","215.90256410254"
"213.19348836367266","216.384615384572"
"213.37228251731986","213.251282051364"
"213.67443114426166","218.55384615390398"
"221.72395724566013","231.56923076914399"
"230.68231917216605","237.83589743593598"
"217.00775982075126","217.10769230762"
"208.78381544370177","208.912820512888"
"205.23212219569882","206.261538461524"
"206.11328407124122","207.225641025588"
"204.30821330867792","204.815384615428"
"202.20482433982096","202.164102564064"
"200.16631378938968","202.164102564064"
"200.21355775781257","200.958974358984"
"198.59002239630436","200.717948717968"
"199.04816298628145","199.030769230856"
"199.19714305924145","200.235897435936"
"202.58079050196537","205.29743589746"
"210.44838606292393","212.52820512812798"
"216.6331596621792","217.10769230762"
"213.78461847923327","213.49230769238"
"207.92878926849892","208.912820512888"
"207.25534791251363","208.671794871872"
"207.713001346728","207.948717948636"
"209.9012363054777","208.43076923085601"
"208.11823143485185","207.70769230762"
"208.08969967338493","207.466666666604"
"211.39832455530657","210.358974358984"
"220.16930228009358","216.62564102558798"
"226.95373269526712","224.338461538476"
"209.9539289782677","208.671794871872"
"206.01009538540964","207.466666666604"
"205.03766694778355","203.851282051364"
"204.89422163944266","205.29743589746"
"204.28608524513237","204.574358974412"
"200.82337654348896","202.40512820508"
"200.49856441402335","202.40512820508"
"201.26899016354466","201.923076923048"
"199.12865704051194","201.923076923048"
"199.36835457814954","201.68205128203198"
"201.86111051969988","202.887179487112"
"204.1376057799759","204.574358974412"
"211.99208649724687","213.733333333396"
"221.3123181872761","210.6"
"214.58230199071315","210.6"
"210.0934687137178","208.671794871872"
"209.87882689506927","208.43076923085601"
"209.78210457597515","208.671794871872"
"212.9146678001638","209.635897435936"
"210.27856714019623","209.39487179492"
"210.40277588764474","210.84102564101602"
"213.73260395499688","224.09743589746"
"225.6473029691514","231.328205128128"
"237.08824049530335","251.09230769238"
"224.0694930184202","235.666666666604"
"215.7901551078292","224.338461538476"
"209.94826888542286","207.948717948636"
"204.99909212364582","207.70769230762"
"201.84079572435883","205.779487179492"
"200.68562695716935","204.333333333396"
"202.94814755687312","202.887179487112"
"201.932838961637","201.923076923048"
"202.44016021110383","200.958974358984"
"202.60500589663525","199.99487179492002"
"203.54611917643786","199.512820512888"
"204.08712061140278","203.851282051364"
"213.71645690900317","215.661538461524"
"223.97992469966192","230.12307692304802"
"220.75967881309913","224.338461538476"
"217.0367614496268","211.323076923048"
"212.2822207496256","211.082051282032"
"211.43124044758542","211.323076923048"
"211.10476575275362","209.153846153904"
"208.1169860223227","206.984615384572"
"206.39524724684617","206.020512820508"
"212.3163638672806","207.70769230762"
"218.28163498870197","210.84102564101602"
"225.65805298554187","219.035897435936"
"222.50748547182627","206.020512820508"
"209.30269824457486","203.851282051364"
"201.6433832468593","202.164102564064"
"205.22820063437973","201.923076923048"
"205.38542139577575","201.2"
"206.84677344736855","200.235897435936"
"203.2013600864605","199.271794871872"
"203.28464737659354","198.548717948636"
"201.05501210046555","198.06666666660402"
"200.24358794622435","197.825641025588"
"202.0711764871056","198.30769230762002"
"201.4675229738299","199.271794871872"
"203.74631583491225","200.717948717968"
"207.1856618480036","200.717948717968"
"203.09267086094547","201.2"
"202.78872100101927","201.2"
"202.91054297878097","201.923076923048"
"203.203481322648","201.923076923048"
"202.09799093986595","201.68205128203198"
"202.88703553541353","201.44102564101598"
"202.58771509511666","201.44102564101598"
"203.98984057491936","202.164102564064"
"207.20812985401028","205.779487179492"
"209.22500443325833","206.984615384572"
"202.6665931105578","204.574358974412"
"201.6651576784301","202.40512820508"
"202.1878147417527","201.923076923048"
"202.4999995377907","201.68205128203198"
"200.81446990930274","201.68205128203198"
"201.40286506168854","201.2"
"201.08385041401766","200.958974358984"
"201.47127885253607","199.753846153904"
"196.41906144464002","199.271794871872"
"196.81438147424024","199.271794871872"
"199.241420143426","197.584615384572"
"198.0563802649664","196.620512820508"
"199.43181758805576","199.030769230856"
"201.09868111998657","199.271794871872"
"199.38641988275808","200.476923076952"
"202.02176593214818","200.958974358984"
"202.7181458784354","201.2"
"202.49625835445687","201.68205128203198"
"204.70299894546872","201.68205128203198"
"202.958146279139","201.44102564101598"
"204.1152562673263","201.68205128203198"
"206.08869741916033","202.164102564064"
"209.3929595975519","202.40512820508"
"209.9939452085018","202.40512820508"
"205.42029214672746","202.40512820508"
"202.79711540669086","202.164102564064"
"202.96933260612303","201.923076923048"
"204.3044221291119","201.923076923048"
"201.48798808421415","201.68205128203198"
"200.16220860935164","200.958974358984"
"197.28620146321225","198.06666666660402"
"196.0324487508621","197.10256410254"
"194.246677201269","197.10256410254"
"195.105989052373","197.34358974355598"
"196.27744068103954","197.584615384572"
"199.73337613444247","201.2"
"207.818743622848","205.779487179492"
"214.02379636506566","203.851282051364"
"212.29496566964326","202.887179487112"
"208.5484393826597","202.164102564064"
"208.39479802188006","202.887179487112"
"208.10537928490555","203.851282051364"
"211.0737441465441","205.779487179492"
"207.8141344316258","204.09230769238002"
"209.26170960510592","203.61025641034797"
"209.80620030595912","212.769230769144"
"216.20079461232794","242.415384615428"
"232.91874332728187","250.610256410348"
"219.77009930974054","213.97435897441198"
"211.14039187973236","202.164102564064"
"205.51633860116453","201.2"
"203.58266953642055","201.2"
"200.0590332515177","200.476923076952"
"196.63036633746938","199.512820512888"
"202.21054570084274","198.30769230762002"
"202.17983783681063","197.584615384572"
"202.17722041523268","197.34358974355598"
"200.89614524892264","197.825641025588"
"202.08385136713787","198.30769230762002"
"204.06186746399985","201.923076923048"
"210.52866568904705","205.29743589746"
"214.8692331134544","203.128205128128"
"208.70266439941764","203.128205128128"
"206.51264915112586","201.68205128203198"
"206.6442120547644","201.44102564101598"
"206.74300153165876","202.164102564064"
"209.91354676754793","202.164102564064"
"208.64056874797996","201.44102564101598"
"207.66044862194946","200.958974358984"
"213.07463373678314","204.815384615428"
"231.90432856247946","222.65128205136398"
"238.27334480478385","222.65128205136398"
"217.01789283440593","203.851282051364"
"204.8615866301564","200.717948717968"
"202.67848554317112","199.753846153904"
"204.18005884741126","199.512820512888"
"202.2628414739365","198.789743589652"
"201.6373884752603","197.825641025588"
"198.94394838309216","197.584615384572"
"199.306800890317","195.89743589746"
"198.20544914820425","195.89743589746"
"198.87791677342182","196.620512820508"
"199.22602827423674","197.584615384572"
"202.5515950763031","200.235897435936"
"206.2903796283863","201.44102564101598"
"208.11925536170264","201.44102564101598"
"207.68299112028745","201.2"
"202.3697742007565","199.512820512888"
"202.62794713969686","199.271794871872"
"203.90651494445314","199.512820512888"
"203.8675364019924","199.271794871872"
"201.45316977110502","199.271794871872"
"201.98072725211074","199.271794871872"
"204.20879001046814","201.923076923048"
"213.76123079863063","202.887179487112"
"213.7572973537655","201.923076923048"
"198.60360611224684","199.99487179492002"
"198.53809763672643","199.030769230856"
"197.39952154543465","197.825641025588"
"200.16604257005736","196.379487179492"
"199.81044566235596","195.65641025644402"
"199.8805651014378","193.728205128128"
"196.86202958703507","192.041025641016"
"196.15005126345665","190.835897435936"
"197.5837726719331","190.59487179492"
"197.66860677911149","191.076923076952"
"199.1500427689579","192.041025641016"
"198.57389048259637","193.969230769144"
"202.0936895825668","197.10256410254"
"202.59298018906102","199.271794871872"
"205.50442703258847","199.271794871872"
"202.62684098143995","198.06666666660402"
"202.6499920894746","197.825641025588"
"202.86251713980568","198.30769230762002"
"201.0541758285425","198.30769230762002"
"201.27669830282855","198.06666666660402"
"201.28536491492866","199.030769230856"
"206.1079051846485","203.128205128128"
"210.94921297619817","200.476923076952"
"209.17641521891568","201.68205128203198"
"205.10368468447317","199.271794871872"
"201.05410301698288","198.30769230762002"
"196.8812364717582","197.10256410254"
"196.2691605298522","196.138461538476"
"195.10621828989872","195.174358974412"
"195.55924846899592","192.764102564064"
"194.38533552308502","189.148717948636"
"185.52401975359007","186.979487179492"
"183.70742750678235","186.015384615428"
"184.1104837373482","186.738461538476"
"185.905134319897","188.666666666604"
"191.41997287810864","190.112820512888"
"194.40373684901604","194.210256410348"
"204.93805456737434","195.89743589746"
"197.11441298043766","195.65641025644402"
"195.68379043232142","195.174358974412"
"196.28931220331057","195.174358974412"
"195.96688252351927","195.415384615428"
"197.26342224864155","195.415384615428"
"196.77788644991588","195.65641025644402"
"195.61037181655377","195.65641025644402"
"198.03452000504336","196.138461538476"
"202.37740542403577","197.584615384572"
"203.66250578069588","198.06666666660402"
"196.01533361083958","196.379487179492"
"192.22947797969175","194.69230769237998"
"192.9680591784835","192.764102564064"
"191.8430423394791","191.55897435898402"
"194.57820695087713","191.076923076952"
"193.49638261126293","188.90769230761998"
"189.97574559550173","186.49743589745998"
"185.70610603246595","183.123076923048"
"184.4135481595171","181.435897435936"
"186.03703603506165","180.953846153904"
"189.37839416026424","182.15897435898398"
"189.630986755933","184.32820512812802"
"189.10901631661082","187.220512820508"
"187.99032301557412","187.46153846152401"
"187.5162390217204","188.425641025588"
"190.19745328254217","189.630769230856"
"190.30429240355323","190.353846153904"
"191.25628309574304","190.59487179492"
"190.46959767414893","189.630769230856"
"192.23610367119102","189.148717948636"
"191.49056999471745","189.630769230856"
"192.0648049640295","192.041025641016"
"192.46507202864507","193.487179487112"
"189.02547852668698","194.210256410348"
"189.96463037660993","193.246153846096"
"190.71003872647412","191.31794871796802"
"194.38429545475475","189.630769230856"
"194.02264328840192","188.90769230761998"
"192.44381450252322","187.70256410254"
"190.56683569053553","183.60512820508"
"179.16147057657","179.748717948636"
"169.6243426948303","172.758974358984"
"171.4687786700517","164.80512820508"
"165.44142524429407","162.153846153904"
"164.50795296744673","170.589743589652"
"174.2083712831717","167.215384615428"
"175.00515207912483","169.38461538457202"
"174.47562651618995","171.553846153904"
"176.49970746230372","179.989743589652"
"179.5357218288833","187.46153846152401"
"182.7196412505387","188.425641025588"
"181.92701606284948","189.148717948636"
"185.55239497751913","189.630769230856"
"185.06884487976615","188.184615384572"
"187.47038434210913","187.46153846152401"
"190.03170870749733","189.148717948636"
"189.79901124924015","193.728205128128"
"190.42708338536994","194.93333333339598"
"188.6681179638528","193.969230769144"
"188.9461519560753","193.00512820507998"
"191.4084040833485","192.041025641016"
"189.79131106750492","190.353846153904"
"189.3000283646823","188.184615384572"
"174.8340966881702","186.738461538476"
"180.2396761165172","173.0"
"168.84693131190573","173.482051282032"
"169.65229632116038","184.087179487112"
"176.2457778117232","185.533333333396"
"182.64852144808998","186.738461538476"
"184.38744199337313","189.148717948636"
"190.76963109459183","193.00512820507998"
"201.33681898325494","199.030769230856"
"201.93170935578962","199.030769230856"
"201.47567725776764","199.271794871872"
"201.59450788195733","198.789743589652"
"200.76854719708956","200.717948717968"
"204.32180246737957","202.164102564064"
"202.5000321297205","198.789743589652"
"201.68479746799355","202.40512820508"
"208.16281625936855","206.261538461524"
"213.24856420755373","215.420512820508"
"221.84446560736347","226.748717948636"
"213.6569349526073","201.2"
"197.04657206287004","196.861538461524"
"192.16393842128753","193.969230769144"
"192.66888188132498","192.764102564064"
"192.2505280259893","190.59487179492"
"188.6444000830703","187.70256410254"
"183.75459108620487","187.70256410254"
"179.94979901496887","185.774358974412"
"187.5159894983942","185.533333333396"
"187.68677576785802","186.015384615428"
"190.2251711769644","186.979487179492"
"192.10755362929632","188.90769230761998"
"190.23443360308121","193.969230769144"
"198.38111301510708","198.30769230762002"
"194.8684636317778","196.620512820508"
"195.50865249824935","194.451282051364"
"194.54866903668642","194.93333333339598"
"196.44323769274854","195.174358974412"
"195.84836795948416","195.174358974412"
"195.97809246435838","195.174358974412"
"196.59481277026134","195.65641025644402"
"200.10653901157104","198.789743589652"
"205.54777666256848","199.753846153904"
"208.78909972927397","199.271794871872"
"194.98436031101448","195.65641025644402"
"190.44544331303175","193.728205128128"
"191.08821509529736","191.31794871796802"
"190.543361686364","190.112820512888"
"192.76533593578438","187.943589743556"
"189.42874704046633","184.810256410348"
"188.71131316465465","182.641025641016"
"180.9927924594236","175.89230769238"
"181.54323039463125","173.964102564064"
"181.36788224074252","177.09743589746"
"184.43973025117748","182.4"
"189.71721210529375","186.738461538476"
"189.5199376905718","189.38974358965203"
"193.62173985558383","192.764102564064"
"193.51491804527376","193.00512820507998"
"190.65830438490002","192.764102564064"
"191.86910327342292","192.523076923048"
"194.84362848823653","192.282051282032"
"192.60963067732013","192.764102564064"
"193.07140920860058","192.764102564064"
"194.6790142408846","193.246153846096"
"197.25714282230882","194.451282051364"
"201.81189267720322","195.415384615428"
"203.81869702315737","196.620512820508"
"193.2652082614436","194.210256410348"
"193.117498221549","192.764102564064"
"191.72568291314167","191.31794871796802"
"191.78229364198864","190.353846153904"
"190.46849390988382","188.90769230761998"
"186.41759148529553","186.49743589745998"
"182.90722668599784","184.087179487112"
"176.91597570115255","178.543589743556"
"175.2189249985001","177.82051282050801"
"176.81174154799027","179.02564102558802"
"180.2085569013737","182.15897435898398"
"185.44986137637179","186.979487179492"
"186.91374068235373","189.630769230856"
"190.5054398705759","192.764102564064"
"187.028956220591","192.764102564064"
"187.90324862561286","192.041025641016"
"188.39503659016236","191.8"
"189.39913209816726","192.041025641016"
"190.34844459037618","191.8"
"192.2033611339905","191.8"
"193.1275597047117","192.282051282032"
"195.4441526480722","194.210256410348"
"199.93813806190445","195.415384615428"
"203.03290801251768","195.65641025644402"
"194.15809381988382","193.728205128128"
"192.6269099509826","192.764102564064"
"192.49394540951226","191.8"
"192.15018044465648","191.31794871796802"
"190.33622306648508","190.59487179492"
"188.46081263555834","188.425641025588"
"187.81749061745128","187.46153846152401"
"185.8083074601144","186.738461538476"
"184.91800198038956","186.738461538476"
"186.86112719072077","187.70256410254"
"189.17740350277236","188.666666666604"
"192.0959981110712","191.31794871796802"
"197.67054878549484","192.282051282032"
"203.5364072854505","195.65641025644402"
"204.2201731896252","195.89743589746"
"199.92295076212383","195.415384615428"
"200.4436292422812","195.174358974412"
"200.75005016953492","195.415384615428"
"198.05832665398262","195.415384615428"
"195.13911947560638","195.65641025644402"
"195.092785467368","196.379487179492"
"196.00108175994762","197.584615384572"
"201.42546450282657","197.34358974355598"
"203.8139182334673","196.620512820508"
"195.25200027610464","195.89743589746"
"195.57590198249042","195.174358974412"
"191.39487881307068","193.969230769144"
"192.11025029484182","193.00512820507998"
"191.01542122267568","191.55897435898402"
"188.17167897929625","189.630769230856"
"185.1654234777272","189.38974358965203"
"182.3196773399315","187.70256410254"
"180.0108706475386","186.979487179492"
"181.2729910668917","185.774358974412"
"184.41809394032379","184.32820512812802"
"186.87506415212658","185.29230769237998"
"185.2374334211342","186.49743589745998"
"184.2863683845425","187.46153846152401"
"183.28314101603388","187.70256410254"
"186.12744570628365","188.666666666604"
"186.7981296119222","189.38974358965203"
"188.61316639512518","189.38974358965203"
"187.73810525130978","189.148717948636"
"189.02254469256127","188.666666666604"
"189.17802239129324","188.90769230761998"
"190.75811382601356","190.353846153904"
"190.3888039270659","192.523076923048"
"187.8189187333221","193.487179487112"
"187.64941685974924","192.523076923048"
"188.7551309981824","190.353846153904"
"190.52777352176088","188.184615384572"
"189.12567649152913","187.70256410254"
"186.98731635116218","186.25641025644398"
"182.2091517947759","184.810256410348"
"173.50982102490374","183.123076923048"
"170.45317473399027","168.420512820508"
"161.28287368842695","161.430769230856"
"154.98736355114664","159.743589743556"
"156.34407643577612","155.646153846096"
"157.23528517901937","151.066666666604"
"161.3343063604619","160.466666666604"
"166.25495189530355","173.72307692304798"
"175.4471110390852","181.19487179492"
"177.54466374718433","186.738461538476"
"181.5024378899716","187.943589743556"
"181.1033945968138","188.666666666604"
"183.2827560900082","188.666666666604"
"182.06880937774812","189.148717948636"
"183.38734753694936","189.871794871872"
"190.02013785968177","191.55897435898402"
"193.43138451364123","193.246153846096"
"196.9139892157611","194.210256410348"
"195.34570252796487","193.969230769144"
"187.62447175368877","193.487179487112"
"186.7360708711699","192.282051282032"
"187.14455351972208","191.8"
"187.8010373323076","190.353846153904"
"184.1137865236985","187.943589743556"
"185.39585727077812","189.871794871872"
"183.00069924905208","186.979487179492"
"180.9724733424386","178.30256410254"
"176.82937125636133","179.266666666604"
"180.68170481761018","182.15897435898398"
"180.88891345790978","189.871794871872"
"184.7988120548159","193.969230769144"
"197.50290993653678","197.10256410254"
"198.39554477093301","196.620512820508"
"194.44449422301443","196.138461538476"
"196.72015961553922","196.620512820508"
"197.70169914550394","196.620512820508"
"198.28713795292305","196.138461538476"
"196.5825208293732","196.138461538476"
"198.24202526918265","197.10256410254"
"203.8188157808396","204.09230769238002"
"205.8996926732144","199.030769230856"
"208.94272825270593","199.753846153904"
"203.10403844976577","196.861538461524"
"194.6927357764742","195.65641025644402"
"192.54658282328114","194.210256410348"
"195.2505614285576","193.728205128128"
"192.72480991520803","191.8"
"189.53643695425336","190.59487179492"
"190.92442383354927","190.112820512888"
"189.0514886884107","189.148717948636"
"185.38855270784293","189.38974358965203"
"185.9420028736507","188.184615384572"
"188.7110990713933","188.425641025588"
"191.44790789178194","191.076923076952"
"195.7840481829487","193.487179487112"
"201.30712716155767","196.620512820508"
"198.78806829945364","196.620512820508"
"195.63426205162204","195.415384615428"
"200.06862668316842","195.415384615428"
"198.01646452696468","196.861538461524"
"197.47365797972247","196.620512820508"
"198.5982707401889","196.861538461524"
"198.30166608795062","196.861538461524"
"201.43498310130687","197.584615384572"
"200.50682011329422","198.30769230762002"
"199.98833887838975","198.30769230762002"
"195.41647181408723","196.861538461524"
"189.59416941220417","195.174358974412"
"188.93465993709566","193.728205128128"
"191.05925443886403","193.487179487112"
"191.2036080514182","192.523076923048"
"189.21547085399766","190.59487179492"
"187.15095278138125","189.148717948636"
"183.16366046586498","188.425641025588"
"184.12779302949224","188.425641025588"
"185.2917958848621","187.943589743556"
"187.84881197669512","188.425641025588"
"190.68524939114093","191.8"
"194.5223024705051","194.93333333339598"
"198.91875200629767","203.61025641034797"
"202.9040021553637","203.851282051364"
"198.4443056426444","198.548717948636"
"199.3681120266341","197.34358974355598"
"201.36592672598738","201.2"
"200.88159222587217","200.235897435936"
"199.57923528366564","200.235897435936"
"201.03740051320273","202.164102564064"
"201.70166625039298","206.74358974355602"
"208.01813102417634","213.733333333396"
"211.95430249257046","217.10769230762"
"200.91488260157985","202.887179487112"
"200.4782067954526","197.10256410254"
"196.4793121034285","195.89743589746"
"194.4034866066878","195.415384615428"
"192.6825409988191","193.969230769144"
"190.1498189800261","191.8"
"189.04570459736465","188.425641025588"
"188.62480921190945","188.425641025588"
"187.94670105932198","186.015384615428"
"188.5236004099375","185.05128205136398"
"189.63871674994627","187.46153846152401"
"191.82827578850674","191.55897435898402"
"199.11011428587005","196.138461538476"
"204.931773963095","208.43076923085601"
"209.17548092471293","209.153846153904"
"203.9847404614725","202.887179487112"
"201.95445077309938","201.68205128203198"
"203.28198477928316","204.333333333396"
"200.93522114582868","206.261538461524"
"199.72958541047228","206.50256410254002"
"198.60223473272907","204.815384615428"
"199.59347606107073","203.61025641034797"
"202.72456833660027","205.29743589746"
"200.81432289024548","202.40512820508"
"193.216788878743","196.620512820508"
"188.9050277763577","194.451282051364"
"189.0667777051911","192.764102564064"
"190.12027166955792","192.041025641016"
"189.35311571346128","190.353846153904"
"186.3234704716693","188.184615384572"
"183.14214459492615","180.47179487187202"
"166.5370571733816","174.20512820508"
"167.8802597339085","173.482051282032"
"173.19001786552423","177.09743589746"
"176.79518377113646","179.50769230762"
"189.69407521636253","187.46153846152401"
"189.73013307211","191.076923076952"
"202.080637255315","194.451282051364"
"194.24527656997543","195.174358974412"
"193.4293426909661","194.93333333339598"
"192.4583467761325","194.69230769237998"
"189.34532926745828","194.451282051364"
"194.64637746986898","193.969230769144"
"193.62826092100516","193.00512820507998"
"192.64327897320317","193.487179487112"
"193.8474148640875","194.451282051364"
"192.65424725918035","194.93333333339598"
"196.07668261449572","194.69230769237998"
"188.59755663461624","193.246153846096"
"187.0806284697463","191.31794871796802"
"188.47944045151672","190.112820512888"
"187.83613862322017","189.38974358965203"
"186.91100193641267","188.666666666604"
"182.57778216469362","187.46153846152401"
"182.86228974077784","186.015384615428"
"175.4352323262724","181.917948717968"
"173.1940568122399","180.230769230856"
"175.9694837596552","179.989743589652"
"179.39334557989253","182.15897435898398"
"185.4555720122558","183.846153846096"
"185.29188184215232","184.810256410348"
"184.42794292513258","186.015384615428"
"184.8260712291344","186.49743589745998"
"186.60730278283916","187.46153846152401"
"186.85873848406754","188.184615384572"
"186.24617303051","188.425641025588"
"186.49425727339127","188.184615384572"
"187.74796130177552","187.943589743556"
"187.93388270437106","188.425641025588"
"188.96284557581163","190.112820512888"
"188.9312478423763","191.31794871796802"
"186.77611696112922","192.282051282032"
"186.38152116427608","191.076923076952"
"187.16281751372452","190.112820512888"
"189.01509971531692","188.90769230761998"
"187.74342547080875","188.425641025588"
"185.5118721371266","187.46153846152401"
"182.60432532609718","186.979487179492"
"181.12439436136845","187.220512820508"
"178.5677789011937","186.49743589745998"
"177.21194772535043","184.32820512812802"
"177.59642640582032","183.36410256406398"
"179.0665793842595","186.738461538476"
"182.35778311088785","186.25641025644398"
"185.12746235654532","188.184615384572"
"189.65037092502138","188.666666666604"
"187.53760931003683","188.90769230761998"
"189.40648049759005","189.38974358965203"
"189.6838493099975","190.353846153904"
"188.7165869062901","191.076923076952"
"187.62465264858662","191.076923076952"
"186.07347454150283","191.31794871796802"
"187.00904067833164","191.8"
"191.48072660915113","193.969230769144"
"192.53385434827777","194.93333333339598"
"195.30768970530272","194.93333333339598"
"193.6432683171131","194.210256410348"
"186.53383236375555","192.764102564064"
"185.8313961021688","191.55897435898402"
"183.48324847792765","190.835897435936"
"184.90820029883955","189.148717948636"
"183.56681284193553","187.943589743556"
"188.14225506881817","187.46153846152401"
"187.5561761037052","186.738461538476"
"183.72532934074633","186.49743589745998"
"185.2536054309853","181.435897435936"
"185.9216370625587","183.60512820508"
"188.39977621577526","189.38974358965203"
"193.42580317952942","200.235897435936"
"204.72295343210723","216.384615384572"
"209.48319498465276","196.138461538476"
"199.06551861308245","195.65641025644402"
"200.15019684400448","195.415384615428"
"200.69870156006425","195.65641025644402"
"204.05338149567905","195.415384615428"
"201.6877459962446","195.415384615428"
"200.73509846017058","198.06666666660402"
"207.23154796599613","224.09743589746"
"218.46327965497147","216.384615384572"
"216.22194653352938","206.50256410254002"
"205.37713116830992","195.65641025644402"
"194.63194557428739","194.210256410348"
"192.93699575884415","192.282051282032"
"194.58519348555586","191.076923076952"
"192.53133419483427","189.38974358965203"
"189.15628593117572","187.46153846152401"
"188.66570579686345","187.220512820508"
"185.1977400832767","186.015384615428"
"184.5999012429049","183.846153846096"
"177.91505477764989","177.338461538476"
"171.30300378357805","177.82051282050801"
"181.63294592226208","192.764102564064"
"189.72217983598188","198.06666666660402"
"197.23352269366174","208.43076923085601"
"190.6619817878686","194.210256410348"
"187.6105483677897","192.523076923048"
"187.1490175117126","192.764102564064"
"187.1329394199492","192.041025641016"
"188.66261383998142","198.06666666660402"
"191.73005440490968","195.65641025644402"
"192.15111240401836","199.271794871872"
"205.4621164306892","209.635897435936"
"205.30893914420017","209.87692307695198"
"201.776269837257","194.451282051364"
"190.11931193821755","193.00512820507998"
"186.5528565060157","191.8"
"187.79600739354706","190.353846153904"
"187.08189370453744","189.871794871872"
"189.6197415730246","187.943589743556"
"186.2388937319434","185.05128205136398"
"185.32922166496908","182.15897435898398"
"178.26814250116539","173.241025641016"
"172.6498468376996","174.446153846096"
"170.6915840824308","168.17948717949199"
"169.24828193635437","176.133333333396"
"185.5488994474891","186.25641025644398"
"187.14178386174228","189.148717948636"
"192.63868115707572","192.041025641016"
"188.33365335570375","192.523076923048"
"188.81231504970248","191.55897435898402"
"189.10767459751804","191.8"
"190.98618425525274","191.8"
"191.7542292796225","191.55897435898402"
"191.84831522142719","192.764102564064"
"194.338382639468","194.451282051364"
"200.0353452527811","195.174358974412"
"202.4043703712686","195.415384615428"
"196.11319160233228","195.415384615428"
"189.79540442031936","193.969230769144"
"187.7563828537554","191.55897435898402"
"186.97068661911692","189.630769230856"
"189.73143122238102","188.90769230761998"
"188.99978334894604","187.46153846152401"
"184.499106865678","185.05128205136398"
"180.08361793021592","184.32820512812802"
"175.56287236552984","175.651282051364"
"174.04234393629983","174.687179487112"
"171.22606428561693","169.38461538457202"
"175.01068420961064","173.72307692304798"
"183.358253435411","186.738461538476"
"188.9881847548513","189.871794871872"
"194.00100112285276","192.523076923048"
"196.0992980943592","194.210256410348"
"194.2916745461681","193.00512820507998"
"194.47537432079275","193.00512820507998"
"196.0280513087411","193.246153846096"
"194.92545546172872","193.487179487112"
"196.66197017324708","193.728205128128"
"197.1238970177425","194.210256410348"
"197.51148364439598","196.138461538476"
"201.5462841171314","200.235897435936"
"203.74421182915233","197.10256410254"
"193.97447865954945","195.89743589746"
"193.30137330561564","193.246153846096"
"191.11671734999197","191.31794871796802"
"190.43706629257252","191.55897435898402"
"188.507434779398","189.630769230856"
"186.22161102670634","188.184615384572"
"184.93685607757385","186.25641025644398"
"179.8913446996136","185.774358974412"
"180.36844521023556","185.774358974412"
"180.26038027470779","186.979487179492"
"183.59561771423552","187.70256410254"
"190.8908141148565","189.148717948636"
"196.97217529549138","193.00512820507998"
"201.9750170817785","196.861538461524"
"205.2311135052167","198.06666666660402"
"201.93844384927243","195.89743589746"
"202.22266461040647","195.415384615428"
"201.71576525437735","195.174358974412"
"198.01856986153115","196.620512820508"
"196.52545801352238","195.89743589746"
"195.28032110707596","196.138461538476"
"195.0784874055572","196.379487179492"
"200.41497771180576","196.861538461524"
"199.94727081130395","196.379487179492"
"193.85841285026981","194.93333333339598"
"190.9426307659765","193.487179487112"
"188.15761485106998","191.076923076952"
"189.8049312909444","190.353846153904"
"188.53552631717767","189.148717948636"
"186.18210802320425","187.70256410254"
"183.0125343693592","180.71282051288802"
"178.09325495067378","172.27692307695202"
"174.94086550214507","167.215384615428"
"174.96065633062784","166.251282051364"
"178.00837464789763","166.97435897441198"
"180.44144049638638","170.589743589652"
"184.64960885764745","180.953846153904"
"186.7312744165186","183.123076923048"
"189.46073673620242","186.49743589745998"
"189.56581025026748","188.90769230761998"
"190.2135590424646","189.38974358965203"
"190.41035556085671","189.38974358965203"
"189.64393507650044","188.666666666604"
"189.8127940378216","188.425641025588"
"190.30620785831834","189.148717948636"
"191.15418227369543","190.112820512888"
"193.43318482661917","191.31794871796802"
"192.88407660261802","191.8"
"189.0586318213796","190.835897435936"
"189.29928922518152","189.148717948636"
"188.62348488682812","187.943589743556"
"187.31327786797647","186.49743589745998"
"184.83928532682276","185.533333333396"
"181.88164808345772","182.4"
"181.62283561136746","180.47179487187202"
"180.93459298496913","170.10769230762"
"172.29991927499515","163.84102564101602"
"166.96579905551178","158.53846153847599"
"166.0189396645702","158.779487179492"
"170.5820330975498","161.912820512888"
"172.28531183144707","164.323076923048"
"179.7763955931982","166.97435897441198"
"177.33912788623343","175.89230769238"
"180.96885376570827","186.015384615428"
"186.03502517056268","186.738461538476"
"186.1578096216242","187.46153846152401"
"184.89192839359384","186.738461538476"
"186.77999526613905","186.25641025644398"
"186.7384912371973","186.738461538476"
"192.1555105410501","188.425641025588"
"192.269144294531","190.353846153904"
"195.00708676193227","191.31794871796802"
"193.980026460818","190.353846153904"
"185.37927101632863","189.148717948636"
"183.67343159450712","187.70256410254"
"183.8404335725769","186.49743589745998"
"185.88518935835447","185.533333333396"
"181.64740536570775","182.641025641016"
"183.06881785548913","185.05128205136398"
"180.2522992917978","184.810256410348"
"175.86005653033357","185.05128205136398"
"177.33122475112626","185.29230769237998"
"175.49047639101857","186.015384615428"
"178.73823807519506","187.943589743556"
"184.12962848238752","190.835897435936"
"194.54799941006706","193.728205128128"
"194.96437668442832","194.69230769237998"
"194.6935789115119","193.969230769144"
"194.27275787808765","194.210256410348"
"193.9418502944664","194.210256410348"
"194.1862197163922","193.969230769144"
"193.02409655828268","193.969230769144"
"196.77246882045296","194.210256410348"
"205.0558420125007","195.415384615428"
"204.17207764673202","196.379487179492"
"206.43913241933583","196.379487179492"
"200.95292940530135","194.69230769237998"
"193.35545140020648","192.523076923048"
"189.9526499935826","190.59487179492"
"192.37428642899292","188.90769230761998"
"190.32934840488105","188.184615384572"
"186.73795189075648","185.774358974412"
"185.20816764786423","185.05128205136398"
"182.82106478928623","184.32820512812802"
"183.40654270040642","184.32820512812802"
"182.78066030197542","184.810256410348"
"183.74131925102824","185.533333333396"
"189.4371453619875","187.46153846152401"
"192.54348240040702","191.55897435898402"
"199.20088051772007","195.415384615428"
"198.2824182440646","196.861538461524"
"196.76663970419185","195.174358974412"
"198.07328418854343","194.69230769237998"
"199.5737089864017","194.69230769237998"
"198.2586243873547","194.69230769237998"
"198.11841436075196","194.69230769237998"
"199.35319575386674","195.65641025644402"
"203.21223442936082","199.512820512888"
"208.73993027477178","199.271794871872"
"207.51604514215705","198.06666666660402"
"197.4637347020798","195.65641025644402"
"196.275534984993","193.969230769144"
"193.95001527495265","191.55897435898402"
"192.64712482668375","190.353846153904"
"189.4540659847733","188.90769230761998"
"186.24293245065886","186.015384615428"
"184.54340698215137","185.774358974412"
"182.43390068743818","185.05128205136398"
"182.37611386266184","185.05128205136398"
"182.23329843254183","185.29230769237998"
"184.98282106593575","185.774358974412"
"187.9638095588142","187.70256410254"
"193.0522353821948","191.076923076952"
"195.76704886847813","195.65641025644402"
"200.59107215711842","197.584615384572"
"196.732353834981","195.415384615428"
"196.64299203726097","194.93333333339598"
"197.46930038380322","195.415384615428"
"195.58690401943898","195.415384615428"
"194.48452514280655","194.93333333339598"
"196.52866791099393","195.65641025644402"
"198.41875456739814","198.06666666660402"
"203.4688617662715","199.271794871872"
"206.22817420778784","198.06666666660402"
"196.01640404889156","195.415384615428"
"197.10236051260597","193.969230769144"
"195.31098683648415","191.8"
"192.45013788244844","190.112820512888"
"189.52428427621464","188.184615384572"
"186.45103084063675","186.49743589745998"
"186.10372722298996","186.25641025644398"
"185.4247968316117","185.29230769237998"
"184.38424105703902","185.29230769237998"
"183.36830620176758","185.29230769237998"
"184.27488679939822","185.774358974412"
"187.20296460450777","187.943589743556"
"191.56701922748306","192.041025641016"
"193.88594441131568","194.69230769237998"
"198.43865546083714","195.415384615428"
"195.20851141099556","193.969230769144"
"196.20488007489342","193.487179487112"
"197.6520271447335","193.246153846096"
"195.80415057768667","193.487179487112"
"194.56689408311084","193.728205128128"
"195.3075342598389","193.487179487112"
"197.35936275751266","193.728205128128"
"202.29768892711465","194.210256410348"
"202.38824054472917","193.728205128128"
"193.88412552685463","192.523076923048"
"193.40312417141473","191.076923076952"
"190.97127606351597","188.666666666604"
"189.644314297265","186.979487179492"
"186.85481594718956","185.533333333396"
"184.13246659063591","183.36410256406398"
"185.10208367746276","183.36410256406398"
"183.890642492207","182.4"
"184.7018074566301","181.435897435936"
"185.1023365153478","181.917948717968"
"186.1116217205061","182.15897435898398"
"187.30099769062141","183.123076923048"
"188.33971988308372","184.569230769144"
"191.41018288157528","186.25641025644398"
"190.0683792817552","186.979487179492"
"190.96859805639895","186.25641025644398"
"190.3754047548416","185.774358974412"
"191.0364548973369","185.533333333396"
"188.8345704959225","185.29230769237998"
"188.95283756872698","184.810256410348"
"188.6682118052552","184.810256410348"
"189.68010510881413","185.05128205136398"
"190.14314261039914","185.774358974412"
"192.03978408875284","186.015384615428"
"188.37395550014747","185.29230769237998"
"186.16225372929836","183.60512820508"
"185.01549716708175","182.4"
"186.58049149951705","182.4"
"185.31521691716875","181.19487179492"
"181.75739265278324","178.543589743556"
"178.71610407212083","169.38461538457202"
"174.22356863338337","159.984615384572"
"170.04655973178453","156.369230769144"
"169.44235731942806","148.89743589746"
"168.84308765390256","148.89743589746"
"170.4653123305994","147.69230769238"
"176.26491682803365","151.066666666604"
"176.083835763396","166.010256410348"
"181.48671046854292","175.410256410348"
"182.33218796338025","181.435897435936"
"183.7237811013152","182.882051282032"
"184.55841580590433","183.123076923048"
"183.478531620936","182.882051282032"
"183.51276924891445","182.4"
"184.65271610947818","182.4"
"186.0007513783708","182.4"
"189.20630609776646","184.810256410348"
"190.5953835746351","184.810256410348"
"183.77789710211076","183.123076923048"
"183.6290318934582","181.435897435936"
"183.49856941774505","180.71282051288802"
"181.453590095333","179.748717948636"
"178.45490497648322","179.266666666604"
"172.7686416213152","175.410256410348"
"160.49889215363572","160.94871794863602"
"151.16057134490583","149.379487179492"
"145.59953551339908","139.738461538476"
"145.62508662728962","134.19487179492"
"146.29803737197423","133.71282051288802"
"147.12660844714577","135.641025641016"
"149.03100500573365","135.882051282032"
"154.9309622594391","148.415384615428"
"160.92948501074542","150.34358974355598"
"161.11156630866535","156.128205128128"
"164.87994810457982","166.733333333396"
"170.26999988938414","172.758974358984"
"171.31991047002214","170.348717948636"
"166.5942707780771","165.769230769144"
"166.26875249160176","160.94871794863602"
"166.88279374515633","163.117948717968"
"175.58859287399355","167.456410256444"
"177.13163723207666","178.061538461524"
"178.9100699691961","177.09743589746"
"172.75309939446515","172.27692307695202"
"172.7477296189423","166.010256410348"
"164.74647625392544","164.323076923048"
"159.73233891413503","156.128205128128"
"152.3179908430363","137.087179487112"
"148.00775191398623","131.30256410254"
"148.61424610667103","126.964102564064"
"146.71084327804198","126.48205128203199"
"147.80941183735894","127.92820512812798"
"149.19661055546732","132.50769230762"
"151.40949625025385","138.29230769237998"
"152.65507450354423","132.748717948636"
"156.86789183721888","147.210256410348"
"160.93618588380284","148.174358974412"
"158.2825674240286","160.70769230762002"
"166.21606962407515","165.046153846096"
"171.04933130374718","167.69743589746"
"170.95621998106148","166.49230769238"
"166.87320337795438","166.97435897441198"
"163.45030276622472","168.90256410254"
"170.80724038418674","175.169230769144"
"176.80378432407804","178.784615384572"
"182.6753170275951","178.061538461524"
"184.7286864042675","175.169230769144"
"169.57378431329613","168.661538461524"
"163.58939248494912","164.323076923048"
"157.58172660402153","162.39487179492"
"159.32010924100624","157.09230769238002"
"151.31697503883382","148.65641025644402"
"153.17427652845987","156.369230769144"
"149.0003620933251","148.65641025644402"
"146.07989479588915","145.76410256406402"
"146.2301805523829","146.728205128128"
"147.99859427549757","153.717948717968"
"154.16353875906236","162.39487179492"
"157.59633884797913","172.517948717968"
"171.80247663760497","176.85641025644398"
"169.92482707634426","179.02564102558802"
"175.87770170572","181.19487179492"
"180.21186442497876","181.917948717968"
"182.26635958876312","182.15897435898398"
"180.43748656681163","182.4"
"180.80514957935634","182.882051282032"
"182.15356308629356","183.60512820508"
"186.13065746114717","185.774358974412"
"190.34611774129428","186.979487179492"
"190.84287146533717","186.738461538476"
"186.07200675886725","186.015384615428"
"184.1423766812145","184.810256410348"
"182.4552378221208","183.36410256406398"
"181.65517939769248","182.882051282032"
"178.13184524148434","181.19487179492"
"170.94617206106216","176.374358974412"
"174.41844630059435","179.266666666604"
"173.816639762243","177.09743589746"
"171.26490325467427","175.410256410348"
"171.62626662427655","175.169230769144"
"172.15728822680921","177.579487179492"
"177.00035767888042","179.50769230762"
"181.98657972560008","181.676923076952"
"183.25964757341404","183.123076923048"
"183.94407095712938","184.569230769144"
"182.98784944342057","184.810256410348"
"183.28124926474064","184.810256410348"
"184.47283376031368","184.569230769144"
"182.49828498562647","183.36410256406398"
"181.18230700174294","182.641025641016"
"182.03779174621445","183.123076923048"
"184.29056508456574","184.087179487112"
"184.1428579208002","184.569230769144"
"182.7038199005941","184.32820512812802"
"180.16637529352286","183.36410256406398"
"176.1670129089731","181.676923076952"
"176.25763092307446","179.02564102558802"
"181.4211220421391","176.374358974412"
"180.6091918516008","170.589743589652"
"172.7705592016273","164.80512820508"
"170.02001248772754","164.564102564064"
"166.23509662520132","153.958974358984"
"160.8719125054085","149.379487179492"
"161.0884734365765","147.69230769238"
"160.32678537803906","148.174358974412"
"162.19530213568845","158.29743589746"
"167.46772900424622","166.251282051364"
"176.17608067709278","175.89230769238"
"175.210311025993","179.02564102558802"
"177.56154902141822","180.230769230856"
"178.3993039881648","180.71282051288802"
"178.3240381389998","180.71282051288802"
"178.86198073695715","180.230769230856"
"180.589359291102","179.748717948636"
"181.6123679487216","179.989743589652"
"183.0128864997365","181.676923076952"
"185.2422094194805","182.641025641016"
"184.17625697548388","183.123076923048"
"182.7559923173633","182.641025641016"
"183.33055000370007","181.435897435936"
"182.64909935354456","180.47179487187202"
"180.81361503611302","179.50769230762"
"177.6722659336462","176.85641025644398"
"172.33737459422827","170.348717948636"
"171.82513376120167","163.117948717968"
"166.47264824002661","161.67179487187198"
"165.79446230196422","161.189743589652"
"165.36581323575504","161.430769230856"
"164.66177377169933","161.67179487187198"
"169.66861292984674","171.312820512888"
"176.91660868321654","180.953846153904"
"181.89804973002543","183.123076923048"
"180.98536486738126","184.32820512812802"
"182.27684658826772","184.810256410348"
"183.78374504206084","185.774358974412"
"185.15284548199074","185.533333333396"
"183.97021015259983","185.29230769237998"
"183.46434666592","184.810256410348"
"184.5162049542483","185.05128205136398"
"186.44628770831426","187.220512820508"
"190.60419757248854","188.666666666604"
"193.8032175040165","189.630769230856"
"187.55622926455686","188.666666666604"
"187.0630185453931","187.220512820508"
"185.42249731469389","185.29230769237998"
"184.9855864235274","184.569230769144"
"183.40567184577367","184.087179487112"
"179.140214237425","182.4"
"172.35472568948623","185.29230769237998"
"172.03540966693728","180.953846153904"
"170.4969649928846","176.374358974412"
"168.79494354391466","174.446153846096"
"169.35631325315993","175.169230769144"
"172.79810507071323","177.09743589746"
"179.71964512186105","177.09743589746"
"181.06736584374076","181.19487179492"
"186.3235551384414","185.05128205136398"
"186.49140316817858","186.015384615428"
"187.99725425967068","187.220512820508"
"188.879996966398","187.46153846152401"
"187.05615428595652","187.70256410254"
"186.33439731214432","187.70256410254"
"186.0335968112439","188.184615384572"
"186.93613432464488","193.00512820507998"
"191.09206422350258","206.020512820508"
"192.7945608764548","206.261538461524"
"187.95784473355198","194.210256410348"
"185.3603049769865","187.70256410254"
"184.35941667045756","185.533333333396"
"182.1276888574949","184.810256410348"
"179.8836958032875","183.846153846096"
"178.92208545644814","170.830769230856"
"168.67179025652652","168.17948717949199"
"163.51727615544428","177.82051282050801"
"170.20598750092117","176.85641025644398"
"168.14053169988898","175.410256410348"
"172.50339038135917","175.410256410348"
"174.46592358218768","172.27692307695202"
"176.52384476893596","172.27692307695202"
"172.88852933819368","169.38461538457202"
"176.55589357770407","169.38461538457202"
"175.86346135593533","173.72307692304798"
"178.06268501458993","177.82051282050801"
"179.4409085337488","178.30256410254"
"180.96585178121688","177.82051282050801"
"180.56621884344779","178.061538461524"
"185.36161938700366","179.50769230762"
"182.92095520893264","181.435897435936"
"189.48737427956368","184.810256410348"
"193.36822248815224","186.25641025644398"
"182.8885171774815","185.05128205136398"
"177.53121951645866","181.19487179492"
"181.79832340179843","178.30256410254"
"181.740542585817","176.133333333396"
"177.4156408069046","169.866666666604"
"176.0899921532852","178.543589743556"
"179.4964387746032","177.09743589746"
"179.3096838956562","175.410256410348"
"178.79126640095416","175.651282051364"
"179.68742880257145","177.579487179492"
"180.39333540651916","176.85641025644398"
"184.64080930688363","175.89230769238"
"184.64887001891","194.451282051364"
"193.2031785379629","194.69230769237998"
"190.25264059711947","193.728205128128"
"193.54852782088818","195.415384615428"
"196.0264877572227","198.30769230762002"
"195.41229426633754","188.666666666604"
"191.46718218734512","189.38974358965203"
"193.61733916704145","190.59487179492"
"195.49222785755614","193.00512820507998"
"199.0738336158331","193.246153846096"
"197.00657039472185","193.728205128128"
"195.85498545752162","189.871794871872"
"189.88107974272546","188.425641025588"
"184.79768847044397","186.738461538476"
"186.42557753588088","185.533333333396"
"184.42710878916282","183.123076923048"
"179.87742437639957","178.543589743556"
"172.9517425047331","177.82051282050801"
"169.96212566156305","171.553846153904"
"167.83543759788623","164.80512820508"
"166.6886010461765","161.189743589652"
"166.34179248023202","159.984615384572"
"171.9054578316773","169.38461538457202"
"177.29116916904283","185.29230769237998"
"189.59730462298884","192.041025641016"
"190.15566577286205","186.015384615428"
"185.30822373251019","185.774358974412"
"186.04910694172787","185.774358974412"
"186.62630047766015","185.533333333396"
"184.12955637207054","185.533333333396"
"183.5624328534665","185.774358974412"
"185.27910952947482","185.774358974412"
"186.20799265203738","186.25641025644398"
"189.13350245856654","186.49743589745998"
"191.65343277796302","186.25641025644398"
"185.4800594090756","186.015384615428"
"182.98455862997852","185.05128205136398"
"182.24731084157744","186.25641025644398"
"180.80174296795758","177.579487179492"
"176.49535591466375","177.579487179492"
"168.62048682556397","154.441025641016"
"156.65756366216405","134.917948717968"
"148.17914986285575","126.0"
"145.98483910883562","126.0"
"146.40700528994083","143.59487179492"
"154.34552374260156","145.523076923048"
"163.80308644263556","162.876923076952"
"176.84870001434726","196.861538461524"
"186.63941085681685","184.810256410348"
"183.652746768094","184.569230769144"
"183.0070905211601","185.29230769237998"
"186.34514061261694","185.29230769237998"
"184.28516486402512","185.05128205136398"
"183.58508376973512","185.05128205136398"
"185.15021963645802","185.533333333396"
"186.02573672819068","185.774358974412"
"186.41252995434732","186.49743589745998"
"186.42554671746774","186.49743589745998"
"184.2379023946938","186.25641025644398"
"182.2970879644539","185.29230769237998"
"180.56398467095505","184.087179487112"
"183.50259502534334","182.15897435898398"
"181.02704665815068","180.47179487187202"
"175.6153763141192","174.446153846096"
"166.7570044392672","138.29230769237998"
"161.75696094401943","156.128205128128"
"170.32591467771667","189.630769230856"
"177.4519307843646","188.666666666604"
"176.36796021734915","188.90769230761998"
"176.4090494165888","189.630769230856"
"180.81759110980087","189.630769230856"
"187.11940681100202","188.666666666604"
"183.71058506525574","188.184615384572"
"183.61201615429064","188.90769230761998"
"184.67875107959293","190.59487179492"
"186.03869116807192","193.00512820507998"
"187.6732207395092","194.451282051364"
"186.47826992262736","188.425641025588"
"184.8336735906183","186.49743589745998"
"184.09682598927537","185.05128205136398"
"184.0318290573043","181.676923076952"
"183.45160220127343","178.784615384572"
"181.76113358072416","159.743589743556"
"176.72571621138093","177.338461538476"
"180.68239513359302","163.358974358984"
"174.0783037275967","154.441025641016"
"171.02107280341707","155.164102564064"
"169.65174286730397","162.876923076952"
"167.63262407237215","164.323076923048"
"175.1699066281251","167.69743589746"
"182.39732916015805","191.076923076952"
"190.4259943092555","195.65641025644402"
"188.17298289213414","195.174358974412"
"189.89726128639393","195.89743589746"
"190.868591429722","205.779487179492"
"192.48245921316942","198.30769230762002"
"190.81927070844412","192.041025641016"
"191.18660042092984","188.425641025588"
"190.3503911749347","189.38974358965203"
"195.25959916356916","204.815384615428"
"203.2902415761694","219.758974358984"
"199.1468831396432","213.49230769238"
"194.21355909212576","205.779487179492"
"189.57749558734258","187.220512820508"
"184.86122359022883","185.774358974412"
"183.86965575841896","183.846153846096"
"174.03031711417017","181.917948717968"
"180.67238711395458","184.810256410348"
"175.6411854741256","180.71282051288802"
"170.99545198123286","176.374358974412"
"170.10511057069974","161.67179487187198"
"170.4991700130961","157.815384615428"
"173.0736909343715","152.753846153904"
"176.14911993482153","175.169230769144"
"183.64710372316387","173.72307692304798"
"186.72483212839262","188.425641025588"
"187.08061288589042","185.533333333396"
"187.11111931530604","186.015384615428"
"190.97377391043838","185.774358974412"
"188.13106864745848","185.29230769237998"
"187.2951767446658","184.32820512812802"
"186.4442267280685","185.05128205136398"
"187.59357069296348","185.29230769237998"
"193.59604542816004","186.979487179492"
"197.47494929000084","191.8"
"195.13924492123635","189.630769230856"
"192.10793017367553","187.220512820508"
"186.59141924957208","186.738461538476"
"185.39086646606265","182.4"
"183.53617240397298","182.15897435898398"
"184.42710903508444","178.061538461524"
"175.54347092374255","174.446153846096"
"163.42673018525937","126.0"
"150.31782009473804","134.676923076952"
"150.92161401029995","143.59487179492"
"154.9533312509223","172.517948717968"
"170.47663884533623","176.374358974412"
"182.49787562829124","177.09743589746"
"175.7427629107155","178.784615384572"
"183.07150720274723","173.482051282032"
"182.00624047290694","186.25641025644398"
"189.3667166688544","193.969230769144"
"189.76525726803033","188.666666666604"
"187.76195017111243","188.425641025588"
"186.55950287709453","185.29230769237998"
"186.78119435040267","185.29230769237998"
"187.81938242693872","192.764102564064"
"194.1256446163776","208.18974358965198"
"197.01819542008178","223.133333333396"
"202.7868789672529","224.338461538476"
"200.88141339568784","209.153846153904"
"195.78836495276553","197.34358974355598"
"191.14468029512966","193.246153846096"
"190.1494200714041","186.738461538476"
"189.20230831781285","188.425641025588"
"189.74823230853536","185.533333333396"
"181.21883432293168","184.32820512812802"
"181.5368068179747","183.846153846096"
"183.0263235465113","184.087179487112"
"189.09565858126666","190.59487179492"
"195.84511890927604","202.887179487112"
"204.8160979816108","231.56923076914399"
"219.12054474920683","241.210256410348"
"214.12251936879886","230.846153846096"
"214.65650070398686","226.748717948636"
"215.17799743985125","226.02564102558802"
"214.9452557724264","225.543589743556"
"211.31589919300288","223.856410256444"
"215.97168265660048","219.517948717968"
"215.05232297140174","216.62564102558798"
"215.40628950511956","218.55384615390398"
"222.57048234137022","227.953846153904"
"238.2488713340416","235.425641025588"
"224.01791600939887","219.758974358984"
"207.06774418492935","198.06666666660402"
"199.68654643672346","190.59487179492"
"195.0183858868304","186.015384615428"
"187.20607522753244","184.087179487112"
"185.52085862996825","182.641025641016"
"183.10246837469154","181.435897435936"
"183.62756653915298","180.71282051288802"
"185.39722032390867","176.133333333396"
"184.98079840703247","180.47179487187202"
"189.77099785826712","186.25641025644398"
"198.74997173456967","197.10256410254"
"211.49401968816352","211.80512820508"
"217.82008751959123","220.72307692304798"
"212.75180109511712","217.589743589652"
"209.9523561947036","217.10769230762"
"209.38312185311855","220.72307692304798"
"211.0879104151324","219.27692307695202"
"214.46752272768902","220.72307692304798"
"214.00616384601454","219.035897435936"
"210.31975262388022","218.79487179492"
"211.8703594820144","224.338461538476"
"220.02105685545916","235.425641025588"
"221.69908920845836","235.184615384572"
"212.66745187396833","199.030769230856"
"192.71263675847183","190.112820512888"
"188.92829922375145","188.184615384572"
"187.33607652241204","185.05128205136398"
"183.73950201751444","183.123076923048"
"183.80894310257864","180.953846153904"
"180.51034930752752","180.71282051288802"
"181.12043656221286","180.230769230856"
"180.6414183809737","178.543589743556"
"180.23941939737418","179.748717948636"
"184.7697513329796","184.32820512812802"
"188.84303259546627","186.979487179492"
"188.33825757570264","193.00512820507998"
"193.10560567173036","200.476923076952"
"192.14420718978874","196.861538461524"
"193.48108739673557","193.969230769144"
"195.1639158226791","196.138461538476"
"195.04491317842133","197.34358974355598"
"202.60467659886407","198.06666666660402"
"200.3982767227521","198.06666666660402"
"201.7789569419282","201.923076923048"
"206.95218248218083","207.70769230762"
"211.150689250695","210.358974358984"
"204.7980522142184","199.753846153904"
"193.14066691936608","193.487179487112"
"189.0685329868798","189.148717948636"
"188.6113824565586","186.979487179492"
"186.4028832751369","184.569230769144"
"182.53399192611482","182.15897435898398"
"180.97655221135076","181.917948717968"
"177.44469890051835","180.71282051288802"
"176.23431172844283","178.784615384572"
"175.0038269961765","177.579487179492"
"174.98946517535563","178.061538461524"
"179.8157023668552","183.123076923048"
"180.8436227258726","186.015384615428"
"184.1195042253852","187.70256410254"
"189.77463551500153","189.148717948636"
"187.49320607523558","187.70256410254"
"186.8021754197606","187.70256410254"
"187.96989026499642","187.46153846152401"
"187.78132221429917","187.46153846152401"
"187.99813046562375","187.70256410254"
"188.4251628907288","187.70256410254"
"190.99842852727795","187.46153846152401"
"194.2258959455571","187.943589743556"
"197.6865594711527","189.871794871872"
"191.92281836936593","189.148717948636"
"186.79943982687573","187.70256410254"
"184.14298860583338","186.979487179492"
"185.08126002436686","186.25641025644398"
"182.42780714308392","185.05128205136398"
"178.85559068025404","181.917948717968"
"176.35463694507973","169.625641025588"
"158.61656764367135","159.020512820508"
"155.76704831674925","155.164102564064"
"156.0242983727788","155.164102564064"
"155.65612961250812","158.779487179492"
"168.60265053004125","172.035897435936"
"183.05978600702863","186.015384615428"
"190.0858226586842","193.00512820507998"
"194.9428686316987","193.969230769144"
"192.42769680510298","189.871794871872"
"190.74081718792337","187.46153846152401"
"190.9456556939631","186.738461538476"
"193.10590632967666","186.49743589745998"
"189.42085454707063","186.25641025644398"
"187.378493061344","186.015384615428"
"187.32191870451243","186.015384615428"
"188.6284346156549","186.49743589745998"
"197.34696168173403","189.38974358965203"
"195.61693395708096","188.425641025588"
"189.9980788138281","186.25641025644398"
"185.77626043094617","185.05128205136398"
"183.97671725256458","184.810256410348"
"184.18236933932198","183.123076923048"
"180.40729121753137","179.50769230762"
"175.78268097690534","179.748717948636"
"170.8183685532441","177.09743589746"
"167.96910665257573","175.89230769238"
"168.27891519331465","177.82051282050801"
"168.6415551292139","178.543589743556"
"174.99345246333664","180.953846153904"
"181.70752780276086","181.676923076952"
"186.17383903014849","183.36410256406398"
"187.1667618975153","184.569230769144"
"186.49659666204343","185.533333333396"
"186.73807887290548","187.943589743556"
"187.50926001128585","189.148717948636"
"185.3257836416874","189.148717948636"
"184.49494970094827","186.49743589745998"
"183.90731922584908","186.49743589745998"
"185.88211091941062","188.90769230761998"
"190.6408966336565","194.93333333339598"
"193.8053579110437","199.99487179492002"
"190.56965022564827","196.138461538476"
"189.82419310212768","190.59487179492"
"188.0479033321597","188.184615384572"
"186.51137775413517","187.220512820508"
"183.61707703775815","186.979487179492"
"181.0717822235579","186.25641025644398"
"186.9865811768196","186.979487179492"
"188.022803985216","186.25641025644398"
"181.48361574453543","186.015384615428"
"182.70605683926914","185.774358974412"
"184.06793078016455","184.32820512812802"
"187.66680555338422","185.774358974412"
"189.453014922718","185.05128205136398"
"189.9200357571218","186.49743589745998"
"190.2331491220911","186.979487179492"
"186.99393284250547","188.425641025588"
"189.913762061918","190.59487179492"
"192.75462116600755","191.31794871796802"
"190.07456215611924","191.31794871796802"
"188.55483373691087","190.353846153904"
"188.41209147325068","191.55897435898402"
"191.3883919876838","194.451282051364"
"195.49757765800373","196.620512820508"
"199.72247731059895","209.39487179492"
"206.8407888381313","208.43076923085601"
"203.1090853828828","198.06666666660402"
"192.29021845910745","196.138461538476"
"193.35306123078428","196.379487179492"
"191.3147319109084","189.871794871872"
"187.7776879527372","187.46153846152401"
"189.09439668894845","186.738461538476"
"190.15611901162066","186.015384615428"
"189.12864101430011","185.533333333396"
"188.99737820263982","186.015384615428"
"189.12796668188767","185.774358974412"
"191.79806836184815","190.353846153904"
"200.4462927158254","201.44102564101598"
"210.4617742951531","229.641025641016"
"220.75341714807718","234.70256410254"
"217.71833250475834","211.564102564064"
"209.03265932392537","207.225641025588"
"208.05656924932384","212.52820512812798"
"210.95775604748928","220.96410256406398"
"212.3962119242354","218.79487179492"
"210.82224570579348","213.733333333396"
"212.66219939060247","215.179487179492"
"213.9031087318421","219.758974358984"
"221.37689485688924","233.49743589745998"
"227.2869393408581","210.84102564101602"
"206.17897877754882","202.646153846096"
"197.43115814434424","197.34358974355598"
"195.6514547782674","193.246153846096"
"190.82113927841624","188.666666666604"
"188.04876569555597","187.220512820508"
"185.19791978430996","187.220512820508"
"185.349986401651","186.25641025644398"
"185.31180435692465","185.774358974412"
"184.53476834542712","186.25641025644398"
"185.48765091300595","187.46153846152401"
"188.9313724130644","197.584615384572"
"200.91723051661427","209.153846153904"
"216.7914787214208","228.435897435936"
"230.33880416203357","231.81025641034802"
"222.53215936170844","220.72307692304798"
"216.7947946121826","213.97435897441198"
"215.73136597850106","215.179487179492"
"219.04741435176888","219.27692307695202"
"220.09620119156293","217.589743589652"
"217.8642184295253","215.179487179492"
"218.5313569438852","215.661538461524"
"224.44360592088614","221.68717948711202"
"239.2459145426352","235.90769230761998"
"230.93583510033773","230.364102564064"
"212.20487859166417","208.18974358965198"
"198.13014754367413","205.29743589746"
"196.17670184638718","194.210256410348"
"190.0432369006395","190.59487179492"
"187.06816450666315","187.220512820508"
"185.7838523641145","186.738461538476"
"187.51440285301715","186.015384615428"
"185.56877327839155","185.29230769237998"
"185.51622890557263","185.533333333396"
"187.02982363531834","186.738461538476"
"191.31465775232732","197.10256410254"
"200.58307841090544","204.333333333396"
"209.48206086888746","218.31282051288798"
"218.01341908353396","219.27692307695202"
"210.8155333516046","204.574358974412"
"202.0871572531377","203.369230769144"
"205.6231989983641","203.369230769144"
"204.68241422480756","203.128205128128"
"202.46211452663118","199.271794871872"
"201.38770165379","199.99487179492002"
"201.41310619038438","199.271794871872"
"206.7900543616533","202.164102564064"
"212.36208162739467","204.09230769238002"
"203.49723662363024","197.584615384572"
"196.06996144153783","192.523076923048"
"193.8192276154858","189.148717948636"
"189.22415850554933","188.425641025588"
"187.0502352772014","186.979487179492"
"183.16038282144976","184.810256410348"
"182.43832734217193","182.641025641016"
"181.24412803689583","181.19487179492"
"180.71674526140097","181.435897435936"
"181.36406228769857","181.917948717968"
"182.9571424162404","183.846153846096"
"188.28071878137632","186.25641025644398"
"194.7333789043832","192.764102564064"
"199.56090550160985","198.06666666660402"
"202.92479148928186","201.68205128203198"
"194.75519832372117","197.584615384572"
"194.51776960780256","195.174358974412"
"194.5179784178859","198.06666666660402"
"191.867083177123","199.512820512888"
"191.91336954515148","198.06666666660402"
"191.7389845211867","195.65641025644402"
"193.30501089543958","196.138461538476"
"196.3192717809751","201.44102564101598"
"201.87369278808984","205.53846153847599"
"192.8134505251213","199.030769230856"
"190.54206008143103","193.00512820507998"
"187.381752887628","191.31794871796802"
"186.93750192682995","190.112820512888"
"184.5996142300139","187.46153846152401"
"180.97600605446257","186.25641025644398"
"180.57441166119236","182.641025641016"
"175.73135548547145","182.4"
"176.64003910351326","179.989743589652"
"176.7763144769826","179.748717948636"
"178.95893595716845","181.917948717968"
"184.31417125581655","181.917948717968"
"192.15965811784758","196.138461538476"
"201.24583833517994","207.948717948636"
"204.73938845591647","215.179487179492"
"201.84043503833448","207.948717948636"
"198.92060314000457","205.29743589746"
"200.634726491182","206.74358974355602"
"198.85617206598832","206.261538461524"
"197.03075029720378","201.44102564101598"
"195.1540487857934","199.271794871872"
"195.9737019255906","202.646153846096"
"202.382641852313","206.50256410254002"
"208.99354254008983","215.661538461524"
"200.84468767493703","206.261538461524"
"195.20967952332282","196.138461538476"
"190.5865855982519","191.076923076952"
"189.63074567522654","191.076923076952"
"187.7628217006893","188.90769230761998"
"185.73333925504477","187.46153846152401"
"183.4705268794511","187.220512820508"
"183.94543183026977","186.49743589745998"
"181.33951819348374","186.015384615428"
"181.80835909283618","185.774358974412"
"183.67710507774873","185.05128205136398"
"184.039218870716","185.05128205136398"
"189.651545111722","185.05128205136398"
"190.03082152482548","186.49743589745998"
"192.97050846349427","186.738461538476"
"192.05190901749899","187.46153846152401"
"192.8525385601297","187.70256410254"
"193.93681642163983","187.70256410254"
"192.22589887859874","187.220512820508"
"190.79890986314808","186.25641025644398"
"190.23891542291096","185.533333333396"
"191.7078799122304","185.29230769237998"
"194.8099828416477","187.46153846152401"
"196.67439681691624","191.55897435898402"
"192.95023573291826","190.353846153904"
"189.62343044675274","187.46153846152401"
"187.70296312436102","186.49743589745998"
"186.89380094967095","185.05128205136398"
"184.68245860363106","184.32820512812802"
"182.20498701699768","180.71282051288802"
"185.1031103708356","179.02564102558802"
"179.34256410184986","175.651282051364"
"179.6098210652571","173.482051282032"
"171.75767203368667","173.0"
"171.96941576468686","173.0"
"178.4192110378992","174.92820512812798"
"180.78838130987415","177.09743589746"
"186.11040668543896","177.82051282050801"
"178.49757154802177","179.266666666604"
"180.52984660111233","181.19487179492"
"180.79458727381547","182.4"
"182.71680585209387","182.882051282032"
"182.09126770008461","182.882051282032"
"184.53764478874012","182.4"
"184.05799645897918","182.641025641016"
"188.13963478098236","183.846153846096"
"183.57233717222184","179.50769230762"
"187.3818543816954","197.34358974355598"
"194.25010892862255","195.89743589746"
"186.40092633804747","192.282051282032"
"184.2730602244316","189.38974358965203"
"191.03620192444137","187.46153846152401"
"189.13397881210477","186.738461538476"
"187.78293742567757","185.29230769237998"
"188.7503607900107","183.123076923048"
"188.91003004783124","181.917948717968"
"188.11720762494676","181.19487179492"
"187.75829646392788","180.230769230856"
"187.83979903257296","182.4"
"190.36128588696573","182.4"
"196.65630818688493","199.512820512888"
"210.42852439478344","219.035897435936"
"215.15470840796178","224.338461538476"
"209.01913802137682","217.10769230762"
"206.8651442703299","216.62564102558798"
"206.88649696220023","218.071794871872"
"211.01603698396542","215.420512820508"
"206.6917382332506","211.564102564064"
"208.4293499268759","209.635897435936"
"210.960236960842","206.50256410254002"
"211.59348511283213","210.84102564101602"
"218.4966640502796","224.338461538476"
"215.03423128634557","233.738461538476"
"216.66682880218093","218.79487179492"
"208.3154623064851","203.369230769144"
"198.0996159781185","198.30769230762002"
"193.66783737648944","192.282051282032"
"190.42191319208098","189.630769230856"
"187.39165257276798","188.666666666604"
"186.58327385775834","186.979487179492"
"185.9257462623075","187.220512820508"
"186.820643314645","187.46153846152401"
"188.49443345818312","188.666666666604"
"191.9935583793918","192.764102564064"
"203.0356587909492","200.958974358984"
"223.71745879516172","224.338461538476"
"233.05875380130976","224.09743589746"
"223.2535316147028","226.02564102558802"
"221.66556593202114","222.89230769238"
"220.28834873772755","222.41025641034798"
"222.74898983367848","220.482051282032"
"219.9197693410959","219.517948717968"
"218.75051274603038","217.589743589652"
"215.09944172829074","217.10769230762"
"220.8931667668095","224.579487179492"
"237.1266401899918","241.451282051364"
"241.1514476505095","245.789743589652"
"227.08984823759175","224.338461538476"
"210.63961132163814","201.68205128203198"
"198.89200629964643","201.44102564101598"
"194.38302715990903","192.764102564064"
"189.71766459502203","190.59487179492"
"188.9383313580831","190.835897435936"
"188.50339783803014","189.630769230856"
"187.19648679011578","189.38974358965203"
"189.20666458193142","189.630769230856"
"190.6467324213994","192.041025641016"
"194.81862668806465","194.93333333339598"
"203.8270654817493","203.128205128128"
"215.15568357183832","229.641025641016"
"220.88642070725624","229.641025641016"
"216.101711818402","224.338461538476"
"214.94296845322907","218.071794871872"
"214.17555541478552","215.661538461524"
"213.10989845359182","210.84102564101602"
"212.3746744620567","207.70769230762"
"210.93813503326493","206.50256410254002"
"210.2314013082879","206.50256410254002"
"214.5393575616085","209.153846153904"
"223.61555526606753","229.641025641016"
"223.58007224578944","204.09230769238002"
"208.08426536244852","202.887179487112"
"196.44332574658745","199.030769230856"
"195.23269025928244","193.00512820507998"
"189.9853795683362","190.59487179492"
"186.16189185569888","187.943589743556"
"184.89164659025639","188.90769230761998"
"183.45425933002008","188.425641025588"
"184.57328935662045","187.70256410254"
"184.73532571599267","186.015384615428"
"186.99433419180136","186.49743589745998"
"188.9068234511775","189.630769230856"
"192.93529557440507","191.55897435898402"
"204.6920732938507","192.041025641016"
"208.92456761306434","204.333333333396"
"210.09243363874916","204.815384615428"
"207.53785472110565","203.61025641034797"
"208.34159945230135","195.89743589746"
"200.52141988368837","193.246153846096"
"199.2466918034221","193.00512820507998"
"197.20154024988113","192.523076923048"
"195.74057664727312","191.8"
"197.72292194526003","192.041025641016"
"206.47903816686076","191.076923076952"
"196.77978772320012","192.523076923048"
"192.6140968340846","191.076923076952"
"187.64495426334796","191.076923076952"
"187.45839855556747","189.630769230856"
"184.9954706533648","188.184615384572"
"182.8152205786311","186.015384615428"
"180.21927311095925","185.29230769237998"
"175.67722745678816","184.810256410348"
"173.92158951674148","184.569230769144"
"174.76541484397393","185.05128205136398"
"177.85110438782547","187.220512820508"
"183.8214500098258","189.148717948636"
"193.73573632047356","192.523076923048"
"204.7223910864775","218.79487179492"
"214.61751111439233","226.02564102558802"
"222.64491231901246","231.328205128128"
"225.7660607993488","224.338461538476"
"214.9764631671498","224.338461538476"
"218.52961884889237","227.471794871872"
"212.1342946242466","216.62564102558798"
"201.09960351390075","211.323076923048"
"199.30318640882274","206.984615384572"
"201.19445360546518","208.18974358965198"
"215.00180314393486","232.29230769238"
"221.65326740826188","242.174358974412"
"211.91234608689444","216.143589743556"
"193.77244927489954","194.69230769237998"
"188.89667623731515","193.246153846096"
"188.31157873528406","191.55897435898402"
"185.0090016840106","190.59487179492"
"185.10303987131215","190.353846153904"
"185.46109514717972","189.148717948636"
"183.68745574105202","188.90769230761998"
"184.04779223144823","189.148717948636"
"185.58363993773526","189.38974358965203"
"185.6991821336453","190.112820512888"
"188.85934764934186","191.076923076952"
"195.80901910711353","192.041025641016"
"199.33847829459614","192.282051282032"
"204.14176927081112","193.969230769144"
"202.56702199349937","195.89743589746"
"203.17778866167728","195.65641025644402"
"203.18547422628808","194.451282051364"
"199.92088462024284","194.210256410348"
"197.13699654067733","193.969230769144"
"195.64618160696048","195.174358974412"
"197.73177070053063","202.887179487112"
"207.61203730140443","221.20512820508"
"217.6423099682372","233.979487179492"
"209.54650825994415","201.68205128203198"
"192.58165011160378","194.69230769237998"
"189.87750469346463","193.728205128128"
"187.01806035462312","193.00512820507998"
"184.38212214602808","192.041025641016"
"188.9040682817886","191.55897435898402"
"186.12045530276453","190.59487179492"
"180.02855508527153","189.871794871872"
"181.66340621713806","188.425641025588"
"182.21411685306242","185.774358974412"
"185.7028816550663","185.533333333396"
"187.28798981556923","186.25641025644398"
"190.76880516866225","188.666666666604"
"188.25767655798643","190.112820512888"
