"DataEntries: 9428, TestEntries: 24, Epochs: 200, UseTestData: true, LimitEntries: true, Firstlayer#: 6, SecondLayer: true, SecondLayer#: 14, Predict: true, Curvebehaviour: true, Stacksize: 6, useLastXDays: false, Max: 632.0, Min: 61.0, Curve behaviour: true, Historical: true, useAverage: false, priceStack1, Skewness: false, SkewStack: 12",", useNewMethod: false, decay: 0.1"
"Range: 7239 to 9428"
"Actual","Ideal"
"319.6497952536485","331.9490333919038"
"334.8296167812173","338.9736379613424"
"311.25296300970905","335.9630931458565"
"300.4124170695153","313.8857644990455"
"304.92324902027343","309.8717047451785"
"308.814470642006","310.87521968378803"
"304.718821783645","302.8471001757685"
"296.83092023744507","291.80843585249147"
"286.67215678273675","290.80492091388203"
"289.21823197532757","283.780316344472"
"279.9994271387334","280.769771528929"
"279.91763107333344","277.7592267136715"
"281.382397979907","277.7592267136715"
"295.88318209333966","275.7521968364525"
"292.6113548389174","282.7768014058625"
"293.9905346265293","286.79086116001497"
"289.5031865835485","293.815465729425"
"293.5656993911411","311.878734622112"
"315.2422831082747","316.8963093145885"
"320.7799242958536","316.8963093145885"
"320.2010897501859","320.9103690685412"
"316.54696353146903","311.878734622112"
"313.1978874703614","314.889279437655"
"328.35359517415196","315.892794375979"
"330.7359373470176","343.99121265377886"
"351.25584962963836","349.00878734622114"
"322.176230883338","339.9771528998377"
"307.14280977104966","322.9173989455318"
"313.1444991154623","311.878734622112"
"310.76012761638594","312.8822495607215"
"305.6149045956359","307.864674868245"
"302.49696161871526","292.8119507908155"
"285.719980307216","283.780316344472"
"282.4892732962215","275.7521968364525"
"272.268072704877","262.706502636242"
"261.0010317608742","259.695957820699"
"264.0209784709272","276.75571177506197"
"291.7609896749197","290.80492091388203"
"305.90281400688224","364.06151142355355"
"390.2419272584909","432.3005272406915"
"385.2704499495642","383.1282952548215"
"354.30038536628274","357.0369068541435"
"348.49076963663117","357.0369068541435"
"353.0333728511464","371.0861159929635"
"369.02214162060073","422.265377856024"
"389.9414446642869","389.149384885622"
"371.1575873392085","380.1177504392785"
"379.9950783502525","409.219683655528"
"421.0367991977891","496.525483303991"
"529.7566710666564","513.585237258354"
"416.5841538562304","362.05448154656295"
"319.0252633916378","316.8963093145885"
"304.115005666884","307.864674868245"
"303.6624257835124","302.8471001757685"
"295.599900049024","300.84007029883503"
"292.90758646570214","289.8014059752725"
"284.44080861820885","289.8014059752725"
"287.9703858950969","285.7873462214055"
"281.99570955226943","287.794376098339"
"285.81966937431537","283.780316344472"
"286.80662394511853","288.7978910369485"
"300.74901810206035","305.85764499131153"
"318.8105617025295","338.9736379613424"
"372.13112956759716","409.219683655528"
"381.0991030480447","368.0755711775062"
"346.763552185978","352.0193321616956"
"346.4288289056004","342.987697715295"
"340.12926985695105","353.0228471001623"
"353.84393619810976","360.0474516696009"
"344.2445053469882","353.0228471001623"
"345.55736434896244","347.0017574692448"
"353.66702448079354","365.06502636204885"
"380.21234978501394","429.289982425434"
"452.94410328423083","456.3848857644645"
"379.6260356480517","357.0369068541435"
"316.0878204741422","344.9947275922685"
"321.10590665073556","319.9068541300459"
"313.13727383777933","318.9033391915506"
"308.90722759963995","306.8611599296355"
"301.51314759421064","295.82249560635853"
"287.43476282861826","295.82249560635853"
"294.339213994263","288.7978910369485"
"284.55015154460233","289.8014059752725"
"289.29834995378985","291.80843585249147"
"293.78677721530084","297.829525483292"
"307.6216912064743","311.878734622112"
"324.239148510645","342.987697715295"
"371.53885858409967","373.0931458699541"
"353.3941598980168","379.1142355009545"
"352.4275521613947","365.06502636204885"
"357.22408542217926","362.05448154656295"
"358.29200095446834","366.0685413005156"
"366.68560217546207","363.05799648505825"
"347.8006050977247","359.0439367311056"
"349.883513788298","358.0404217926103"
"361.1407084452166","369.0790861160015"
"381.9944781776303","409.219683655528"
"431.1534376328819","484.4833040421045"
"392.32156842498506","360.0474516696009"
"315.07982191949276","336.9666080843518"
"316.50783721288747","318.9033391915506"
"311.804270284126","322.9173989455318"
"310.0434800832844","319.9068541300459"
"313.49182437665144","300.84007029883503"
"291.4859028093379","304.854130052702"
"303.6932438145576","296.8260105446825"
"290.7234357468737","297.829525483292"
"295.1205292622245","299.8365553602255"
"299.1035107026278","308.868189806569"
"313.4200654566446","320.9103690685412"
"329.2951159080925","344.9947275922685"
"373.8418003549795","410.2231985941375"
"374.09124958220707","334.9595782073897"
"321.53634187703994","323.9209138839985"
"318.25842803375576","319.9068541300459"
"319.74798076768053","330.94551845343705"
"332.3911973911748","368.0755711775062"
"346.9560472579801","345.9982425307552"
"336.86381725321564","350.012302284705"
"353.59619500259475","373.0931458699541"
"386.46973026278664","430.293497363758"
"456.6196694088893","508.5676625658775"
"406.0795224870103","382.12478031621197"
"324.0017681900132","324.9244288224938"
"308.2547605319824","317.899824253198"
"310.53509756352037","319.9068541300459"
"307.1090693183566","313.8857644990455"
"307.75113283177086","303.850615114378"
"291.4665870406367","305.85764499131153"
"303.94131555327965","296.8260105446825"
"290.7458226451743","295.82249560635853"
"293.490261832462","297.829525483292"
"297.49479338326347","293.815465729425"
"302.6135200468727","307.864674868245"
"317.79564118842876","335.9630931458565"
"356.14527883453206","378.110720562345"
"348.593666869268","336.9666080843518"
"317.7288958615316","332.9525483303991"
"323.28111644661124","328.93848857644645"
"321.5115652273757","336.9666080843518"
"329.64342612682543","334.9595782073897"
"317.34883980836014","329.94200351494175"
"322.39639489901083","327.93497363795115"
"335.39522234641845","329.94200351494175"
"340.219540212295","364.06151142355355"
"363.46608856930004","385.135325131755"
"332.9599242244323","344.9947275922685"
"300.5173682880523","321.9138840070365"
"304.2046138966043","319.9068541300459"
"313.91853499992385","317.899824253198"
"303.1843600097682","312.8822495607215"
"306.83048850814396","303.850615114378"
"290.9825259872715","304.854130052702"
"303.21351709142004","293.815465729425"
"287.81054511112336","280.769771528929"
"279.72373362013013","277.7592267136715"
"280.1906483621732","281.77328646753847"
"295.2723140449976","288.7978910369485"
"298.14140473858635","298.8330404219015"
"304.21519819250653","311.878734622112"
"303.3005797038669","317.899824253198"
"306.07531445062403","318.9033391915506"
"314.8936029575483","318.9033391915506"
"316.7191602660974","318.9033391915506"
"317.42299261919806","312.8822495607215"
"308.22366239106276","311.878734622112"
"312.65598598335373","313.8857644990455"
"327.16715483851607","318.9033391915506"
"335.89023400781","330.94551845343705"
"344.76758482632505","334.9595782073897"
"317.06764953734427","328.93848857644645"
"305.7346347230989","319.9068541300459"
"312.5198892759515","316.8963093145885"
"315.6485953552654","320.9103690685412"
"316.6495586329364","321.9138840070365"
"315.22341286885955","313.8857644990455"
"310.66706561636624","318.9033391915506"
"319.294952446045","307.864674868245"
"302.70469505346284","292.8119507908155"
"293.3702961204504","291.80843585249147"
"294.88040441610764","293.815465729425"
"311.37108976034915","293.815465729425"
"311.37073654872705","288.7978910369485"
"304.323594090086","290.80492091388203"
"297.2372761765574","298.8330404219015"
"300.46910853163075","319.9068541300459"
"325.70975990591825","327.93497363795115"
"333.6247313723244","325.9279437609891"
"332.70985047325297","323.9209138839985"
"323.29968966159333","320.9103690685412"
"322.7031260244605","318.9033391915506"
"332.97639213621073","322.9173989455318"
"341.2786776763186","345.9982425307552"
"366.84589966032684","350.012302284705"
"330.8634494029287","341.9841827767997"
"317.3574268869089","332.9525483303991"
"323.05762023398535","326.9314586994844"
"324.3132584918104","329.94200351494175"
"326.0222854009469","321.9138840070365"
"315.10480439448145","307.864674868245"
"304.6679042808839","309.8717047451785"
"308.5610969262057","300.84007029883503"
"296.4533613409582","289.8014059752725"
"289.36188891352253","289.8014059752725"
"293.61226874244255","296.8260105446825"
"312.4641615483976","318.9033391915506"
"342.99992690839593","344.9947275922685"
"403.6833565048971","366.0685413005156"
"365.7013031454451","333.9560632688944"
"331.568883000391","325.9279437609891"
"327.5780787394927","326.9314586994844"
"332.8414784431148","333.9560632688944"
"343.4692196871581","341.9841827767997"
"339.77724770850443","345.9982425307552"
"344.57484999017237","350.012302284705"
"360.29435396708436","347.0017574692448"
"369.4459822283049","352.0193321616956"
"388.62600450484587","348.0052724077315"
"335.4901941599308","331.9490333919038"
"313.24022613163777","318.9033391915506"
"309.12954808135265","314.889279437655"
"311.3418536437914","329.94200351494175"
"324.12711749881163","324.9244288224938"
"316.3063487409976","314.889279437655"
"311.220186028496","315.892794375979"
"314.6196117313482","313.8857644990455"
"308.1040162204159","312.8822495607215"
"310.2705185310157","308.868189806569"
"309.9439181326046","312.8822495607215"
"322.7572729782505","326.9314586994844"
"346.2726633711416","368.0755711775062"
"429.2305726497559","410.2231985941375"
"392.17014623822905","329.94200351494175"
"325.9007489744517","324.9244288224938"
"324.5429457286567","324.9244288224938"
"327.7084406862562","327.93497363795115"
"333.3116776092225","374.0966608084494"
"361.16175147057226","376.1036906854115"
"364.85449925814174","363.05799648505825"
"369.0960754680123","385.135325131755"
"405.8133290723344","439.32513181010154"
"495.6877619432518","465.416520210808"
"408.17628831515196","379.1142355009545"
"335.21225106984417","344.9947275922685"
"327.0504609426089","333.9560632688944"
"325.8748377454628","337.9701230228471"
"328.13912530665095","327.93497363795115"
"318.8166753736718","316.8963093145885"
"309.7819856261096","316.8963093145885"
"317.2096166922275","311.878734622112"
"306.45071814702015","310.87521968378803"
"309.1033500042796","303.850615114378"
"306.37096667005153","308.868189806569"
"320.39883418732506","329.94200351494175"
"350.1997072777983","360.0474516696009"
"416.6100053113122","379.1142355009545"
"373.75337684651004","364.06151142355355"
"350.34948071954636","344.9947275922685"
"343.099179324337","343.99121265377886"
"343.7053783825794","340.9806678383044"
"344.3017482361597","342.987697715295"
"333.1208986735821","339.9771528998377"
"333.3959830605128","338.9736379613424"
"347.86636509684524","351.0158172232003"
"367.2597324315958","377.107205624021"
"411.5866815598758","409.219683655528"
"364.99600993949394","343.99121265377886"
"315.25605059488004","338.9736379613424"
"320.2517806309845","323.9209138839985"
"316.72705274167356","329.94200351494175"
"319.4955042079907","326.9314586994844"
"317.2224342690132","317.899824253198"
"310.5918369491886","317.899824253198"
"318.5719628577765","315.892794375979"
"310.2326350411066","315.892794375979"
"314.4705632778773","314.889279437655"
"316.7886976125024","319.9068541300459"
"330.907959251334","326.9314586994844"
"353.60285077927097","365.06502636204885"
"435.4786631906413","352.0193321616956"
"354.22018986802965","352.0193321616956"
"345.33053544949394","343.99121265377886"
"344.687678677627","342.987697715295"
"346.96784805778367","343.99121265377886"
"352.88723039021755","348.0052724077315"
"344.49535987302073","347.0017574692448"
"344.5278125050194","353.0228471001623"
"360.84268206560483","408.2161687169185"
"429.7861298760903","438.3216168717775"
"501.2551143566355","520.6098418277641"
"447.8590051550781","456.3848857644645"
"370.6681353317192","409.219683655528"
"361.9483877340299","340.9806678383044"
"331.3203292898349","339.9771528998377"
"327.33356383289","331.9490333919038"
"321.3839779568362","325.9279437609891"
"315.8923078265557","319.9068541300459"
"319.4966884545004","315.892794375979"
"309.0106098286218","311.878734622112"
"309.9090957449173","307.864674868245"
"307.86695881620665","305.85764499131153"
"315.3928716268583","323.9209138839985"
"340.0449422266495","373.0931458699541"
"420.015616115386","433.304042179301"
"400.7916142664167","409.219683655528"
"376.26513533796003","355.0298769771529"
"348.9808471315126","354.0263620386576"
"349.6549303684992","355.0298769771529"
"354.57868910088393","345.9982425307552"
"333.37259604012064","336.9666080843518"
"329.6903855195991","332.9525483303991"
"342.4273176825816","339.9771528998377"
"353.86760775620496","353.0228471001623"
"362.0559501950058","387.14235500868847"
"338.7075778550208","332.9525483303991"
"301.15704476982546","323.9209138839985"
"309.56145059155887","316.8963093145885"
"312.0619238752219","315.892794375979"
"304.5765825119504","312.8822495607215"
"308.26299255014527","308.868189806569"
"296.47018777828913","304.854130052702"
"304.458348093576","301.843585237159"
"295.0726442407237","299.8365553602255"
"298.2305807088434","298.8330404219015"
"298.3767962654075","300.84007029883503"
"310.89154267311596","304.854130052702"
"313.663446623166","310.87521968378803"
"316.92762324104183","310.87521968378803"
"304.5924014000181","312.8822495607215"
"307.08111684121195","312.8822495607215"
"312.39795671393614","315.892794375979"
"317.05560216348516","315.892794375979"
"317.54204931840417","314.889279437655"
"310.6064952698746","313.8857644990455"
"314.7503968938099","313.8857644990455"
"327.07533162514756","316.8963093145885"
"333.24848676707495","331.9490333919038"
"344.4353048507786","336.9666080843518"
"317.2531991247164","326.9314586994844"
"302.97939591121576","317.899824253198"
"310.7580180978383","315.892794375979"
"314.8053920293024","314.889279437655"
"309.7377892342698","314.889279437655"
"308.54188029859665","312.8822495607215"
"306.69359450701387","311.878734622112"
"313.33132531765125","306.8611599296355"
"301.551742103166","304.854130052702"
"303.5849130368887","304.854130052702"
"306.290046510096","297.829525483292"
"313.2216323305361","293.815465729425"
"308.9140373610686","303.850615114378"
"314.5850935925739","304.854130052702"
"304.4067936432286","309.8717047451785"
"307.1798879139849","311.878734622112"
"317.1966889135047","312.8822495607215"
"318.6080993632014","314.889279437655"
"320.2243036263443","314.889279437655"
"315.6649483771306","313.8857644990455"
"316.4415176496804","314.889279437655"
"329.06695320905703","316.8963093145885"
"335.33811219097896","317.899824253198"
"337.52598707144335","317.899824253198"
"307.30345550429615","317.899824253198"
"302.3261890776756","316.8963093145885"
"309.7837422511692","315.892794375979"
"314.7715988031467","315.892794375979"
"313.1392229878201","314.889279437655"
"308.4945650481551","311.878734622112"
"307.9427103634633","299.8365553602255"
"297.829029439751","295.82249560635853"
"291.5942137706357","295.82249560635853"
"295.78661491896014","296.8260105446825"
"299.3707003336656","297.829525483292"
"312.0105664599365","312.8822495607215"
"334.35573000971806","331.9490333919038"
"379.57932862503804","323.9209138839985"
"331.6206428411238","319.9068541300459"
"320.9324629390895","316.8963093145885"
"319.1522598189714","319.9068541300459"
"325.51720988381464","323.9209138839985"
"332.7940437192777","331.9490333919038"
"328.9003025479826","324.9244288224938"
"325.6397849682871","322.9173989455318"
"335.5487968865026","361.0509666080962"
"382.6476719937203","484.4833040421045"
"542.6143901258421","518.6028119508305"
"442.19303568798574","366.0685413005156"
"330.5128764308119","316.8963093145885"
"306.9825099688476","312.8822495607215"
"309.14760411943706","312.8822495607215"
"308.5679275806754","309.8717047451785"
"301.43432154594547","305.85764499131153"
"301.4976808976022","300.84007029883503"
"298.23297915305125","297.829525483292"
"293.6625587065897","296.8260105446825"
"295.36032034395373","298.8330404219015"
"301.8716835555148","300.84007029883503"
"313.2650077494287","315.892794375979"
"336.7163062085152","329.94200351494175"
"375.94849651077396","320.9103690685412"
"327.54864162294615","320.9103690685412"
"320.23758548185157","314.889279437655"
"315.31015276151203","313.8857644990455"
"316.6796411047276","316.8963093145885"
"321.3979133033066","316.8963093145885"
"315.65016840168096","313.8857644990455"
"314.581852719178","311.878734622112"
"324.62319150176506","327.93497363795115"
"348.23731310953656","402.19507908611797"
"446.4191425405081","402.19507908611797"
"364.2376733100508","323.9209138839985"
"306.78243571266955","310.87521968378803"
"300.17332462870354","306.8611599296355"
"303.4178968119793","305.85764499131153"
"299.5506309558975","302.8471001757685"
"293.5671133126912","298.8330404219015"
"293.5552874087765","297.829525483292"
"296.0673158596734","290.80492091388203"
"286.8913604122228","290.80492091388203"
"290.3185841913774","293.815465729425"
"296.21338989406684","297.829525483292"
"308.9778306319275","308.868189806569"
"327.2666536842054","313.8857644990455"
"352.2264111904801","313.8857644990455"
"319.61650538233584","312.8822495607215"
"310.8968185025446","305.85764499131153"
"305.32882029892204","304.854130052702"
"308.67922820039354","305.85764499131153"
"310.5392892741312","304.854130052702"
"305.7363712950098","304.854130052702"
"305.2550563625398","304.854130052702"
"316.5661395233291","315.892794375979"
"331.811365836489","319.9068541300459"
"336.89408922929454","315.892794375979"
"304.83422619941075","307.864674868245"
"290.7311355122783","303.850615114378"
"291.1627501990911","298.8330404219015"
"293.7710798084999","292.8119507908155"
"282.8560374468293","289.8014059752725"
"283.4782792959507","281.77328646753847"
"273.83420482600764","274.7486818981285"
"269.9675195504876","269.731107205652"
"265.7128786359449","268.7275922670425"
"267.3770513283877","270.734622143976"
"273.392456310336","274.7486818981285"
"287.4585610953818","282.7768014058625"
"299.48654890292516","295.82249560635853"
"323.4108658326484","304.854130052702"
"308.2470154764953","304.854130052702"
"302.0196391685298","299.8365553602255"
"297.58570466804144","298.8330404219015"
"300.5036849735225","300.84007029883503"
"302.8118729264203","300.84007029883503"
"297.0146697499058","299.8365553602255"
"300.7182733864931","303.850615114378"
"316.16357706402334","320.9103690685412"
"336.3059697702797","309.8717047451785"
"321.47741204652743","314.889279437655"
"300.8442664892663","304.854130052702"
"286.2291442749781","300.84007029883503"
"287.3694470922589","295.82249560635853"
"291.5887739715919","291.80843585249147"
"279.8705583643618","287.794376098339"
"282.0037669970953","277.7592267136715"
"266.4387357645135","262.706502636242"
"256.31504273199806","253.6748681898985"
"249.31953498587157","249.660808435746"
"247.25396865249007","252.67135325128902"
"253.54960450608485","260.6994727593085"
"270.76918959351525","266.72056239010897"
"274.9504954552892","283.780316344472"
"293.29990748604405","290.80492091388203"
"282.63084534905863","289.8014059752725"
"282.540517814122","287.794376098339"
"282.64328505162547","287.794376098339"
"285.6335203681146","288.7978910369485"
"287.14952891208065","288.7978910369485"
"284.6694689739321","289.8014059752725"
"290.9942856092027","289.8014059752725"
"302.9655356018743","291.80843585249147"
"306.61557958214013","297.829525483292"
"305.19628760733696","299.8365553602255"
"286.43921533502714","292.8119507908155"
"278.60633293825447","285.7873462214055"
"275.7093232146705","277.7592267136715"
"277.20581648944375","272.741652021195"
"264.00654598725646","270.734622143976"
"265.2475308621522","261.7029876976325"
"253.47530655070406","251.667838312965"
"244.18185079283836","237.61862917385952"
"233.95737406796343","230.5940246044495"
"228.71361433372292","228.58699472751601"
"232.17018886543377","233.60456941999252"
"250.11781819603902","242.63620386633602"
"256.8707254451841","254.6783831282225"
"263.84997791042775","255.681898066832"
"259.60975778764947","259.695957820699"
"263.4513772061266","264.7135325131755"
"267.8284047609784","267.7240773287185"
"271.4762736798456","268.7275922670425"
"268.12619394193956","264.7135325131755"
"264.90992694158865","262.706502636242"
"266.49520017674445","264.7135325131755"
"277.9997068838612","274.7486818981285"
"285.4652351893091","280.769771528929"
"276.895439254325","283.780316344472"
"270.42593978061626","279.766256590605"
"261.90746405569837","271.7381370825855"
"263.3982544857581","264.7135325131755"
"265.12058010200917","261.7029876976325"
"252.34994161914707","256.68541300515597"
"252.3436267083697","239.6256590510785"
"231.0633240498551","223.5694200350395"
"210.7682276314288","194.4674868190755"
"189.57684995499898","161.351493848959"
"156.99827176898228","150.3128295253965"
"154.07080261132754","185.4358523724465"
"203.77002972291282","171.3866432336265"
"193.75796938233952","180.4182776802555"
"195.85391287185863","189.44991212659897"
"203.5353889226079","224.572934973649"
"232.88935028910788","255.681898066832"
"257.9855600158456","259.695957820699"
"257.6977968151191","262.706502636242"
"253.79234403780634","264.7135325131755"
"256.1942878895576","258.692442882375"
"257.93303505238197","255.681898066832"
"267.265824789157","262.706502636242"
"268.30988420197053","281.77328646753847"
"260.3237151094681","286.79086116001497"
"256.9902952945341","282.7768014058625"
"251.81003660174184","278.7627416519955"
"266.14883986582","274.7486818981285"
"271.02100712278644","267.7240773287185"
"257.0434194708305","258.692442882375"
"254.1628289197534","252.67135325128902"
"245.11373413901836","195.47100175739948"
"172.2855491988052","197.478031634333"
"188.90605754354317","241.632688928012"
"240.36466530632276","247.65377855881252"
"251.723119338935","252.67135325128902"
"267.88731519675326","262.706502636242"
"281.953831280739","278.7627416519955"
"302.4106689039244","303.850615114378"
"305.49899632399627","303.850615114378"
"300.26990178303487","304.854130052702"
"302.0007097408027","302.8471001757685"
"301.9568742958796","310.87521968378803"
"311.93203264704715","316.8963093145885"
"310.61471429576","302.8471001757685"
"301.5286850983524","317.899824253198"
"329.42604039663183","333.9560632688944"
"349.69911326201753","372.0896309314588"
"389.1721533697146","419.254833040481"
"355.5710411337872","312.8822495607215"
"294.01943124721595","294.818980667749"
"283.4859920336805","282.7768014058625"
"280.4896538198597","277.7592267136715"
"269.70642920107434","268.7275922670425"
"261.76392572910356","256.68541300515597"
"249.82966539832196","256.68541300515597"
"249.03665390863665","248.65729349742202"
"245.18283336420507","247.65377855881252"
"246.03441779812658","249.660808435746"
"253.3376224460046","253.6748681898985"
"267.8486774389751","261.7029876976325"
"278.57139877067175","282.7768014058625"
"301.505751167063","300.84007029883503"
"294.2154054882524","293.815465729425"
"288.2268078102316","284.7838312830815"
"281.08875077452","286.79086116001497"
"285.65338465655384","287.794376098339"
"285.32936179631406","287.794376098339"
"282.6818134276295","287.794376098339"
"287.7558888431386","289.8014059752725"
"301.3596298670681","302.8471001757685"
"314.1528098432679","306.8611599296355"
"309.3180507415601","304.854130052702"
"289.60428834270374","289.8014059752725"
"274.8772809454101","281.77328646753847"
"269.98719114196547","271.7381370825855"
"269.5907925622434","266.72056239010897"
"256.81901059619213","257.6889279437655"
"250.9586853898844","244.6432337432695"
"235.65938759422994","235.611599296926"
"224.75426681388564","207.513181019286"
"202.34418912731266","199.485061511552"
"195.45626867721165","212.5307557117625"
"215.67669490428932","234.608084358602"
"249.71452415377863","252.67135325128902"
"269.13107937463974","263.710017574566"
"280.7513386663336","277.7592267136715"
"278.4521781700241","278.7627416519955"
"276.0573679248695","277.7592267136715"
"274.8326932461914","276.75571177506197"
"278.43863590658134","275.7521968364525"
"274.5899472215093","277.7592267136715"
"276.2874984725736","277.7592267136715"
"278.806580759947","279.766256590605"
"291.2456202137003","284.7838312830815"
"299.28851454828197","288.7978910369485"
"303.9562281286405","293.815465729425"
"290.0017474681995","283.780316344472"
"276.5992699835151","277.7592267136715"
"269.0637748336369","271.7381370825855"
"268.50108196503163","267.7240773287185"
"260.06556276452204","261.7029876976325"
"254.16608612049785","251.667838312965"
"245.64957236944213","241.632688928012"
"231.11318612588803","218.55184534284848"
"213.989566492361","215.54130052730548"
"212.34698677892453","220.558875219782"
"223.54574722693343","233.60456941999252"
"248.66370636818783","253.6748681898985"
"266.54724407398027","264.7135325131755"
"275.9391836907431","277.7592267136715"
"272.47982499906715","277.7592267136715"
"272.8816785719679","274.7486818981285"
"271.0446406038959","273.745166959519"
"269.83532946537207","274.7486818981285"
"269.7420418275247","273.745166959519"
"270.5265571623961","273.745166959519"
"276.30499005291915","275.7521968364525"
"289.3485017611791","283.780316344472"
"297.7761654820315","288.7978910369485"
"301.7659987805353","289.8014059752725"
"287.92650539151913","281.77328646753847"
"276.20372378874896","277.7592267136715"
"270.20898762148875","273.745166959519"
"270.6685917400294","271.7381370825855"
"267.51458712413523","268.7275922670425"
"256.5536820982141","259.695957820699"
"257.83701014644157","255.681898066832"
"242.28777083463052","252.67135325128902"
"247.6624024246363","252.67135325128902"
"250.29014496689953","256.68541300515597"
"261.26551769866893","260.6994727593085"
"278.8359041679354","271.7381370825855"
"296.0479204777734","275.7521968364525"
"312.1203914150911","289.8014059752725"
"304.8723746795583","290.80492091388203"
"295.4658506738434","288.7978910369485"
"290.88118816532057","287.794376098339"
"293.1735662534086","288.7978910369485"
"291.5074212865631","288.7978910369485"
"289.15505009927074","289.8014059752725"
"291.4744032775601","292.8119507908155"
"305.1281048170468","297.829525483292"
"313.6422588877828","296.8260105446825"
"312.8298306573336","293.815465729425"
"289.87045444221064","290.80492091388203"
"285.26295388547175","287.794376098339"
"280.9549864681237","282.7768014058625"
"281.1967392806337","278.7627416519955"
"273.2641798885053","272.741652021195"
"266.7423035773585","264.7135325131755"
"257.87743447180833","263.710017574566"
"257.73170358763707","256.68541300515597"
"252.67556281267866","253.6748681898985"
"251.2691541717046","248.65729349742202"
"249.9433842536614","242.63620386633602"
"256.1006240252135","246.6502636204885"
"255.90184471767043","251.667838312965"
"254.15291323864398","255.681898066832"
"252.0058597178839","256.68541300515597"
"256.22889927242863","260.6994727593085"
"261.32967595337516","263.710017574566"
"267.5275914082233","263.710017574566"
"261.55682684256806","262.706502636242"
"261.6325020253662","260.6994727593085"
"264.45781195432147","261.7029876976325"
"275.2526953455426","267.7240773287185"
"279.5065119306938","276.75571177506197"
"275.23487241508485","280.769771528929"
"268.6770308390871","276.75571177506197"
"264.492847885163","267.7240773287185"
"260.5266662869903","258.692442882375"
"259.6628373652973","256.68541300515597"
"248.68175376434044","250.6643233743555"
"243.41500592351176","244.6432337432695"
"238.79753564497406","237.61862917385952"
"226.1223698164046","176.404217926103"
"165.3634469174323","147.302284710139"
"139.25290091113018","140.277680140729"
"141.47083184422647","123.21792618636601"
"137.64108920799544","104.15114235506948"
"133.10168009583245","143.28822495598652"
"173.63378302355446","198.4815465729425"
"213.43979592110503","229.5905096661255"
"238.5671985041305","252.67135325128902"
"258.75331103973724","257.6889279437655"
"263.52073178028786","260.6994727593085"
"259.25649772212375","260.6994727593085"
"261.4808128817504","262.706502636242"
"264.6378943444651","265.717047451785"
"276.9189235323009","272.741652021195"
"285.13500567521925","279.766256590605"
"287.21359028883734","283.780316344472"
"276.8846602449102","282.7768014058625"
"272.95642168631537","280.769771528929"
"274.4999249846475","275.7521968364525"
"274.7369368260025","273.745166959519"
"267.48653587671674","267.7240773287185"
"262.1325971244688","257.6889279437655"
"251.65694184407948","265.717047451785"
"259.9385438063879","253.6748681898985"
"250.28959110305343","217.548330404239"
"213.93898151820818","221.56239015810598"
"224.6840285565528","233.60456941999252"
"250.59427298165173","265.717047451785"
"281.2745377846773","282.7768014058625"
"302.8800437826933","295.82249560635853"
"294.2679551959408","293.815465729425"
"288.1158765444225","291.80843585249147"
"288.63711099996505","293.815465729425"
"294.6348609961071","293.815465729425"
"292.9266637970967","291.80843585249147"
"287.7945005168132","291.80843585249147"
"292.5979268447397","295.82249560635853"
"307.76346952252857","324.9244288224938"
"340.4440606280074","303.850615114378"
"319.53440933207577","306.8611599296355"
"298.0442981374348","294.818980667749"
"284.1577986758713","289.8014059752725"
"279.27510237324816","283.780316344472"
"279.7410770528726","281.77328646753847"
"273.65790743149665","273.745166959519"
"266.1629358332789","268.7275922670425"
"263.31369704175734","266.72056239010897"
"259.8851833001421","262.706502636242"
"259.4734542245753","263.710017574566"
"262.8415968639511","258.692442882375"
"263.3315432343065","259.695957820699"
"274.4696708629797","270.734622143976"
"290.330805395762","280.769771528929"
"310.3222343480318","293.815465729425"
"299.5216053546146","293.815465729425"
"291.3861975083009","288.7978910369485"
"289.24238563562085","288.7978910369485"
"291.23606376965245","294.818980667749"
"296.1470549933043","293.815465729425"
"292.3920778705328","294.818980667749"
"295.44437302040603","294.818980667749"
"307.8401530801975","297.829525483292"
"313.32768959198023","300.84007029883503"
"310.9912510220547","300.84007029883503"
"294.1215966484767","294.818980667749"
"280.357607129193","287.794376098339"
"274.85381574641383","281.77328646753847"
"278.7986886972001","280.769771528929"
"268.8653241343577","276.75571177506197"
"270.3654077769165","268.7275922670425"
"258.1115498383655","262.706502636242"
"255.43720605329196","259.695957820699"
"255.6672380538352","259.695957820699"
"257.23905835478047","257.6889279437655"
"260.643435825678","259.695957820699"
"273.6945913017891","273.745166959519"
"291.4341460828311","286.79086116001497"
"319.6177866094241","322.9173989455318"
"323.39483184231835","323.9209138839985"
"316.34879223837817","301.843585237159"
"301.0603416386968","296.8260105446825"
"301.7073302149058","312.8822495607215"
"319.0243036450005","308.868189806569"
"309.9435803593209","308.868189806569"
"311.8157335760263","316.8963093145885"
"328.63783959835894","335.9630931458565"
"358.43382731088593","365.06502636204885"
"409.37219637050833","379.1142355009545"
"355.44423188036586","319.9068541300459"
"310.5348898629857","295.82249560635853"
"287.3107133605483","290.80492091388203"
"287.19477609462365","288.7978910369485"
"284.55980160723885","282.7768014058625"
"271.97640415321865","273.745166959519"
"271.18224227942846","259.695957820699"
"250.28550937207405","259.695957820699"
"255.91806949888303","249.660808435746"
"246.84331131344908","245.646748681879"
"249.94007456254033","255.681898066832"
"273.29816429698815","272.741652021195"
"299.61152728297753","291.80843585249147"
"337.14897961237466","342.987697715295"
"344.74181893182833","345.9982425307552"
"336.277469115795","319.9068541300459"
"317.39355703245735","314.889279437655"
"315.590467028674","325.9279437609891"
"327.97590168995566","333.9560632688944"
"319.60557902670314","334.9595782073897"
"322.77367000401705","327.93497363795115"
"327.661985218187","322.9173989455318"
"328.0829853598971","329.94200351494175"
"318.1285116608468","317.899824253198"
"285.9472825778038","293.815465729425"
"266.22682811592597","284.7838312830815"
"269.73038912145245","277.7592267136715"
"273.32690141425024","274.7486818981285"
"263.67105433073044","267.7240773287185"
"260.96862800867245","258.692442882375"
"245.3074204234348","226.5799648505825"
"215.10164458972116","200.488576449876"
"198.3910492209463","197.478031634333"
"196.65524754120412","212.5307557117625"
"213.67700872014206","222.56590509671548"
"229.20984394204334","255.681898066832"
"256.6904939204742","270.734622143976"
"276.6041069998371","284.7838312830815"
"272.00353609379357","287.794376098339"
"277.9941439355034","286.79086116001497"
"282.5774062817861","285.7873462214055"
"272.2675098019966","284.7838312830815"
"270.7669845703945","282.7768014058625"
"267.56037154088585","278.7627416519955"
"271.9739428889388","280.769771528929"
"287.3218990722052","284.7838312830815"
"288.7652091353314","286.79086116001497"
"272.94490169608633","285.7873462214055"
"265.06235983723025","279.766256590605"
"255.9264554363175","271.7381370825855"
"260.0871033866015","266.72056239010897"
"263.25562354781135","263.710017574566"
"252.49493177265742","260.6994727593085"
"255.59458375777785","255.681898066832"
"243.86921308447938","249.660808435746"
"241.97413672075305","232.60105448166848"
"230.71333931719454","225.5764499122585"
"223.2594854185465","224.572934973649"
"226.9668779361044","233.60456941999252"
"248.25514922342913","240.6291739894025"
"254.2744510998006","244.6432337432695"
"251.2429294267488","249.660808435746"
"252.06877071850656","251.667838312965"
"254.89502430107427","255.681898066832"
"258.2939907518722","258.692442882375"
"261.1569962526247","259.695957820699"
"255.708174437639","258.692442882375"
"256.2073276878361","257.6889279437655"
"260.32934233542767","259.695957820699"
"272.43345095878726","266.72056239010897"
"276.83896657505767","271.7381370825855"
"268.55128772145184","275.7521968364525"
"265.6712746366969","270.734622143976"
"259.39267619199825","266.72056239010897"
"259.16451355629","261.7029876976325"
"262.86200764507475","259.695957820699"
"251.7678971325791","255.681898066832"
"248.61937004992257","253.6748681898985"
"246.62971031211137","254.6783831282225"
"247.11283150083662","251.667838312965"
"248.2019695665444","242.63620386633602"
"241.72436427753127","238.62214411246902"
"242.79325547531394","252.67135325128902"
"270.7595223886492","250.6643233743555"
"269.2984693400599","258.692442882375"
"271.79550503115115","260.6994727593085"
"268.5067658179697","261.7029876976325"
"268.7511405972473","263.710017574566"
"272.16249783399996","267.7240773287185"
"274.70983208870194","270.734622143976"
"270.05498072495755","270.734622143976"
"272.45962893386127","271.7381370825855"
"274.00904878697946","273.745166959519"
"285.6229754918176","282.7768014058625"
"296.5659112046351","286.79086116001497"
"292.71981891731286","286.79086116001497"
"276.93310332138867","283.780316344472"
"272.09660464375116","277.7592267136715"
"269.7545887014717","272.741652021195"
"273.342421304148","269.731107205652"
"261.96662440165335","262.706502636242"
"256.3211638751283","257.6889279437655"
"250.3932505617853","255.681898066832"
"248.57025352084014","252.67135325128902"
"249.24891048784252","251.667838312965"
"250.59312012639822","230.5940246044495"
"234.54072164741746","239.6256590510785"
"256.17557131498785","263.710017574566"
"280.755171153419","308.868189806569"
"330.01137643558667","376.1036906854115"
"352.5313047888324","291.80843585249147"
"290.6359210943316","289.8014059752725"
"288.0506458660483","288.7978910369485"
"291.1011241875952","289.8014059752725"
"294.32900454316064","288.7978910369485"
"289.2212819518096","288.7978910369485"
"291.13921002303823","299.8365553602255"
"312.9040694462676","408.2161687169185"
"418.8605768865061","376.1036906854115"
"400.70614412338784","334.9595782073897"
"316.9329870276283","289.8014059752725"
"280.89608951248204","283.780316344472"
"274.3336730850728","275.7521968364525"
"271.88254849337324","270.734622143976"
"263.71853498615803","263.710017574566"
"255.34050454404917","255.681898066832"
"250.3613901957714","254.6783831282225"
"245.90230813468187","249.660808435746"
"245.90103502109554","240.6291739894025"
"237.98170426628278","213.534270650372"
"216.23809056616403","215.54130052730548"
"230.03365558800874","277.7592267136715"
"279.9195865746509","299.8365553602255"
"304.95684797813317","342.987697715295"
"312.4636179985285","283.780316344472"
"276.5180774688389","276.75571177506197"
"272.6944987165449","277.7592267136715"
"270.4966153354365","274.7486818981285"
"267.6223070872517","299.8365553602255"
"287.1402240805095","289.8014059752725"
"287.10574185723294","304.854130052702"
"312.1327304774486","348.0052724077315"
"354.3123460011341","349.00878734622114"
"348.87723074462735","284.7838312830815"
"277.3351882601337","278.7627416519955"
"266.61209566037485","273.745166959519"
"262.1961269050688","267.7240773287185"
"264.54899199615545","265.717047451785"
"255.32593510936363","257.6889279437655"
"250.72727230972075","245.646748681879"
"234.90308794619267","233.60456941999252"
"222.47498679413405","196.47451669600898"
"193.88283220385344","201.4920913884855"
"198.46847773610335","175.40070298777897"
"177.85655622842643","208.51669595789548"
"224.6035446024634","250.6643233743555"
"264.4619005051878","262.706502636242"
"275.4723475110453","274.7486818981285"
"272.7080003447061","276.75571177506197"
"274.28184528605425","272.741652021195"
"269.89884704002844","273.745166959519"
"272.30939958630387","273.745166959519"
"271.083702895932","272.741652021195"
"270.39725670107873","277.7592267136715"
"279.8037433380248","284.7838312830815"
"297.3213110585234","287.794376098339"
"301.64833422034513","288.7978910369485"
"298.6972140854747","288.7978910369485"
"281.76765992379575","282.7768014058625"
"272.20453639945623","272.741652021195"
"262.3060034992946","264.7135325131755"
"262.97013654068485","261.7029876976325"
"253.00659422443334","255.681898066832"
"248.0061244924804","245.646748681879"
"238.74296459107154","242.63620386633602"
"231.53960423157048","206.509666080962"
"200.36441160752793","202.49560632680948"
"197.69995294461884","180.4182776802555"
"181.39094472251605","198.4815465729425"
"213.84528671215102","252.67135325128902"
"270.2686128658896","265.717047451785"
"284.9324770934147","276.75571177506197"
"280.7171124511418","283.780316344472"
"282.76222260322095","278.7627416519955"
"276.8511175378003","278.7627416519955"
"280.8893084279842","279.766256590605"
"280.24869292193546","280.769771528929"
"280.4518685299122","281.77328646753847"
"282.85568337588603","283.780316344472"
"295.55083554993973","291.80843585249147"
"306.7533151993549","308.868189806569"
"326.8376996552517","295.82249560635853"
"292.97147857121024","290.80492091388203"
"283.37512584876083","279.766256590605"
"271.8094195866168","271.7381370825855"
"268.27114722215435","272.741652021195"
"267.9135260450314","264.7135325131755"
"251.51171582447864","258.692442882375"
"256.4840982816036","250.6643233743555"
"235.9502962719751","248.65729349742202"
"243.2015850395931","248.65729349742202"
"245.76849315178197","253.6748681898985"
"258.2516503887805","256.68541300515597"
"274.84520666811926","262.706502636242"
"289.4285723706043","278.7627416519955"
"315.7628114882521","294.818980667749"
"309.91694308441294","299.8365553602255"
"305.0375275738684","290.80492091388203"
"294.34968694431404","288.7978910369485"
"294.94693630839663","287.794376098339"
"290.68628126065346","293.815465729425"
"294.8485528219077","290.80492091388203"
"292.2772027156094","291.80843585249147"
"303.28552521022306","292.8119507908155"
"308.03665195615287","294.818980667749"
"307.87854750018033","292.8119507908155"
"288.66612289184786","286.79086116001497"
"278.5035184121771","280.769771528929"
"273.52738319675245","270.734622143976"
"268.6701037902649","267.7240773287185"
"262.0462442257174","262.706502636242"
"252.05668950171673","256.68541300515597"
"250.74019471030076","227.58347978919198"
"211.5868840420446","192.460456942142"
"182.19397260209635","171.3866432336265"
"160.22327442799352","167.3725834797595"
"165.4146649562126","170.3831282953025"
"183.35622213859347","185.4358523724465"
"207.7744667120897","228.58699472751601"
"246.4362005793838","237.61862917385952"
"248.8458279988469","251.667838312965"
"259.91455851451195","261.7029876976325"
"268.04229529814387","263.710017574566"
"270.3001291142894","263.710017574566"
"262.76237859227655","260.6994727593085"
"261.3169863098884","259.695957820699"
"261.65774874192033","262.706502636242"
"273.1223005034135","266.72056239010897"
"279.73974338091347","271.7381370825855"
"282.50172709455666","273.745166959519"
"269.7693620438203","269.731107205652"
"265.21752821850913","262.706502636242"
"257.16405899417515","257.6889279437655"
"255.38317672429343","251.667838312965"
"245.44056425813648","247.65377855881252"
"233.64577938248948","234.608084358602"
"230.3025097687995","226.5799648505825"
"205.5378447231916","183.428822495513"
"168.71968368266636","157.3374340948065"
"144.78586568556614","135.26010544825252"
"133.6828291752749","136.26362038657652"
"145.86465249215055","149.30931458707252"
"170.86280723967252","159.34446397174"
"190.7704508535051","170.3831282953025"
"183.9054151558348","207.513181019286"
"215.60491501917988","249.660808435746"
"259.76613051597815","252.67135325128902"
"261.37023307311233","255.681898066832"
"253.66679629104647","252.67135325128902"
"253.4285658738573","250.6643233743555"
"251.66575391720534","252.67135325128902"
"260.75586759251445","259.695957820699"
"272.4749956656083","267.7240773287185"
"280.13732903917236","271.7381370825855"
"268.5065369541215","267.7240773287185"
"263.9944914648702","262.706502636242"
"256.0860686208365","256.68541300515597"
"253.83478151458374","251.667838312965"
"245.28760406154072","247.65377855881252"
"237.16214662597775","235.611599296926"
"230.11868515990471","245.646748681879"
"235.68034254760693","244.6432337432695"
"241.11580993647237","245.646748681879"
"244.3418868520522","246.6502636204885"
"249.85735286927815","249.660808435746"
"263.190640119715","257.6889279437655"
"274.99433669134976","269.731107205652"
"288.8923074531704","281.77328646753847"
"283.94530529574996","285.7873462214055"
"284.08507455076835","282.7768014058625"
"280.35093413674815","283.780316344472"
"284.4237014940869","283.780316344472"
"282.372691658864","282.7768014058625"
"279.6815971802664","282.7768014058625"
"285.334702113993","283.780316344472"
"297.30271340730997","288.7978910369485"
"304.6332546387238","292.8119507908155"
"307.5492243335568","292.8119507908155"
"290.53830352371335","285.7873462214055"
"278.2399927700637","276.75571177506197"
"268.1652047325902","268.7275922670425"
"265.3770235199785","261.7029876976325"
"255.30937809117415","258.692442882375"
"248.9460450692057","248.65729349742202"
"243.89252166534718","245.646748681879"
"233.83054097723894","242.63620386633602"
"238.69037268496217","242.63620386633602"
"241.114474453963","244.6432337432695"
"248.95038213818594","247.65377855881252"
"263.6920336754459","255.681898066832"
"277.0850499794655","272.741652021195"
"301.41581409590185","288.7978910369485"
"297.39412080758854","294.818980667749"
"295.9696689661755","287.794376098339"
"288.3478386641709","285.7873462214055"
"290.58335335386283","285.7873462214055"
"289.08474581882376","285.7873462214055"
"287.3616698529273","285.7873462214055"
"289.219732362901","289.8014059752725"
"302.694071241904","305.85764499131153"
"327.3132420679646","304.854130052702"
"337.4436986727793","299.8365553602255"
"302.1423080027136","289.8014059752725"
"288.9770164115426","282.7768014058625"
"275.9255145787721","272.741652021195"
"267.7876541882478","267.7240773287185"
"263.9983326013997","261.7029876976325"
"247.5169756240317","249.660808435746"
"247.25139137049462","248.65729349742202"
"236.95694116557058","245.646748681879"
"240.55146594090928","245.646748681879"
"242.42615628003617","246.6502636204885"
"251.1837611309818","248.65729349742202"
"265.72635654388523","256.68541300515597"
"280.4619924146523","270.734622143976"
"299.26175030614013","289.8014059752725"
"301.92377869435006","297.829525483292"
"300.86991058323144","288.7978910369485"
"290.9285692259307","286.79086116001497"
"293.01925565133627","288.7978910369485"
"292.29933292150054","288.7978910369485"
"289.7456674127796","286.79086116001497"
"290.15135902079356","289.8014059752725"
"302.5238049523089","299.8365553602255"
"319.8527689607175","304.854130052702"
"337.6277952987005","299.8365553602255"
"303.4316431662587","288.7978910369485"
"289.8512320601109","282.7768014058625"
"273.8288466368318","273.745166959519"
"268.24800973700223","266.72056239010897"
"263.87144053549196","258.692442882375"
"241.45415195181107","251.667838312965"
"250.4951953826189","250.6643233743555"
"234.8428058459732","246.6502636204885"
"240.37230227305207","246.6502636204885"
"243.54921549430352","246.6502636204885"
"251.01213636969783","248.65729349742202"
"266.02583491665723","257.6889279437655"
"279.39381916522944","274.7486818981285"
"295.68045307311735","285.7873462214055"
"293.43466250502155","288.7978910369485"
"289.91862181074356","282.7768014058625"
"283.2607935688644","280.769771528929"
"285.1932746137987","279.766256590605"
"282.22331187551333","280.769771528929"
"281.80638707012946","281.77328646753847"
"284.4397298977451","280.769771528929"
"292.70075961583916","281.77328646753847"
"298.3019296960709","283.780316344472"
"303.71188806682886","281.77328646753847"
"282.5398839517908","276.75571177506197"
"275.6570561120054","270.734622143976"
"264.039447599234","260.6994727593085"
"256.2777083842321","253.6748681898985"
"248.1176846243118","247.65377855881252"
"232.51537823016207","238.62214411246902"
"235.17661531412017","238.62214411246902"
"224.17459235364308","234.608084358602"
"228.0007233950354","230.5940246044495"
"226.1346648426598","232.60105448166848"
"236.12548789290744","233.60456941999252"
"252.27153136432224","237.61862917385952"
"257.612666061852","243.6397188049455"
"259.2851302546364","250.6643233743555"
"260.7032130726517","253.6748681898985"
"260.38239308256215","250.6643233743555"
"254.68567428584186","248.65729349742202"
"253.8740748853005","247.65377855881252"
"245.90518161452178","246.6502636204885"
"248.31188354711804","244.6432337432695"
"245.7442815723366","244.6432337432695"
"252.7612108354219","245.646748681879"
"256.5852887302841","248.65729349742202"
"261.2700279053886","249.660808435746"
"249.90393702966736","246.6502636204885"
"248.0250642238637","239.6256590510785"
"230.81656307003357","234.608084358602"
"226.6261666543128","234.608084358602"
"226.5098237213801","229.5905096661255"
"210.77939508580985","218.55184534284848"
"213.22312054314395","180.4182776802555"
"148.95644858835362","141.28119507905302"
"130.8912146593354","126.22847100162349"
"119.81006513994541","95.119507908726"
"108.55632077700926","95.119507908726"
"115.26538636582788","90.1019332162495"
"122.92818534739169","104.15114235506948"
"149.85438903699594","166.3690685414355"
"180.25770612052517","205.5061511423525"
"216.07646310749885","230.5940246044495"
"243.0184503578442","236.6151142355355"
"246.11711467399067","237.61862917385952"
"232.78110971893466","236.6151142355355"
"236.3843707558386","234.608084358602"
"233.4173191622568","234.608084358602"
"237.97148962215743","234.608084358602"
"244.1960990567199","244.6432337432695"
"260.3000334277722","244.6432337432695"
"238.3444616486144","237.61862917385952"
"236.28928243656802","230.5940246044495"
"222.50489475557225","227.58347978919198"
"221.6040905747696","223.5694200350395"
"214.61058019933355","221.56239015810598"
"207.8629165236877","205.5061511423525"
"199.30886147360468","145.29525483292"
"121.69833387256918","97.12653778565948"
"145.90020251270374","93.11247803150701"
"117.84422528134326","101.14059753952651"
"118.99859229732382","125.22495606329949"
"154.84028056076758","169.37961335669303"
"180.15549358998817","194.4674868190755"
"181.31888961879795","184.4323374341225"
"178.93013253379328","165.365553602826"
"158.07204940398665","145.29525483292"
"142.41714087420925","154.326889279549"
"155.8492433170585","172.390158172236"
"188.96106239845437","216.5448154656295"
"214.5456540228322","212.5307557117625"
"216.4292698770855","192.460456942142"
"184.65369417192736","166.3690685414355"
"158.91656223070896","159.34446397174"
"150.51484238571769","125.22495606329949"
"163.6847816846192","88.09490333931598"
"115.48839317788435","92.10896309318298"
"114.48981419469175","144.291739894596"
"168.05745445064028","162.35500878728303"
"172.92654430803796","173.3936731108455"
"158.04890368347074","168.376098418369"
"161.7718385936512","170.3831282953025"
"163.82333241421787","178.4112478030365"
"174.72951138972627","204.502636203743"
"210.56227495933877","219.5553602811725"
"229.42079388343012","216.5448154656295"
"215.07294068204854","204.502636203743"
"210.43106989248807","177.4077328647125"
"166.97114149843398","159.34446397174"
"149.03953221359882","151.316344464006"
"142.45097068449874","129.23901581716652"
"116.08509553959897","94.11599297011651"
"107.95535575716588","126.22847100162349"
"112.09104686306594","94.11599297011651"
"106.77162840181512","82.07381370822998"
"99.59734484717856","86.08787346209704"
"106.96198016437447","115.18980667834651"
"133.77590328474705","151.316344464006"
"174.24008054116086","193.463971880466"
"211.33305913372595","211.527240773153"
"225.30265564749385","220.558875219782"
"230.66960395575813","229.5905096661255"
"240.089326927775","232.60105448166848"
"241.17102810795612","233.60456941999252"
"227.73215231915196","234.608084358602"
"233.86499942342533","236.6151142355355"
"235.57510600056332","239.6256590510785"
"243.3629259731254","248.65729349742202"
"260.3137770187776","253.6748681898985"
"270.8577206297339","252.67135325128902"
"251.59708152864573","249.660808435746"
"251.8309261312168","244.6432337432695"
"233.35275024776686","238.62214411246902"
"228.04968428065524","236.6151142355355"
"228.82334863643348","229.5905096661255"
"207.89934306268987","209.5202108962195"
"202.54648912091886","221.56239015810598"
"197.9617429261137","212.5307557117625"
"201.75217697202655","205.5061511423525"
"196.8712500092782","204.502636203743"
"205.100030921982","214.537785588696"
"232.95213509338748","222.56590509671548"
"243.0909668464189","231.59753954305899"
"245.54048313310082","237.61862917385952"
"247.3560580288792","243.6397188049455"
"250.2834780261099","244.6432337432695"
"249.32683281286097","244.6432337432695"
"250.76417415893695","243.6397188049455"
"240.15035387859518","238.62214411246902"
"238.81768773961068","235.611599296926"
"238.95944202479996","237.61862917385952"
"248.74862285138147","241.632688928012"
"253.43249623622108","243.6397188049455"
"249.64587246070909","242.63620386633602"
"239.76339074798892","238.62214411246902"
"238.32007677658672","231.59753954305899"
"224.12846829685924","220.558875219782"
"218.41369075876577","209.5202108962195"
"200.46393687231108","185.4358523724465"
"169.8612358207311","161.351493848959"
"158.40173581742462","160.3479789103495"
"141.05563774978918","116.19332161695601"
"120.1472565962354","97.12653778565948"
"106.98733809241233","90.1019332162495"
"109.49681832870749","92.10896309318298"
"118.63823549031173","134.25659050964302"
"160.86417152375674","167.3725834797595"
"187.802706418546","207.513181019286"
"218.6484012983362","220.558875219782"
"229.72710606524439","225.5764499122585"
"233.18926320207353","227.58347978919198"
"232.91997065302584","227.58347978919198"
"221.96025210580103","225.5764499122585"
"225.62815287584516","223.5694200350395"
"226.51286896837095","224.572934973649"
"233.68722577081462","231.59753954305899"
"243.1204776532283","235.611599296926"
"246.10687774709658","237.61862917385952"
"237.92226770266112","235.611599296926"
"238.35359615238505","230.5940246044495"
"220.45550012668554","226.5799648505825"
"216.685865054406","222.56590509671548"
"212.3183474545873","211.527240773153"
"186.45413575939907","184.4323374341225"
"175.3180728022959","154.326889279549"
"123.97538991671345","148.30579964846302"
"136.40085993618055","146.2987697715295"
"135.17727326025434","147.302284710139"
"145.15708727254702","148.30579964846302"
"159.80765269683943","188.4463971879895"
"210.57046628454395","228.58699472751601"
"243.93440988004204","237.61862917385952"
"248.70422738244068","242.63620386633602"
"250.2317600944296","244.6432337432695"
"251.5773927361372","248.65729349742202"
"255.050898294828","247.65377855881252"
"244.1148086566744","246.6502636204885"
"246.79299097584598","244.6432337432695"
"244.61038122289807","245.646748681879"
"250.43356401966594","254.6783831282225"
"267.2526784059114","260.6994727593085"
"278.68221391241184","264.7135325131755"
"263.97867924428783","260.6994727593085"
"261.600861143187","254.6783831282225"
"246.58259162522927","246.6502636204885"
"238.31936783375573","243.6397188049455"
"237.13830552555913","241.632688928012"
"220.74213675077237","234.608084358602"
"230.76698132203936","246.6502636204885"
"230.46790517693415","228.58699472751601"
"215.85217473041868","209.5202108962195"
"199.14710097503507","201.4920913884855"
"195.9645987964437","204.502636203743"
"217.94743878199964","212.5307557117625"
"233.94678013949397","212.5307557117625"
"236.18664033391292","229.5905096661255"
"243.02431400388087","245.646748681879"
"253.34107748880294","249.660808435746"
"262.75783991729276","254.6783831282225"
"264.5519188541843","255.681898066832"
"253.83829835968123","256.68541300515597"
"257.88862455047126","256.68541300515597"
"257.86034281327034","258.692442882375"
"267.6799767171166","278.7627416519955"
"292.62649721231406","332.9525483303991"
"335.90924281197937","333.9560632688944"
"308.05343967118495","283.780316344472"
"272.0500720498631","256.68541300515597"
"251.6491579974738","247.65377855881252"
"244.9716681450517","244.6432337432695"
"237.9332718373792","240.6291739894025"
"235.2068438411249","186.439367311056"
"158.24573027050684","175.40070298777897"
"166.69973293572258","215.54130052730548"
"211.04886214018435","211.527240773153"
"214.83616016191056","205.5061511423525"
"219.06692408287176","205.5061511423525"
"228.02399919210234","192.460456942142"
"212.97616510355226","192.460456942142"
"208.75232096196933","180.4182776802555"
"188.88384657338494","180.4182776802555"
"198.52217840787827","198.4815465729425"
"207.83235623462852","215.54130052730548"
"205.91118184731923","217.548330404239"
"214.9791776862996","215.54130052730548"
"211.9537522463824","216.5448154656295"
"216.25651061186448","222.56590509671548"
"230.14324070856333","230.5940246044495"
"245.56627457043788","244.6432337432695"
"242.74209531013332","250.6643233743555"
"251.40557674807246","245.646748681879"
"237.92528522104618","229.5905096661255"
"221.12337395224742","217.548330404239"
"206.70044159998162","208.51669595789548"
"184.52915806556155","182.42530755718897"
"173.74323003928376","218.55184534284848"
"196.35202936703993","212.5307557117625"
"203.1008284870713","205.5061511423525"
"197.1025281526802","206.509666080962"
"207.19742228882777","214.537785588696"
"230.7984692095086","211.527240773153"
"235.36513617402144","207.513181019286"
"230.7057024264553","284.7838312830815"
"288.91775486789544","285.7873462214055"
"288.4040290512818","281.77328646753847"
"282.81635336638544","288.7978910369485"
"290.69003824273767","300.84007029883503"
"303.4043158711105","260.6994727593085"
"262.9814617802225","263.710017574566"
"265.79827013863996","268.7275922670425"
"279.5303172343865","278.7627416519955"
"293.10134495479446","279.766256590605"
"289.10375153855983","281.77328646753847"
"280.32077214678736","265.717047451785"
"265.4949208693471","259.695957820699"
"250.59430386816769","252.67135325128902"
"246.62824481733384","247.65377855881252"
"239.63307191401407","237.61862917385952"
"220.1533608391352","218.55184534284848"
"216.6097522973119","215.54130052730548"
"192.58123531037202","189.44991212659897"
"181.8589792572599","161.351493848959"
"152.57137413610496","146.2987697715295"
"148.05949438758782","141.28119507905302"
"153.02145207234344","180.4182776802555"
"208.50073939231214","246.6502636204885"
"275.88228111804875","274.7486818981285"
"280.28113513549727","249.660808435746"
"257.21928504599293","248.65729349742202"
"249.68815578073415","248.65729349742202"
"246.57276655489773","247.65377855881252"
"242.1408919969581","247.65377855881252"
"244.429707778629","248.65729349742202"
"249.55751149056158","248.65729349742202"
"259.7372991760826","250.6643233743555"
"262.69657986795727","251.667838312965"
"258.18637840658226","250.6643233743555"
"254.94540306205857","249.660808435746"
"248.34930143865222","245.646748681879"
"234.030959373258","250.6643233743555"
"240.74958540665298","214.537785588696"
"211.05551619194262","214.537785588696"
"206.18533483687548","118.20035149388949"
"130.99419810443268","73.04217926188653"
"108.63963816131744","81.070298769906"
"123.09591301515445","153.3233743409395"
"183.3210709531011","294.818980667749"
"295.03975979148584","244.6432337432695"
"256.44093418489314","243.6397188049455"
"246.8484077426407","246.6502636204885"
"246.12024237322493","246.6502636204885"
"244.03989010070308","245.646748681879"
"244.50804498145766","245.646748681879"
"248.04105849661096","247.65377855881252"
"258.9680297919647","248.65729349742202"
"262.3086013194148","251.667838312965"
"261.6815549855442","251.667838312965"
"260.24738430837033","250.6643233743555"
"256.44047283564606","246.6502636204885"
"233.07759159031298","241.632688928012"
"232.53851013814813","233.60456941999252"
"224.4169839222285","226.5799648505825"
"207.0433791424165","201.4920913884855"
"224.3591641880124","125.22495606329949"
"160.03993478495764","264.7135325131755"
"275.23967221795465","260.6994727593085"
"268.1259906357307","261.7029876976325"
"262.19273922998946","264.7135325131755"
"269.79793452664546","264.7135325131755"
"265.10298018151735","260.6994727593085"
"259.9117539629558","258.692442882375"
"260.10060421930797","261.7029876976325"
"272.2269422874938","268.7275922670425"
"280.08227814431575","278.7627416519955"
"286.0899043335238","284.7838312830815"
"285.6309766267065","259.695957820699"
"261.5011585339834","251.667838312965"
"241.70929582051326","245.646748681879"
"239.19820807622978","231.59753954305899"
"222.28094737669298","219.5553602811725"
"195.3438940470682","140.277680140729"
"135.05071337011034","213.534270650372"
"189.1483414647151","155.33040421787302"
"145.1612990490391","118.20035149388949"
"114.90263495786743","121.21089630943251"
"125.83516224726944","153.3233743409395"
"164.01302344182727","159.34446397174"
"182.21703788672065","173.3936731108455"
"202.6210621502115","270.734622143976"
"279.8540320864046","289.8014059752725"
"292.7944626886481","287.794376098339"
"293.3982682265287","290.80492091388203"
"297.03265746279754","331.9490333919038"
"334.7905622442841","300.84007029883503"
"298.6357345010523","274.7486818981285"
"277.3398978629976","259.695957820699"
"268.70807774035126","263.710017574566"
"277.73060103305437","327.93497363795115"
"345.31458304386297","390.1528998242315"
"354.10470463054304","364.06151142355355"
"321.6991549471422","331.9490333919038"
"313.3014960718751","254.6783831282225"
"251.0321202142258","248.65729349742202"
"241.3417579923805","240.6291739894025"
"226.16868420541863","232.60105448166848"
"230.29519439427014","244.6432337432695"
"229.01644797634887","227.58347978919198"
"223.35526152431686","209.5202108962195"
"204.12159249643244","148.30579964846302"
"147.8638453791725","132.2495606327095"
"143.58073857951103","111.17574692447948"
"138.914985278595","204.502636203743"
"225.01534623707778","198.4815465729425"
"215.59165205265228","259.695957820699"
"264.74672164745016","247.65377855881252"
"250.86842885628235","249.660808435746"
"254.8173702260695","248.65729349742202"
"246.71137428521607","246.6502636204885"
"246.56213704120842","242.63620386633602"
"245.61117583594336","245.646748681879"
"256.7395806162064","246.6502636204885"
"260.00300583489576","253.6748681898985"
"266.93247048958284","273.745166959519"
"275.3855316340506","264.7135325131755"
"266.0038905476956","254.6783831282225"
"244.26515365918226","252.67135325128902"
"246.60172220629602","234.608084358602"
"225.23797237427289","233.60456941999252"
"215.0805770506613","216.5448154656295"
"211.72375965613531","201.4920913884855"
"202.78723311168383","73.04217926188653"
"103.46088966152357","193.463971880466"
"216.6566403719671","209.5202108962195"
"231.03437843593676","212.5307557117625"
"225.48566190425294","219.5553602811725"
"227.34571809752032","197.478031634333"
"217.22733644139987","250.6643233743555"
"260.0279482488258","282.7768014058625"
"284.0939250763614","260.6994727593085"
"261.9961685786111","259.695957820699"
"261.07994039746893","246.6502636204885"
"250.77341392493088","246.6502636204885"
"257.5681641402799","277.7592267136715"
"293.2426107032772","341.9841827767997"
"320.11251008525653","404.2021089630515"
"342.0357420612011","409.219683655528"
"373.7391021499031","345.9982425307552"
"343.62989156522866","296.8260105446825"
"297.08628036638396","279.766256590605"
"269.8361794481589","252.67135325128902"
"250.74196077518513","259.695957820699"
"248.03486253681183","247.65377855881252"
"237.33967935808943","242.63620386633602"
"238.87651896594775","240.6291739894025"
"240.87735684508277","241.632688928012"
"260.10184005078423","268.7275922670425"
"292.4582190111594","319.9068541300459"
"365.1523674333744","439.32513181010154"
"439.24782463295617","479.46572934962796"
"435.6202818204585","436.31458699484403"
"426.28534036643225","419.254833040481"
"414.24089838231407","416.24428822493803"
"419.4710441947298","414.2372583480045"
"388.93825163571915","407.2126537785945"
"387.30875550181815","389.149384885622"
"382.88539145166743","377.107205624021"
"402.6363868957176","385.135325131755"
"460.14863499721514","424.2724077329575"
"444.66993301528163","455.3813708261405"
"430.5342002858135","390.1528998242315"
"325.5935843310094","299.8365553602255"
"275.89856980433115","268.7275922670425"
"260.7150983845176","249.660808435746"
"224.7398260281638","241.632688928012"
"241.93802082399915","235.611599296926"
"215.59231097716605","230.5940246044495"
"226.92107996898454","227.58347978919198"
"224.16137459254358","208.51669595789548"
"211.16990017363256","226.5799648505825"
"242.71410437995286","250.6643233743555"
"282.583714310621","295.82249560635853"
"349.80173987368744","357.0369068541435"
"361.1908722892274","394.1669595780985"
"373.8317363672524","381.121265377888"
"375.82481015733","379.1142355009545"
"376.0189811921212","394.1669595780985"
"396.3536903403509","388.145869947298"
"369.32703527755234","394.1669595780985"
"377.43799710184356","387.14235500868847"
"384.0205392410524","386.1388400703645"
"403.61488177018265","409.219683655528"
"453.52807115696794","455.3813708261405"
"406.8407061363201","454.377855887531"
"361.23838504794435","303.850615114378"
"290.81998250418474","266.72056239010897"
"260.6835160385897","258.692442882375"
"250.23576325813877","245.646748681879"
"229.14540205441313","237.61862917385952"
"235.40161372358693","228.58699472751601"
"208.60658203674976","227.58347978919198"
"224.10884273486215","225.5764499122585"
"221.4136601130009","218.55184534284848"
"222.5030039062225","223.5694200350395"
"236.4828844565547","242.63620386633602"
"273.53325593685014","253.6748681898985"
"287.10792695608427","278.7627416519955"
"288.635722414336","309.8717047451785"
"308.1183477694609","294.818980667749"
"291.6909442705998","282.7768014058625"
"284.03313266316104","291.80843585249147"
"291.8111602715812","296.8260105446825"
"292.97141573554956","299.8365553602255"
"300.6208380949987","299.8365553602255"
"312.40082510665803","315.892794375979"
"331.3276090475278","339.9771528998377"
"355.63098298580286","351.0158172232003"
"326.5024342181111","306.8611599296355"
"292.51084610276","280.769771528929"
"269.35174932921876","262.706502636242"
"257.15015103881467","253.6748681898985"
"244.29174025411322","243.6397188049455"
"224.16520096026701","233.60456941999252"
"229.9230271406006","232.60105448166848"
"213.33343566216627","227.58347978919198"
"225.46442817401683","219.5553602811725"
"217.36122664070686","214.537785588696"
"216.79777560737963","216.5448154656295"
"220.96121960329683","237.61862917385952"
"262.5978298530615","249.660808435746"
"278.7361389337783","256.68541300515597"
"268.1051184199755","262.706502636242"
"271.00374361563433","256.68541300515597"
"258.9510383571978","256.68541300515597"
"252.72387646366516","255.681898066832"
"251.05516949977772","255.681898066832"
"252.15886115065462","256.68541300515597"
"256.84011357442773","256.68541300515597"
"267.3144786089945","255.681898066832"
"269.09740072208695","257.6889279437655"
"270.79940158101664","265.717047451785"
"272.11905159443063","262.706502636242"
"263.56446572983737","256.68541300515597"
"241.73181306585946","253.6748681898985"
"242.06841067509987","250.6643233743555"
"241.65807205965754","245.646748681879"
"225.74580297605584","232.60105448166848"
"227.80860788707705","181.4217926185795"
"156.53781080822299","137.267135325186"
"137.52048358616324","121.21089630943251"
"122.81575503049132","121.21089630943251"
"132.00463424298374","136.26362038657652"
"150.5836693098871","191.4569420035325"
"222.27820694461855","249.660808435746"
"290.5795810639783","278.7627416519955"
"287.800506873208","282.7768014058625"
"283.96843826964596","265.717047451785"
"264.4844421196884","255.681898066832"
"257.60779428427287","252.67135325128902"
"250.59220808949132","251.667838312965"
"250.40466833617876","250.6643233743555"
"252.41393757680794","249.660808435746"
"260.8091419962736","249.660808435746"
"261.74029128819825","251.667838312965"
"263.0246180207176","263.710017574566"
"270.0769566110089","259.695957820699"
"262.2626406234139","250.6643233743555"
"237.48337062564616","245.646748681879"
"237.768005493433","244.6432337432695"
"235.414357413704","237.61862917385952"
"218.19158843460852","222.56590509671548"
"220.58641775910277","223.5694200350395"
"202.2956179749027","212.5307557117625"
"206.0884421139544","207.513181019286"
"201.51026742163177","215.54130052730548"
"218.26442407971683","218.55184534284848"
"235.08393146923146","228.58699472751601"
"251.8445337755963","231.59753954305899"
"252.70861264546164","238.62214411246902"
"251.35400027480944","243.6397188049455"
"251.20850944165514","247.65377855881252"
"258.4007536238704","257.6889279437655"
"266.7700176605225","262.706502636242"
"262.2346499009601","262.706502636242"
"264.3605097646663","251.667838312965"
"250.11774048565223","251.667838312965"
"255.98628140546356","261.7029876976325"
"274.4854696596501","286.79086116001497"
"302.2361175452112","307.864674868245"
"295.74011948196505","291.80843585249147"
"283.3660229274596","268.7275922670425"
"261.3098613431065","258.692442882375"
"252.3558913688991","254.6783831282225"
"250.58477547329971","253.6748681898985"
"236.96152653096365","250.6643233743555"
"247.88909057434967","253.6748681898985"
"239.32916696446713","250.6643233743555"
"241.62954053221011","249.660808435746"
"246.81491323775248","248.65729349742202"
"248.4037234213502","242.63620386633602"
"261.7023604098144","248.65729349742202"
"268.07952788655774","245.646748681879"
"264.5880701172173","251.667838312965"
"262.63072881638215","253.6748681898985"
"260.39462013500537","259.695957820699"
"274.3265298484289","268.7275922670425"
"278.9887256601883","271.7381370825855"
"272.709434798178","271.7381370825855"
"273.9289389283883","267.7240773287185"
"269.0480990506576","272.741652021195"
"282.6229015947561","284.7838312830815"
"300.2717924974441","293.815465729425"
"307.6852572368251","347.0017574692448"
"325.02633570504344","342.987697715295"
"314.92725151135625","299.8365553602255"
"294.69710355406414","291.80843585249147"
"291.12522591759546","292.8119507908155"
"289.6530864093742","265.717047451785"
"254.3157314898536","255.681898066832"
"253.17323809010534","252.67135325128902"
"239.48181706181572","249.660808435746"
"243.64273515423045","247.65377855881252"
"244.94881922573364","249.660808435746"
"253.35869353120455","248.65729349742202"
"266.9344027775488","267.7240773287185"
"293.1302600472347","313.8857644990455"
"352.0088191845464","431.2970123023675"
"411.4601162726091","452.3708260105975"
"411.04257581618555","356.0333919156482"
"351.1340252615705","337.9701230228471"
"337.3707095841354","360.0474516696009"
"361.8232008618543","395.170474516708"
"373.57195663324626","386.1388400703645"
"370.34735076621797","365.06502636204885"
"368.50985580762836","371.0861159929635"
"392.24810832664866","390.1528998242315"
"452.5726155432694","447.353251318121"
"417.37308579768046","353.0228471001623"
"318.7098980209765","318.9033391915506"
"302.82325781568863","296.8260105446825"
"294.7815533898608","279.766256590605"
"274.47100388599546","260.6994727593085"
"247.6623659139442","254.6783831282225"
"252.11939839704212","254.6783831282225"
"243.97150460416424","250.6643233743555"
"245.42971882411916","248.65729349742202"
"245.83968381141693","250.6643233743555"
"254.92996438134736","255.681898066832"
"273.2170298457794","297.829525483292"
"325.5473187446756","345.9982425307552"
"400.4790123418811","426.27943760989103"
"436.2416380942323","440.328646748711"
"424.11815545688273","394.1669595780985"
"396.4245389439459","366.0685413005156"
"369.0789029950418","371.0861159929635"
"384.2238861484271","388.145869947298"
"377.8200979615935","381.121265377888"
"374.10015849092997","371.0861159929635"
"377.57088810780317","373.0931458699541"
"402.19118720639","398.181019332251"
"482.3722246407781","457.388400703074"
"456.1368748776453","434.307557117625"
"384.83989451071255","341.9841827767997"
"320.0616744654342","329.94200351494175"
"319.79596497877156","283.780316344472"
"279.9743936485942","268.7275922670425"
"252.25532534326072","254.6783831282225"
"252.17553647583532","252.67135325128902"
"241.2713206825407","249.660808435746"
"245.12638254987377","246.6502636204885"
"243.3737995662859","247.65377855881252"
"252.4360882202311","252.67135325128902"
"268.5514092852401","295.82249560635853"
"314.7096730951015","325.9279437609891"
"368.51956166666935","384.131810193431"
"376.02264822868494","388.145869947298"
"362.27556168229324","326.9314586994844"
"319.86965363367244","321.9138840070365"
"318.3119964325122","321.9138840070365"
"322.8230330304451","320.9103690685412"
"309.7151770903359","304.854130052702"
"301.3475747462897","307.864674868245"
"314.16893254100347","304.854130052702"
"321.2472785861497","316.8963093145885"
"343.4064277153672","324.9244288224938"
"308.90858349016764","297.829525483292"
"288.03068259698466","276.75571177506197"
"268.5357682241022","262.706502636242"
"259.9304817458039","259.695957820699"
"254.1219702023426","253.6748681898985"
"240.85541553833093","244.6432337432695"
"240.961543380582","235.611599296926"
"219.28246620963031","229.5905096661255"
"224.99636248483523","230.5940246044495"
"227.3100336254816","232.60105448166848"
"237.653946694564","240.6291739894025"
"253.87887005275934","250.6643233743555"
"276.3965255431432","277.7592267136715"
"308.96248186035854","299.8365553602255"
"304.7518762785784","314.889279437655"
"307.3030990227081","297.829525483292"
"295.15084350911957","287.794376098339"
"288.87389375678146","299.8365553602255"
"302.38684631565525","305.85764499131153"
"303.2581100762741","299.8365553602255"
"300.1779307396886","289.8014059752725"
"302.941611489093","291.80843585249147"
"306.96590393004954","313.8857644990455"
"341.1627294366003","330.94551845343705"
"315.4818243384524","303.850615114378"
"291.01824936885026","278.7627416519955"
"263.66258691991777","271.7381370825855"
"264.87267450507284","266.72056239010897"
"257.69230529356037","255.681898066832"
"241.52663901860237","250.6643233743555"
"247.61155688887214","235.611599296926"
"218.92021187105632","234.608084358602"
"227.84507758714588","224.572934973649"
"218.7739831511463","223.5694200350395"
"225.24753156975515","232.60105448166848"
"250.94298021092337","232.60105448166848"
"258.28569037786855","291.80843585249147"
"327.76654593119434","340.9806678383044"
"339.99713073511236","371.0861159929635"
"353.5952248335206","340.9806678383044"
"338.092850086666","329.94200351494175"
"331.1870172107833","335.9630931458565"
"341.22239795875026","333.9560632688944"
"326.36792336294627","313.8857644990455"
"312.1928409827767","304.854130052702"
"316.4562038115912","318.9033391915506"
"336.74795953689807","334.9595782073897"
"360.129059839605","373.0931458699541"
"348.1161451256149","333.9560632688944"
"311.7186403114091","291.80843585249147"
"286.6787890862187","270.734622143976"
"268.33533549971867","270.734622143976"
"269.2560792152463","261.7029876976325"
"247.21336072941784","255.681898066832"
"254.5731884297591","254.6783831282225"
"240.49862221112846","251.667838312965"
"247.44512691427894","249.660808435746"
"248.35545041991946","248.65729349742202"
"253.67335224683737","245.646748681879"
"258.1800678669298","245.646748681879"
"267.84114929583114","245.646748681879"
"265.2978519143015","251.667838312965"
"261.0475376736265","252.67135325128902"
"260.200529530167","255.681898066832"
"255.66849208897642","256.68541300515597"
"258.66355196131286","256.68541300515597"
"255.2008112860607","254.6783831282225"
"253.97094657463845","250.6643233743555"
"253.8400019173107","247.65377855881252"
"259.0382058820732","246.6502636204885"
"259.2255589641223","255.681898066832"
"267.3202737373027","272.741652021195"
"271.18081723382807","267.7240773287185"
"267.3978869797668","255.681898066832"
"245.60732475019785","251.667838312965"
"245.386484775689","245.646748681879"
"237.7899617787965","242.63620386633602"
"227.54181290186392","227.58347978919198"
"223.7888905570887","220.558875219782"
"198.7568492964634","206.509666080962"
"197.37457779172252","197.478031634333"
"190.29198794948562","195.47100175739948"
"196.9301711388859","195.47100175739948"
"209.81163316684822","203.49912126541898"
"227.04710571528213","212.5307557117625"
"233.68009774962434","215.54130052730548"
"228.18713929074477","221.56239015810598"
"229.3161961354129","229.5905096661255"
"244.4545444734407","234.608084358602"
"245.34231628712678","236.6151142355355"
"231.19305899262878","236.6151142355355"
"235.8211189821761","234.608084358602"
"231.8791746641275","235.611599296926"
"236.80994063015203","240.6291739894025"
"250.92216016881582","222.56590509671548"
"240.6673126882784","296.8260105446825"
"284.0583265417521","290.80492091388203"
"280.37191588856336","275.7521968364525"
"272.44116695940585","263.710017574566"
"260.0958930997166","255.681898066832"
"251.49617143284786","252.67135325128902"
"236.09239773835486","246.6502636204885"
"244.2228536375584","237.61862917385952"
"217.34137654687854","232.60105448166848"
"220.07298946623598","229.5905096661255"
"223.28498706512954","225.5764499122585"
"224.84265548446405","234.608084358602"
"252.24637061830117","234.608084358602"
"261.18235074923973","305.85764499131153"
"361.6548580654231","387.14235500868847"
"381.7139586855679","409.219683655528"
"387.17723945454657","379.1142355009545"
"377.9751556497832","377.107205624021"
"376.81553963430514","383.1282952548215"
"387.4150288309581","372.0896309314588"
"363.04050468222806","356.0333919156482"
"351.9692583786163","348.0052724077315"
"356.7034877735861","334.9595782073897"
"357.7460416046302","353.0228471001623"
"405.80740963371034","409.219683655528"
"398.65798084299286","448.3567662567305"
"380.5211044485477","386.1388400703645"
"345.1849852111647","321.9138840070365"
"317.199829389373","300.84007029883503"
"295.5153584325431","275.7521968364525"
"263.37457041672167","264.7135325131755"
"262.9915056926082","260.6994727593085"
"250.2567357483446","253.6748681898985"
"250.1005604636341","254.6783831282225"
"251.99792964637547","255.681898066832"
"261.72484735280017","260.6994727593085"
"277.0421987853","277.7592267136715"
"307.00556667363077","311.878734622112"
"412.43227387978936","409.219683655528"
"441.35737719065213","408.2161687169185"
"398.50345298309134","416.24428822493803"
"416.35528826947547","403.1985940247275"
"410.89712679406927","401.19156414750853"
"424.2658800419538","393.1634446397745"
"384.2760969273717","389.149384885622"
"384.15691661505394","381.121265377888"
"387.37111830932633","379.1142355009545"
"409.9741043893976","410.2231985941375"
"499.52627973057895","480.4692442882375"
"479.5671138236149","498.5325131809245"
"434.299686966556","409.219683655528"
"358.29215838271296","314.889279437655"
"308.20779318073835","313.8857644990455"
"308.68749618744897","277.7592267136715"
"262.74675567955467","268.7275922670425"
"271.03149048513836","269.731107205652"
"257.76003048932705","264.7135325131755"
"263.9105127860555","263.710017574566"
"264.74830237630863","264.7135325131755"
"274.13193449933357","274.7486818981285"
"289.4194758227275","286.79086116001497"
"331.2225257879304","320.9103690685412"
"445.50141128095424","431.2970123023675"
"460.03444130751365","431.2970123023675"
"418.1662324112276","409.219683655528"
"409.10902521230867","383.1282952548215"
"387.3825859376185","373.0931458699541"
"391.7832126945206","353.0228471001623"
"347.9660549374636","339.9771528998377"
"340.3374295319799","334.9595782073897"
"345.9879568103241","334.9595782073897"
"363.7827789719443","345.9982425307552"
"437.89809462531514","431.2970123023675"
"457.1116606660396","324.9244288224938"
"326.48549079480404","319.9068541300459"
"292.3106580612305","303.850615114378"
"290.85836375906734","278.7627416519955"
"268.63822482368533","268.7275922670425"
"248.1250381527309","257.6889279437655"
"256.5410614711913","261.7029876976325"
"244.71171048936145","259.695957820699"
"258.9210859132685","256.68541300515597"
"254.08596087643633","249.660808435746"
"255.2625303692892","251.667838312965"
"256.61103787088115","264.7135325131755"
"298.3646517658372","272.741652021195"
"327.15526565706466","274.7486818981285"
"293.14172410500674","325.9279437609891"
"326.12692571582994","327.93497363795115"
"328.74569697932986","322.9173989455318"
"320.2622713793155","290.80492091388203"
"291.38657008926884","279.766256590605"
"276.8458095004187","278.7627416519955"
"278.7939261467833","276.75571177506197"
"286.6024257719455","273.745166959519"
"290.2444028767231","274.7486818981285"
"292.45770557969746","270.734622143976"
"284.0785673282331","276.75571177506197"
"283.5783318139325","270.734622143976"
"250.011230822142","270.734622143976"
"249.8642610668456","264.7135325131755"
"258.74485080776594","258.692442882375"
"234.3941693939638","249.660808435746"
"249.12205136639693","246.6502636204885"
"228.00994797519095","244.6432337432695"
"242.36025235241073","243.6397188049455"
"240.68466629094894","245.646748681879"
"249.09594435849294","254.6783831282225"
"258.2035295793179","262.706502636242"
"290.741986499259","276.75571177506197"
"337.9830421018651","386.1388400703645"
"370.1172326405751","416.24428822493803"
"387.01016926838207","438.3216168717775"
"427.2127477289407","409.219683655528"
"397.38097196225453","409.219683655528"
"407.8816715033801","422.265377856024"
"388.42681611493794","377.107205624021"
"355.21398545476853","355.0298769771529"
"353.3625646830379","336.9666080843518"
"352.56735376755466","341.9841827767997"
"372.2285176498401","442.3356766256445"
"405.2136336200615","483.4797891037805"
"391.36627548547847","375.100175746802"
"325.74819943581343","285.7873462214055"
"277.2928306109794","279.766256590605"
"269.75381215169347","272.741652021195"
"256.85463687195283","268.7275922670425"
"268.2554642972633","267.7240773287185"
"253.35258645557303","262.706502636242"
"260.5429129180317","261.7029876976325"
"259.2575622223909","262.706502636242"
"267.35618050178385","263.710017574566"
"273.8479364199598","266.72056239010897"
"287.3145163701018","270.734622143976"
"285.6253955939946","274.7486818981285"
"281.1705218572537","275.7521968364525"
"279.0168613422967","282.7768014058625"
"284.2177452112822","290.80492091388203"
"292.78570964229044","289.8014059752725"
"290.6086354040918","284.7838312830815"
"284.0963436665559","283.780316344472"
"285.9348158023165","282.7768014058625"
"294.867198687856","287.794376098339"
"301.9229789336922","319.9068541300459"
"331.31827300294776","396.1739894553175"
"349.8819093950064","449.36028119505454"
"353.3560859674635","314.889279437655"
"301.4201404517479","285.7873462214055"
"281.70060075440875","281.77328646753847"
"275.567829980662","278.7627416519955"
"267.4645521419072","274.7486818981285"
"272.0540703903349","272.741652021195"
"262.41331253573645","268.7275922670425"
"266.1833885446015","265.717047451785"
"264.24233097249487","259.695957820699"
"265.04069322264155","248.65729349742202"
"263.171397605391","247.65377855881252"
"270.26801497442614","250.6643233743555"
"267.16093751943805","260.6994727593085"
"270.394900386006","266.72056239010897"
"272.5097876790636","273.745166959519"
"277.15021580457756","278.7627416519955"
"283.1718749655557","276.75571177506197"
"276.69973943660796","273.745166959519"
"275.1978564366633","271.7381370825855"
"273.1472000751829","271.7381370825855"
"285.0860530736234","272.741652021195"
"288.08031234036775","281.77328646753847"
"295.71662844672113","293.815465729425"
"294.2820349113997","288.7978910369485"
"285.4280204651901","283.780316344472"
"268.3803127913527","275.7521968364525"
"267.72180207530835","271.7381370825855"
"262.7700706414136","266.72056239010897"
"247.38817085566865","260.6994727593085"
"261.55919208146065","259.695957820699"
"243.39260713543894","253.6748681898985"
"251.58974879361173","241.632688928012"
"238.43683080206188","237.61862917385952"
"242.68136391641374","243.6397188049455"
"256.17782959693886","238.62214411246902"
"273.3246752247449","291.80843585249147"
"367.13230510248866","371.0861159929635"
"397.4672864910746","421.2618629174145"
"411.15321122986643","395.170474516708"
"404.28426776615197","363.05799648505825"
"364.72309210809453","336.9666080843518"
"346.92351681707214","334.9595782073897"
"328.3389616824568","333.9560632688944"
"328.64472780917623","327.93497363795115"
"331.7388351694527","322.9173989455318"
"348.44983393897746","333.9560632688944"
"404.3095750710484","410.2231985941375"
"412.81607947005335","352.0193321616956"
"335.10764960585544","334.9595782073897"
"298.7473389624576","288.7978910369485"
"274.4837544954503","278.7627416519955"
"270.06207413039334","267.7240773287185"
"245.82972497368894","262.706502636242"
"264.4217406538771","270.734622143976"
"255.68807916233987","268.7275922670425"
"265.89938299246063","270.734622143976"
"268.6961869725946","272.741652021195"
"279.1170332401544","274.7486818981285"
"281.913868603104","279.766256590605"
"322.20491306456887","326.9314586994844"
"454.6718741540767","409.219683655528"
"447.91791319199746","452.3708260105975"
"442.5887678737879","453.3743409489215"
"456.3456030279664","394.1669595780985"
"394.0368474205692","335.9630931458565"
"345.97106298557435","332.9525483303991"
"327.0928141743765","332.9525483303991"
"329.5002777110879","326.9314586994844"
"334.4414121899287","326.9314586994844"
"352.5576928976237","335.9630931458565"
"391.4394368884339","434.307557117625"
"438.710393663391","527.634446397174"
"456.1148633938371","423.268892794348"
"354.2389020054727","371.0861159929635"
"340.37055203450745","326.9314586994844"
"313.9962990091843","296.8260105446825"
"283.119719000757","282.7768014058625"
"283.2117487987492","291.80843585249147"
"282.41654655294644","287.794376098339"
"286.0854521262064","285.7873462214055"
"285.497437833157","287.794376098339"
"295.08929402409956","296.8260105446825"
"303.8571747164506","322.9173989455318"
"376.6452874939368","334.9595782073897"
"433.17051352017245","417.2478031635475"
"429.8653513552907","444.342706502578"
"416.98424921250495","455.3813708261405"
"444.6507225223496","463.4094903338745"
"451.5305802215641","441.332161687035"
"446.9276101666911","435.3110720562345"
"405.9243647062949","408.2161687169185"
"389.321735896079","378.110720562345"
"379.23525062794056","366.0685413005156"
"391.2029383433998","364.06151142355355"
"420.37387020123504","424.2724077329575"
"415.20162613476015","587.8453427066065"
"488.500889233403","423.268892794348"
"359.38954826632755","383.1282952548215"
"350.89224992899443","357.0369068541435"
"344.3029494556446","339.9771528998377"
"319.61978749373054","310.87521968378803"
"310.4767197113163","311.878734622112"
"305.4291115025223","299.8365553602255"
"297.6548258138218","295.82249560635853"
"296.36452140090523","299.8365553602255"
"306.9045478445181","310.87521968378803"
"319.2958572416448","322.9173989455318"
"364.0631556067852","354.0263620386576"
"448.6225939832228","584.8347978910635"
"516.3567036028601","543.6906854129275"
"499.48541780220273","543.6906854129275"
"514.0999933016437","542.6871704746035"
"538.7089783065012","483.4797891037805"
"452.6333240328071","439.32513181010154"
"423.3488830413537","417.2478031635475"
"414.2921113742955","423.268892794348"
"448.8755837578761","409.219683655528"
"490.40285901294476","557.7398945517475"
"436.8612169046665","492.511423550124"
"423.3932360633444","418.2513181018715"
"392.54362470296616","368.0755711775062"
"336.1192475067548","326.9314586994844"
"343.8325020905568","340.9806678383044"
"328.79064042558434","325.9279437609891"
"316.5703321622994","312.8822495607215"
"311.39250348481477","315.892794375979"
"318.32933759188717","318.9033391915506"
"322.38907303126746","318.9033391915506"
"370.2841643762003","386.1388400703645"
"389.50425699106347","594.8699472760165"
"571.0546879655867","630.9964850613906"
"588.9335741294002","503.550087873401"
"475.0596432680078","433.304042179301"
"417.0842707794881","404.2021089630515"
"403.52139609458766","402.19507908611797"
"437.6795473947008","434.307557117625"
"398.3863448290321","559.746924428681"
"436.3966532324741","431.2970123023675"
"383.2724969861461","377.107205624021"
"363.41524222683324","394.1669595780985"
"356.25845254163744","328.93848857644645"
"355.9306690227548","377.107205624021"
"366.6109798790474","341.9841827767997"
"339.24663608943774","330.94551845343705"
"336.87094143714165","335.9630931458565"
"347.4988712470493","339.9771528998377"
"344.2310646399104","327.93497363795115"
"365.09281339889867","316.8963093145885"
"367.78976543337785","328.93848857644645"
"344.63771293119663","347.0017574692448"
"350.9924824784167","394.1669595780985"
"399.9696694609162","413.233743409395"
"420.86871870676885","381.121265377888"
"398.1644815219179","358.0404217926103"
"355.6183179127266","335.9630931458565"
"336.6342000694932","328.93848857644645"
"341.7774644524103","333.9560632688944"
"358.5285040905348","378.110720562345"
"461.3744628174268","508.5676625658775"
"452.34612049313387","499.53602811953397"
"403.99079291322073","386.1388400703645"
"354.6776454285635","356.0333919156482"
"346.6881814439817","352.0193321616956"
"319.9585300100859","322.9173989455318"
"347.81507480149554","328.93848857644645"
"316.56727679118353","318.9033391915506"
"313.71603768928276","306.8611599296355"
"308.06126836023566","305.85764499131153"
"311.59991072159704","306.8611599296355"
"310.30948339133965","301.843585237159"
"329.35776736705117","300.84007029883503"
"339.73594169892516","301.843585237159"
"307.2965010466878","301.843585237159"
"304.8942214813856","320.9103690685412"
"318.87143353761707","317.899824253198"
"318.2910502580436","317.899824253198"
"319.87364279253325","305.85764499131153"
"300.5428117240442","291.80843585249147"
"293.82152832026435","290.80492091388203"
"304.07043256830286","308.868189806569"
"330.32634129271713","321.9138840070365"
"374.64913649247933","386.1388400703645"
"400.6819352595855","438.3216168717775"
"394.7867866961977","393.1634446397745"
"335.18071813169183","338.9736379613424"
"312.97958115252993","334.9595782073897"
"323.04564450954103","325.9279437609891"
"299.38461389565805","317.899824253198"
"319.47690592606693","305.85764499131153"
"292.37004347612555","303.850615114378"
"300.6193333964997","302.8471001757685"
"301.81180534181476","298.8330404219015"
"306.20452348830526","314.889279437655"
"317.1408750458314","317.899824253198"
"399.93868837839887","431.2970123023675"
"480.40168657077464","594.8699472760165"
"561.879356354963","592.862917399083"
