"DataEntries: 8756, TestEntries: 24, Epochs: 200, UseTestData: true, LimitEntries: true, Firstlayer#: 6, SecondLayer: true, SecondLayer#: 14, Predict: true, Curvebehaviour: false, Stacksize: 6, useLastXDays: false, Max: 502.0, Min: 126.0, Curve behaviour: false, Historical: true, useAverage: false, priceStack1, Skewness: true, SkewStack: 12",", useNewMethod: false, decay: 0.1"
"Range: 6567 to 8756"
"Actual","Ideal"
"197.14197802010744","195.174358974412"
"192.08792731231324","193.728205128128"
"189.3057222821257","193.246153846096"
"192.7468739942991","192.041025641016"
"186.70986767318124","193.246153846096"
"183.01507691518694","189.38974358965203"
"176.789545636833","178.784615384572"
"175.21893194532754","178.30256410254"
"174.82800243001427","177.82051282050801"
"176.71201442822257","179.50769230762"
"179.02052431982406","183.123076923048"
"180.41933954094003","187.70256410254"
"182.4463260126731","191.8"
"184.70611736005554","192.764102564064"
"188.48461563237117","193.246153846096"
"192.09752244013373","193.246153846096"
"190.4408226275939","192.764102564064"
"188.94780153951942","192.282051282032"
"190.85143984715876","192.764102564064"
"191.5871259559504","193.00512820507998"
"194.57742642099714","194.210256410348"
"200.42234959569876","195.89743589746"
"200.09019912133033","196.379487179492"
"199.672373436154","195.65641025644402"
"195.17334822969156","194.69230769237998"
"195.178864134221","193.487179487112"
"192.9748239585124","193.246153846096"
"191.79504191294612","190.835897435936"
"194.44219173496944","190.59487179492"
"187.8122241632944","189.630769230856"
"182.31618544199063","190.353846153904"
"182.75237327000062","191.55897435898402"
"183.06709033172834","192.764102564064"
"187.9950189725094","194.93333333339598"
"198.40338714427781","201.44102564101598"
"212.28146996340146","208.43076923085601"
"209.5828293010878","208.43076923085601"
"208.58187967013072","209.153846153904"
"206.5582023154114","207.948717948636"
"208.5378872586827","206.74358974355602"
"207.68141644089596","202.887179487112"
"205.64415872949473","200.958974358984"
"206.15227546518386","202.887179487112"
"208.7360959571555","202.887179487112"
"210.24543394772957","209.87692307695198"
"215.91210325079282","224.338461538476"
"209.78532397081864","224.09743589746"
"207.40859970887752","209.153846153904"
"202.5035686633405","198.789743589652"
"200.71143286938315","197.584615384572"
"194.94132589864267","195.89743589746"
"192.2752524811773","192.764102564064"
"189.0136827334877","193.00512820507998"
"188.09687535230486","192.282051282032"
"187.7503889244943","188.425641025588"
"188.08170256138175","183.846153846096"
"187.46385136014203","187.46153846152401"
"191.60148716026123","192.282051282032"
"199.80085514242973","200.958974358984"
"203.96158231846846","206.261538461524"
"209.12087046919598","206.261538461524"
"206.6309741459567","208.43076923085601"
"204.07528802533912","206.984615384572"
"208.0186689826176","207.70769230762"
"206.63762702568775","207.225641025588"
"203.11279701942965","204.574358974412"
"202.24068197302483","203.128205128128"
"204.83896583813595","202.40512820508"
"205.03106226263694","207.948717948636"
"212.6848555306234","213.733333333396"
"212.29363595268762","209.635897435936"
"209.26734598806314","207.70769230762"
"202.56750245610243","201.44102564101598"
"200.3179217368231","199.512820512888"
"195.89987484917555","195.65641025644402"
"193.21830445909018","192.523076923048"
"188.3447921883397","189.630769230856"
"188.99529868611467","187.220512820508"
"186.79804881543572","188.184615384572"
"185.75202378238825","188.425641025588"
"185.83530089621794","191.8"
"190.2088479899945","194.451282051364"
"202.20842845385454","203.61025641034797"
"206.82690603748125","214.69743589746"
"209.23565215886023","208.18974358965198"
"207.724795327227","203.61025641034797"
"205.11957020845836","202.646153846096"
"206.66284861894022","204.815384615428"
"206.14203958038829","208.18974358965198"
"202.67433646691393","207.225641025588"
"201.27968893775335","208.18974358965198"
"203.1170710219165","208.912820512888"
"206.02351166994723","211.80512820508"
"208.75792873026037","221.20512820508"
"207.15692330528583","215.179487179492"
"206.7846897604383","204.574358974412"
"200.97846127934503","201.2"
"196.54420936300525","201.2"
"193.99763028465998","196.138461538476"
"190.46867636811027","193.487179487112"
"188.2362731414949","190.59487179492"
"188.67405099244672","188.90769230761998"
"187.4856342480581","188.666666666604"
"187.21403787319719","188.90769230761998"
"187.5638025795536","190.835897435936"
"190.68810375635817","193.728205128128"
"197.30145349524912","201.923076923048"
"207.91837275620446","207.225641025588"
"204.64549425621092","207.225641025588"
"203.4289798764245","206.50256410254002"
"204.4153601728852","204.815384615428"
"203.97420353856148","206.50256410254002"
"205.28148007489378","206.50256410254002"
"203.1529062313167","206.50256410254002"
"201.35410245037164","206.74358974355602"
"202.90001241073043","206.984615384572"
"203.5119235670197","211.082051282032"
"210.16428154587302","220.72307692304798"
"210.1572821629983","210.11794871796798"
"203.5153222055119","206.50256410254002"
"197.49539243133074","201.44102564101598"
"194.98203584544808","196.138461538476"
"191.4463187703664","195.174358974412"
"188.97164853617602","192.041025641016"
"189.695455213937","190.835897435936"
"185.178296403415","187.70256410254"
"181.9876998269616","186.49743589745998"
"183.91959138301021","187.220512820508"
"183.00302368660564","189.871794871872"
"190.12752483261013","193.246153846096"
"194.65966180600287","199.512820512888"
"198.60127057059844","200.235897435936"
"196.94293261690012","202.164102564064"
"199.28436243010464","202.646153846096"
"197.25079292176872","201.44102564101598"
"198.4727119603943","201.44102564101598"
"197.03804923538445","201.44102564101598"
"196.80186273294012","200.476923076952"
"196.9705326655128","197.825641025588"
"201.73604368613076","198.548717948636"
"197.97133956826764","202.40512820508"
"206.5935226293887","217.589743589652"
"210.56406244162417","212.52820512812798"
"208.67011345052282","205.779487179492"
"200.51578264443182","198.06666666660402"
"198.60037717492747","192.523076923048"
"195.48201868582717","194.451282051364"
"194.44201941816445","192.764102564064"
"194.66561540973947","195.415384615428"
"194.7102247911559","193.969230769144"
"191.50545710947418","193.969230769144"
"190.19369160651507","194.69230769237998"
"189.1933580736314","193.246153846096"
"188.2899676234693","194.210256410348"
"191.49501993580142","197.584615384572"
"193.70464917930323","198.06666666660402"
"195.53436217312463","199.030769230856"
"197.11271563830957","199.030769230856"
"193.85110071974856","199.271794871872"
"198.07994464566838","199.030769230856"
"197.7803996780934","199.030769230856"
"196.67902800456466","198.30769230762002"
"195.8179972357824","198.06666666660402"
"194.87629318467458","199.512820512888"
"199.89128368095942","205.779487179492"
"207.1392038534972","207.466666666604"
"209.32986219113593","206.74358974355602"
"202.04039866520404","201.44102564101598"
"198.031515786726","200.476923076952"
"195.73977435936257","200.717948717968"
"195.2712318852562","198.789743589652"
"197.54904257989799","196.138461538476"
"194.34670060650234","195.89743589746"
"192.78027957774682","194.210256410348"
"187.06087990130823","193.487179487112"
"188.5034580095188","192.764102564064"
"186.8788673890279","192.764102564064"
"191.28391093375697","192.282051282032"
"194.5535853298268","193.969230769144"
"195.66868813252364","194.93333333339598"
"196.23347558937883","196.620512820508"
"198.4127062546448","200.958974358984"
"200.69530661101265","202.164102564064"
"202.31583012822637","202.164102564064"
"202.1332785772971","203.128205128128"
"200.15512724531777","200.958974358984"
"199.74025948459715","201.68205128203198"
"200.53513554856266","201.923076923048"
"204.63788380729","208.671794871872"
"211.19221109834768","209.87692307695198"
"211.18680671071627","207.70769230762"
"205.33651311637925","203.61025641034797"
"198.3235525116615","200.958974358984"
"200.1725562852492","201.2"
"196.98471556147518","199.99487179492002"
"194.3034314397679","196.379487179492"
"195.6501491491163","194.210256410348"
"191.09826789635775","192.282051282032"
"187.12672895883105","189.148717948636"
"188.70367115725182","188.425641025588"
"188.1810942208789","192.523076923048"
"194.68376403885512","195.89743589746"
"208.8302307931413","213.49230769238"
"217.55563351174197","229.88205128203202"
"219.6471834965867","218.071794871872"
"212.1784051258462","211.80512820508"
"208.7146698404362","211.80512820508"
"216.75651466615057","215.179487179492"
"214.65436392008831","227.471794871872"
"215.32132025416053","219.517948717968"
"213.76366234517045","217.348717948636"
"215.5393044237078","224.338461538476"
"222.96238585025478","245.30769230762002"
"232.35861051458383","249.40512820508002"
"227.4024891196973","213.010256410348"
"209.80976531261638","202.164102564064"
"199.63041308367394","199.99487179492002"
"202.24728652038127","198.789743589652"
"198.36063329950002","198.30769230762002"
"194.8655688575443","195.65641025644402"
"193.86107743994654","195.65641025644402"
"193.1338850229463","194.69230769237998"
"190.58358864821858","195.174358974412"
"189.383746235581","194.210256410348"
"191.47426293977207","195.415384615428"
"196.53908693415326","199.512820512888"
"206.63060308701608","207.466666666604"
"213.2401918169184","224.338461538476"
"215.7935594878154","214.456410256444"
"209.65220720282662","210.6"
"206.86401193697185","208.43076923085601"
"213.2676529547711","210.84102564101602"
"217.4069282393446","212.52820512812798"
"211.41635572899347","210.84102564101602"
"209.01430087450737","209.39487179492"
"212.35847910189295","213.733333333396"
"223.64488399238996","229.15897435898398"
"230.69623421558828","235.666666666604"
"217.98570734733852","211.80512820508"
"206.88969065130306","208.912820512888"
"201.10092938820915","202.887179487112"
"201.06029985407386","202.646153846096"
"198.2106413346251","199.753846153904"
"194.78507325862404","197.10256410254"
"191.6026223134662","197.10256410254"
"192.19070056359644","195.415384615428"
"191.89181282692755","195.65641025644402"
"191.6969392124115","196.138461538476"
"192.32760113421904","197.584615384572"
"195.71759470253295","200.958974358984"
"204.36335666497928","208.43076923085601"
"216.8599351991876","215.661538461524"
"211.35049164971412","217.10769230762"
"208.14987590341337","213.733333333396"
"205.76039284999882","213.010256410348"
"209.13897981104637","213.97435897441198"
"210.19703311228733","213.251282051364"
"206.0180297487781","212.28717948711198"
"204.84819054877175","212.046153846096"
"210.36496926729905","214.69743589746"
"216.81522912722","224.338461538476"
"225.13370181460232","242.415384615428"
"217.84683649288337","212.52820512812798"
"203.57889444364793","206.984615384572"
"198.3954801223184","202.646153846096"
"197.56196745774324","203.61025641034797"
"195.56921708802238","202.887179487112"
"193.73162327554456","198.30769230762002"
"193.50886624493086","199.271794871872"
"193.94259580538025","197.34358974355598"
"193.04162419213526","197.584615384572"
"193.1340566758326","198.06666666660402"
"194.06167656000343","200.235897435936"
"197.32490730650667","203.128205128128"
"204.47546057372463","208.912820512888"
"212.43670164799565","224.579487179492"
"213.9416235219876","206.50256410254002"
"209.4979660315441","203.851282051364"
"208.08251399403875","202.887179487112"
"209.23958893731606","205.53846153847599"
"209.2746373859166","214.456410256444"
"209.80276400676865","209.153846153904"
"207.45820843298435","210.11794871796798"
"209.30058370876867","215.661538461524"
"216.6823337474431","229.39999999999998"
"231.50291155976765","248.2"
"220.72589572960032","217.830769230856"
"207.42124246754003","204.09230769238002"
"198.41959569036354","202.40512820508"
"198.6184366107481","202.887179487112"
"197.06212727773203","201.44102564101598"
"193.96421609597311","199.030769230856"
"195.49780668305897","199.512820512888"
"189.0333331053128","197.34358974355598"
"188.71939587634472","197.10256410254"
"191.14157560060232","197.584615384572"
"195.2730416537276","196.620512820508"
"198.24049894607765","199.99487179492002"
"201.30889821009526","206.74358974355602"
"208.43287745864842","216.866666666604"
"209.33947739679581","206.984615384572"
"203.7062332323477","206.020512820508"
"200.2974990177073","205.056410256444"
"201.71522232002548","206.984615384572"
"203.48783977969168","206.50256410254002"
"199.2618193981466","205.29743589746"
"197.85909211170855","204.815384615428"
"206.2916175071275","205.29743589746"
"206.20580493491656","213.49230769238"
"226.38597798823946","218.55384615390398"
"218.02960597572218","208.912820512888"
"200.39916369493946","203.369230769144"
"198.90695151803124","202.887179487112"
"195.6993606373818","202.40512820508"
"197.07441434170238","201.2"
"196.34075600796075","199.030769230856"
"196.2916573742695","199.271794871872"
"195.76360480045435","196.620512820508"
"198.285427090994","193.487179487112"
"194.21820100534995","192.764102564064"
"192.53121154870524","193.728205128128"
"193.32157050397643","195.415384615428"
"194.89604296006226","197.825641025588"
"198.24761003016408","200.958974358984"
"197.7586344351907","202.40512820508"
"201.9701212171474","202.646153846096"
"199.48124106919266","202.646153846096"
"201.09228662759153","202.646153846096"
"202.3297684504912","201.2"
"201.80020903772436","200.958974358984"
"201.82340567689008","201.44102564101598"
"203.83570631880758","202.646153846096"
"209.26485834542126","205.53846153847599"
"210.49705973566836","206.50256410254002"
"207.86942326639405","205.056410256444"
"201.5248084566221","202.887179487112"
"200.53672573079615","202.164102564064"
"201.4432896058496","203.128205128128"
"200.26242314255296","203.369230769144"
"202.90835589288253","201.44102564101598"
"200.02007531768484","202.646153846096"
"199.92319274103028","199.99487179492002"
"198.51139431010088","196.379487179492"
"198.3208110661324","196.138461538476"
"198.85691750687153","196.620512820508"
"201.1424563969541","196.620512820508"
"203.41186864642174","195.415384615428"
"202.75281381650132","195.89743589746"
"201.94406857065184","197.825641025588"
"204.32882166219568","202.887179487112"
"206.16382635507767","204.815384615428"
"209.55973498875275","204.333333333396"
"208.94982967475755","203.851282051364"
"205.8039931854542","203.128205128128"
"205.5596501150011","202.646153846096"
"205.94004032977622","203.61025641034797"
"213.53877246383433","209.153846153904"
"217.55859426573073","210.11794871796798"
"215.2296075420903","208.18974358965198"
"208.55153777722066","206.020512820508"
"201.74903822735402","204.574358974412"
"205.36253423624612","205.29743589746"
"203.73218390994384","203.369230769144"
"200.0237930692578","199.99487179492002"
"205.28846889603483","200.476923076952"
"202.6071978188241","198.30769230762002"
"196.4255510225882","195.65641025644402"
"195.9160279225229","195.65641025644402"
"199.07622843214642","197.34358974355598"
"204.20010783876018","202.646153846096"
"213.3768694163537","208.912820512888"
"223.3348317168401","213.97435897441198"
"221.2150084103883","206.261538461524"
"214.9386802342407","204.333333333396"
"212.83790752389757","204.574358974412"
"219.20186717176693","206.261538461524"
"222.4960201808746","208.18974358965198"
"217.73399140280532","209.153846153904"
"216.70257581243965","210.11794871796798"
"219.8922979801416","209.39487179492"
"230.28393630366762","210.6"
"231.2531308022003","209.635897435936"
"215.83687496610207","205.779487179492"
"209.1537047959088","202.646153846096"
"206.0468947927938","201.68205128203198"
"207.6525583626458","205.29743589746"
"207.755357860946","204.09230769238002"
"202.4075017313366","201.68205128203198"
"201.15605276419964","201.923076923048"
"200.14489898152766","201.44102564101598"
"199.77286682835563","201.2"
"199.88875881003958","200.235897435936"
"200.74450774253154","201.2"
"205.97406476949845","204.574358974412"
"210.91025434099717","214.456410256444"
"216.46159343945945","224.579487179492"
"216.35311118640595","205.29743589746"
"207.05226949487593","204.09230769238002"
"204.69715968116148","204.09230769238002"
"210.0271576846652","204.815384615428"
"210.18116382286667","215.90256410254"
"210.06682971473492","216.384615384572"
"209.47399598171197","213.251282051364"
"212.76379882266323","218.55384615390398"
"220.97069848591434","231.56923076914399"
"225.46155028839243","237.83589743593598"
"217.725546016382","217.10769230762"
"208.04532942071359","208.912820512888"
"201.31299078953884","206.261538461524"
"205.67482342861916","207.225641025588"
"203.76560375937245","204.815384615428"
"200.32994162004098","202.164102564064"
"198.90410386268135","202.164102564064"
"199.90188704070448","200.958974358984"
"199.93147970861162","200.717948717968"
"200.2104924787829","199.030769230856"
"199.84464501537462","200.235897435936"
"203.8935278601328","205.29743589746"
"212.53937741137239","212.52820512812798"
"219.30701834964896","217.10769230762"
"213.09470519540196","213.49230769238"
"208.85076440421966","208.912820512888"
"206.69122295952133","208.671794871872"
"209.29412121212533","207.948717948636"
"210.67943479512553","208.43076923085601"
"207.86033279145718","207.70769230762"
"206.0301214240106","207.466666666604"
"212.5384798863215","210.358974358984"
"220.89977511129516","216.62564102558798"
"230.3656366901925","224.338461538476"
"214.42406182091224","208.671794871872"
"203.37876172838935","207.466666666604"
"200.3686916777562","203.851282051364"
"200.73958592474213","205.29743589746"
"200.89688620855384","204.574358974412"
"198.54421358450804","202.40512820508"
"199.87552321902047","202.40512820508"
"200.40535858054966","201.923076923048"
"200.90269481087967","201.923076923048"
"201.00924953476434","201.68205128203198"
"201.87841625020565","202.887179487112"
"206.1466471732897","204.574358974412"
"212.53979845405382","213.733333333396"
"220.4596153826916","210.6"
"211.46709834625352","210.6"
"208.20611848092148","208.671794871872"
"207.28678563012923","208.43076923085601"
"209.44245283837014","208.671794871872"
"211.77169391957773","209.635897435936"
"207.5566721728978","209.39487179492"
"206.38260299407654","210.84102564101602"
"212.28773128017588","224.09743589746"
"222.86233074191117","231.328205128128"
"233.5988167610529","251.09230769238"
"223.9304969058129","235.666666666604"
"212.10260537206375","224.338461538476"
"204.45744922718205","207.948717948636"
"203.22237996180294","207.70769230762"
"201.6976245706797","205.779487179492"
"198.79411951350397","204.333333333396"
"204.18994591905494","202.887179487112"
"202.9706450734322","201.923076923048"
"202.47458096057767","200.958974358984"
"203.21226737736987","199.99487179492002"
"202.99708287265156","199.512820512888"
"206.28155777478582","203.851282051364"
"212.26778144186014","215.661538461524"
"214.91510558538462","230.12307692304802"
"220.02150168033455","224.338461538476"
"212.85430006998973","211.323076923048"
"207.10989360034256","211.082051282032"
"214.68258481297707","211.323076923048"
"211.8972955551789","209.153846153904"
"206.52733877573746","206.984615384572"
"204.5434193685827","206.020512820508"
"212.5478879718323","207.70769230762"
"215.2291029259355","210.84102564101602"
"223.0078584796295","219.035897435936"
"217.9936933831753","206.020512820508"
"209.15364695491422","203.851282051364"
"202.24487654281097","202.164102564064"
"203.86654998412843","201.923076923048"
"202.84809455263758","201.2"
"201.32907998873884","200.235897435936"
"201.86997050898754","199.271794871872"
"200.1354978561542","198.548717948636"
"203.3808293867906","198.06666666660402"
"197.04855559357696","197.825641025588"
"198.55023027756803","198.30769230762002"
"199.180035302646","199.271794871872"
"202.96791194081402","200.717948717968"
"208.18603874605088","200.717948717968"
"205.34379474817","201.2"
"207.09856356006085","201.2"
"205.2684229513328","201.923076923048"
"204.30650999357982","201.923076923048"
"204.26252555994773","201.68205128203198"
"203.49672772022734","201.44102564101598"
"203.58361509135676","201.44102564101598"
"205.67458761725032","202.164102564064"
"207.98421662789838","205.779487179492"
"210.14059813855272","206.984615384572"
"206.18683325619781","204.574358974412"
"201.6244224957449","202.40512820508"
"200.46940091727242","201.923076923048"
"201.94025851990932","201.68205128203198"
"200.68868802343462","201.68205128203198"
"204.27065627194082","201.2"
"201.53107186175134","200.958974358984"
"199.78378582560725","199.753846153904"
"196.2408640237479","199.271794871872"
"197.95248478558995","199.271794871872"
"198.90545437005463","197.584615384572"
"199.9039579433787","196.620512820508"
"201.66846191518408","199.030769230856"
"201.49517702269452","199.271794871872"
"201.11598821654917","200.476923076952"
"203.7358801998181","200.958974358984"
"204.3022615857688","201.2"
"206.91735955689666","201.68205128203198"
"207.01070410039867","201.68205128203198"
"204.67660600604867","201.44102564101598"
"204.51584400465782","201.68205128203198"
"206.25234583933923","202.164102564064"
"212.7451157263774","202.40512820508"
"215.74939483783245","202.40512820508"
"211.81044462284558","202.40512820508"
"206.67236890374505","202.164102564064"
"202.21708138122824","201.923076923048"
"205.381355324786","201.923076923048"
"203.00556442209188","201.68205128203198"
"200.34291845200346","200.958974358984"
"206.56589159089714","198.06666666660402"
"203.24506419434755","197.10256410254"
"198.93320061627617","197.10256410254"
"201.18544934171666","197.34358974355598"
"199.1618361032044","197.584615384572"
"204.42297465738557","201.2"
"211.1001854106612","205.779487179492"
"219.91313381766548","203.851282051364"
"216.35623258011356","202.887179487112"
"212.7113666874492","202.164102564064"
"210.6842810850614","202.887179487112"
"215.4986380135151","203.851282051364"
"215.84535258129205","205.779487179492"
"212.83276821940314","204.09230769238002"
"213.04456566382413","203.61025641034797"
"214.6297311802914","212.769230769144"
"220.91673400316603","242.415384615428"
"229.5131082910058","250.610256410348"
"222.50904797480501","213.97435897441198"
"211.13129607854466","202.164102564064"
"204.86366667283983","201.2"
"208.11584337988882","201.2"
"207.32391449720586","200.476923076952"
"202.20588408556438","199.512820512888"
"201.93390049416152","198.30769230762002"
"201.2845477741592","197.584615384572"
"200.98561213947528","197.34358974355598"
"201.46878510054808","197.825641025588"
"202.89946862455503","198.30769230762002"
"206.22759474897646","201.923076923048"
"211.5029622063633","205.29743589746"
"212.12173609020084","203.128205128128"
"206.60247157706237","203.128205128128"
"204.96655580179873","201.68205128203198"
"203.20671423168446","201.44102564101598"
"207.0710818304466","202.164102564064"
"210.55726322607012","202.164102564064"
"207.48223082511694","201.44102564101598"
"205.74279069093512","200.958974358984"
"212.02619392022237","204.815384615428"
"228.97049828439475","222.65128205136398"
"234.69896424649608","222.65128205136398"
"218.66287274203216","203.851282051364"
"205.39638709445157","200.717948717968"
"200.44713105574826","199.753846153904"
"204.28849141787433","199.512820512888"
"202.43057131741807","198.789743589652"
"199.4744175284294","197.825641025588"
"197.63787071518135","197.584615384572"
"198.19038934600113","195.89743589746"
"197.75097565058226","195.89743589746"
"197.4486650560982","196.620512820508"
"198.09094454906034","197.584615384572"
"202.33296984687627","200.235897435936"
"208.56479536500325","201.44102564101598"
"211.63129539319783","201.44102564101598"
"207.10019425702296","201.2"
"203.08354523575474","199.512820512888"
"202.44360294490272","199.271794871872"
"204.77511968502682","199.512820512888"
"203.86355037837393","199.271794871872"
"200.38699817266092","199.271794871872"
"199.773774492221","199.271794871872"
"205.78458000362662","201.923076923048"
"214.2524952775683","202.887179487112"
"217.4324794816647","201.923076923048"
"202.41556513631662","199.99487179492002"
"197.50964439581844","199.030769230856"
"195.23183227568356","197.825641025588"
"196.82005250565442","196.379487179492"
"195.68425918193583","195.65641025644402"
"193.63901563765495","193.728205128128"
"194.75071166017798","192.041025641016"
"193.78801824557797","190.835897435936"
"193.006424636097","190.59487179492"
"193.69359619558625","191.076923076952"
"194.54170013098846","192.041025641016"
"197.5786300835677","193.969230769144"
"202.90141438725774","197.10256410254"
"205.274381321664","199.271794871872"
"204.55859693168594","199.271794871872"
"202.9854349583659","198.06666666660402"
"203.1444691805393","197.825641025588"
"202.78626933535773","198.30769230762002"
"201.79412786489485","198.30769230762002"
"200.3447366106651","198.06666666660402"
"200.56420055358194","199.030769230856"
"207.25115836032722","203.128205128128"
"211.71860240997808","200.476923076952"
"217.98216137895236","201.68205128203198"
"209.5132701662888","199.271794871872"
"202.90711239304943","198.30769230762002"
"195.41562996195873","197.10256410254"
"196.77665994894397","196.138461538476"
"194.24335534818147","195.174358974412"
"191.67963636816881","192.764102564064"
"187.55687488371765","189.148717948636"
"181.67895554220416","186.979487179492"
"183.02889108416613","186.015384615428"
"183.32030829128902","186.738461538476"
"190.53810013374542","188.666666666604"
"192.10651595279478","190.112820512888"
"196.55350408216617","194.210256410348"
"201.46585948432534","195.89743589746"
"197.11421048548465","195.65641025644402"
"197.2349326155334","195.174358974412"
"198.95528796252563","195.174358974412"
"195.5343259943404","195.415384615428"
"195.48770691096684","195.415384615428"
"193.78859897891397","195.65641025644402"
"192.7505278626993","195.65641025644402"
"200.6009387880516","196.138461538476"
"201.96926048975988","197.584615384572"
"198.20202659661047","198.06666666660402"
"189.87405580620717","196.379487179492"
"193.6501427115946","194.69230769237998"
"195.64638160883024","192.764102564064"
"189.09989762831145","191.55897435898402"
"190.27371253804654","191.076923076952"
"187.29282859680552","188.90769230761998"
"188.6641884370622","186.49743589745998"
"186.1438840120432","183.123076923048"
"187.7935688480215","181.435897435936"
"185.00053640453126","180.953846153904"
"187.33947786300507","182.15897435898398"
"186.13270259945892","184.32820512812802"
"186.74315319379158","187.220512820508"
"184.84874002982775","187.46153846152401"
"186.9403275802334","188.425641025588"
"190.36077158311923","189.630769230856"
"187.8991539901904","190.353846153904"
"192.23445846756434","190.59487179492"
"192.6754207208905","189.630769230856"
"192.0224843201471","189.148717948636"
"191.31024000092438","189.630769230856"
"190.81097495151693","192.041025641016"
"199.13465582586645","193.487179487112"
"195.51899042216567","194.210256410348"
"196.11295409973872","193.246153846096"
"191.87526302933665","191.31794871796802"
"191.96450163310618","189.630769230856"
"193.03282910830274","188.90769230761998"
"189.6403114371626","187.70256410254"
"189.63894892100896","183.60512820508"
"176.38124291283648","179.748717948636"
"170.06409410718553","172.758974358984"
"167.23782830144407","164.80512820508"
"165.44825545739778","162.153846153904"
"167.16087909541167","170.589743589652"
"169.93154493331002","167.215384615428"
"171.4661319261671","169.38461538457202"
"174.11060877740343","171.553846153904"
"172.2605162363573","179.989743589652"
"185.52839138620712","187.46153846152401"
"190.92133082839004","188.425641025588"
"185.3474613473402","189.148717948636"
"186.48509735767897","189.630769230856"
"190.10829545712193","188.184615384572"
"191.36923762871822","187.46153846152401"
"187.23548112065137","189.148717948636"
"188.84054198624239","193.728205128128"
"190.98817860088798","194.93333333339598"
"194.20706856828133","193.969230769144"
"190.76643656083994","193.00512820507998"
"185.12359404005826","192.041025641016"
"189.2488048461387","190.353846153904"
"185.5320700972024","188.184615384572"
"172.65220066848738","186.738461538476"
"172.99851135011792","173.0"
"174.6146423532606","173.482051282032"
"175.83347157248895","184.087179487112"
"184.53243949937394","185.533333333396"
"185.86274286738222","186.738461538476"
"185.33879016322166","189.148717948636"
"193.56398548762866","193.00512820507998"
"205.1440296006157","199.030769230856"
"203.6595849888955","199.030769230856"
"201.98710239283406","199.271794871872"
"201.6293742641596","198.789743589652"
"202.14016134783733","200.717948717968"
"204.63598739415613","202.164102564064"
"203.98701893283584","198.789743589652"
"203.85551054599281","202.40512820508"
"210.2721666238112","206.261538461524"
"220.64386066997173","215.420512820508"
"226.9696790429524","226.748717948636"
"209.86060671440325","201.2"
"195.93321472573535","196.861538461524"
"191.05987138302038","193.969230769144"
"188.22843213920484","192.764102564064"
"187.0329820761403","190.59487179492"
"185.10878535196855","187.70256410254"
"186.48482384982464","187.70256410254"
"180.73619058847981","185.774358974412"
"181.71470428599326","185.533333333396"
"182.1013475702819","186.015384615428"
"187.55465771484864","186.979487179492"
"191.6060234774679","188.90769230761998"
"190.94297217851408","193.969230769144"
"196.03817026188437","198.30769230762002"
"195.8824184212017","196.620512820508"
"194.62516007035055","194.451282051364"
"193.55213358394707","194.93333333339598"
"198.6159330485753","195.174358974412"
"197.187762336199","195.174358974412"
"197.4296050954003","195.174358974412"
"198.30986149913664","195.65641025644402"
"202.3263575360248","198.789743589652"
"208.7758420557268","199.753846153904"
"214.56127242749352","199.271794871872"
"190.7639559478103","195.65641025644402"
"195.38009349557132","193.728205128128"
"193.759270819895","191.31794871796802"
"191.5964917229948","190.112820512888"
"188.40648614279783","187.943589743556"
"186.75785375401335","184.810256410348"
"184.50706827977754","182.641025641016"
"177.7028075696937","175.89230769238"
"176.93013127952034","173.964102564064"
"174.91562279534952","177.09743589746"
"179.42131216248174","182.4"
"184.27799890453744","186.738461538476"
"190.31760440543604","189.38974358965203"
"198.48548362004055","192.764102564064"
"196.2791180015749","193.00512820507998"
"192.77324410410722","192.764102564064"
"193.68308597835434","192.523076923048"
"195.62159476162196","192.282051282032"
"194.53879890735507","192.764102564064"
"193.35689878563107","192.764102564064"
"193.7027155098134","193.246153846096"
"199.9891751799309","194.451282051364"
"201.89291042248186","195.415384615428"
"203.56916232017593","196.620512820508"
"196.21415035473734","194.210256410348"
"191.87417381574454","192.764102564064"
"190.80279724627607","191.31794871796802"
"190.41272474447862","190.353846153904"
"189.70992845296428","188.90769230761998"
"186.60741433810796","186.49743589745998"
"186.37227313172482","184.087179487112"
"183.00204012335334","178.543589743556"
"179.03693899828298","177.82051282050801"
"179.5468480459652","179.02564102558802"
"178.70884496143685","182.15897435898398"
"182.52473629014426","186.979487179492"
"184.65886562825492","189.630769230856"
"194.63045529477282","192.764102564064"
"190.88837222808377","192.764102564064"
"190.95290745350633","192.041025641016"
"193.32534157664085","191.8"
"190.5074818925409","192.041025641016"
"193.35554639364733","191.8"
"193.35277444662088","191.8"
"193.5974789941867","192.282051282032"
"197.4603716053714","194.210256410348"
"199.12382870271264","195.415384615428"
"201.65274507419386","195.65641025644402"
"195.2534428861211","193.728205128128"
"191.4330686426847","192.764102564064"
"191.15666510433658","191.8"
"191.76409083778395","191.31794871796802"
"191.44732879392166","190.59487179492"
"188.89909827845693","188.425641025588"
"191.15915329908347","187.46153846152401"
"188.76912651387676","186.738461538476"
"186.89817039935758","186.738461538476"
"189.9305651506055","187.70256410254"
"191.68888707073992","188.666666666604"
"196.15172999338017","191.31794871796802"
"199.1282126536439","192.282051282032"
"202.61989459809104","195.65641025644402"
"202.59457315801816","195.89743589746"
"200.05884828298497","195.415384615428"
"199.6246634601606","195.174358974412"
"201.35349810544977","195.415384615428"
"198.85500678494188","195.415384615428"
"195.06094169265302","195.65641025644402"
"195.26687170149154","196.379487179492"
"200.36519255114902","197.584615384572"
"199.8022233894664","197.34358974355598"
"200.41313950770763","196.620512820508"
"194.3224262006979","195.89743589746"
"196.43241688177642","195.174358974412"
"193.3376905786804","193.969230769144"
"194.75519747575888","193.00512820507998"
"194.32039134076757","191.55897435898402"
"190.27247960913655","189.630769230856"
"182.47358837241163","189.38974358965203"
"180.83748211507722","187.70256410254"
"182.61529349673265","186.979487179492"
"180.81562064402942","185.774358974412"
"182.66656149549434","184.32820512812802"
"182.83894156598618","185.29230769237998"
"184.8375177614191","186.49743589745998"
"180.4348389585955","187.46153846152401"
"181.95672636215298","187.70256410254"
"184.42903728428445","188.666666666604"
"182.80306598771037","189.38974358965203"
"188.2761461153108","189.38974358965203"
"187.53795031841094","189.148717948636"
"186.6482832249347","188.666666666604"
"187.14536106082912","188.90769230761998"
"185.96936357446384","190.353846153904"
"194.11003663263298","192.523076923048"
"190.0325877923296","193.487179487112"
"190.74150474324784","192.523076923048"
"188.1810333561586","190.353846153904"
"191.0719662379266","188.184615384572"
"188.48006890780658","187.70256410254"
"185.71631884224428","186.25641025644398"
"178.1423965323639","184.810256410348"
"170.90209912765687","183.123076923048"
"166.95004390956015","168.420512820508"
"162.42000126684266","161.430769230856"
"160.43827214430738","159.743589743556"
"162.43757099366704","155.646153846096"
"161.7924683452009","151.066666666604"
"162.65730155984775","160.466666666604"
"164.7870612125628","173.72307692304798"
"168.46892820455682","181.19487179492"
"178.75580069365805","186.738461538476"
"185.13977115753477","187.943589743556"
"181.62641222937197","188.666666666604"
"184.2311434368118","188.666666666604"
"186.42350808219044","189.148717948636"
"187.50329022643808","189.871794871872"
"185.22161116827283","191.55897435898402"
"193.71496092638913","193.246153846096"
"197.85365155287067","194.210256410348"
"193.8835090185524","193.969230769144"
"193.60118330427662","193.487179487112"
"190.8264317993781","192.282051282032"
"191.82391293403856","191.8"
"188.30369647348675","190.353846153904"
"184.05330381197732","187.943589743556"
"181.29182332570227","189.871794871872"
"169.91442624781257","186.979487179492"
"169.48226437678235","178.30256410254"
"168.27012903872162","179.266666666604"
"170.60977905704704","182.15897435898398"
"173.067588674226","189.871794871872"
"184.0964062305513","193.969230769144"
"197.658828988229","197.10256410254"
"192.38883892978876","196.620512820508"
"190.08618450640535","196.138461538476"
"195.08481600746973","196.620512820508"
"198.07532451953554","196.620512820508"
"193.67429344925188","196.138461538476"
"195.34575630461055","196.138461538476"
"199.0143689179755","197.10256410254"
"203.1857144300849","204.09230769238002"
"205.09560894076952","199.030769230856"
"211.0623111467959","199.753846153904"
"192.55318251689084","196.861538461524"
"192.6517006200309","195.65641025644402"
"191.9503626066042","194.210256410348"
"192.1751494358806","193.728205128128"
"188.38161601799573","191.8"
"187.38538029521084","190.59487179492"
"192.0081838829202","190.112820512888"
"189.74433022635964","189.148717948636"
"186.79060468424046","189.38974358965203"
"186.19042760933422","188.184615384572"
"190.3580372036743","188.425641025588"
"192.9309531184918","191.076923076952"
"197.6131637434864","193.487179487112"
"201.67108491896408","196.620512820508"
"200.4389343968782","196.620512820508"
"196.97876949217084","195.415384615428"
"199.86066576653295","195.415384615428"
"199.26326771683162","196.861538461524"
"200.08715465905297","196.620512820508"
"199.99517368991343","196.861538461524"
"199.75621945799804","196.861538461524"
"203.95982989858425","197.584615384572"
"200.5135925867166","198.30769230762002"
"199.36176420471278","198.30769230762002"
"196.3126865900297","196.861538461524"
"196.08932895595814","195.174358974412"
"192.82605201906412","193.728205128128"
"193.7568248644968","193.487179487112"
"188.3953414354153","192.523076923048"
"188.1589759624629","190.59487179492"
"186.2664415904245","189.148717948636"
"184.83779982146288","188.425641025588"
"184.12612570756937","188.425641025588"
"184.37395350553572","187.943589743556"
"186.07104314755253","188.425641025588"
"190.47513951427544","191.8"
"194.9779401923201","194.93333333339598"
"201.79741367290558","203.61025641034797"
"201.576326256514","203.851282051364"
"198.67090976003132","198.548717948636"
"199.01481003984208","197.34358974355598"
"200.6905754140114","201.2"
"199.81454693322343","200.235897435936"
"196.92812494344008","200.235897435936"
"196.97019099750725","202.164102564064"
"201.41135638506756","206.74358974355602"
"205.34397268453824","213.733333333396"
"209.05349316537536","217.10769230762"
"202.35039641212154","202.887179487112"
"195.69716131383464","197.10256410254"
"193.3373745381229","195.89743589746"
"192.56603187530374","195.415384615428"
"192.92339019410758","193.969230769144"
"190.40111277533833","191.8"
"190.06553686462712","188.425641025588"
"189.2418574757299","188.425641025588"
"189.3027433935868","186.015384615428"
"189.141760874333","185.05128205136398"
"189.02197289142686","187.46153846152401"
"192.6469421965433","191.55897435898402"
"198.06815199083997","196.138461538476"
"205.37945272838343","208.43076923085601"
"205.26372806728236","209.153846153904"
"201.9507716164648","202.887179487112"
"200.95656346573196","201.68205128203198"
"201.38439031471776","204.333333333396"
"200.54290292396888","206.261538461524"
"199.18235428920377","206.50256410254002"
"200.38675842007825","204.815384615428"
"201.39644294201133","203.61025641034797"
"205.9272814445516","205.29743589746"
"209.21066642685741","202.40512820508"
"191.33640538197116","196.620512820508"
"188.45275196293096","194.451282051364"
"187.51662977901492","192.764102564064"
"190.80262333382552","192.041025641016"
"189.14422898783522","190.353846153904"
"186.521419760658","188.184615384572"
"181.79427406802438","180.47179487187202"
"172.86356059952067","174.20512820508"
"171.27503842454783","173.482051282032"
"171.190662695903","177.09743589746"
"178.04631869431634","179.50769230762"
"180.29461897026414","187.46153846152401"
"187.11961347820613","191.076923076952"
"203.12590005378078","194.451282051364"
"199.0424454448313","195.174358974412"
"202.59815271561973","194.93333333339598"
"201.37000675155696","194.69230769237998"
"194.80888847789384","194.451282051364"
"196.14423531451706","193.969230769144"
"198.88098201928625","193.00512820507998"
"196.77326885086325","193.487179487112"
"202.32966962934006","194.451282051364"
"195.37881869898126","194.93333333339598"
"196.06620856426832","194.69230769237998"
"188.9254386929831","193.246153846096"
"185.8405872390836","191.31794871796802"
"191.7382067416024","190.112820512888"
"187.71875159922683","189.38974358965203"
"182.66204996241902","188.666666666604"
"179.04216449299543","187.46153846152401"
"180.86133471198312","186.015384615428"
"178.01224923202315","181.917948717968"
"177.1590847597283","180.230769230856"
"176.8725037129272","179.989743589652"
"178.08643324283074","182.15897435898398"
"181.16976259305244","183.846153846096"
"183.52172193204612","184.810256410348"
"180.87659664584143","186.015384615428"
"183.17952869354377","186.49743589745998"
"184.90020846947925","187.46153846152401"
"182.71864332355895","188.184615384572"
"186.57587197111374","188.425641025588"
"186.21338055566875","188.184615384572"
"185.17834959128385","187.943589743556"
"185.22680990919167","188.425641025588"
"184.1937165532923","190.112820512888"
"192.05872606273107","191.31794871796802"
"188.5826729149963","192.282051282032"
"188.3398547464443","191.076923076952"
"185.0819969521302","190.112820512888"
"189.9899672311611","188.90769230761998"
"187.1637012814217","188.425641025588"
"184.99881116479182","187.46153846152401"
"179.34864610624217","186.979487179492"
"173.9161326949696","187.220512820508"
"167.4398612978273","186.49743589745998"
"166.03302843474617","184.32820512812802"
"166.145367824342","183.36410256406398"
"166.53787955977648","186.738461538476"
"171.30909205117098","186.25641025644398"
"177.27080049864395","188.184615384572"
"184.9267005365377","188.666666666604"
"189.17681352358463","188.90769230761998"
"190.33655757015143","189.38974358965203"
"192.40403047923354","190.353846153904"
"192.08336630245105","191.076923076952"
"190.96501821787115","191.076923076952"
"189.77710162581036","191.31794871796802"
"191.3801642786431","191.8"
"186.99652499291318","193.969230769144"
"192.10467378873545","194.93333333339598"
"195.16203594192314","194.93333333339598"
"191.6758298522222","194.210256410348"
"190.7047242851683","192.764102564064"
"189.43799444808897","191.55897435898402"
"189.13740789975475","190.835897435936"
"186.93452174518393","189.148717948636"
"183.28143554520446","187.943589743556"
"182.50173112323492","187.46153846152401"
"179.22938845738423","186.738461538476"
"192.13484706534416","186.49743589745998"
"187.79766622300593","181.435897435936"
"187.76673312839952","183.60512820508"
"195.27533032406416","189.38974358965203"
"206.06915930934355","200.235897435936"
"204.3152396686778","216.384615384572"
"204.94442259219173","196.138461538476"
"197.4457156650238","195.65641025644402"
"199.21126282717387","195.415384615428"
"200.32037785130063","195.65641025644402"
"204.63061642049354","195.415384615428"
"202.59252911569678","195.415384615428"
"201.46251922996356","198.06666666660402"
"208.45633530713795","224.09743589746"
"216.45772858030682","216.384615384572"
"219.13212742143958","206.50256410254002"
"198.15561974392614","195.65641025644402"
"193.82441966239355","194.210256410348"
"193.2266217532108","192.282051282032"
"191.8100984421783","191.076923076952"
"190.17388437390827","189.38974358965203"
"187.07389298140487","187.46153846152401"
"188.2653072344954","187.220512820508"
"181.7821497099878","186.015384615428"
"178.03348717549696","183.846153846096"
"174.44444495028014","177.338461538476"
"177.7881409412833","177.82051282050801"
"180.7280403970509","192.764102564064"
"188.46012668034837","198.06666666660402"
"195.19339695859955","208.43076923085601"
"186.9544326697531","194.210256410348"
"187.30692909732937","192.523076923048"
"189.54064590216848","192.764102564064"
"185.18396226761013","192.041025641016"
"186.1143415904595","198.06666666660402"
"193.1450508895827","195.65641025644402"
"194.08087596042338","199.271794871872"
"206.04904905366925","209.635897435936"
"205.6014531777898","209.87692307695198"
"202.1343735964284","194.451282051364"
"184.20260566718574","193.00512820507998"
"188.90623241204537","191.8"
"191.60840899824925","190.353846153904"
"189.55951310297365","189.871794871872"
"186.13808080998245","187.943589743556"
"183.67153768279877","185.05128205136398"
"180.17100139836614","182.15897435898398"
"174.26403143638262","173.241025641016"
"165.95795964148735","174.446153846096"
"164.411052705864","168.17948717949199"
"165.1874805813031","176.133333333396"
"177.8985053439374","186.25641025644398"
"184.56647170334887","189.148717948636"
"196.1802157132921","192.041025641016"
"193.51753206487547","192.523076923048"
"191.11086512294344","191.55897435898402"
"191.6179987809523","191.8"
"192.74197215698678","191.8"
"194.7766937448486","191.55897435898402"
"193.15484486734965","192.764102564064"
"194.93559170235065","194.451282051364"
"203.62348639613663","195.174358974412"
"206.55542684628995","195.415384615428"
"203.06042837166083","195.415384615428"
"193.38255371647978","193.969230769144"
"189.8225245017382","191.55897435898402"
"189.24307595875092","189.630769230856"
"189.727323755638","188.90769230761998"
"188.74688072627157","187.46153846152401"
"185.4292799107272","185.05128205136398"
"184.73114729837746","184.32820512812802"
"183.241439511847","175.651282051364"
"180.37112900595395","174.687179487112"
"178.1437198636304","169.38461538457202"
"179.6859298184703","173.72307692304798"
"185.00926812555358","186.738461538476"
"189.8426875583831","189.871794871872"
"199.8215072837496","192.523076923048"
"198.4476763226027","194.210256410348"
"196.34079596533024","193.00512820507998"
"197.10581761058086","193.00512820507998"
"196.63260739612298","193.246153846096"
"196.97362669870176","193.487179487112"
"196.33479328202134","193.728205128128"
"196.270148172289","194.210256410348"
"199.26059192710102","196.138461538476"
"201.37263938140165","200.235897435936"
"202.82848217198267","197.10256410254"
"196.0257849924225","195.89743589746"
"192.3948951660762","193.246153846096"
"190.4752362740674","191.31794871796802"
"190.83147540975693","191.55897435898402"
"190.40989605946146","189.630769230856"
"187.62391186742704","188.184615384572"
"188.47154249439478","186.25641025644398"
"183.98741207460756","185.774358974412"
"182.7862162185754","185.774358974412"
"183.81009521045945","186.979487179492"
"186.73590683573968","187.70256410254"
"194.88958065200245","189.148717948636"
"198.71258006840722","193.00512820507998"
"202.47089088417454","196.861538461524"
"204.9150002636458","198.06666666660402"
"202.15051472408626","195.89743589746"
"201.7638192210553","195.415384615428"
"202.7579241840226","195.174358974412"
"199.48411429668346","196.620512820508"
"196.89468438345153","195.89743589746"
"195.66826512814094","196.138461538476"
"198.6895620173851","196.379487179492"
"198.44088912683918","196.861538461524"
"196.30911581948706","196.379487179492"
"192.2113080124949","194.93333333339598"
"193.7853506704941","193.487179487112"
"191.64037604753486","191.076923076952"
"192.61318758123875","190.353846153904"
"191.41698017289525","189.148717948636"
"189.70071993804078","187.70256410254"
"180.38907211674675","180.71282051288802"
"175.61504438373095","172.27692307695202"
"173.55017653389703","167.215384615428"
"171.3811681466001","166.251282051364"
"171.813710008243","166.97435897441198"
"172.41350537115483","170.589743589652"
"177.57887867761573","180.953846153904"
"184.0628409178023","183.123076923048"
"188.4563364647576","186.49743589745998"
"188.75998994015401","188.90769230761998"
"187.10019884261115","189.38974358965203"
"190.20732174001668","189.38974358965203"
"190.9494819056256","188.666666666604"
"189.37493056330317","188.425641025588"
"190.35023892097217","189.148717948636"
"186.41827290530367","190.112820512888"
"194.27740518039167","191.31794871796802"
"191.8762596644932","191.8"
"190.03191986995085","190.835897435936"
"189.88416950880787","189.148717948636"
"191.5695508009182","187.943589743556"
"189.0347024050188","186.49743589745998"
"187.47533268620353","185.533333333396"
"187.86359972699967","182.4"
"178.8058369733611","180.47179487187202"
"177.4593106818003","170.10769230762"
"170.31084873809107","163.84102564101602"
"167.84235812872802","158.53846153847599"
"169.02482667133796","158.779487179492"
"173.30189822515013","161.912820512888"
"175.73382043697057","164.323076923048"
"178.56451167621267","166.97435897441198"
"180.80750381613208","175.89230769238"
"184.97979558068153","186.015384615428"
"190.39866946320998","186.738461538476"
"190.30432018795105","187.46153846152401"
"188.32686916444163","186.738461538476"
"190.65441680884982","186.25641025644398"
"191.46026907239064","186.738461538476"
"191.43590141794022","188.425641025588"
"193.73103909014276","190.353846153904"
"196.7313913044855","191.31794871796802"
"192.7155101343367","190.353846153904"
"191.64049883226005","189.148717948636"
"188.8361526796432","187.70256410254"
"189.08632500713884","186.49743589745998"
"186.85607349225705","185.533333333396"
"183.1261922292056","182.641025641016"
"178.73447755351438","185.05128205136398"
"168.67117172341267","184.810256410348"
"175.10503307367836","185.05128205136398"
"168.20462080925216","185.29230769237998"
"174.86813497107985","186.015384615428"
"181.91787883721048","187.943589743556"
"189.97848047167787","190.835897435936"
"199.205516492472","193.728205128128"
"188.9307148603343","194.69230769237998"
"191.51145505020713","193.969230769144"
"192.23863485108035","194.210256410348"
"192.33085106782283","194.210256410348"
"188.328216355921","193.969230769144"
"190.96179268215548","193.969230769144"
"197.93204135869223","194.210256410348"
"208.59876550711934","195.415384615428"
"204.7666736557379","196.379487179492"
"207.02415259474645","196.379487179492"
"194.45871785996366","194.69230769237998"
"193.29137808960178","192.523076923048"
"190.71522297193775","190.59487179492"
"190.32999665933448","188.90769230761998"
"188.8010462156559","188.184615384572"
"185.0329545771112","185.774358974412"
"187.98651677278315","185.05128205136398"
"184.62997976517954","184.32820512812802"
"182.69525459564719","184.32820512812802"
"183.0640800876539","184.810256410348"
"183.78952789186093","185.533333333396"
"191.57873887849044","187.46153846152401"
"195.49948470491626","191.55897435898402"
"201.34440482201796","195.415384615428"
"198.60394984685433","196.861538461524"
"197.71395208523444","195.174358974412"
"198.12236850505485","194.69230769237998"
"198.55144948436504","194.69230769237998"
"199.0472460411085","194.69230769237998"
"197.2435403998001","194.69230769237998"
"197.91283659194744","195.65641025644402"
"204.35395201973927","199.512820512888"
"207.4165941451086","199.271794871872"
"202.71981331422316","198.06666666660402"
"197.68607517505862","195.65641025644402"
"194.2373521687561","193.969230769144"
"191.17117468461853","191.55897435898402"
"192.58751781324418","190.353846153904"
"191.1992561740529","188.90769230761998"
"188.40291775377216","186.015384615428"
"186.17862000970337","185.774358974412"
"184.93609460010617","185.05128205136398"
"185.27906930983625","185.05128205136398"
"184.2346973620034","185.29230769237998"
"184.9855018397791","185.774358974412"
"188.848066406123","187.70256410254"
"192.96385693108198","191.076923076952"
"197.3544701503921","195.65641025644402"
"197.497804068945","197.584615384572"
"195.03375206746108","195.415384615428"
"194.8207360387388","194.93333333339598"
"196.08526407429508","195.415384615428"
"194.03649545774653","195.415384615428"
"191.6529376776889","194.93333333339598"
"192.40512408165043","195.65641025644402"
"198.34990944223432","198.06666666660402"
"199.84667517995115","199.271794871872"
"200.10830819775808","198.06666666660402"
"195.91325151676818","195.415384615428"
"191.76133203707536","193.969230769144"
"191.52564451888202","191.8"
"189.40534960323467","190.112820512888"
"189.72776264741458","188.184615384572"
"186.82024063288583","186.49743589745998"
"186.93616257393046","186.25641025644398"
"186.29075871901478","185.29230769237998"
"185.9822656517764","185.29230769237998"
"184.74777914536546","185.29230769237998"
"184.7268388748428","185.774358974412"
"188.43755780186288","187.943589743556"
"191.44686483050936","192.041025641016"
"195.04380032552524","194.69230769237998"
"195.71452046475474","195.415384615428"
"194.15743016220893","193.969230769144"
"195.34143937539847","193.487179487112"
"195.3804947445991","193.246153846096"
"193.8965101341152","193.487179487112"
"191.06171321840185","193.728205128128"
"191.3343094822202","193.487179487112"
"196.79449709344823","193.728205128128"
"198.72294016475345","194.210256410348"
"197.25160028517286","193.728205128128"
"193.4497736079651","192.523076923048"
"190.15413807630964","191.076923076952"
"189.37525018649626","188.666666666604"
"188.8526760737762","186.979487179492"
"188.2408527243933","185.533333333396"
"186.30522971619712","183.36410256406398"
"188.50269936582126","183.36410256406398"
"184.8010719624883","182.4"
"183.01945776942173","181.435897435936"
"182.90639479729404","181.917948717968"
"183.82725836312852","182.15897435898398"
"185.5453899949172","183.123076923048"
"186.41828445241964","184.569230769144"
"188.47547203292254","186.25641025644398"
"187.6599500498309","186.979487179492"
"187.59017538398896","186.25641025644398"
"185.79875902637207","185.774358974412"
"187.14948228603865","185.533333333396"
"183.72979123984376","185.29230769237998"
"185.17261247372318","184.810256410348"
"185.52348823347222","184.810256410348"
"191.8621571364702","185.05128205136398"
"182.47562495619664","185.774358974412"
"185.7471984300116","186.015384615428"
"182.0637528254685","185.29230769237998"
"188.78767150289067","183.60512820508"
"188.37986666309814","182.4"
"188.73944018898592","182.4"
"188.19054239157265","181.19487179492"
"186.80159636278742","178.543589743556"
"181.96784488981595","169.38461538457202"
"170.84763927036582","159.984615384572"
"166.69510995650268","156.369230769144"
"165.379038676577","148.89743589746"
"162.94899375223446","148.89743589746"
"164.06815022734187","147.69230769238"
"165.03235855184624","151.066666666604"
"165.54019961383264","166.010256410348"
"177.04344916965556","175.410256410348"
"177.5896049893867","181.435897435936"
"177.17061456440155","182.882051282032"
"183.2281573540636","183.123076923048"
"182.70220161558032","182.882051282032"
"181.3533911820296","182.4"
"184.53264277711108","182.4"
"182.95925745400524","182.4"
"188.18829503340095","184.810256410348"
"187.95392027801478","184.810256410348"
"185.77886788152924","183.123076923048"
"186.86257220818993","181.435897435936"
"188.1900981780002","180.71282051288802"
"183.08254334491065","179.748717948636"
"180.24133400263608","179.266666666604"
"172.8663416108748","175.410256410348"
"162.43416936410011","160.94871794863602"
"155.98878059085862","149.379487179492"
"153.73283670598306","139.738461538476"
"152.61909740650827","134.19487179492"
"152.83528098244028","133.71282051288802"
"153.59635702846015","135.641025641016"
"155.1913451582657","135.882051282032"
"158.2155880610482","148.415384615428"
"164.79834445418527","150.34358974355598"
"166.4171323507275","156.128205128128"
"170.56511761591182","166.733333333396"
"173.0955226490498","172.758974358984"
"171.66219937394126","170.348717948636"
"170.05455363503765","165.769230769144"
"169.88654287388346","160.94871794863602"
"168.87260495158688","163.117948717968"
"171.57373702577237","167.456410256444"
"172.64385598340067","178.061538461524"
"174.78074489895062","177.09743589746"
"174.4607414153442","172.27692307695202"
"180.21000553962233","166.010256410348"
"173.1269017552631","164.323076923048"
"170.9290574949136","156.128205128128"
"158.82881914390293","137.087179487112"
"154.0357506371971","131.30256410254"
"153.77253321032418","126.964102564064"
"152.7544646689023","126.48205128203199"
"152.03894362170416","127.92820512812798"
"152.5122203881612","132.50769230762"
"155.4318468030051","138.29230769237998"
"159.37733983720366","132.748717948636"
"167.36788613637245","147.210256410348"
"165.24226848605392","148.174358974412"
"164.43888862756503","160.70769230762002"
"171.7208098145471","165.046153846096"
"169.05235152812062","167.69743589746"
"168.17893771021622","166.49230769238"
"168.81902596521462","166.97435897441198"
"167.3772537487035","168.90256410254"
"171.28748997312107","175.169230769144"
"168.5135543435551","178.784615384572"
"176.0017281004556","178.061538461524"
"170.92606500704818","175.169230769144"
"163.90954347418491","168.661538461524"
"171.14303364266195","164.323076923048"
"158.15350154402853","162.39487179492"
"157.549616746512","157.09230769238002"
"154.41739377285523","148.65641025644402"
"158.4940102559019","156.369230769144"
"156.07919709028826","148.65641025644402"
"156.0190202745214","145.76410256406402"
"155.91098555880527","146.728205128128"
"158.85770059366368","153.717948717968"
"159.83026219292128","162.39487179492"
"159.7639100615157","172.517948717968"
"166.32920926888374","176.85641025644398"
"170.9197500631241","179.02564102558802"
"176.90149251321142","181.19487179492"
"181.94762099725614","181.917948717968"
"182.64607574937952","182.15897435898398"
"182.20890292882794","182.4"
"184.03146484896192","182.882051282032"
"185.31571085460897","183.60512820508"
"192.62854701893724","185.774358974412"
"190.21243473913833","186.979487179492"
"189.90423395083843","186.738461538476"
"187.57939423025363","186.015384615428"
"184.39421624540938","184.810256410348"
"182.3339433636944","183.36410256406398"
"183.04675994124918","182.882051282032"
"181.29005053476646","181.19487179492"
"179.93275207616844","176.374358974412"
"179.75410855074168","179.266666666604"
"180.02206592093097","177.09743589746"
"179.01020448580763","175.410256410348"
"178.84116703303494","175.169230769144"
"178.7976406248653","177.579487179492"
"181.16593480402372","179.50769230762"
"183.78821066153492","181.676923076952"
"186.35587979200125","183.123076923048"
"185.68608168628552","184.569230769144"
"185.0783569984771","184.810256410348"
"184.67285835642934","184.810256410348"
"185.49408383304007","184.569230769144"
"184.29161329949105","183.36410256406398"
"182.75024258451964","182.641025641016"
"183.2717274224726","183.123076923048"
"188.3184110513101","184.087179487112"
"186.65501862112734","184.569230769144"
"186.12848334697503","184.32820512812802"
"177.00596513701487","183.36410256406398"
"180.27612750197554","181.676923076952"
"181.76298642953293","179.02564102558802"
"178.5983103801233","176.374358974412"
"175.76085620651583","170.589743589652"
"176.1099235199085","164.80512820508"
"168.82603512824855","164.564102564064"
"161.79319988611476","153.958974358984"
"159.34448718784395","149.379487179492"
"159.70476107258787","147.69230769238"
"159.5792350958379","148.174358974412"
"159.60925209017395","158.29743589746"
"163.17088568820768","166.251282051364"
"170.59300234499833","175.89230769238"
"173.36664926138457","179.02564102558802"
"172.5463980858699","180.230769230856"
"174.62514698234887","180.71282051288802"
"174.41393743281648","180.71282051288802"
"175.49595048199845","180.230769230856"
"180.41897268447784","179.748717948636"
"182.32097330559648","179.989743589652"
"186.651094992602","181.676923076952"
"186.61087556938256","182.641025641016"
"186.38444139228966","183.123076923048"
"184.57197913646846","182.641025641016"
"182.90721676288106","181.435897435936"
"183.0965649746125","180.47179487187202"
"182.46886528280234","179.50769230762"
"181.701868504433","176.85641025644398"
"179.7182316469798","170.348717948636"
"179.78336413233478","163.117948717968"
"172.05972680813653","161.67179487187198"
"167.0919758311358","161.189743589652"
"168.51655797783476","161.430769230856"
"166.6090601070263","161.67179487187198"
"168.71842123079676","171.312820512888"
"173.70839532487852","180.953846153904"
"176.52688040220372","183.123076923048"
"175.20823696220543","184.32820512812802"
"176.0006165659101","184.810256410348"
"178.1376116480784","185.774358974412"
"179.8499392368644","185.533333333396"
"180.72914375619115","185.29230769237998"
"183.36762407998611","184.810256410348"
"185.5157163002809","185.05128205136398"
"191.69746608793622","187.220512820508"
"188.2281775529153","188.666666666604"
"189.97733979024363","189.630769230856"
"187.94029345038507","188.666666666604"
"186.95513036409255","187.220512820508"
"185.57518512554662","185.29230769237998"
"186.5190146334553","184.569230769144"
"186.10403702114593","184.087179487112"
"183.39818444827222","182.4"
"182.4554680869496","185.29230769237998"
"181.254460551569","180.953846153904"
"179.91063715852508","176.374358974412"
"177.87448162979214","174.446153846096"
"175.92219232909454","175.169230769144"
"178.66805531420383","177.09743589746"
"179.91902697865453","177.09743589746"
"181.85255263521069","181.19487179492"
"188.2843484928209","185.05128205136398"
"187.84613837473913","186.015384615428"
"187.3237693843531","187.220512820508"
"191.02609757890298","187.46153846152401"
"189.70286713135192","187.70256410254"
"187.1063587865335","187.70256410254"
"186.56851039933414","188.184615384572"
"185.5744969036278","193.00512820507998"
"190.45142604663164","206.020512820508"
"191.55457619311744","206.261538461524"
"189.18532543975664","194.210256410348"
"185.96806762667916","187.70256410254"
"188.32803666293051","185.533333333396"
"183.44592715780263","184.810256410348"
"182.48538097696598","183.846153846096"
"172.610182339792","170.830769230856"
"163.60722173935864","168.17948717949199"
"162.67504924581505","177.82051282050801"
"163.1685388798717","176.85641025644398"
"165.4073553921892","175.410256410348"
"166.9505285257623","175.410256410348"
"171.1921338744263","172.27692307695202"
"168.9599682418753","172.27692307695202"
"173.4472712710755","169.38461538457202"
"173.46556005643947","169.38461538457202"
"177.34944402976294","173.72307692304798"
"179.76324128596178","177.82051282050801"
"182.4916677204461","178.30256410254"
"184.04190465467636","177.82051282050801"
"183.1246081906168","178.061538461524"
"179.7795484164999","179.50769230762"
"180.32288353950338","181.435897435936"
"187.04012974510312","184.810256410348"
"190.73725805922643","186.25641025644398"
"188.15550069026227","185.05128205136398"
"184.42877002335894","181.19487179492"
"181.88524956847615","178.30256410254"
"180.98666168360867","176.133333333396"
"178.23698781570732","169.866666666604"
"175.19541496736383","178.543589743556"
"173.1035803059097","177.09743589746"
"167.89768612475677","175.410256410348"
"168.84243084225923","175.651282051364"
"169.46440045393834","177.579487179492"
"172.12273199564203","176.85641025644398"
"175.01413560602074","175.89230769238"
"182.26275602979013","194.451282051364"
"184.90854406128372","194.69230769237998"
"185.45441660819483","193.728205128128"
"189.7424777295759","195.415384615428"
"188.94638098076908","198.30769230762002"
"190.86359387919597","188.666666666604"
"187.0626894817613","189.38974358965203"
"189.65569023588176","190.59487179492"
"194.3914163247492","193.00512820507998"
"196.6351471813706","193.246153846096"
"193.96218817579592","193.728205128128"
"188.27621323519514","189.871794871872"
"186.8947048412566","188.425641025588"
"183.62895605108739","186.738461538476"
"181.2940697532571","185.533333333396"
"181.03472585045049","183.123076923048"
"177.63775241318703","178.543589743556"
"176.19256767854404","177.82051282050801"
"172.6490105930034","171.553846153904"
"165.5910144578513","164.80512820508"
"165.32372587315015","161.189743589652"
"164.41473944855184","159.984615384572"
"166.26502970543214","169.38461538457202"
"172.0014369972775","185.29230769237998"
"192.42284828978327","192.041025641016"
"190.22380888708994","186.015384615428"
"188.8380281207654","185.774358974412"
"191.29421107560296","185.774358974412"
"185.76432985590736","185.533333333396"
"180.81112712712206","185.533333333396"
"182.9051491931742","185.774358974412"
"184.4824883585404","185.774358974412"
"178.101844209845","186.25641025644398"
"186.6400038447549","186.49743589745998"
"187.69482853572518","186.25641025644398"
"181.50415211883293","186.015384615428"
"178.06377350809908","185.05128205136398"
"182.4861800407926","186.25641025644398"
"176.91274274141134","177.579487179492"
"172.04607289303297","177.579487179492"
"161.41038450851568","154.441025641016"
"154.71453776956787","134.917948717968"
"152.22327656183896","126.0"
"150.78863089831304","126.0"
"151.10517145590816","143.59487179492"
"152.7774731389809","145.523076923048"
"161.2578625327983","162.876923076952"
"181.29253989092572","196.861538461524"
"188.27498002684428","184.810256410348"
"187.629517830757","184.569230769144"
"190.00945140340065","185.29230769237998"
"186.86166021610177","185.29230769237998"
"186.2423479233447","185.05128205136398"
"184.8835286322017","185.05128205136398"
"185.8768356658682","185.533333333396"
"185.87614484318263","185.774358974412"
"187.71297985702148","186.49743589745998"
"188.29852777986827","186.49743589745998"
"184.79254525470978","186.25641025644398"
"184.2211451088598","185.29230769237998"
"183.6771169654946","184.087179487112"
"182.40709231945397","182.15897435898398"
"180.98318175251202","180.47179487187202"
"178.85958310481254","174.446153846096"
"174.4081332224102","138.29230769237998"
"167.09622066610507","156.128205128128"
"173.51576787703164","189.630769230856"
"174.1240691236942","188.666666666604"
"175.30803825069245","188.90769230761998"
"176.9581448115839","189.630769230856"
"178.89730671158358","189.630769230856"
"185.80617244966922","188.666666666604"
"183.2524840620968","188.184615384572"
"185.07031207160517","188.90769230761998"
"184.7128977680691","190.59487179492"
"186.1697679427428","193.00512820507998"
"187.30746022460377","194.451282051364"
"185.8119411984231","188.425641025588"
"184.24577121375","186.49743589745998"
"185.11642559721463","185.05128205136398"
"185.83881858696319","181.676923076952"
"185.38159585500958","178.784615384572"
"183.85508357702577","159.743589743556"
"177.09572584368632","177.338461538476"
"178.78545715466163","163.358974358984"
"167.0641599657882","154.441025641016"
"166.20011506495905","155.164102564064"
"165.8624683860431","162.876923076952"
"168.46615969043845","164.323076923048"
"174.65825964193908","167.69743589746"
"181.07516177974125","191.076923076952"
"185.8173077128628","195.65641025644402"
"186.69697680720324","195.174358974412"
"187.88418967285457","195.89743589746"
"187.68861729863593","205.779487179492"
"191.34693230941005","198.30769230762002"
"190.57528827166004","192.041025641016"
"190.90712023880218","188.425641025588"
"194.6277485607672","189.38974358965203"
"192.42317097228332","204.815384615428"
"199.68146822391577","219.758974358984"
"200.9982342863071","213.49230769238"
"197.60897211640824","205.779487179492"
"192.22674017157965","187.220512820508"
"187.76886052516977","185.774358974412"
"187.8607268914364","183.846153846096"
"181.24541941408424","181.917948717968"
"182.02576417230753","184.810256410348"
"180.7706281249226","180.71282051288802"
"176.90092863291443","176.374358974412"
"173.46986000531965","161.67179487187198"
"170.65781533941535","157.815384615428"
"170.09467608969354","152.753846153904"
"170.05200391217","175.169230769144"
"180.1818394340844","173.72307692304798"
"183.7235669311301","188.425641025588"
"182.0059459489488","185.533333333396"
"180.31476836556075","186.015384615428"
"187.50029877160372","185.774358974412"
"184.24090775404454","185.29230769237998"
"178.87855011740672","184.32820512812802"
"178.3069427680257","185.05128205136398"
"179.23800755029106","185.29230769237998"
"192.09166203542424","186.979487179492"
"197.46830243233092","191.8"
"193.80530880469996","189.630769230856"
"188.65216482453962","187.220512820508"
"188.99925445824124","186.738461538476"
"183.1132148357271","182.4"
"183.81193734715077","182.15897435898398"
"184.12316888051208","178.061538461524"
"179.64748279097444","174.446153846096"
"170.50055671497097","126.0"
"159.50298288409624","134.676923076952"
"159.51526898524972","143.59487179492"
"164.43437061992466","172.517948717968"
"174.32647614485316","176.374358974412"
"178.68989996543195","177.09743589746"
"177.17687065969594","178.784615384572"
"181.1062593969347","173.482051282032"
"182.59665853796133","186.25641025644398"
"188.44335053918417","193.969230769144"
"189.52238862967192","188.666666666604"
"187.45457156078578","188.425641025588"
"185.18813516631633","185.29230769237998"
"185.96348071873965","185.29230769237998"
"185.88629968751874","192.764102564064"
"192.78963322185126","208.18974358965198"
"197.4840112819988","223.133333333396"
"198.73991912275815","224.338461538476"
"196.66957785560024","209.153846153904"
"195.08752749090334","197.34358974355598"
"190.55008580069696","193.246153846096"
"188.68904353286547","186.738461538476"
"192.91628149347142","188.425641025588"
"192.1821069157189","185.533333333396"
"179.7948642762464","184.32820512812802"
"180.37159499902793","183.846153846096"
"180.28776840317244","184.087179487112"
"189.7782822017199","190.59487179492"
"195.02698826054473","202.887179487112"
"207.99557123311212","231.56923076914399"
"214.56383598680762","241.210256410348"
"209.587983092561","230.846153846096"
"209.17411934628026","226.748717948636"
"214.45045587203282","226.02564102558802"
"211.83138756620048","225.543589743556"
"207.27415389821445","223.856410256444"
"211.40834499535652","219.517948717968"
"211.66612192741124","216.62564102558798"
"213.43002237001275","218.55384615390398"
"215.64047814419223","227.953846153904"
"230.78429299536566","235.425641025588"
"221.85245216284184","219.758974358984"
"208.47256812382886","198.06666666660402"
"190.446555028624","190.59487179492"
"188.58641831543673","186.015384615428"
"186.6381587873547","184.087179487112"
"186.32473928022523","182.641025641016"
"182.15388610652957","181.435897435936"
"182.91862934353662","180.71282051288802"
"187.2829784528046","176.133333333396"
"186.7989342394116","180.47179487187202"
"191.73296282821133","186.25641025644398"
"198.50912578058833","197.10256410254"
"211.61363871419047","211.80512820508"
"215.89835881277196","220.72307692304798"
"209.9676515536533","217.589743589652"
"207.014563683297","217.10769230762"
"206.4257850612322","220.72307692304798"
"210.85344122312193","219.27692307695202"
"216.26065153334974","220.72307692304798"
"217.7959120150487","219.035897435936"
"208.93008419292272","218.79487179492"
"213.02952245979878","224.338461538476"
"219.25912920731875","235.425641025588"
"225.14693224520352","235.184615384572"
"215.24273087401326","199.030769230856"
"193.576701751262","190.112820512888"
"191.84992004106832","188.184615384572"
"188.61632310779117","185.05128205136398"
"186.23100526021315","183.123076923048"
"185.03997397926508","180.953846153904"
"185.33311200899095","180.71282051288802"
"183.9955411177638","180.230769230856"
"183.01088565591726","178.543589743556"
"180.67430776123356","179.748717948636"
"184.00693463129028","184.32820512812802"
"188.24743022148192","186.979487179492"
"189.91570144272123","193.00512820507998"
"187.50656398003431","200.476923076952"
"187.95102304830226","196.861538461524"
"193.00059904354566","193.969230769144"
"191.86137455125007","196.138461538476"
"194.34237814236965","197.34358974355598"
"203.20015033747165","198.06666666660402"
"198.07022573215824","198.06666666660402"
"201.3998189436153","201.923076923048"
"205.05936284063392","207.70769230762"
"210.07668981636522","210.358974358984"
"207.1648082344676","199.753846153904"
"191.4367725476177","193.487179487112"
"189.20029160991353","189.148717948636"
"187.14523902994713","186.979487179492"
"185.86719977986706","184.569230769144"
"183.40218466536894","182.15897435898398"
"183.97236993625356","181.917948717968"
"184.06965244706544","180.71282051288802"
"180.19868646711225","178.784615384572"
"178.46829438001996","177.579487179492"
"176.69445400104843","178.061538461524"
"179.5099887577166","183.123076923048"
"175.59953764996143","186.015384615428"
"184.44596827023","187.70256410254"
"190.18608823575323","189.148717948636"
"190.8991431733208","187.70256410254"
"193.0231610134174","187.70256410254"
"188.52363094690205","187.46153846152401"
"188.4990524008483","187.46153846152401"
"188.3425103385639","187.70256410254"
"189.74313577842122","187.70256410254"
"192.45928330248432","187.46153846152401"
"194.83347777615478","187.943589743556"
"197.57835883742402","189.871794871872"
"191.45683397052255","189.148717948636"
"186.1511766359053","187.70256410254"
"184.5225510667507","186.979487179492"
"184.0655755309368","186.25641025644398"
"183.1653419370972","185.05128205136398"
"180.54244777306715","181.917948717968"
"164.03260111092573","169.625641025588"
"165.95543253846665","159.020512820508"
"162.8599151753385","155.164102564064"
"164.37800968443335","155.164102564064"
"166.05853393470946","158.779487179492"
"169.5017851768231","172.035897435936"
"183.29176811321486","186.015384615428"
"191.61667328419676","193.00512820507998"
"195.59841905611893","193.969230769144"
"198.91822932423162","189.871794871872"
"197.03607670622353","187.46153846152401"
"194.36240256446337","186.738461538476"
"197.55098909691944","186.49743589745998"
"193.34816181795355","186.25641025644398"
"190.42404672252172","186.015384615428"
"179.7846481717212","186.015384615428"
"186.03997447340055","186.49743589745998"
"196.24181924698482","189.38974358965203"
"200.99207257269296","188.425641025588"
"196.73085048385207","186.25641025644398"
"191.01846576906075","185.05128205136398"
"186.2955264551653","184.810256410348"
"185.81859751937725","183.123076923048"
"182.27482592208486","179.50769230762"
"177.51964683334654","179.748717948636"
"176.6353885704502","177.09743589746"
"173.2005011072734","175.89230769238"
"171.69645541306957","177.82051282050801"
"170.26579413312237","178.543589743556"
"173.88653630538218","180.953846153904"
"178.83798348541637","181.676923076952"
"186.3436069510672","183.36410256406398"
"187.21383405478667","184.569230769144"
"187.16385592119786","185.533333333396"
"185.05755564167475","187.943589743556"
"189.00760060523697","189.148717948636"
"188.4468046342198","189.148717948636"
"187.16438200352746","186.49743589745998"
"186.84480482453523","186.49743589745998"
"188.21722937328732","188.90769230761998"
"192.89900280871092","194.93333333339598"
"193.19052758125608","199.99487179492002"
"194.26648952448664","196.138461538476"
"190.7598600650577","190.59487179492"
"191.27684346693076","188.184615384572"
"189.53473540286427","187.220512820508"
"188.5239175603661","186.979487179492"
"189.78293576386676","186.25641025644398"
"185.35461389423716","186.979487179492"
"185.01628015796834","186.25641025644398"
"176.53030268536324","186.015384615428"
"178.5293411365534","185.774358974412"
"180.06581062324858","184.32820512812802"
"186.6583588479021","185.774358974412"
"188.66630691231552","185.05128205136398"
"188.77879077964468","186.49743589745998"
"186.18741047087082","186.979487179492"
"184.28093787321313","188.425641025588"
"187.87216734198262","190.59487179492"
"190.81273257269103","191.31794871796802"
"188.77761923810124","191.31794871796802"
"186.9289316664278","190.353846153904"
"187.0304122381969","191.55897435898402"
"190.4022055204651","194.451282051364"
"195.7571993084369","196.620512820508"
"204.9322468434817","209.39487179492"
"212.93216054563118","208.43076923085601"
"207.23454390957755","198.06666666660402"
"195.3918086777187","196.138461538476"
"192.9085463380929","196.379487179492"
"190.82673611245724","189.871794871872"
"186.73239881502505","187.46153846152401"
"191.78035156812382","186.738461538476"
"190.1104139266006","186.015384615428"
"185.7834599221334","185.533333333396"
"186.93110033529734","186.015384615428"
"185.26295331650178","185.774358974412"
"191.5573644369559","190.353846153904"
"201.53315562664324","201.44102564101598"
"216.28748200932168","229.641025641016"
"221.1426819915206","234.70256410254"
"215.93138383180133","211.564102564064"
"208.80184042734896","207.225641025588"
"211.5362777690508","212.52820512812798"
"212.54613344388747","220.96410256406398"
"212.23665024351652","218.79487179492"
"210.14183769162122","213.733333333396"
"212.79978111199006","215.179487179492"
"217.98010525817824","219.758974358984"
"227.18435462035058","233.49743589745998"
"221.15184374043838","210.84102564101602"
"206.41347440977324","202.646153846096"
"195.81620025715014","197.34358974355598"
"195.35132604591288","193.246153846096"
"190.56625255986762","188.666666666604"
"187.6837330848084","187.220512820508"
"188.06260821993163","187.220512820508"
"187.92006555247116","186.25641025644398"
"187.78911686655078","185.774358974412"
"187.1526239249926","186.25641025644398"
"188.2270201520834","187.46153846152401"
"191.52795006403056","197.584615384572"
"201.8591954508984","209.153846153904"
"214.27660091231655","228.435897435936"
"231.50788338166575","231.81025641034802"
"221.83038347293035","220.72307692304798"
"213.85944203698904","213.97435897441198"
"218.62512824742254","215.179487179492"
"221.36439186920958","219.27692307695202"
"221.0067825478326","217.589743589652"
"218.818948147428","215.179487179492"
"214.4254128687641","215.661538461524"
"225.04974644128447","221.68717948711202"
"237.0151035694191","235.90769230761998"
"233.9585397037457","230.364102564064"
"211.53251965810568","208.18974358965198"
"196.86646929946676","205.29743589746"
"198.0232085739877","194.210256410348"
"192.28913058847172","190.59487179492"
"187.84212842560015","187.220512820508"
"187.28264831156383","186.738461538476"
"188.39612292086557","186.015384615428"
"187.7907655502426","185.29230769237998"
"187.13069951316416","185.533333333396"
"186.68966468053628","186.738461538476"
"191.85792110434483","197.10256410254"
"200.82744090263722","204.333333333396"
"213.7717363612323","218.31282051288798"
"220.977565091283","219.27692307695202"
"214.81682146490664","204.574358974412"
"203.53634903101755","203.369230769144"
"207.25605632325735","203.369230769144"
"206.4921531832631","203.128205128128"
"203.30657568210472","199.271794871872"
"202.33904324792456","199.99487179492002"
"204.31674809499393","199.271794871872"
"210.29407297865458","202.164102564064"
"218.759978293432","204.09230769238002"
"208.66781470031674","197.584615384572"
"196.25432541558175","192.523076923048"
"191.65243012220606","189.148717948636"
"187.1446322537387","188.425641025588"
"186.7171446759573","186.979487179492"
"184.84959832605537","184.810256410348"
"185.15850815122363","182.641025641016"
"185.36160214361547","181.19487179492"
"184.2686553249212","181.435897435936"
"184.2106228982112","181.917948717968"
"183.64379806825184","183.846153846096"
"188.7705823462618","186.25641025644398"
"196.14483591228662","192.764102564064"
"205.80939664781846","198.06666666660402"
"200.85473571979128","201.68205128203198"
"194.54756640506997","197.584615384572"
"195.0670392697965","195.174358974412"
"192.64565806950145","198.06666666660402"
"190.54835443466231","199.512820512888"
"188.5106940161858","198.06666666660402"
"190.0325096805053","195.65641025644402"
"192.71351991682744","196.138461538476"
"196.14014080530066","201.44102564101598"
"197.53297088735735","205.53846153847599"
"193.69789206013763","199.030769230856"
"188.01627779379265","193.00512820507998"
"185.95467463797033","191.31794871796802"
"185.36460149503813","190.112820512888"
"185.2172144737503","187.46153846152401"
"183.34899739935196","186.25641025644398"
"182.97079203263644","182.641025641016"
"179.2472416179827","182.4"
"177.71870134951686","179.989743589652"
"178.8924396289151","179.748717948636"
"181.06863348200397","181.917948717968"
"186.68861447371972","181.917948717968"
"193.6508738195259","196.138461538476"
"202.77495132678047","207.948717948636"
"205.44676125654507","215.179487179492"
"202.45207134739417","207.948717948636"
"197.8776575251058","205.29743589746"
"200.22595292801324","206.74358974355602"
"200.86506755207705","206.261538461524"
"197.99274721731342","201.44102564101598"
"195.86289431723574","199.271794871872"
"197.8089500576681","202.646153846096"
"202.19943812686282","206.50256410254002"
"206.49330656974286","215.661538461524"
"202.32046455408909","206.261538461524"
"194.8570598456278","196.138461538476"
"189.7754904562837","191.076923076952"
"190.03475672181162","191.076923076952"
"189.27396097094925","188.90769230761998"
"188.4406511136982","187.46153846152401"
"190.16395286767042","187.220512820508"
"188.77703063399088","186.49743589745998"
"186.23447348653684","186.015384615428"
"185.90028030080026","185.774358974412"
"183.00523719405996","185.05128205136398"
"183.63165412991987","185.05128205136398"
"188.79511720804868","185.05128205136398"
"191.59141402964673","186.49743589745998"
"194.11830968906384","186.738461538476"
"187.41688300860721","187.46153846152401"
"188.96321107161936","187.70256410254"
"190.95986346616462","187.70256410254"
"189.12726868729072","187.220512820508"
"182.75818163128045","186.25641025644398"
"182.9345980043042","185.533333333396"
"189.41482015095613","185.29230769237998"
"194.64914680108055","187.46153846152401"
"199.1804380255753","191.55897435898402"
"193.07186328682604","190.353846153904"
"186.34448843181207","187.46153846152401"
"189.81080117453672","186.49743589745998"
"185.6229966407691","185.05128205136398"
"186.82817764778218","184.32820512812802"
"186.0909895195762","180.71282051288802"
"183.4287791693699","179.02564102558802"
"176.92967359709166","175.651282051364"
"179.6757920993203","173.482051282032"
"175.45422052085632","173.0"
"174.69209803518552","173.0"
"179.97665267261124","174.92820512812798"
"183.72060317787955","177.09743589746"
"185.2762089218483","177.82051282050801"
"182.37890258855919","179.266666666604"
"182.0713894252415","181.19487179492"
"184.99077174264232","182.4"
"186.60638286058958","182.882051282032"
"185.80899980748592","182.882051282032"
"185.37166433273634","182.4"
"185.30124925069714","182.641025641016"
"189.1891880422173","183.846153846096"
"184.9021551376971","179.50769230762"
"190.7351910754876","197.34358974355598"
"195.1608641376236","195.89743589746"
"193.37776942162884","192.282051282032"
"190.56035952856905","189.38974358965203"
"191.07911050281157","187.46153846152401"
"188.0342654294077","186.738461538476"
"185.6226550333704","185.29230769237998"
"191.19773146174737","183.123076923048"
"190.33521731572952","181.917948717968"
"186.31065697364147","181.19487179492"
"186.6579467483944","180.230769230856"
"186.09882105882065","182.4"
"191.09232325845156","182.4"
"198.34812003239227","199.512820512888"
"215.27977437589504","219.035897435936"
"216.80381073384495","224.338461538476"
"209.89655832411876","217.10769230762"
"206.69498524386955","216.62564102558798"
"209.65246942350757","218.071794871872"
"212.61593608854406","215.420512820508"
"208.64116052827188","211.564102564064"
"208.64450130238936","209.635897435936"
"212.1716845870377","206.50256410254002"
"215.28860049565623","210.84102564101602"
"225.94818955717975","224.338461538476"
"215.46563103610072","233.738461538476"
"210.5457546033739","218.79487179492"
"203.82622237272946","203.369230769144"
"198.90121607446724","198.30769230762002"
"195.6332945118953","192.282051282032"
"192.2504919089685","189.630769230856"
"189.27877994265697","188.666666666604"
"188.89158239852367","186.979487179492"
"188.05803711916548","187.220512820508"
"189.00226579080368","187.46153846152401"
"189.96993226853016","188.666666666604"
"193.78606854445098","192.764102564064"
"203.75088647199402","200.958974358984"
"223.21526276547115","224.338461538476"
"230.33451098844478","224.09743589746"
"223.68345240529197","226.02564102558802"
"220.08385642190711","222.89230769238"
"220.21280943727197","222.41025641034798"
"221.64205044834415","220.482051282032"
"220.54082561603605","219.517948717968"
"220.21361786512114","217.589743589652"
"211.08672399357917","217.10769230762"
"221.4652887514525","224.579487179492"
"233.31687920806917","241.451282051364"
"240.4257160974622","245.789743589652"
"226.23968867891517","224.338461538476"
"207.80256149679576","201.68205128203198"
"200.35420626267063","201.44102564101598"
"196.57512120951577","192.764102564064"
"189.94874529961007","190.59487179492"
"188.98621970908803","190.835897435936"
"191.42876446235104","189.630769230856"
"190.64537638292973","189.38974358965203"
"191.86451141042812","189.630769230856"
"190.55754293401986","192.041025641016"
"195.90829538742105","194.93333333339598"
"203.8185045702329","203.128205128128"
"223.17315453556756","229.641025641016"
"221.4860262652494","229.641025641016"
"219.5588476499774","224.338461538476"
"218.42789443758784","218.071794871872"
"211.70509763704308","215.661538461524"
"210.96828172357658","210.84102564101602"
"210.3854172184462","207.70769230762"
"208.43121658413696","206.50256410254002"
"208.02803563446662","206.50256410254002"
"211.02080770568676","209.153846153904"
"219.5972029404902","229.641025641016"
"221.6444936993865","204.09230769238002"
"202.87588816699102","202.887179487112"
"192.89135601528517","199.030769230856"
"191.36279803308173","193.00512820507998"
"188.55048567077733","190.59487179492"
"185.74819594455738","187.943589743556"
"187.04654767135622","188.90769230761998"
"189.0032918773662","188.425641025588"
"188.80957707170745","187.70256410254"
"189.43560775969246","186.015384615428"
"189.42363302271275","186.49743589745998"
"192.3249627092905","189.630769230856"
"195.6515938126629","191.55897435898402"
"209.9745243541227","192.041025641016"
"206.94434751664997","204.333333333396"
"208.73473444091996","204.815384615428"
"207.4409676467608","203.61025641034797"
"203.36915251339315","195.89743589746"
"198.85476009835597","193.246153846096"
"196.17076135494054","193.00512820507998"
"195.87281377290924","192.523076923048"
"199.88305940793396","191.8"
"199.323720503714","192.041025641016"
"209.63847792113387","191.076923076952"
"195.19512356252605","192.523076923048"
"191.2452174719505","191.076923076952"
"187.88113398664612","191.076923076952"
"187.37594989478146","189.630769230856"
"185.94953248219804","188.184615384572"
"182.96190235885118","186.015384615428"
"180.04401893538696","185.29230769237998"
"181.20011587148824","184.810256410348"
"176.90401407353966","184.569230769144"
"177.79843077167402","185.05128205136398"
"180.34550735962193","187.220512820508"
"184.6895663040923","189.148717948636"
"200.41142647438528","192.523076923048"
"211.79856179767066","218.79487179492"
"220.77891249765676","226.02564102558802"
"224.34394339362154","231.328205128128"
"222.66525493393877","224.338461538476"
"216.27909486520278","224.338461538476"
"215.84049198664525","227.471794871872"
"213.0447517004801","216.62564102558798"
"208.4867824503371","211.323076923048"
"200.09281402543877","206.984615384572"
"207.14721906003606","208.18974358965198"
"216.60020415653042","232.29230769238"
"221.7471539772327","242.174358974412"
"212.2724172444831","216.143589743556"
"196.90146116229016","194.69230769237998"
"192.49009695211896","193.246153846096"
"191.02969859470159","191.55897435898402"
"186.86162287081737","190.59487179492"
"186.4654153534771","190.353846153904"
"188.5414114494934","189.148717948636"
"187.91553607469154","188.90769230761998"
"186.89739360686787","189.148717948636"
"185.05694392323983","189.38974358965203"
"186.15777996202604","190.112820512888"
"188.18685739573584","191.076923076952"
"198.5037026827343","192.041025641016"
"198.65048812368934","192.282051282032"
"205.03529388393315","193.969230769144"
"202.0509952572164","195.89743589746"
"201.30908757362954","195.65641025644402"
"201.9026897098551","194.451282051364"
"196.52575167104453","194.210256410348"
"194.3969410917912","193.969230769144"
"193.62506076848464","195.174358974412"
"197.30468111741965","202.887179487112"
"208.4173621281679","221.20512820508"
"221.45552928866238","233.979487179492"
"206.77434063078434","201.68205128203198"
"193.74646108553773","194.69230769237998"
"189.83677611987775","193.728205128128"
"189.77658331770894","193.00512820507998"
"189.96869432235366","192.041025641016"
"187.46991860835877","191.55897435898402"
"184.93129664585","190.59487179492"
"177.97162371468104","189.871794871872"
"181.5390761934312","188.425641025588"
"183.11877762316945","185.774358974412"
"186.65911073974976","185.533333333396"
"192.00617154682084","186.25641025644398"
"191.8823164565141","188.666666666604"
"190.67883397548843","190.112820512888"
