"DataEntries: 9428, TestEntries: 24, Epochs: 200, UseTestData: true, LimitEntries: true, Firstlayer#: 6, SecondLayer: true, SecondLayer#: 14, Predict: true, Curvebehaviour: true, Stacksize: 6, useLastXDays: false, Max: 632.0, Min: 61.0, Curve behaviour: true, Historical: false, useAverage: false, priceStack1, Skewness: false, SkewStack: 12",", useNewMethod: false, decay: 0.1"
"Range: 7239 to 9428"
"Actual","Ideal"
"320.58799167023835","331.9490333919038"
"338.3691614099374","338.9736379613424"
"317.7078542149371","335.9630931458565"
"312.6382252160806","313.8857644990455"
"298.22652810143956","309.8717047451785"
"306.2156869926756","310.87521968378803"
"302.2242750794611","302.8471001757685"
"296.5409788809146","291.80843585249147"
"288.6850174952308","290.80492091388203"
"283.2761466943665","283.780316344472"
"279.6956695507343","280.769771528929"
"279.8703684066511","277.7592267136715"
"280.73579574505146","277.7592267136715"
"287.1997983370265","275.7521968364525"
"281.27642661812007","282.7768014058625"
"293.04007729429674","286.79086116001497"
"285.02534253467","293.815465729425"
"294.55081177762287","311.878734622112"
"315.14130521050015","316.8963093145885"
"322.4434080076803","316.8963093145885"
"311.89193981620235","320.9103690685412"
"318.02356362174","311.878734622112"
"314.0428820689671","314.889279437655"
"324.1434156653838","315.892794375979"
"332.0406725847131","343.99121265377886"
"355.5648183515982","349.00878734622114"
"327.14080298477876","339.9771528998377"
"317.8190714100685","322.9173989455318"
"305.97269266778824","311.878734622112"
"308.68473546192126","312.8822495607215"
"303.74546424970003","307.864674868245"
"300.9730392147881","292.8119507908155"
"289.11980939500114","283.780316344472"
"275.90721946017425","275.7521968364525"
"271.4548437920687","262.706502636242"
"262.0108212835617","259.695957820699"
"263.3672070929417","276.75571177506197"
"286.14002420224693","290.80492091388203"
"312.2588397478149","364.06151142355355"
"397.6415142787201","432.3005272406915"
"398.90705502812307","383.1282952548215"
"359.2330274278222","357.0369068541435"
"350.6985762039392","357.0369068541435"
"355.02847890514545","371.0861159929635"
"362.6317199674137","422.265377856024"
"401.4299982840002","389.149384885622"
"380.3555180344681","380.1177504392785"
"387.6458641817697","409.219683655528"
"420.6960987127688","496.525483303991"
"534.8444773050195","513.585237258354"
"427.08468519269456","362.05448154656295"
"335.5940524407256","316.8963093145885"
"298.7221175943355","307.864674868245"
"302.72104916250964","302.8471001757685"
"293.95940089885573","300.84007029883503"
"295.4861626121174","289.8014059752725"
"286.357767589455","289.8014059752725"
"282.83544564341946","285.7873462214055"
"281.0508425732986","287.794376098339"
"285.690756373471","283.780316344472"
"286.68060429909","288.7978910369485"
"296.9894665377612","305.85764499131153"
"329.87319067397283","338.9736379613424"
"378.28674164009874","409.219683655528"
"389.97011587021865","368.0755711775062"
"347.4822869070125","352.0193321616956"
"348.1158323097205","342.987697715295"
"342.51087843475153","353.0228471001623"
"349.0867034058306","360.0474516696009"
"350.20361679293677","353.0228471001623"
"349.5396228823987","347.0017574692448"
"356.9437608506461","365.06502636204885"
"379.3423353363392","429.289982425434"
"456.997936450642","456.3848857644645"
"401.2650961107814","357.0369068541435"
"330.6663493334031","344.9947275922685"
"316.6408898430478","319.9068541300459"
"312.4366442482782","318.9033391915506"
"308.8823130453594","306.8611599296355"
"300.8912478404572","295.82249560635853"
"291.45757397295995","295.82249560635853"
"288.38676540447784","288.7978910369485"
"283.37126620118255","289.8014059752725"
"287.0467560495281","291.80843585249147"
"294.0935501458584","297.829525483292"
"304.9735412689496","311.878734622112"
"336.71600685265105","342.987697715295"
"380.01103063224355","373.0931458699541"
"357.0065281276322","379.1142355009545"
"355.71613708231786","365.06502636204885"
"359.3174747106662","362.05448154656295"
"359.1772152768636","366.0685413005156"
"359.91570606297586","363.05799648505825"
"353.70781645292976","359.0439367311056"
"355.22844554872574","358.0404217926103"
"366.9407736331609","369.0790861160015"
"381.89691270513595","409.219683655528"
"437.1552874122536","484.4833040421045"
"413.12714845355515","360.0474516696009"
"332.29710203970944","336.9666080843518"
"311.6969957894674","318.9033391915506"
"311.048741069975","322.9173989455318"
"311.74189849019695","319.9068541300459"
"312.1057358367691","300.84007029883503"
"296.2568320640051","304.854130052702"
"296.5249958052093","296.8260105446825"
"289.73073901240224","297.829525483292"
"293.23916711586315","299.8365553602255"
"300.5693568805346","308.868189806569"
"313.95672276332516","320.9103690685412"
"345.1143173149389","344.9947275922685"
"382.43749954991586","410.2231985941375"
"386.47200274971965","334.9595782073897"
"319.7843592958221","323.9209138839985"
"318.09129730099414","319.9068541300459"
"322.0043237772867","330.94551845343705"
"328.4090270867647","368.0755711775062"
"355.75553584308295","345.9982425307552"
"340.94174825720575","350.012302284705"
"358.50469627165694","373.0931458699541"
"385.9839404509911","430.293497363758"
"460.00394901845664","508.5676625658775"
"423.9767714766685","382.12478031621197"
"348.831387979511","324.9244288224938"
"303.36246076658233","317.899824253198"
"309.6983643440787","319.9068541300459"
"308.63007284077565","313.8857644990455"
"306.889888365659","303.850615114378"
"298.11081268259625","305.85764499131153"
"296.49819419087487","296.8260105446825"
"289.7468853405702","295.82249560635853"
"291.49756402672784","297.829525483292"
"298.73844083983556","293.815465729425"
"300.79695965496535","307.864674868245"
"331.55223499570684","335.9630931458565"
"366.1656719380417","378.110720562345"
"357.21857516889","336.9666080843518"
"319.33268781525317","332.9525483303991"
"322.7423382003691","328.93848857644645"
"328.9709497376119","336.9666080843518"
"328.9562673015992","334.9595782073897"
"324.86841024050966","329.94200351494175"
"325.61945194708744","327.93497363795115"
"338.1931203151977","329.94200351494175"
"339.5960701693698","364.06151142355355"
"371.9843387675502","385.135325131755"
"354.667394576312","344.9947275922685"
"317.83954942939516","321.9138840070365"
"299.69369421323483","319.9068541300459"
"310.0425946860674","317.899824253198"
"305.52508823521254","312.8822495607215"
"305.64880426445586","303.850615114378"
"297.8013014741879","304.854130052702"
"295.143461658788","293.815465729425"
"286.58764207234253","280.769771528929"
"277.59794024647636","277.7592267136715"
"279.85334254798397","281.77328646753847"
"289.83813506698266","288.7978910369485"
"300.21611224375874","298.8330404219015"
"308.76994726780293","311.878734622112"
"301.43901537696917","317.899824253198"
"309.67577096880524","318.9033391915506"
"316.1216710850145","318.9033391915506"
"323.63745011546285","318.9033391915506"
"312.1706034568706","312.8822495607215"
"309.4930214245869","311.878734622112"
"313.6024322781637","313.8857644990455"
"323.66149432683943","318.9033391915506"
"337.010215031901","330.94551845343705"
"344.9078247015768","334.9595782073897"
"317.5036593338043","328.93848857644645"
"310.4498132434088","319.9068541300459"
"304.63809914050137","316.8963093145885"
"314.21856386109886","320.9103690685412"
"313.2667850057412","321.9138840070365"
"313.70213064632765","313.8857644990455"
"312.2291539838173","318.9033391915506"
"312.6548873355889","307.864674868245"
"304.81895190947887","292.8119507908155"
"293.07393359323396","291.80843585249147"
"295.9955257747732","293.815465729425"
"303.3949725194206","293.815465729425"
"303.21085106307174","288.7978910369485"
"300.5302200335193","290.80492091388203"
"289.0966172273478","298.8330404219015"
"300.09757593737964","319.9068541300459"
"325.8903323603815","327.93497363795115"
"333.54935764356077","325.9279437609891"
"321.7483568780303","323.9209138839985"
"322.9476545172295","320.9103690685412"
"324.4320964634538","318.9033391915506"
"328.9644190314328","322.9173989455318"
"342.6697664335952","345.9982425307552"
"368.59870352346053","350.012302284705"
"331.5041441276532","341.9841827767997"
"323.0417036468736","332.9525483303991"
"314.5354020538712","326.9314586994844"
"323.4532638208232","329.94200351494175"
"322.6123537886883","321.9138840070365"
"313.73058192158345","307.864674868245"
"305.76155389479953","309.8717047451785"
"303.772834678037","300.84007029883503"
"297.1699416482351","289.8014059752725"
"289.34107438045817","289.8014059752725"
"294.22641337693756","296.8260105446825"
"306.18621236119657","318.9033391915506"
"343.84638005917185","344.9947275922685"
"402.37128938894773","366.0685413005156"
"360.09184474324496","333.9560632688944"
"323.4493327604001","325.9279437609891"
"327.8284654341404","326.9314586994844"
"330.5389950928295","333.9560632688944"
"336.55445928364696","341.9841827767997"
"338.2898560104879","345.9982425307552"
"346.54725709770946","350.012302284705"
"361.9228017569417","347.0017574692448"
"369.21692104479405","352.0193321616956"
"390.18118360008566","348.0052724077315"
"334.6588546018142","331.9490333919038"
"314.9194860195412","318.9033391915506"
"302.0343033474145","314.889279437655"
"311.1446526944927","329.94200351494175"
"321.74445026053655","324.9244288224938"
"316.9170570919907","314.889279437655"
"312.71824227426714","315.892794375979"
"309.8021194269408","313.8857644990455"
"309.01158085457837","312.8822495607215"
"310.3491292486313","308.868189806569"
"311.28331120391044","312.8822495607215"
"319.7951634265122","326.9314586994844"
"352.23149004609786","368.0755711775062"
"424.4293760024247","410.2231985941375"
"397.6740453626252","329.94200351494175"
"319.05191131706454","324.9244288224938"
"324.8525579015499","324.9244288224938"
"328.0673378871552","327.93497363795115"
"328.2584124258641","374.0966608084494"
"365.2406468198164","376.1036906854115"
"371.7381276883245","363.05799648505825"
"373.5412894901282","385.135325131755"
"407.11913761276634","439.32513181010154"
"491.53029427025206","465.416520210808"
"412.3177258690432","379.1142355009545"
"350.8078912975335","344.9947275922685"
"319.62226338562056","333.9560632688944"
"325.75794760760795","337.9701230228471"
"328.4358856517823","327.93497363795115"
"319.26739777063887","316.8963093145885"
"313.2596394652197","316.8963093145885"
"310.0699821551902","311.878734622112"
"307.0376508327755","310.87521968378803"
"308.88095915432376","303.850615114378"
"307.0264937300328","308.868189806569"
"316.54600109543594","329.94200351494175"
"355.73035445344976","360.0474516696009"
"416.17709372702905","379.1142355009545"
"371.99856237517594","364.06151142355355"
"347.4509668098414","344.9947275922685"
"344.71018251796124","343.99121265377886"
"344.1520951499714","340.9806678383044"
"338.62357508915284","342.987697715295"
"335.5237737667753","339.9771528998377"
"337.69577125210037","338.9736379613424"
"349.87119991469666","351.0158172232003"
"367.66950235062797","377.107205624021"
"416.18032328485845","409.219683655528"
"377.83701614698407","343.99121265377886"
"322.98243652599547","338.9736379613424"
"314.1594747441819","323.9209138839985"
"316.3423994682107","329.94200351494175"
"319.9772134272608","326.9314586994844"
"318.4772857237173","317.899824253198"
"314.2576452901544","317.899824253198"
"311.44556517092536","315.892794375979"
"311.3487905374826","315.892794375979"
"314.1412405629328","314.889279437655"
"318.3444019996274","319.9068541300459"
"327.21876980383064","326.9314586994844"
"353.33067798917364","365.06502636204885"
"427.56892482046976","352.0193321616956"
"346.8837277583674","352.0193321616956"
"338.55800553121236","343.99121265377886"
"346.0483063591942","342.987697715295"
"344.0034914479153","343.99121265377886"
"346.8065379930803","348.0052724077315"
"342.725587147029","347.0017574692448"
"346.74637823158514","353.0228471001623"
"363.92704233151926","408.2161687169185"
"431.5152349125741","438.3216168717775"
"497.10514758351746","520.6098418277641"
"438.4955098912264","456.3848857644645"
"395.95317663587184","409.219683655528"
"360.0360340371861","340.9806678383044"
"331.5490574059945","339.9771528998377"
"329.45094041810785","331.9490333919038"
"322.37435232279955","325.9279437609891"
"321.5714765387952","319.9068541300459"
"312.4807748388788","315.892794375979"
"309.8345431287661","311.878734622112"
"308.2424306947075","307.864674868245"
"309.41818575699193","305.85764499131153"
"312.7971031839611","323.9209138839985"
"349.26311038727033","373.0931458699541"
"420.32520055459486","433.304042179301"
"409.8018562092901","409.219683655528"
"381.6903592144475","355.0298769771529"
"351.02386294903283","354.0263620386576"
"352.53854317944825","355.0298769771529"
"348.74229198170076","345.9982425307552"
"338.3444925038134","336.9666080843518"
"334.6366155494533","332.9525483303991"
"344.01048556853027","339.9771528998377"
"353.19003291965123","353.0228471001623"
"365.57098910215615","387.14235500868847"
"356.92793138912197","332.9525483303991"
"310.63867668527513","323.9209138839985"
"303.98281758347423","316.8963093145885"
"310.4300874209684","315.892794375979"
"305.09259765182287","312.8822495607215"
"305.7986324659745","308.868189806569"
"303.59099311343186","304.854130052702"
"296.0836839229829","301.843585237159"
"294.4477540897634","299.8365553602255"
"295.92302197621126","298.8330404219015"
"299.6125548143603","300.84007029883503"
"307.12442619257683","304.854130052702"
"318.26048326931704","310.87521968378803"
"320.03409082202666","310.87521968378803"
"301.30509272424365","312.8822495607215"
"307.892233441957","312.8822495607215"
"313.1025722300572","315.892794375979"
"321.3017734321212","315.892794375979"
"310.90091844141915","314.889279437655"
"311.71060280322456","313.8857644990455"
"315.92243615514815","313.8857644990455"
"323.88248668163357","316.8963093145885"
"334.1604528402681","331.9490333919038"
"345.3960518296327","336.9666080843518"
"318.1742367947382","326.9314586994844"
"308.06902206492623","317.899824253198"
"303.0174200835041","315.892794375979"
"313.07750378747164","314.889279437655"
"306.75705370020614","314.889279437655"
"307.6693982271776","312.8822495607215"
"310.1273525143636","311.878734622112"
"304.7279616409236","306.8611599296355"
"302.1083918593648","304.854130052702"
"303.18186322938124","304.854130052702"
"307.50153380030787","297.829525483292"
"305.90425439607213","293.815465729425"
"302.20965423175636","303.850615114378"
"312.9683757256131","304.854130052702"
"297.477465874048","309.8717047451785"
"308.62206611842544","311.878734622112"
"316.7430618665292","312.8822495607215"
"319.04361653772594","314.889279437655"
"310.9678381272363","314.889279437655"
"314.5184709409876","313.8857644990455"
"317.874551159415","314.889279437655"
"324.3153714267136","316.8963093145885"
"337.3185330814911","317.899824253198"
"335.0243013436762","317.899824253198"
"304.0688335529821","317.899824253198"
"302.59738952220914","316.8963093145885"
"303.0314506613704","315.892794375979"
"313.90437408135523","315.892794375979"
"308.8310048821667","314.889279437655"
"307.59803339260225","311.878734622112"
"309.8424551962846","299.8365553602255"
"293.5956907013131","295.82249560635853"
"292.4689368609991","295.82249560635853"
"295.4397432558618","296.8260105446825"
"299.87479995467294","297.829525483292"
"306.5235235833678","312.8822495607215"
"337.70308254484127","331.9490333919038"
"382.72699213806345","323.9209138839985"
"320.0380025950496","319.9068541300459"
"312.09362069068237","316.8963093145885"
"318.9367857782488","319.9068541300459"
"323.70563617296125","323.9209138839985"
"327.14886392431634","331.9490333919038"
"327.9192275710026","324.9244288224938"
"326.58634258611215","322.9173989455318"
"335.81981319849814","361.0509666080962"
"383.07785154392104","484.4833040421045"
"547.3917305613709","518.6028119508305"
"435.6065153873914","366.0685413005156"
"341.64810684616066","316.8963093145885"
"300.30587420555855","312.8822495607215"
"308.8574446406342","312.8822495607215"
"305.1375919245275","309.8717047451785"
"304.16758975135605","305.85764499131153"
"302.8761224196736","300.84007029883503"
"294.91015438571947","297.829525483292"
"293.39356576092695","296.8260105446825"
"295.27473730969166","298.8330404219015"
"302.2799253443425","300.84007029883503"
"308.9845406676034","315.892794375979"
"341.6942445893023","329.94200351494175"
"380.31398661860356","320.9103690685412"
"316.8429780005632","320.9103690685412"
"312.5614826543421","314.889279437655"
"315.17082665022684","313.8857644990455"
"318.2122546274927","316.8963093145885"
"317.23564779359805","316.8963093145885"
"312.6045412308127","313.8857644990455"
"315.18774698848335","311.878734622112"
"325.0012921233886","327.93497363795115"
"346.4886923433113","402.19507908611797"
"447.0600427771267","402.19507908611797"
"374.38090335472356","323.9209138839985"
"307.8728502874273","310.87521968378803"
"294.76741049262915","306.8611599296355"
"303.3955560215167","305.85764499131153"
"297.38560705581256","302.8471001757685"
"297.8875223544242","298.8330404219015"
"295.17978181141814","297.829525483292"
"291.1370469278503","290.80492091388203"
"286.0020114832197","290.80492091388203"
"288.2714776144483","293.815465729425"
"296.41497931962965","297.829525483292"
"305.67473825558454","308.868189806569"
"334.439041882296","313.8857644990455"
"356.4189508830759","313.8857644990455"
"310.53751128470674","312.8822495607215"
"305.00429494676575","305.85764499131153"
"304.88517586436916","304.854130052702"
"309.86919639070345","305.85764499131153"
"306.7364887242917","304.854130052702"
"301.63366427286104","304.854130052702"
"305.83998024223536","304.854130052702"
"317.64034264559496","315.892794375979"
"329.8558638747008","319.9068541300459"
"332.50907386886377","315.892794375979"
"304.3382086259242","307.864674868245"
"293.20246428012285","303.850615114378"
"287.41755722662896","298.8330404219015"
"292.2427750417678","292.8119507908155"
"282.9510112475659","289.8014059752725"
"283.06081989754796","281.77328646753847"
"276.78914099216865","274.7486818981285"
"265.7339404234172","269.731107205652"
"263.94077885165535","268.7275922670425"
"266.00083628668176","270.734622143976"
"273.4132300661416","274.7486818981285"
"284.31803015886766","282.7768014058625"
"305.44830656061623","295.82249560635853"
"323.1764828494519","304.854130052702"
"302.6401460828466","304.854130052702"
"298.0091065138681","299.8365553602255"
"297.1664372163146","298.8330404219015"
"303.32104192019455","300.84007029883503"
"299.2199583361421","300.84007029883503"
"296.2108148207779","299.8365553602255"
"299.27136707940946","303.850615114378"
"315.98879820081345","320.9103690685412"
"332.41651816422905","309.8717047451785"
"315.223861118124","314.889279437655"
"302.71600916561874","304.854130052702"
"289.50896495972984","300.84007029883503"
"284.294631187458","295.82249560635853"
"286.86321407562434","291.80843585249147"
"280.9934940824601","287.794376098339"
"279.76735633219647","277.7592267136715"
"271.7306302075241","262.706502636242"
"250.8763763989729","253.6748681898985"
"246.83079594603993","249.660808435746"
"244.97608980182798","252.67135325128902"
"254.62434756930145","260.6994727593085"
"270.8008935519684","266.72056239010897"
"283.7096336546292","283.780316344472"
"299.02403961276974","290.80492091388203"
"290.15972389524416","289.8014059752725"
"285.16074314606243","287.794376098339"
"281.4142958384042","287.794376098339"
"291.82779991088626","288.7978910369485"
"286.17892920856076","288.7978910369485"
"284.7092345890568","289.8014059752725"
"289.0993353197176","289.8014059752725"
"300.66479633224066","291.80843585249147"
"306.19524440876455","297.829525483292"
"300.5195061037886","299.8365553602255"
"287.30663286818566","292.8119507908155"
"279.2054830568149","285.7873462214055"
"271.89284291143275","277.7592267136715"
"269.65004634469767","272.741652021195"
"263.4649440082658","270.734622143976"
"258.9939809929386","261.7029876976325"
"256.5755725394364","251.667838312965"
"237.33750104726795","237.61862917385952"
"229.99315725465817","230.5940246044495"
"224.69570830008814","228.58699472751601"
"230.04912880023423","233.60456941999252"
"245.47646234554685","242.63620386633602"
"247.1185347864353","254.6783831282225"
"269.96023672919284","255.681898066832"
"264.0006763920268","259.695957820699"
"263.71265340471257","264.7135325131755"
"267.4997852454572","267.7240773287185"
"273.083009853538","268.7275922670425"
"266.059881961832","264.7135325131755"
"261.9746873960232","262.706502636242"
"262.04328455495175","264.7135325131755"
"271.205464396827","274.7486818981285"
"284.37229032978473","280.769771528929"
"280.5932442792268","283.780316344472"
"270.93520486959306","279.766256590605"
"265.496901047275","271.7381370825855"
"259.03527283588875","264.7135325131755"
"253.5741079697114","261.7029876976325"
"250.7337773956525","256.68541300515597"
"238.56258997017687","239.6256590510785"
"231.56410021500136","223.5694200350395"
"199.70313755812268","194.4674868190755"
"178.66317967043383","161.351493848959"
"146.01167072694517","150.3128295253965"
"141.86095608330848","185.4358523724465"
"196.0969060405025","171.3866432336265"
"185.7681770184575","180.4182776802555"
"202.6208227048594","189.44991212659897"
"197.91314103305052","224.572934973649"
"229.13312697740835","255.681898066832"
"252.25040252424773","259.695957820699"
"260.23764469549883","262.706502636242"
"257.03336039644535","264.7135325131755"
"256.3778172556535","258.692442882375"
"248.92877045666074","255.681898066832"
"254.60408977909594","262.706502636242"
"263.80411010917703","281.77328646753847"
"270.886787175711","286.79086116001497"
"268.81069253306407","282.7768014058625"
"264.6265808502387","278.7627416519955"
"260.02473875293674","274.7486818981285"
"259.93936724890534","267.7240773287185"
"256.0091140217131","258.692442882375"
"241.7432707463439","252.67135325128902"
"246.9029462849615","195.47100175739948"
"167.6960743009104","197.478031634333"
"184.44548539019348","241.632688928012"
"238.29701840846042","247.65377855881252"
"251.27482524273654","252.67135325128902"
"264.47962172174033","262.706502636242"
"280.3839599494976","278.7627416519955"
"299.3001698030111","303.850615114378"
"301.2115994940315","303.850615114378"
"297.8696818539903","304.854130052702"
"302.09085917769397","302.8471001757685"
"307.8556090575132","310.87521968378803"
"307.91342836309155","316.8963093145885"
"311.0339591232497","302.8471001757685"
"302.6845355975232","317.899824253198"
"329.5987095864549","333.9560632688944"
"346.85991385332045","372.0896309314588"
"396.5813341831123","419.254833040481"
"379.6834384522581","312.8822495607215"
"296.34162627788334","294.818980667749"
"280.4074102453507","282.7768014058625"
"276.4025315293244","277.7592267136715"
"269.1364510101098","268.7275922670425"
"258.28045539577175","256.68541300515597"
"252.2147513965736","256.68541300515597"
"245.41380311114617","248.65729349742202"
"243.2976804570224","247.65377855881252"
"244.29259274270942","249.660808435746"
"253.18195511578762","253.6748681898985"
"265.41136195563263","261.7029876976325"
"279.86768335690283","282.7768014058625"
"302.07447897063105","300.84007029883503"
"297.339014341796","293.815465729425"
"288.9126372717996","284.7838312830815"
"281.0248225102971","286.79086116001497"
"290.87814267790054","287.794376098339"
"285.10425782113475","287.794376098339"
"283.554093453425","287.794376098339"
"286.59321877062837","289.8014059752725"
"301.47293568444525","302.8471001757685"
"310.2807933496198","306.8611599296355"
"305.99964177132375","304.854130052702"
"292.69494474358004","289.8014059752725"
"277.97969840115866","281.77328646753847"
"268.74559231567235","271.7381370825855"
"262.56330059517626","266.72056239010897"
"257.04282976299976","257.6889279437655"
"241.2051128299937","244.6432337432695"
"238.27444908224385","235.611599296926"
"215.8247532304839","207.513181019286"
"195.7715383273556","199.485061511552"
"187.07404848828406","212.5307557117625"
"213.1476264077378","234.608084358602"
"247.99636992789468","252.67135325128902"
"269.3470674576851","263.710017574566"
"281.65473901416647","277.7592267136715"
"283.51338307088776","278.7627416519955"
"278.1143422605764","277.7592267136715"
"275.334530220445","276.75571177506197"
"282.2937841109177","275.7521968364525"
"274.64668634911845","277.7592267136715"
"275.4652191453155","277.7592267136715"
"279.4532336145795","279.766256590605"
"291.23098875169944","284.7838312830815"
"298.1773260559588","288.7978910369485"
"295.3907641442204","293.815465729425"
"285.92762455021983","283.780316344472"
"274.9818420042425","277.7592267136715"
"268.01544973421977","271.7381370825855"
"266.50095246312014","267.7240773287185"
"259.69021646080483","261.7029876976325"
"248.90691747340807","251.667838312965"
"246.73591355308935","241.632688928012"
"225.6312436716262","218.55184534284848"
"208.81204042448186","215.54130052730548"
"207.0770867682901","220.558875219782"
"221.94025744423766","233.60456941999252"
"247.22832356033683","253.6748681898985"
"269.6891280497945","264.7135325131755"
"281.44918384173513","277.7592267136715"
"282.1958856305056","277.7592267136715"
"276.221545009298","274.7486818981285"
"270.10810729967534","273.745166959519"
"276.1531154809336","274.7486818981285"
"272.4597705627756","273.745166959519"
"271.2033389113689","273.745166959519"
"274.572933855399","275.7521968364525"
"287.02095028350317","283.780316344472"
"296.01610024564076","288.7978910369485"
"294.4136758617746","289.8014059752725"
"282.91870889349747","281.77328646753847"
"273.56238361237865","277.7592267136715"
"268.8790622684279","273.745166959519"
"270.9001033141715","271.7381370825855"
"265.40338763968214","268.7275922670425"
"261.1567977672939","259.695957820699"
"256.78769307905515","255.681898066832"
"247.2431042152721","252.67135325128902"
"250.41732287539435","252.67135325128902"
"253.65488242273267","256.68541300515597"
"262.1465882383609","260.6994727593085"
"273.09717593703976","271.7381370825855"
"293.06543787768055","275.7521968364525"
"304.103549831645","289.8014059752725"
"293.79405906793886","290.80492091388203"
"288.9993276808837","288.7978910369485"
"290.5397500487206","287.794376098339"
"294.75529725726125","288.7978910369485"
"289.21869738132347","288.7978910369485"
"286.4033884156007","289.8014059752725"
"291.84087870493784","292.8119507908155"
"304.14117289450746","297.829525483292"
"312.4638281412035","296.8260105446825"
"305.5117901580738","293.815465729425"
"285.31243468585114","290.80492091388203"
"280.9560380841723","287.794376098339"
"277.18962831129477","282.7768014058625"
"279.5134738483191","278.7627416519955"
"271.2406076752461","272.741652021195"
"263.63603322282484","264.7135325131755"
"260.0335434211527","263.710017574566"
"252.9418770656352","256.68541300515597"
"249.98371284082185","253.6748681898985"
"248.46341065417414","248.65729349742202"
"250.03332038432245","242.63620386633602"
"253.66378997291378","246.6502636204885"
"250.980476160504","251.667838312965"
"267.4604365351984","255.681898066832"
"262.1580414689828","256.68541300515597"
"258.34477893853165","260.6994727593085"
"260.5785806701183","263.710017574566"
"268.6327419674894","263.710017574566"
"261.89758216770656","262.706502636242"
"259.5825570497208","260.6994727593085"
"260.08152987922415","261.7029876976325"
"267.7134800524148","267.7240773287185"
"279.1633767495888","276.75571177506197"
"278.1257147651015","280.769771528929"
"269.35654917782074","276.75571177506197"
"264.14196868512875","267.7240773287185"
"257.4286042763099","258.692442882375"
"250.12431685819104","256.68541300515597"
"246.89849709487615","250.6643233743555"
"233.15090456470813","244.6432337432695"
"238.4802966859407","237.61862917385952"
"220.88640994490987","176.404217926103"
"161.19007003802577","147.302284710139"
"136.0320887841559","140.277680140729"
"134.68471890020848","123.21792618636601"
"139.97296570523466","104.15114235506948"
"158.87963845987298","143.28822495598652"
"163.65580703885968","198.4815465729425"
"211.90756815956317","229.5905096661255"
"237.44493645643877","252.67135325128902"
"258.90304541075415","257.6889279437655"
"261.82912607552083","260.6994727593085"
"259.26001939556136","260.6994727593085"
"258.53242974475944","262.706502636242"
"263.2475343099029","265.717047451785"
"272.405365715462","272.741652021195"
"286.9598143675021","279.766256590605"
"285.47644447931873","283.780316344472"
"273.7878469488194","282.7768014058625"
"271.7457684429357","280.769771528929"
"271.0415942478712","275.7521968364525"
"271.71415064536274","273.745166959519"
"265.5500100272627","267.7240773287185"
"256.7281348643032","257.6889279437655"
"253.54262409631292","265.717047451785"
"256.0234986449487","253.6748681898985"
"249.06876877226875","217.548330404239"
"211.2766219917811","221.56239015810598"
"224.7578800800443","233.60456941999252"
"247.2177462305894","265.717047451785"
"284.0174342732909","282.7768014058625"
"302.9963490406414","295.82249560635853"
"295.0445631285488","293.815465729425"
"288.9372940870883","291.80843585249147"
"288.68888809531245","293.815465729425"
"298.72281565444956","293.815465729425"
"291.29115109804314","291.80843585249147"
"287.6583296149165","291.80843585249147"
"291.145060115438","295.82249560635853"
"307.8322674509142","324.9244288224938"
"336.4965266515994","303.850615114378"
"310.60581391901906","306.8611599296355"
"297.02101173294363","294.818980667749"
"283.3387303637725","289.8014059752725"
"277.1439922383349","283.780316344472"
"278.10116011282514","281.77328646753847"
"273.1848305171345","273.745166959519"
"265.68871590596467","268.7275922670425"
"265.18463756693166","266.72056239010897"
"258.86538240367105","262.706502636242"
"258.94539417707426","263.710017574566"
"261.7558773614903","258.692442882375"
"263.36138490862936","259.695957820699"
"271.4048202709194","270.734622143976"
"292.9776483961738","280.769771528929"
"306.113714972238","293.815465729425"
"295.0891209081993","293.815465729425"
"289.46864108319295","288.7978910369485"
"288.8684781446943","288.7978910369485"
"293.79924060979636","294.818980667749"
"293.4100578423437","293.815465729425"
"290.38697033409846","294.818980667749"
"295.2522233666394","294.818980667749"
"307.2857823737422","297.829525483292"
"308.13178345342936","300.84007029883503"
"303.60706788866054","300.84007029883503"
"291.99273657805475","294.818980667749"
"282.489063596713","287.794376098339"
"273.54186583847843","281.77328646753847"
"273.2432675747014","280.769771528929"
"270.13184124149575","276.75571177506197"
"266.47319984510807","268.7275922670425"
"263.09605699568874","262.706502636242"
"251.4964944003504","259.695957820699"
"253.9163752749203","259.695957820699"
"256.18063940124836","257.6889279437655"
"261.08343391947125","259.695957820699"
"271.32465246713116","273.745166959519"
"296.10133111319726","286.79086116001497"
"316.1098097773624","322.9173989455318"
"317.22870639655747","323.9209138839985"
"311.3981854042217","301.843585237159"
"299.9584366311115","296.8260105446825"
"301.6611841791595","312.8822495607215"
"314.78841071793556","308.868189806569"
"305.84099486558415","308.868189806569"
"311.32179081468416","316.8963093145885"
"329.5777277868041","335.9630931458565"
"356.3304133019163","365.06502636204885"
"412.4649920192637","379.1142355009545"
"360.530312066437","319.9068541300459"
"306.7430329914177","295.82249560635853"
"283.62745093933836","290.80492091388203"
"287.5098341041965","288.7978910369485"
"281.77241663810605","282.7768014058625"
"277.7831861730434","273.745166959519"
"270.84522006036275","259.695957820699"
"251.94860804066076","259.695957820699"
"257.07353066603673","249.660808435746"
"250.34574539670032","245.646748681879"
"251.3639976979942","255.681898066832"
"268.4513868196828","272.741652021195"
"296.4451877577834","291.80843585249147"
"334.2000945607798","342.987697715295"
"338.4645220196375","345.9982425307552"
"330.1355777250721","319.9068541300459"
"316.8563756352446","314.889279437655"
"317.8291543478514","325.9279437609891"
"324.0030006031511","333.9560632688944"
"324.2080639358789","334.9595782073897"
"327.16991881477213","327.93497363795115"
"333.21357741207987","322.9173989455318"
"324.7305008904448","329.94200351494175"
"322.28787483066526","317.899824253198"
"299.4272756252871","293.815465729425"
"278.2421723011407","284.7838312830815"
"268.73874875585216","277.7592267136715"
"266.84923590204477","274.7486818981285"
"264.6813918889376","267.7240773287185"
"254.14227144799673","258.692442882375"
"252.1344729360088","226.5799648505825"
"202.07426961737042","200.488576449876"
"186.48159127237744","197.478031634333"
"182.61361040538083","212.5307557117625"
"210.59901319449676","222.56590509671548"
"237.73013101665322","255.681898066832"
"268.2984835171079","270.734622143976"
"284.0137969402365","284.7838312830815"
"283.2316643220418","287.794376098339"
"279.94123843685287","286.79086116001497"
"271.88133927990793","285.7873462214055"
"278.81508585708985","284.7838312830815"
"276.1422062624753","282.7768014058625"
"273.72892834952484","278.7627416519955"
"270.4487473089898","280.769771528929"
"286.2635963784227","284.7838312830815"
"285.5663686638106","286.79086116001497"
"277.9034281904413","285.7873462214055"
"272.4833495386382","279.766256590605"
"266.0793315384903","271.7381370825855"
"257.626313696751","266.72056239010897"
"253.3070640660385","263.710017574566"
"251.969730323089","260.6994727593085"
"241.1996129286213","255.681898066832"
"249.44014261537257","249.660808435746"
"231.95262487182166","232.60105448166848"
"223.47004966039657","225.5764499122585"
"217.00284985431756","224.572934973649"
"225.3934677954992","233.60456941999252"
"245.72997226759907","240.6291739894025"
"246.09917627604653","244.6432337432695"
"262.1241755876589","249.660808435746"
"259.7596889618509","251.667838312965"
"256.05880810878335","255.681898066832"
"258.08260603187404","258.692442882375"
"262.1403007969453","259.695957820699"
"257.36675492194314","258.692442882375"
"254.43771688858106","257.6889279437655"
"254.92158595949138","259.695957820699"
"265.35856506160826","266.72056239010897"
"276.46377393813367","271.7381370825855"
"273.08334393477213","275.7521968364525"
"265.3466950341625","270.734622143976"
"259.55519076076587","266.72056239010897"
"256.25531903817864","261.7029876976325"
"253.36826947123313","259.695957820699"
"250.31163648566542","255.681898066832"
"240.29829015862634","253.6748681898985"
"248.84993804201494","254.6783831282225"
"243.0495691877773","251.667838312965"
"246.86885394480692","242.63620386633602"
"240.14089664057246","238.62214411246902"
"241.6318651186637","252.67135325128902"
"263.5818392504616","250.6643233743555"
"254.7596737115697","258.692442882375"
"272.516837519682","260.6994727593085"
"268.48550035449495","261.7029876976325"
"267.2357691154946","263.710017574566"
"271.4427192881874","267.7240773287185"
"274.36815507467065","270.734622143976"
"269.02380288452036","270.734622143976"
"268.92844713898626","271.7381370825855"
"273.10701765496333","273.745166959519"
"280.9940212059994","282.7768014058625"
"294.76825131434026","286.79086116001497"
"290.1106515358844","286.79086116001497"
"275.7419835874773","283.780316344472"
"271.4713461862734","277.7592267136715"
"266.4132761297141","272.741652021195"
"265.9775213146087","269.731107205652"
"260.826456489932","262.706502636242"
"250.15639421258206","257.6889279437655"
"253.12567012131265","255.681898066832"
"243.8794417117463","252.67135325128902"
"247.24618846820698","251.667838312965"
"249.21666506662393","230.5940246044495"
"233.93911422096198","239.6256590510785"
"252.5797863237068","263.710017574566"
"281.7982354417201","308.868189806569"
"334.9156411084947","376.1036906854115"
"359.79505237660686","291.80843585249147"
"288.3775740371472","289.8014059752725"
"287.93185373513927","288.7978910369485"
"293.9163249921513","289.8014059752725"
"290.2409023075268","288.7978910369485"
"286.29568522369544","288.7978910369485"
"289.3888734739679","299.8365553602255"
"312.37776172110034","408.2161687169185"
"418.1986453461031","376.1036906854115"
"407.64171499500986","334.9595782073897"
"321.28298791043085","289.8014059752725"
"279.81937782131706","283.780316344472"
"272.90254112398316","275.7521968364525"
"270.2849169402721","270.734622143976"
"263.1525532010912","263.710017574566"
"252.80577762655523","255.681898066832"
"251.42496572218386","254.6783831282225"
"243.31744658141048","249.660808435746"
"243.76872843963054","240.6291739894025"
"235.81237696393407","213.534270650372"
"214.65032353997452","215.54130052730548"
"230.550157089168","277.7592267136715"
"296.88175185195706","299.8365553602255"
"312.63932756804167","342.987697715295"
"321.2061245399683","283.780316344472"
"279.81464737131876","276.75571177506197"
"269.67770914165516","277.7592267136715"
"276.94426783826225","274.7486818981285"
"271.7855538311559","299.8365553602255"
"291.6587786931232","289.8014059752725"
"286.7577291914265","304.854130052702"
"314.7201130118456","348.0052724077315"
"353.6078751704793","349.00878734622114"
"356.14371779237644","284.7838312830815"
"276.4949408268107","278.7627416519955"
"269.3331710730978","273.745166959519"
"262.1377230888654","267.7240773287185"
"257.8587315455814","265.717047451785"
"255.9731962682205","257.6889279437655"
"240.61346093792974","245.646748681879"
"239.03128318943538","233.60456941999252"
"212.75065190573613","196.47451669600898"
"182.60006375512873","201.4920913884855"
"189.1539023210433","175.40070298777897"
"170.1871466770586","208.51669595789548"
"224.0448874594095","250.6643233743555"
"267.0631679658276","262.706502636242"
"279.9040092864815","274.7486818981285"
"281.05638281258797","276.75571177506197"
"276.51898454165405","272.741652021195"
"270.28490626221276","273.745166959519"
"277.68257885199364","273.745166959519"
"272.51898342970054","272.741652021195"
"270.67544511351696","277.7592267136715"
"278.2116910962205","284.7838312830815"
"296.6106082704457","287.794376098339"
"297.45484091260715","288.7978910369485"
"290.9183368567597","288.7978910369485"
"280.4195530550386","282.7768014058625"
"273.008104372047","272.741652021195"
"262.69838023219927","264.7135325131755"
"257.1862951289004","261.7029876976325"
"253.12224144637386","255.681898066832"
"239.6637412462235","245.646748681879"
"240.14951931565196","242.63620386633602"
"227.6732188333064","206.509666080962"
"196.04994160339632","202.49560632680948"
"192.39627167353117","180.4182776802555"
"176.60967881843044","198.4815465729425"
"213.1035488514413","252.67135325128902"
"269.6189242757451","265.717047451785"
"284.1975789283872","276.75571177506197"
"283.4842465083178","283.780316344472"
"282.48389007558336","278.7627416519955"
"277.63582166527135","278.7627416519955"
"284.30246491333804","279.766256590605"
"279.1117699015603","280.769771528929"
"278.7100816537562","281.77328646753847"
"283.5406433359545","283.780316344472"
"296.13247604397543","291.80843585249147"
"304.60880716740576","308.868189806569"
"320.1998357979087","295.82249560635853"
"288.32294875550525","290.80492091388203"
"281.1214001449775","279.766256590605"
"270.42966359498894","271.7381370825855"
"268.77564588037103","272.741652021195"
"266.0981275863344","264.7135325131755"
"256.42952864104615","258.692442882375"
"255.7134464124066","250.6643233743555"
"241.3747930505516","248.65729349742202"
"246.3998350810326","248.65729349742202"
"249.29392664324143","253.6748681898985"
"259.36803150472156","256.68541300515597"
"269.54879763614315","262.706502636242"
"283.7361135713679","278.7627416519955"
"308.9839885497822","294.818980667749"
"297.61938649093736","299.8365553602255"
"295.82707259936336","290.80492091388203"
"293.32533548806134","288.7978910369485"
"295.5417949746621","287.794376098339"
"288.5591086889453","293.815465729425"
"291.52907502111844","290.80492091388203"
"292.71012915449404","291.80843585249147"
"303.73213542095897","292.8119507908155"
"306.6656962214238","294.818980667749"
"301.3934780876798","292.8119507908155"
"284.39228043644744","286.79086116001497"
"276.63589559974315","280.769771528929"
"270.8635098177631","270.734622143976"
"266.75326351864953","267.7240773287185"
"260.34964393386264","262.706502636242"
"251.83617224193614","256.68541300515597"
"252.60223543958546","227.58347978919198"
"209.10866109352497","192.460456942142"
"179.4671121905286","171.3866432336265"
"157.82036056032217","167.3725834797595"
"160.39611359265163","170.3831282953025"
"180.5689475212646","185.4358523724465"
"200.10446069143455","228.58699472751601"
"247.31898074495032","237.61862917385952"
"252.95650098891787","251.667838312965"
"258.5984778904708","261.7029876976325"
"268.32285356680165","263.710017574566"
"270.08556332833064","263.710017574566"
"263.1272136391149","260.6994727593085"
"259.830714769589","259.695957820699"
"261.76648858357566","262.706502636242"
"268.67773437233785","266.72056239010897"
"282.9584446972013","271.7381370825855"
"280.49024517620956","273.745166959519"
"265.8531296611006","269.731107205652"
"260.7554988561153","262.706502636242"
"255.7093964499154","257.6889279437655"
"252.61972978682377","251.667838312965"
"244.06825181705977","247.65377855881252"
"232.73092031375822","234.608084358602"
"228.83825092296325","226.5799648505825"
"209.98557406796195","183.428822495513"
"170.60068222659527","157.3374340948065"
"145.67560308680368","135.26010544825252"
"132.18671574026172","136.26362038657652"
"149.00210296579672","149.30931458707252"
"177.89853885603986","159.34446397174"
"178.45988843239044","170.3831282953025"
"185.86921468850235","207.513181019286"
"218.15041536526465","249.660808435746"
"259.8846928911315","252.67135325128902"
"258.97530379782773","255.681898066832"
"255.39695150688067","252.67135325128902"
"252.01825953224315","250.6643233743555"
"251.83917153490898","252.67135325128902"
"257.0612130732757","259.695957820699"
"277.57964641041474","267.7240773287185"
"277.8720684638296","271.7381370825855"
"264.58687724328183","267.7240773287185"
"259.9182546520818","262.706502636242"
"255.62022451741603","256.68541300515597"
"251.2490028448131","251.667838312965"
"243.74372433068848","247.65377855881252"
"231.60148816845484","235.611599296926"
"229.22111316179453","245.646748681879"
"231.81719860684478","244.6432337432695"
"238.6774261280425","245.646748681879"
"242.6088865297832","246.6502636204885"
"249.60330178094816","249.660808435746"
"261.5550969183837","257.6889279437655"
"274.7387770191565","269.731107205652"
"288.15683793616444","281.77328646753847"
"286.3877536163872","285.7873462214055"
"283.90460137511434","282.7768014058625"
"280.8818389183542","283.780316344472"
"289.1865281384563","283.780316344472"
"281.5956240849365","282.7768014058625"
"279.5100195821925","282.7768014058625"
"283.5829798077824","283.780316344472"
"295.74907442729597","288.7978910369485"
"300.51096297903507","292.8119507908155"
"297.74646532110137","292.8119507908155"
"285.90584680798696","285.7873462214055"
"276.8744833988394","276.75571177506197"
"267.5032304519245","268.7275922670425"
"263.912328706383","261.7029876976325"
"254.6080098421993","258.692442882375"
"246.86950478940412","248.65729349742202"
"244.57879819969918","245.646748681879"
"233.6066240717394","242.63620386633602"
"238.40663164836172","242.63620386633602"
"240.86611983159048","244.6432337432695"
"249.2843338792381","247.65377855881252"
"260.76597868253003","255.681898066832"
"274.90015896069775","272.741652021195"
"295.369893348907","288.7978910369485"
"292.09580732560056","294.818980667749"
"291.02275016015767","287.794376098339"
"288.0630915955724","285.7873462214055"
"291.9702232040763","285.7873462214055"
"287.14589568293815","285.7873462214055"
"284.77835682565615","285.7873462214055"
"289.64180557256725","289.8014059752725"
"303.2938397885592","305.85764499131153"
"324.1825549397262","304.854130052702"
"326.5758941646222","299.8365553602255"
"294.60205812237825","289.8014059752725"
"282.37968358462047","282.7768014058625"
"274.12660886957883","272.741652021195"
"271.58029855548244","267.7240773287185"
"262.07781076155015","261.7029876976325"
"253.0540846866262","249.660808435746"
"246.13821381603657","248.65729349742202"
"238.01699642158658","245.646748681879"
"242.59252091681145","245.646748681879"
"245.43752077752129","246.6502636204885"
"251.61282296146237","248.65729349742202"
"261.6695542334968","256.68541300515597"
"275.38850949676544","270.734622143976"
"293.7646744237262","289.8014059752725"
"293.3045380462036","297.829525483292"
"294.13600300526554","288.7978910369485"
"290.6792230562598","286.79086116001497"
"294.18197118155626","288.7978910369485"
"289.64332588320013","288.7978910369485"
"287.595813218446","286.79086116001497"
"290.9423799324017","289.8014059752725"
"302.4185416955923","299.8365553602255"
"317.6748495397044","304.854130052702"
"326.9205515235804","299.8365553602255"
"295.35505915998687","288.7978910369485"
"282.19595050032905","282.7768014058625"
"274.39982804772626","273.745166959519"
"272.836142328179","266.72056239010897"
"261.9250022855138","258.692442882375"
"251.02148600819703","251.667838312965"
"248.6527921896079","250.6643233743555"
"241.87382383293235","246.6502636204885"
"244.650238753819","246.6502636204885"
"247.2254506993184","246.6502636204885"
"251.94851945371698","248.65729349742202"
"261.4178124789217","257.6889279437655"
"274.20942750642325","274.7486818981285"
"294.3575913205543","285.7873462214055"
"289.79413446206775","288.7978910369485"
"286.8285036845055","282.7768014058625"
"283.62687994271084","280.769771528929"
"287.56497387447445","279.766256590605"
"281.1158277970517","280.769771528929"
"279.76596476555744","281.77328646753847"
"285.11462690843615","280.769771528929"
"292.79481417725276","281.77328646753847"
"297.6446543757618","283.780316344472"
"293.72469388212807","281.77328646753847"
"276.55784706084387","276.75571177506197"
"270.15095727933397","270.734622143976"
"263.6627678327483","260.6994727593085"
"257.560900121179","253.6748681898985"
"247.10476721497236","247.65377855881252"
"233.7306498487842","238.62214411246902"
"233.39559858424963","238.62214411246902"
"224.64503981294752","234.608084358602"
"230.00654927013932","230.5940246044495"
"227.76098901907227","232.60105448166848"
"235.53998421537463","233.60456941999252"
"245.74715447217227","237.61862917385952"
"245.68152244943025","243.6397188049455"
"262.36346909839256","250.6643233743555"
"265.25152107015646","253.6748681898985"
"260.2265509042048","250.6643233743555"
"257.2824734363476","248.65729349742202"
"254.29544898080758","247.65377855881252"
"249.98002427953065","246.6502636204885"
"245.65710613876436","244.6432337432695"
"245.55190993407018","244.6432337432695"
"250.02049726393932","245.646748681879"
"263.7212608424491","248.65729349742202"
"261.2161535075805","249.660808435746"
"247.87199592918216","246.6502636204885"
"241.0969694416532","239.6256590510785"
"235.81246603650533","234.608084358602"
"226.98251848601254","234.608084358602"
"225.72312054457106","229.5905096661255"
"210.7079435195325","218.55184534284848"
"208.97494335046338","180.4182776802555"
"154.65178723379645","141.28119507905302"
"131.35361276888074","126.22847100162349"
"123.25785438051565","95.119507908726"
"111.10775022499351","95.119507908726"
"122.13453806527505","90.1019332162495"
"153.45973466063313","104.15114235506948"
"131.12276518735806","166.3690685414355"
"180.1858010424937","205.5061511423525"
"215.3974301099165","230.5940246044495"
"243.16739667072076","236.6151142355355"
"240.660717026466","237.61862917385952"
"238.65934958573814","236.6151142355355"
"233.43846678913633","234.608084358602"
"232.74410506278798","234.608084358602"
"237.23708300096075","234.608084358602"
"257.00812575108654","244.6432337432695"
"260.37948361358474","244.6432337432695"
"239.11404050605003","237.61862917385952"
"226.4456589319497","230.5940246044495"
"225.2404402247879","227.58347978919198"
"215.90329512195038","223.5694200350395"
"210.52056050785293","221.56239015810598"
"196.98933473714067","205.5061511423525"
"191.69861445685157","145.29525483292"
"126.496624482491","97.12653778565948"
"125.20488447406453","93.11247803150701"
"124.75030136595225","101.14059753952651"
"137.35326676953926","125.22495606329949"
"159.24717318279292","169.37961335669303"
"176.16090591978025","194.4674868190755"
"200.47221537575544","184.4323374341225"
"172.5087587836685","165.365553602826"
"149.79940218548128","145.29525483292"
"147.39641929256564","154.326889279549"
"183.79847813417655","172.390158172236"
"193.52341767717857","216.5448154656295"
"217.78602769703605","212.5307557117625"
"200.24209568009582","192.460456942142"
"192.08669067460406","166.3690685414355"
"156.42035579502675","159.34446397174"
"143.88395952259597","125.22495606329949"
"145.34655673309246","88.09490333931598"
"124.28368119702202","92.10896309318298"
"135.60641323630966","144.291739894596"
"170.96266455094403","162.35500878728303"
"167.42154862220175","173.3936731108455"
"183.0724975399448","168.376098418369"
"157.01569561991514","170.3831282953025"
"154.2384802283153","178.4112478030365"
"174.36198058687214","204.502636203743"
"229.66947065909278","219.5553602811725"
"237.60664124078858","216.5448154656295"
"218.52258931429031","204.502636203743"
"193.03836876313983","177.4077328647125"
"180.5057969017863","159.34446397174"
"151.21293948885932","151.316344464006"
"137.87938493287822","129.23901581716652"
"127.56180314031843","94.11599297011651"
"109.7300117614999","126.22847100162349"
"116.8377331199695","94.11599297011651"
"109.98171963396524","82.07381370822998"
"107.1810429290392","86.08787346209704"
"108.33931263432078","115.18980667834651"
"135.59423193612025","151.316344464006"
"177.59737524053892","193.463971880466"
"215.83590739114703","211.527240773153"
"228.09569995815255","220.558875219782"
"230.07239852026993","229.5905096661255"
"241.8758946494809","232.60105448166848"
"237.18141276680035","233.60456941999252"
"236.64662805491804","234.608084358602"
"232.85884711086965","236.6151142355355"
"236.46070566678776","239.6256590510785"
"244.2700070250887","248.65729349742202"
"269.4645269062953","253.6748681898985"
"267.73103526753374","252.67135325128902"
"250.42723591595336","249.660808435746"
"244.70865866948964","244.6432337432695"
"240.90165254935025","238.62214411246902"
"232.8760968864782","236.6151142355355"
"229.1882732774065","229.5905096661255"
"213.45772214880324","209.5202108962195"
"198.10928874413594","221.56239015810598"
"202.66617513221593","212.5307557117625"
"203.7048468452875","205.5061511423525"
"197.42281295437672","204.502636203743"
"202.2522905575188","214.537785588696"
"225.7462646777767","222.56590509671548"
"227.8884743954015","231.59753954305899"
"250.7062813702081","237.61862917385952"
"252.53874582830133","243.6397188049455"
"250.69695951059884","244.6432337432695"
"250.95429089374915","244.6432337432695"
"248.39028272069652","243.6397188049455"
"245.24301308639804","238.62214411246902"
"235.74414329335195","235.611599296926"
"233.2194707395657","237.61862917385952"
"240.45231492003683","241.632688928012"
"257.75398185244353","243.6397188049455"
"254.62160755238017","242.63620386633602"
"240.5517691618038","238.62214411246902"
"230.50069773293174","231.59753954305899"
"226.1509033972846","220.558875219782"
"206.577899814127","209.5202108962195"
"193.09391713825775","185.4358523724465"
"157.88485127585355","161.351493848959"
"144.75142142048145","160.3479789103495"
"133.85128573542474","116.19332161695601"
"118.64844097866464","97.12653778565948"
"111.74511113621236","90.1019332162495"
"110.171576806165","92.10896309318298"
"126.53750250677001","134.25659050964302"
"169.37453326019656","167.3725834797595"
"192.3516096914846","207.513181019286"
"221.77055479861747","220.558875219782"
"228.58913684660246","225.5764499122585"
"231.43896068426912","227.58347978919198"
"227.10152761048036","227.58347978919198"
"230.18588138794286","225.5764499122585"
"220.45661266955824","223.5694200350395"
"217.89581313065946","224.572934973649"
"223.79104275197028","231.59753954305899"
"250.6019992444348","235.611599296926"
"249.97583515794335","237.61862917385952"
"237.94051111320954","235.611599296926"
"229.8640259300555","230.5940246044495"
"227.57038429654665","226.5799648505825"
"217.66326287058774","222.56590509671548"
"212.25785969756586","211.527240773153"
"192.20590085465204","184.4323374341225"
"168.56584304996582","154.326889279549"
"134.20920197179194","148.30579964846302"
"136.30087186860806","146.2987697715295"
"135.9219602732542","147.302284710139"
"140.50633762039905","148.30579964846302"
"158.94572668843168","188.4463971879895"
"201.2480899427756","228.58699472751601"
"247.92816663705818","237.61862917385952"
"252.389363710194","242.63620386633602"
"249.98056005758644","244.6432337432695"
"253.2125721169981","248.65729349742202"
"253.96794486483145","247.65377855881252"
"249.37946787704385","246.6502636204885"
"245.8551127828811","244.6432337432695"
"246.19640085026114","245.646748681879"
"251.19143423411484","254.6783831282225"
"274.3425810343427","260.6994727593085"
"273.6264727716541","264.7135325131755"
"260.5247107384163","260.6994727593085"
"255.09371310998432","254.6783831282225"
"249.93734743537715","246.6502636204885"
"242.08467720217283","243.6397188049455"
"237.62051685487768","241.632688928012"
"229.801408229878","234.608084358602"
"228.62688335243746","246.6502636204885"
"234.9249027314911","228.58699472751601"
"224.83532719934914","209.5202108962195"
"204.83030932477038","201.4920913884855"
"200.19754766528715","204.502636203743"
"215.83745622767137","212.5307557117625"
"218.77729527945064","212.5307557117625"
"229.70627369625814","229.5905096661255"
"244.4582332593262","245.646748681879"
"254.31464900858185","249.660808435746"
"262.43288384465063","254.6783831282225"
"263.5778015859423","255.681898066832"
"256.82756007563717","256.68541300515597"
"256.9928014270346","256.68541300515597"
"259.0203873171497","258.692442882375"
"264.31515816949695","278.7627416519955"
"294.0308166514345","332.9525483303991"
"339.5151322526213","333.9560632688944"
"313.1434592838014","283.780316344472"
"270.4724763889809","256.68541300515597"
"249.8491415467284","247.65377855881252"
"240.21724775382947","244.6432337432695"
"235.63610808393472","240.6291739894025"
"236.32165759996906","186.439367311056"
"161.46720830423308","175.40070298777897"
"165.81717481309977","215.54130052730548"
"210.57528561318523","211.527240773153"
"217.0199575017775","205.5061511423525"
"224.06947230787148","205.5061511423525"
"220.95303772742932","192.460456942142"
"216.7763567993605","192.460456942142"
"210.99042811443007","180.4182776802555"
"193.47239351781198","180.4182776802555"
"200.39527737575435","198.4815465729425"
"202.04695106583316","215.54130052730548"
"221.37312749059828","217.548330404239"
"214.72792808647583","215.54130052730548"
"211.58716312427123","216.5448154656295"
"218.49023215470012","222.56590509671548"
"247.36427324781008","230.5940246044495"
"249.5424563534183","244.6432337432695"
"242.4168399922914","250.6643233743555"
"244.71027105596494","245.646748681879"
"240.91584618213818","229.5905096661255"
"220.82574196720861","217.548330404239"
"205.58263481749563","208.51669595789548"
"187.75229611531415","182.42530755718897"
"166.87307869467736","218.55184534284848"
"198.8394226180484","212.5307557117625"
"204.21893199640422","205.5061511423525"
"198.07675188519204","206.509666080962"
"207.93185309748188","214.537785588696"
"229.6932588402965","211.527240773153"
"224.97678860064525","207.513181019286"
"230.99840913603146","284.7838312830815"
"287.30791740734674","285.7873462214055"
"285.6530372028826","281.77328646753847"
"283.43677732274597","288.7978910369485"
"295.21009644440886","300.84007029883503"
"298.818297405682","260.6994727593085"
"260.70068509911806","263.710017574566"
"267.25392767103034","268.7275922670425"
"280.9337702010552","278.7627416519955"
"292.5204097343478","279.766256590605"
"284.7109600326795","281.77328646753847"
"275.5408397769805","265.717047451785"
"261.63653352373194","259.695957820699"
"253.88284782278592","252.67135325128902"
"246.7829456623513","247.65377855881252"
"240.98193674536458","237.61862917385952"
"219.57490142141555","218.55184534284848"
"214.60629399582515","215.54130052730548"
"197.6371200781159","189.44991212659897"
"181.1105496636581","161.351493848959"
"154.15326891582637","146.2987697715295"
"147.6879825810471","141.28119507905302"
"169.0119635129945","180.4182776802555"
"208.08281830373343","246.6502636204885"
"267.32843554347437","274.7486818981285"
"282.00782828067116","249.660808435746"
"257.95712299885645","248.65729349742202"
"249.74834586147887","248.65729349742202"
"245.76622808636043","247.65377855881252"
"249.94083949682647","247.65377855881252"
"250.23929508297428","248.65729349742202"
"251.92581932574726","248.65729349742202"
"255.45453741334418","250.6643233743555"
"258.472036764242","251.667838312965"
"251.79104715436782","250.6643233743555"
"251.96990803365233","249.660808435746"
"250.998492765428","245.646748681879"
"244.46082267811784","250.6643233743555"
"236.84061378282416","214.537785588696"
"207.86534942779767","214.537785588696"
"176.55493185194987","118.20035149388949"
"131.727409801217","73.04217926188653"
"134.51487369434932","81.070298769906"
"147.57578329440014","153.3233743409395"
"193.77996926240237","294.818980667749"
"291.75952228705995","244.6432337432695"
"254.46839534035087","243.6397188049455"
"244.32615349040282","246.6502636204885"
"243.98987801917986","246.6502636204885"
"248.77532771452084","245.646748681879"
"249.71085512619908","245.646748681879"
"250.77204910074283","247.65377855881252"
"256.18863372161843","248.65729349742202"
"257.12729372270496","251.667838312965"
"253.16564675282785","251.667838312965"
"254.00732919854306","250.6643233743555"
"254.67763193967406","246.6502636204885"
"247.3172702800259","241.632688928012"
"235.76223564835144","233.60456941999252"
"229.68639195297615","226.5799648505825"
"200.79622906954936","201.4920913884855"
"220.53566483047518","125.22495606329949"
"167.6826063737931","264.7135325131755"
"276.0935786873756","260.6994727593085"
"265.9420789214698","261.7029876976325"
"264.05446011238035","264.7135325131755"
"270.0328748972046","264.7135325131755"
"266.25580603167145","260.6994727593085"
"260.37811386257454","258.692442882375"
"259.26350183884847","261.7029876976325"
"270.74273696313753","268.7275922670425"
"274.7328309702633","278.7627416519955"
"276.6199164931055","284.7838312830815"
"279.9888246427389","259.695957820699"
"258.1565951228534","251.667838312965"
"247.47806096902397","245.646748681879"
"239.65249207585867","231.59753954305899"
"224.1449285371245","219.5553602811725"
"199.1333603527179","140.277680140729"
"132.5262300203282","213.534270650372"
"194.91262124237522","155.33040421787302"
"146.21728770590644","118.20035149388949"
"121.74704763576321","121.21089630943251"
"126.01774164795557","153.3233743409395"
"169.50195973340942","159.34446397174"
"186.5534223688824","173.3936731108455"
"198.38548943930732","270.734622143976"
"279.3385833137103","289.8014059752725"
"289.6235569775614","287.794376098339"
"292.7360592781579","290.80492091388203"
"298.60827008718593","331.9490333919038"
"327.0980709291823","300.84007029883503"
"298.22075612440614","274.7486818981285"
"278.35719408464286","259.695957820699"
"267.6274175640628","263.710017574566"
"280.26877191352935","327.93497363795115"
"343.5900984120211","390.1528998242315"
"365.95871219903825","364.06151142355355"
"336.7553370928822","331.9490333919038"
"308.368316246024","254.6783831282225"
"249.1060906587619","248.65729349742202"
"241.1192028202227","240.6291739894025"
"223.41285186350262","232.60105448166848"
"229.00667911029592","244.6432337432695"
"234.24602608903297","227.58347978919198"
"224.4070287439798","209.5202108962195"
"204.1662738589247","148.30579964846302"
"145.53674559512754","132.2495606327095"
"150.70911154806637","111.17574692447948"
"163.27931047669904","204.502636203743"
"226.4584786630754","198.4815465729425"
"221.38542297535423","259.695957820699"
"264.9584821223869","247.65377855881252"
"254.15400044477343","249.660808435746"
"254.74356342268106","248.65729349742202"
"252.17666611477057","246.6502636204885"
"247.71310608116949","242.63620386633602"
"245.12666282854906","245.646748681879"
"255.27447639334736","246.6502636204885"
"261.3156453794057","253.6748681898985"
"260.8194394436472","273.745166959519"
"270.62807039166665","264.7135325131755"
"261.6995730565838","254.6783831282225"
"250.209713269158","252.67135325128902"
"246.38205126828677","234.608084358602"
"227.83240645942024","233.60456941999252"
"213.73861205595807","216.5448154656295"
"210.73989564318902","201.4920913884855"
"202.92324463046262","73.04217926188653"
"117.49152124870685","193.463971880466"
"208.20228839288262","209.5202108962195"
"229.0826217630759","212.5307557117625"
"226.53417460934173","219.5553602811725"
"228.75454001860822","197.478031634333"
"218.09944928063354","250.6643233743555"
"257.95575496248784","282.7768014058625"
"280.4925609901827","260.6994727593085"
"260.70169025175596","259.695957820699"
"261.09606684737736","246.6502636204885"
"249.78076275750013","246.6502636204885"
"270.14102174052465","277.7592267136715"
"290.9132999456234","341.9841827767997"
"321.3790817139514","404.2021089630515"
"369.3061997712062","409.219683655528"
"371.66676300941424","345.9982425307552"
"342.1467464396173","296.8260105446825"
"291.41509756066466","279.766256590605"
"272.8558372700679","252.67135325128902"
"249.09430844271313","259.695957820699"
"249.96773300977895","247.65377855881252"
"245.65207193563032","242.63620386633602"
"242.8539625089581","240.6291739894025"
"242.8146225154243","241.632688928012"
"254.82787947833947","268.7275922670425"
"285.16928100566395","319.9068541300459"
"368.72463157493337","439.32513181010154"
"441.29510201744125","479.46572934962796"
"441.17170443392547","436.31458699484403"
"427.6837299417922","419.254833040481"
"409.12318631332334","416.24428822493803"
"417.41108934034247","414.2372583480045"
"393.93941856277684","407.2126537785945"
"388.01104989188144","389.149384885622"
"382.4602840203181","377.107205624021"
"407.1042309865933","385.135325131755"
"464.57739745916126","424.2724077329575"
"443.36949681326655","455.3813708261405"
"387.0548468663788","390.1528998242315"
"319.82401984164045","299.8365553602255"
"284.6530959166883","268.7275922670425"
"262.7929743632324","249.660808435746"
"219.07226742799156","241.632688928012"
"234.47927725818974","235.611599296926"
"224.11962733809258","230.5940246044495"
"228.08278018853852","227.58347978919198"
"226.20866294026771","208.51669595789548"
"214.30451259732968","226.5799648505825"
"243.55682589132743","250.6643233743555"
"278.15143201543657","295.82249560635853"
"347.79549761191686","357.0369068541435"
"358.8493160840955","394.1669595780985"
"372.6503241589009","381.121265377888"
"377.9001989198151","379.1142355009545"
"372.05470219676636","394.1669595780985"
"395.24993770734494","388.145869947298"
"373.2615816135517","394.1669595780985"
"380.7730817576065","387.14235500868847"
"388.14238243299695","386.1388400703645"
"402.327016698922","409.219683655528"
"455.5381867782818","455.3813708261405"
"416.66426645276476","454.377855887531"
"392.3760288165429","303.850615114378"
"287.5634157338592","266.72056239010897"
"260.7637053580538","258.692442882375"
"252.80406214813695","245.646748681879"
"228.94481327832113","237.61862917385952"
"234.41774864399113","228.58699472751601"
"214.14241168969951","227.58347978919198"
"225.1434939611387","225.5764499122585"
"224.0941537065042","218.55184534284848"
"227.04873706167504","223.5694200350395"
"244.4718662056627","242.63620386633602"
"273.4480710913504","253.6748681898985"
"276.8618816002286","278.7627416519955"
"284.8478950546149","309.8717047451785"
"298.57790651334665","294.818980667749"
"288.7983128815555","282.7768014058625"
"285.5812239342472","291.80843585249147"
"290.27378270354257","296.8260105446825"
"292.18830658486826","299.8365553602255"
"299.1603288777577","299.8365553602255"
"312.557367452067","315.892794375979"
"329.014731945303","339.9771528998377"
"356.05985080268226","351.0158172232003"
"333.9801290684391","306.8611599296355"
"292.8184474148962","280.769771528929"
"269.99817283977245","262.706502636242"
"256.44842590453084","253.6748681898985"
"248.5385564714103","243.6397188049455"
"220.15533112016038","233.60456941999252"
"230.43219788462523","232.60105448166848"
"218.5566118603291","227.58347978919198"
"227.74130923164853","219.5553602811725"
"220.30729728342124","214.537785588696"
"225.20029945466877","216.5448154656295"
"243.93110829159139","237.61862917385952"
"266.19962130937625","249.660808435746"
"269.0134930113703","256.68541300515597"
"268.709027874679","262.706502636242"
"265.6908679546785","256.68541300515597"
"252.79364586657755","256.68541300515597"
"250.57273959736585","255.681898066832"
"255.15266297801946","255.681898066832"
"257.5691646554186","256.68541300515597"
"259.3982112040621","256.68541300515597"
"263.41576159448914","255.681898066832"
"261.7342969535806","257.6889279437655"
"256.90217601684594","265.717047451785"
"264.8709909675779","262.706502636242"
"263.9784472793929","256.68541300515597"
"254.49179412735748","253.6748681898985"
"247.76664849440814","250.6643233743555"
"246.68806072913367","245.646748681879"
"217.7919294655078","232.60105448166848"
"229.85281993361866","181.4217926185795"
"163.85414882208354","137.267135325186"
"145.84395223180897","121.21089630943251"
"136.0169112205073","121.21089630943251"
"139.22876096862518","136.26362038657652"
"175.32174877282918","191.4569420035325"
"223.33403732956455","249.660808435746"
"276.49116527245945","278.7627416519955"
"283.35222196938065","282.7768014058625"
"280.33484479412806","265.717047451785"
"265.1409632138522","255.681898066832"
"257.8889821980613","252.67135325128902"
"255.21195692969724","251.667838312965"
"253.98942956659516","250.6643233743555"
"254.08683365595456","249.660808435746"
"258.99674023086675","249.660808435746"
"260.65456643562396","251.667838312965"
"254.85344137507724","263.710017574566"
"263.1745640587875","259.695957820699"
"260.48961034058584","250.6643233743555"
"249.35856641561674","245.646748681879"
"239.964512181107","244.6432337432695"
"239.5032201979206","237.61862917385952"
"217.0591465455975","222.56590509671548"
"218.78973262998022","223.5694200350395"
"208.1174744054276","212.5307557117625"
"206.9200408640335","207.513181019286"
"202.05081643556613","215.54130052730548"
"219.76944275218375","218.55184534284848"
"233.61322120045153","228.58699472751601"
"239.94491843034837","231.59753954305899"
"251.39885472912727","238.62214411246902"
"254.0657377194387","243.6397188049455"
"252.18433990822285","247.65377855881252"
"259.1625736802091","257.6889279437655"
"266.05006448391697","262.706502636242"
"262.93325409666494","262.706502636242"
"263.570591946966","251.667838312965"
"252.74485400561045","251.667838312965"
"256.4145537857021","261.7029876976325"
"283.94859429769923","286.79086116001497"
"300.07850858852765","307.864674868245"
"292.34204822896737","291.80843585249147"
"279.8928522333836","268.7275922670425"
"262.5487334590018","258.692442882375"
"255.69074601558842","254.6783831282225"
"249.49806185145746","253.6748681898985"
"243.19795099195323","250.6643233743555"
"246.03907866645307","253.6748681898985"
"242.69150450155746","250.6643233743555"
"249.1181372174332","249.660808435746"
"250.99258168674262","248.65729349742202"
"251.13159250933745","242.63620386633602"
"254.5631219733964","248.65729349742202"
"246.7506761680655","245.646748681879"
"258.32801196315387","251.667838312965"
"259.1000582902442","253.6748681898985"
"262.963522067996","259.695957820699"
"273.98622879266577","268.7275922670425"
"278.0740142342021","271.7381370825855"
"270.5378270683825","271.7381370825855"
"272.4675865227584","267.7240773287185"
"270.5477939675729","272.741652021195"
"278.4036422303362","284.7838312830815"
"303.95763175962367","293.815465729425"
"305.9219761209593","347.0017574692448"
"326.98231399840137","342.987697715295"
"322.52651660607484","299.8365553602255"
"288.4165978936073","291.80843585249147"
"290.3082877964612","292.8119507908155"
"285.82067719833844","265.717047451785"
"256.55405954658363","255.681898066832"
"251.94054794705565","252.67135325128902"
"242.39285741500564","249.660808435746"
"247.07893083133467","247.65377855881252"
"247.93416518202324","249.660808435746"
"253.930918702815","248.65729349742202"
"261.6314213009714","267.7240773287185"
"289.49633827123455","313.8857644990455"
"355.27620399974745","431.2970123023675"
"419.6550425601707","452.3708260105975"
"416.30612614304704","356.0333919156482"
"353.1637824781493","337.9701230228471"
"337.76879694290045","360.0474516696009"
"358.4889342485791","395.170474516708"
"380.08216399916716","386.1388400703645"
"375.59650212392347","365.06502636204885"
"370.49231543015526","371.0861159929635"
"390.178382815193","390.1528998242315"
"452.5406369611941","447.353251318121"
"420.0526523635302","353.0228471001623"
"328.68173163626045","318.9033391915506"
"298.45085166399156","296.8260105446825"
"293.4096456391096","279.766256590605"
"272.4767317314573","260.6994727593085"
"250.81879502637508","254.6783831282225"
"251.53624894737726","254.6783831282225"
"245.83777746847028","250.6643233743555"
"248.41282700955117","248.65729349742202"
"249.2226313836182","250.6643233743555"
"255.85266023224327","255.681898066832"
"268.51909713512975","297.829525483292"
"327.86981546019877","345.9982425307552"
"403.4774224720034","426.27943760989103"
"436.1482581545632","440.328646748711"
"426.1444203809557","394.1669595780985"
"401.10115618866485","366.0685413005156"
"361.92524914904095","371.0861159929635"
"378.5904090498249","388.145869947298"
"377.5870389353379","381.121265377888"
"374.1984695478937","371.0861159929635"
"377.92511610678764","373.0931458699541"
"403.19543532344926","398.181019332251"
"473.6155908072693","457.388400703074"
"436.6088373571015","434.307557117625"
"384.5002173078847","341.9841827767997"
"313.8967553751123","329.94200351494175"
"319.97120141698935","283.780316344472"
"277.3113700471782","268.7275922670425"
"262.6067846968673","254.6783831282225"
"251.279140278306","252.67135325128902"
"243.44276393825896","249.660808435746"
"246.77014315179622","246.6502636204885"
"246.58357394803255","247.65377855881252"
"253.22992207324535","252.67135325128902"
"266.4906929754933","295.82249560635853"
"323.5413572763565","325.9279437609891"
"377.2915403022781","384.131810193431"
"386.68985696626066","388.145869947298"
"361.46306718312553","326.9314586994844"
"318.6847993928954","321.9138840070365"
"317.051442683246","321.9138840070365"
"323.28796186908374","320.9103690685412"
"309.7831477271591","304.854130052702"
"300.4781056965722","307.864674868245"
"312.9029908394047","304.854130052702"
"311.2962830853761","316.8963093145885"
"341.37621310458564","324.9244288224938"
"313.2057700509223","297.829525483292"
"287.0941600635397","276.75571177506197"
"267.5203902930257","262.706502636242"
"258.23383032442734","259.695957820699"
"252.67154885938282","253.6748681898985"
"241.1657525687222","244.6432337432695"
"241.12501004842485","235.611599296926"
"222.1750995891025","229.5905096661255"
"225.51902647048792","230.5940246044495"
"229.11433484323913","232.60105448166848"
"240.06015807191403","240.6291739894025"
"257.08529449901874","250.6643233743555"
"276.46726928901046","277.7592267136715"
"305.1162551354643","299.8365553602255"
"299.27684517610805","314.889279437655"
"304.3091982142387","297.829525483292"
"294.56037798787366","287.794376098339"
"293.4878379548337","299.8365553602255"
"297.77068868603357","305.85764499131153"
"301.79010947845313","299.8365553602255"
"298.8826469093272","289.8014059752725"
"302.4750720645027","291.80843585249147"
"301.2155683951624","313.8857644990455"
"337.9083296506343","330.94551845343705"
"319.12992961524697","303.850615114378"
"292.0776289707463","278.7627416519955"
"268.70438559265466","271.7381370825855"
"264.7321292199753","266.72056239010897"
"259.83292505509195","255.681898066832"
"243.4407152217022","250.6643233743555"
"247.48106735113697","235.611599296926"
"221.85951691186457","234.608084358602"
"230.7192364795769","224.572934973649"
"221.70193079545675","223.5694200350395"
"226.8855320873269","232.60105448166848"
"245.76883357052347","232.60105448166848"
"248.34286896427471","291.80843585249147"
"326.26711052599177","340.9806678383044"
"334.4983482695905","371.0861159929635"
"351.3345834590571","340.9806678383044"
"339.69981204369896","329.94200351494175"
"331.83887743824147","335.9630931458565"
"336.6450690734443","333.9560632688944"
"327.2405420509272","313.8857644990455"
"313.7349243441375","304.854130052702"
"317.7458707161094","318.9033391915506"
"333.9453485019086","334.9595782073897"
"360.44675329956067","373.0931458699541"
"354.28925757985047","333.9560632688944"
"315.6812667907225","291.80843585249147"
"281.80787087543985","270.734622143976"
"268.5724761020764","270.734622143976"
"265.7760264204604","261.7029876976325"
"253.08251654422725","255.681898066832"
"252.82424145645746","254.6783831282225"
"246.67254756928628","251.667838312965"
"249.79094049639446","249.660808435746"
"249.98158926881473","248.65729349742202"
"254.46350238884003","245.646748681879"
"260.95258325945724","245.646748681879"
"267.4812160166937","245.646748681879"
"265.3732957252275","251.667838312965"
"267.8682186444582","252.67135325128902"
"260.189649358065","255.681898066832"
"257.6745595742324","256.68541300515597"
"259.90162782963165","256.68541300515597"
"258.98054162813537","254.6783831282225"
"255.4270784656817","250.6643233743555"
"254.03513484308996","247.65377855881252"
"258.2185327131288","246.6502636204885"
"262.8385157924699","255.681898066832"
"263.82753160812274","272.741652021195"
"267.50357155593167","267.7240773287185"
"263.4279564027843","255.681898066832"
"250.98254759459448","251.667838312965"
"246.15419369578547","245.646748681879"
"238.96156860315716","242.63620386633602"
"226.62099171221476","227.58347978919198"
"222.77410800156957","220.558875219782"
"203.6608660513662","206.509666080962"
"200.1656213991439","197.478031634333"
"190.3382578557085","195.47100175739948"
"197.4482422841407","195.47100175739948"
"210.79543672117373","203.49912126541898"
"216.99065087315591","212.5307557117625"
"232.36062472173347","215.54130052730548"
"228.59418827990189","221.56239015810598"
"230.28061424765463","229.5905096661255"
"244.4392496546679","234.608084358602"
"240.43901676690808","236.6151142355355"
"237.66654682409745","236.6151142355355"
"234.68329013090417","234.608084358602"
"231.61652931113332","235.611599296926"
"237.57260311453882","240.6291739894025"
"267.6388659111327","222.56590509671548"
"246.79907771293887","296.8260105446825"
"280.09156206619224","290.80492091388203"
"277.5248695093296","275.7521968364525"
"268.3158226199157","263.710017574566"
"260.8926878662224","255.681898066832"
"249.90332540016792","252.67135325128902"
"242.17151453392216","246.6502636204885"
"242.51243779249103","237.61862917385952"
"223.83306667801043","232.60105448166848"
"228.95080895209676","229.5905096661255"
"228.05789401710905","225.5764499122585"
"229.06611266150014","234.608084358602"
"248.68174854601125","234.608084358602"
"249.1340969842543","305.85764499131153"
"360.8701483659447","387.14235500868847"
"379.9829847756185","409.219683655528"
"388.3810121418713","379.1142355009545"
"380.92159383904635","377.107205624021"
"376.9121105202647","383.1282952548215"
"376.5471920971537","372.0896309314588"
"364.72618403971654","356.0333919156482"
"354.8718933232968","348.0052724077315"
"358.0251157879684","334.9595782073897"
"355.4263026227227","353.0228471001623"
"408.3632773258023","409.219683655528"
"397.35583121172874","448.3567662567305"
"390.91594734385893","386.1388400703645"
"339.5694425075783","321.9138840070365"
"316.56197113666735","300.84007029883503"
"292.8100426311696","275.7521968364525"
"270.1771959209961","264.7135325131755"
"261.8561731619136","260.6994727593085"
"254.1475557470462","253.6748681898985"
"251.92687124774596","254.6783831282225"
"255.6104886435757","255.681898066832"
"262.08559965950457","260.6994727593085"
"274.12343655013444","277.7592267136715"
"306.17867213596855","311.878734622112"
"405.70744814262696","409.219683655528"
"440.02464922194673","408.2161687169185"
"398.27657414279224","416.24428822493803"
"424.80318335458924","403.1985940247275"
"394.91077640861994","401.19156414750853"
"423.5110612354075","393.1634446397745"
"381.91145220554625","389.149384885622"
"379.1006779630371","381.121265377888"
"384.7848969873491","379.1142355009545"
"411.71790928503367","410.2231985941375"
"488.4681098373128","480.4692442882375"
"450.8592361736801","498.5325131809245"
"409.3772313392248","409.219683655528"
"351.14050821642707","314.889279437655"
"308.4471028873716","313.8857644990455"
"305.7372427013618","277.7592267136715"
"273.668027629233","268.7275922670425"
"264.3595930671189","269.731107205652"
"264.8009240567884","264.7135325131755"
"262.8546905046604","263.710017574566"
"265.0357342942311","264.7135325131755"
"269.9763054591756","274.7486818981285"
"286.35851082311177","286.79086116001497"
"323.0042269314195","320.9103690685412"
"431.08124752793657","431.2970123023675"
"454.56695664406556","431.2970123023675"
"424.0054799373607","409.219683655528"
"419.4728056298228","383.1282952548215"
"362.88156452807556","373.0931458699541"
"403.8667987117988","353.0228471001623"
"342.4474044626337","339.9771528998377"
"334.8346347248216","334.9595782073897"
"339.14893008992414","334.9595782073897"
"359.34477190126336","345.9982425307552"
"438.8000118757281","431.2970123023675"
"444.29859931159564","324.9244288224938"
"311.29743686491287","319.9068541300459"
"293.58131949264856","303.850615114378"
"291.02349518382374","278.7627416519955"
"270.93085296472105","268.7275922670425"
"249.3041344481328","257.6889279437655"
"248.89111327621322","261.7029876976325"
"250.4318686245391","259.695957820699"
"257.01275857459916","256.68541300515597"
"256.6744233231751","249.660808435746"
"254.0236745462301","251.667838312965"
"268.6491904976365","264.7135325131755"
"300.2410078104235","272.741652021195"
"322.5379377522363","274.7486818981285"
"280.6950353936368","325.9279437609891"
"305.8107567138704","327.93497363795115"
"313.58456773076284","322.9173989455318"
"295.1788565278669","290.80492091388203"
"287.40216485065883","279.766256590605"
"276.4161386285575","278.7627416519955"
"279.36143430742226","276.75571177506197"
"281.64960629141956","273.745166959519"
"274.6463510017381","274.7486818981285"
"274.89318966825016","270.734622143976"
"269.22436004322356","276.75571177506197"
"278.65667902820906","270.734622143976"
"266.17746127570365","270.734622143976"
"264.38355807155745","264.7135325131755"
"259.7839276991254","258.692442882375"
"225.4379279206467","249.660808435746"
"239.45888398166352","246.6502636204885"
"234.86424459298857","244.6432337432695"
"243.91264056415616","243.6397188049455"
"244.25509561184668","245.646748681879"
"251.16516012346924","254.6783831282225"
"271.0198128266302","262.706502636242"
"296.3199655871046","276.75571177506197"
"335.7463679598683","386.1388400703645"
"383.8720421006336","416.24428822493803"
"390.2017407011006","438.3216168717775"
"430.2051094258986","409.219683655528"
"378.3567334565718","409.219683655528"
"420.7279424415399","422.265377856024"
"394.7532914998094","377.107205624021"
"362.6843639462839","355.0298769771529"
"356.8627965643658","336.9666080843518"
"347.01125053629124","341.9841827767997"
"381.0937675194906","442.3356766256445"
"419.2682730794265","483.4797891037805"
"400.69135671597223","375.100175746802"
"323.89181252174444","285.7873462214055"
"276.4814827946358","279.766256590605"
"271.78283983542207","272.741652021195"
"261.04452144361244","268.7275922670425"
"260.91460335479127","267.7240773287185"
"258.78705582684415","262.706502636242"
"259.73986161786206","261.7029876976325"
"260.29454194908715","262.706502636242"
"267.20110040545785","263.710017574566"
"276.4168563359895","266.72056239010897"
"289.00441280704706","270.734622143976"
"287.33195065397047","274.7486818981285"
"281.5037632194197","275.7521968364525"
"277.74162890579123","282.7768014058625"
"284.7195093039178","290.80492091388203"
"297.5079977271243","289.8014059752725"
"288.6128838434076","284.7838312830815"
"283.15529234521273","283.780316344472"
"286.23413514327564","282.7768014058625"
"293.41193840641057","287.794376098339"
"301.7893262196823","319.9068541300459"
"329.4042796333983","396.1739894553175"
"365.78679078353144","449.36028119505454"
"391.27793029401664","314.889279437655"
"296.57394228216907","285.7873462214055"
"281.67334967756403","281.77328646753847"
"274.363235271873","278.7627416519955"
"272.9907742050297","274.7486818981285"
"270.28895674515616","272.741652021195"
"265.91674873385534","268.7275922670425"
"265.04787784915106","265.717047451785"
"264.5684761679581","259.695957820699"
"264.8217749530486","248.65729349742202"
"263.37007887267055","247.65377855881252"
"264.3318861104543","250.6643233743555"
"268.2336930843439","260.6994727593085"
"271.1981025852134","266.72056239010897"
"271.03996091185206","273.745166959519"
"277.72896617739445","278.7627416519955"
"286.0888227619398","276.75571177506197"
"276.5577078533918","273.745166959519"
"272.56312573608","271.7381370825855"
"273.89941165189","271.7381370825855"
"283.2594153265601","272.741652021195"
"284.93378004028006","281.77328646753847"
"285.0064516547808","293.815465729425"
"288.99736296149945","288.7978910369485"
"282.76156492590167","283.780316344472"
"272.42375509841474","275.7521968364525"
"267.78549501049923","271.7381370825855"
"265.1737219479271","266.72056239010897"
"251.96654130507886","260.6994727593085"
"252.20926911726656","259.695957820699"
"250.521017296141","253.6748681898985"
"251.79339477382482","241.632688928012"
"241.7353386150786","237.61862917385952"
"245.24539749934434","243.6397188049455"
"261.52978096792975","238.62214411246902"
"271.7672716612308","291.80843585249147"
"370.7767050520167","371.0861159929635"
"406.28271376703947","421.2618629174145"
"418.00141896395706","395.170474516708"
"419.48780925929157","363.05799648505825"
"323.8097886940515","336.9666080843518"
"360.2151109873046","334.9595782073897"
"321.02272773197063","333.9560632688944"
"324.4286016254777","327.93497363795115"
"325.4530073247122","322.9173989455318"
"340.668731924004","333.9560632688944"
"412.7865450401251","410.2231985941375"
"419.53102125468797","352.0193321616956"
"327.65159535211524","334.9595782073897"
"300.0079018971921","288.7978910369485"
"278.3401754225497","278.7627416519955"
"271.0450572101804","267.7240773287185"
"248.89577091645532","262.706502636242"
"253.1064323855456","270.734622143976"
"260.88367653481447","268.7275922670425"
"264.80999099681964","270.734622143976"
"269.2448738453526","272.741652021195"
"274.5931720841821","274.7486818981285"
"285.49164463866424","279.766256590605"
"317.7669631468462","326.9314586994844"
"446.83201895000764","409.219683655528"
"451.19863797749656","452.3708260105975"
"449.2384880491418","453.3743409489215"
"466.35918232723265","394.1669595780985"
"361.42422331229915","335.9630931458565"
"355.49668514401947","332.9525483303991"
"321.05756697195756","332.9525483303991"
"326.0225100323537","326.9314586994844"
"331.0690597038537","326.9314586994844"
"345.03722662202654","335.9630931458565"
"395.6243643358002","434.307557117625"
"432.74939322350156","527.634446397174"
"413.6181240638102","423.268892794348"
"346.31284649185415","371.0861159929635"
"341.7727936433638","326.9314586994844"
"315.2851938249232","296.8260105446825"
"291.33731013782176","282.7768014058625"
"275.6833475936703","291.80843585249147"
"283.9268122669964","287.794376098339"
"283.03573926995676","285.7873462214055"
"283.5180435603114","287.794376098339"
"290.4619944583","296.8260105446825"
"304.2513239975345","322.9173989455318"
"358.00205768104576","334.9595782073897"
"429.18811428504546","417.2478031635475"
"436.33426643583186","444.342706502578"
"423.8955576605842","455.3813708261405"
"449.0706504686108","463.4094903338745"
"456.32583387054297","441.332161687035"
"438.95458330486554","435.3110720562345"
"409.39862970396905","408.2161687169185"
"389.873142363325","378.110720562345"
"379.31319477564585","366.0685413005156"
"388.94483425549134","364.06151142355355"
"423.0094134273932","424.2724077329575"
"413.10405357836385","587.8453427066065"
"426.5359796340647","423.268892794348"
"352.04404638615557","383.1282952548215"
"352.53446123927233","357.0369068541435"
"344.5244292246459","339.9771528998377"
"325.6713837449296","310.87521968378803"
"304.93216253005767","311.878734622112"
"303.4234978095575","299.8365553602255"
"294.78079099895143","295.82249560635853"
"293.2447450672908","299.8365553602255"
"302.9030825225006","310.87521968378803"
"317.83099999670685","322.9173989455318"
"355.96657495944686","354.0263620386576"
"436.28996469796573","584.8347978910635"
"531.4556411900896","543.6906854129275"
"515.0796836757597","543.6906854129275"
"535.9416843886601","542.6871704746035"
"474.769562412248","483.4797891037805"
"448.59745269033385","439.32513181010154"
"416.4131378467594","417.2478031635475"
"418.15561022240405","423.268892794348"
"452.4518791899177","409.219683655528"
"481.4758776567198","557.7398945517475"
"457.9658521896729","492.511423550124"
"430.304007861217","418.2513181018715"
"398.0689970597733","368.0755711775062"
"343.4324166650179","326.9314586994844"
"340.444980360733","340.9806678383044"
"324.39799554159225","325.9279437609891"
"316.4289517174862","312.8822495607215"
"307.3941515072863","315.892794375979"
"317.329433797145","318.9033391915506"
"323.4080864162739","318.9033391915506"
"354.5118501645963","386.1388400703645"
"400.8304670165382","594.8699472760165"
"597.921833192363","630.9964850613906"
"534.915453192765","503.550087873401"
"463.49842238136574","433.304042179301"
"404.18822110841455","404.2021089630515"
"396.57510606168523","402.19507908611797"
"439.9442704218028","434.307557117625"
"384.3051134360533","559.746924428681"
"457.24630519346454","431.2970123023675"
"388.0717404099072","377.107205624021"
"364.62224846671234","394.1669595780985"
"367.4486657824044","328.93848857644645"
"351.9423235733364","377.107205624021"
"360.7610101709192","341.9841827767997"
"335.92748640749176","330.94551845343705"
"326.11941291473426","335.9630931458565"
"350.61124242174446","339.9771528998377"
"346.2577309979716","327.93497363795115"
"359.0298306288497","316.8963093145885"
"371.09146026729866","328.93848857644645"
"331.5835342626338","347.0017574692448"
"334.7433855183749","394.1669595780985"
"409.11372653243814","413.233743409395"
"411.63356797888537","381.121265377888"
"395.3187637569743","358.0404217926103"
"351.56649231738186","335.9630931458565"
"336.8702628699147","328.93848857644645"
"341.42710617792426","333.9560632688944"
"356.4326757612311","378.110720562345"
"455.14467488177905","508.5676625658775"
"411.2790227799867","499.53602811953397"
"406.6736683893884","386.1388400703645"
"353.9518838930226","356.0333919156482"
"344.1369353575665","352.0193321616956"
"326.784152284795","322.9173989455318"
"345.768301103406","328.93848857644645"
"312.5327527895249","318.9033391915506"
"310.4060205607171","306.8611599296355"
"302.70038817210576","305.85764499131153"
"308.15055318250154","306.8611599296355"
"312.60990642681975","301.843585237159"
"334.50910273020156","300.84007029883503"
"339.92718076789083","301.843585237159"
"300.9237616053955","301.843585237159"
"293.72649842904826","320.9103690685412"
"315.42434763809507","317.899824253198"
"312.08334202658205","317.899824253198"
"317.6230054739121","305.85764499131153"
"299.69247916615967","291.80843585249147"
"292.05446122735583","290.80492091388203"
"303.2894513683301","308.868189806569"
"320.6516219763673","321.9138840070365"
"374.6890986165843","386.1388400703645"
"396.01656091799293","438.3216168717775"
"383.530801075729","393.1634446397745"
"327.07811417985425","338.9736379613424"
"314.753197440263","334.9595782073897"
"320.09927365433356","325.9279437609891"
"306.01618787071516","317.899824253198"
"312.1482817735847","305.85764499131153"
"291.51294712664594","303.850615114378"
"294.3988282004459","302.8471001757685"
"296.59571786316786","298.8330404219015"
"302.3266210986159","314.889279437655"
"320.2964516512694","317.899824253198"
"355.0031217804194","431.2970123023675"
"472.6750895751019","594.8699472760165"
"561.8391566067122","592.862917399083"
