"DataEntries: 8756, TestEntries: 24, Epochs: 200, UseTestData: true, LimitEntries: true, Firstlayer#: 9, SecondLayer: true, SecondLayer#: 17, Predict: true, Curvebehaviour: false, Stacksize: 6, useLastXDays: false, Max: 632.0, Min: 61.0, Curve behaviour: false, Historical: false, useAverage: false, priceStack1, Skewness: true, SkewStack: 12",", useNewMethod: false, decay: 0.1"
"Range: 6567 to 8756"
"Actual","Ideal"
"164.01332205800264","166.04935897443949"
"164.02114295153893","163.85320512808798"
"163.85349023550953","163.121153846066"
"149.7594848830786","161.29102564101098"
"153.8093850348585","163.121153846066"
"154.64424439390243","157.2647435896045"
"138.8479335384764","141.15961538454948"
"137.57929439401948","140.4275641025275"
"138.38127396468823","139.6955128205055"
"139.01314127610863","142.25769230758252"
"144.62274048767136","147.748076923033"
"144.10513549403518","154.7025641025275"
"154.83516705114693","160.92499999999998"
"159.74112427894158","162.389102564044"
"157.51885751596475","163.121153846066"
"154.11056062381266","163.121153846066"
"159.97386189079552","162.389102564044"
"167.86507542678524","161.657051282022"
"155.69246505255015","162.389102564044"
"157.30649283877057","162.755128205055"
"162.13942407325908","164.58525641039552"
"165.77399564350657","167.14743589747252"
"158.50027553358007","167.8794871794945"
"170.4320505056523","166.78141025646153"
"163.29226813602537","165.3173076924175"
"162.9468815418647","163.487179487077"
"157.57977896732004","163.121153846066"
"147.24540348223567","159.460897435956"
"154.48893478089204","159.09487179494502"
"150.77009064217938","157.630769230901"
"151.9899403213919","158.728846153934"
"151.2316311823582","160.558974358989"
"159.53037628467038","162.389102564044"
"161.15927358155702","165.6833333334285"
"178.51904632025034","175.566025641011"
"183.72604650593038","186.180769230901"
"187.33229906516377","186.180769230901"
"183.04780980967436","187.278846153934"
"189.9678376409268","185.4487179485935"
"194.54487378522722","183.6185897435385"
"180.00457170162815","177.76217948707702"
"173.39461928099266","174.83397435898902"
"172.8751685381772","177.76217948707702"
"179.9294297530655","177.76217948707702"
"178.51078388724773","188.376923076967"
"184.26603523740326","210.3384615384835"
"193.87988869568983","209.9724358974725"
"191.11438407358656","187.278846153934"
"179.35716217389805","171.53974358960448"
"168.43924603940587","169.70961538454952"
"159.85201429153932","167.14743589747252"
"147.24540348223567","162.389102564044"
"152.3212577625746","162.755128205055"
"164.6316766271721","161.657051282022"
"161.94340677450998","155.8006410255605"
"148.19664418243028","148.846153846066"
"154.43331803776","154.3365384615165"
"155.82380508576054","161.657051282022"
"162.9757083908665","174.83397435898902"
"177.43759157085665","182.8865384615165"
"175.27915605246707","182.8865384615165"
"177.90602980320517","186.180769230901"
"185.59736409064786","183.9846153845495"
"185.79825582745642","185.0826923075825"
"179.33424942533316","184.3506410255605"
"178.87896545062236","180.3243589744395"
"175.61995015382485","178.128205128088"
"173.19870490106416","177.03012820505498"
"177.38003569180478","185.4487179485935"
"187.29788784437392","194.23333333342848"
"172.3933651820636","188.010897435956"
"183.77630787712297","185.0826923075825"
"175.64447623861818","175.566025641011"
"170.31734356316684","172.637820512923"
"162.7067190350425","166.78141025646153"
"149.75948488457877","162.02307692303302"
"152.5246995476084","157.630769230901"
"148.37264729549096","153.9705128205055"
"148.8076048994863","155.4346153845495"
"148.25920494830595","155.8006410255605"
"157.60250792065955","160.92499999999998"
"160.14145633196253","164.9512820514065"
"176.8962275913385","178.8602564103955"
"196.20309862710923","195.6974358974725"
"191.80666405947218","185.81474358960452"
"179.98913240226884","178.8602564103955"
"181.57254123788974","177.396153846066"
"176.25616896091498","180.6903846154505"
"190.0749783495792","185.81474358960452"
"192.46538242790572","184.3506410255605"
"180.39291750030486","185.81474358960452"
"192.12187001458426","186.912820512923"
"186.4118610415325","191.30512820505498"
"200.95548487049672","205.580128205055"
"188.12433688078028","196.4294871794945"
"177.4119382712828","180.3243589744395"
"172.64334256481246","175.20000000000002"
"167.7608955976765","175.20000000000002"
"165.79367909887733","167.5134615384835"
"147.24540348223567","163.487179487077"
"156.81402765151074","159.09487179494502"
"151.76821633108196","156.5326923075825"
"156.76049441592804","156.1666666665715"
"155.55287742377686","156.5326923075825"
"151.1720323285779","159.460897435956"
"165.1717721459545","163.85320512808798"
"168.183918796927","176.298076923033"
"191.1131349906445","184.3506410255605"
"186.80798400029","184.3506410255605"
"181.77602929555468","183.25256410252751"
"186.21983909374512","180.6903846154505"
"185.5849965837846","183.25256410252751"
"182.2340124174827","183.25256410252751"
"181.9105832026259","183.25256410252751"
"183.13863518618064","183.6185897435385"
"183.104839531037","183.9846153845495"
"187.02482336222954","190.207051282022"
"182.23583700673933","204.848076923033"
"190.2699359108524","188.742948717978"
"173.49785888007796","183.25256410252751"
"176.2581370366122","175.566025641011"
"170.1462858921047","167.5134615384835"
"160.97306699093122","166.04935897443949"
"147.24540348223567","161.29102564101098"
"157.4394590747015","159.460897435956"
"156.313566091692","154.7025641025275"
"141.30211076674638","152.87243589747249"
"139.24391411473104","153.9705128205055"
"150.31688507951748","157.996794871912"
"155.580898805829","163.121153846066"
"169.7108781915288","172.637820512923"
"191.54333158775734","173.735897435956"
"172.48784937872455","176.664102564044"
"179.17667870425993","177.396153846066"
"173.88440820043363","175.566025641011"
"184.82424522434093","175.566025641011"
"177.73132177680938","175.566025641011"
"166.29026857450776","174.10192307696698"
"173.75622330113157","170.07564102556051"
"173.0966489419989","171.1737179485935"
"179.01416469910296","177.03012820505498"
"186.0757034888557","200.0897435896045"
"181.11323042338324","192.403205128088"
"182.1067777378052","182.1544871794945"
"175.2764251203144","170.4416666665715"
"169.97320266969112","162.02307692303302"
"166.0849274978152","164.9512820514065"
"149.75948488423683","162.389102564044"
"159.21740888611683","166.41538461545048"
"162.97411140441528","164.219230769099"
"149.68566261901097","164.219230769099"
"164.92275075643877","165.3173076924175"
"158.32064504733927","163.121153846066"
"156.7859229912409","164.58525641039552"
"166.69232169406672","169.70961538454952"
"169.24948614964774","170.4416666665715"
"165.23745579200477","171.905769230901"
"170.3091954267695","171.905769230901"
"165.37337896506006","172.27179487191202"
"170.16390643244665","171.905769230901"
"169.66298881680956","171.905769230901"
"156.41527229949452","170.8076923075825"
"166.66032311415717","170.4416666665715"
"168.88580524755247","172.637820512923"
"175.6712578010093","182.1544871794945"
"186.6588616251316","184.71666666657148"
"170.3019635886136","183.6185897435385"
"180.21894728392118","175.566025641011"
"168.6147606245622","174.10192307696698"
"170.87704109370205","174.467948717978"
"188.4522418798636","171.53974358960448"
"149.75948488457877","167.5134615384835"
"161.62432166163444","167.14743589747252"
"163.38299915041515","164.58525641039552"
"158.38907486507213","163.487179487077"
"156.21969877533434","162.389102564044"
"167.38228815932115","162.389102564044"
"163.72627197335058","161.657051282022"
"159.5067890386506","164.219230769099"
"160.77157957183812","165.6833333334285"
"160.78073274386338","168.2455128205055"
"165.31344396978386","174.83397435898902"
"176.36131941596773","176.664102564044"
"182.4918662853659","176.664102564044"
"170.10240277889795","178.128205128088"
"169.62773677908658","174.83397435898902"
"168.1569647297522","175.932051282022"
"172.1434419215413","176.298076923033"
"178.79956122128834","186.546794871912"
"190.5407050465255","188.376923076967"
"170.0677409815831","185.0826923075825"
"182.6082696300919","178.8602564103955"
"172.8411274343962","174.83397435898902"
"172.30427632093162","175.20000000000002"
"172.21018140500087","173.369871794945"
"147.24540348223596","167.8794871794945"
"160.36516259228492","164.58525641039552"
"157.89945895317993","161.657051282022"
"160.50686099322132","156.89871794859351"
"155.50712056137834","155.8006410255605"
"160.9988130169721","162.02307692303302"
"165.48580607955856","167.14743589747252"
"181.79616539938823","193.86730769241748"
"218.04289514984248","218.75705128202202"
"214.74808755749976","200.821794871912"
"196.10787981986178","191.30512820505498"
"192.27330612960304","191.30512820505498"
"203.11096407675575","196.4294871794945"
"203.73035161723152","215.096794871912"
"231.37626367859122","203.01794871797802"
"203.9817896995242","199.7237179485935"
"213.6587732151747","210.3384615384835"
"223.18143501720567","242.1826923075825"
"275.58694416410447","248.405128205055"
"241.96938627217335","193.1352564103955"
"176.27372381441032","176.664102564044"
"169.33891474290286","173.369871794945"
"170.96944755544595","171.53974358960448"
"165.05475290652188","170.8076923075825"
"147.24540348223567","166.78141025646153"
"157.75170233460983","166.78141025646153"
"165.3348446653977","165.3173076924175"
"167.2565747275183","166.04935897443949"
"158.36538680959248","164.58525641039552"
"166.54306540724195","166.41538461545048"
"166.94807295955","172.637820512923"
"184.79220408883353","184.71666666657148"
"199.49326634135357","210.3384615384835"
"206.48607830524796","195.3314102564615"
"188.2617598752265","189.475"
"188.3158642709386","186.180769230901"
"192.45127991767976","189.84102564101102"
"187.5500929329021","192.403205128088"
"192.76626321548486","189.84102564101102"
"189.35380562246212","187.644871794945"
"188.72413362771672","194.23333333342848"
"208.30747042559796","217.658974358989"
"243.723384859144","227.5416666665715"
"198.50913526504124","191.30512820505498"
"184.48970216619892","186.912820512923"
"175.69768836963883","177.76217948707702"
"172.269145531124","177.396153846066"
"169.40046609045913","173.003846153934"
"149.75948488457877","168.97756410252748"
"158.97766243753298","168.97756410252748"
"159.91853921286497","166.41538461545048"
"163.29975903345485","166.78141025646153"
"162.40951005643015","167.5134615384835"
"169.91573262448873","169.70961538454952"
"170.42342892231343","174.83397435898902"
"189.61779076700313","186.180769230901"
"215.6015643259755","197.1615384615165"
"193.991165344262","199.35769230758248"
"189.89418142285126","194.23333333342848"
"189.74551385945318","193.1352564103955"
"196.12735423895398","194.5993589744395"
"201.4440998584582","193.5012820514065"
"201.99394095943236","192.037179487077"
"189.8952967165733","191.671153846066"
"204.25820262643504","195.6974358974725"
"205.47385182562886","210.3384615384835"
"239.0193442171006","237.7903846154505"
"221.12179708493076","192.403205128088"
"171.7484527320373","183.9846153845495"
"173.46675965924652","177.396153846066"
"170.34062456398567","178.8602564103955"
"171.67124625968162","177.76217948707702"
"147.24540348223596","170.8076923075825"
"164.33859033061592","172.27179487191202"
"166.77079362409938","169.34358974353847"
"172.66748592073532","169.70961538454952"
"163.4210368104544","170.4416666665715"
"164.8546005522297","173.735897435956"
"179.82516085539166","178.128205128088"
"185.82803090200346","186.912820512923"
"206.52816889175173","210.7044871794945"
"211.1722434050782","183.25256410252751"
"182.693242875992","179.22628205140649"
"185.1069790825052","177.76217948707702"
"185.29696248485934","181.7884615384835"
"182.55959743089375","195.3314102564615"
"198.55108196330332","187.278846153934"
"190.68311644341878","188.742948717978"
"194.1212784799604","197.1615384615165"
"212.7414828323563","218.025"
"250.2418139838858","246.575"
"238.38724862975306","200.455769230901"
"184.48131637939295","179.5923076924175"
"173.62302551944592","177.03012820505498"
"173.13581593962962","177.76217948707702"
"176.10179496048067","175.566025641011"
"147.24540348223596","171.905769230901"
"167.72292098291362","172.637820512923"
"172.7132120273245","169.34358974353847"
"158.44227532299985","168.97756410252748"
"174.16009597034758","169.70961538454952"
"166.71218773045422","168.2455128205055"
"167.06222597599418","173.369871794945"
"185.6239473749257","183.6185897435385"
"209.90447609793338","198.9916666665715"
"192.55935467784977","183.9846153845495"
"183.0489158747259","182.5205128205055"
"175.66077094763457","181.0564102564615"
"189.8996401978102","183.9846153845495"
"184.59471463370306","183.25256410252751"
"173.80497332615388","181.4224358974725"
"181.94751573973772","180.6903846154505"
"183.4792813727042","181.4224358974725"
"192.20261614907696","193.86730769241748"
"219.0306852480744","201.553846153934"
"183.98761299417728","186.912820512923"
"170.86743686246177","178.494230769099"
"171.1958708742575","177.76217948707702"
"175.58763105563582","177.03012820505498"
"183.2162950851559","175.20000000000002"
"149.75859439327616","171.905769230901"
"168.87562036267258","172.27179487191202"
"174.25993691137973","168.2455128205055"
"159.5563312234254","163.487179487077"
"170.4346900369592","162.389102564044"
"160.18973434552655","163.85320512808798"
"161.33288391847154","166.41538461545048"
"172.36629181642064","170.07564102556051"
"177.56210904679068","174.83397435898902"
"169.77520986528853","177.03012820505498"
"175.26786278395738","177.396153846066"
"169.6015136839353","177.396153846066"
"179.28566918345098","177.396153846066"
"174.91767629578246","175.20000000000002"
"161.90846843235968","174.83397435898902"
"173.34025042054992","175.566025641011"
"177.37980395660165","177.396153846066"
"186.8204847007707","181.7884615384835"
"190.44215520235056","183.25256410252751"
"170.57918749502903","181.0564102564615"
"178.86198711425325","177.76217948707702"
"171.84703983985227","176.664102564044"
"176.96897483744667","178.128205128088"
"179.92696529611115","178.494230769099"
"149.75948488457877","175.566025641011"
"170.79448803220527","177.396153846066"
"179.03809036190705","173.369871794945"
"172.56790506795696","167.8794871794945"
"164.85027130723992","167.5134615384835"
"168.3256473693358","168.2455128205055"
"172.29059350598925","168.2455128205055"
"169.26160850324604","166.41538461545048"
"167.2925941275933","167.14743589747252"
"163.3202241381658","170.07564102556051"
"169.108643229224","177.76217948707702"
"181.50543167782763","180.6903846154505"
"182.68392249888794","179.9583333334285"
"175.1869796012917","179.22628205140649"
"175.17276262097292","178.128205128088"
"175.38383620461232","177.396153846066"
"177.82656688301353","178.8602564103955"
"186.11288270348138","187.278846153934"
"195.77332907473237","188.742948717978"
"171.73509272107202","185.81474358960452"
"184.47557737371076","182.5205128205055"
"177.54508037955765","180.3243589744395"
"179.98767754700953","181.4224358974725"
"184.72805828314154","178.494230769099"
"147.24540348223596","173.369871794945"
"167.34049961542223","174.10192307696698"
"172.2092978807043","170.8076923075825"
"173.43844853924116","166.78141025646153"
"167.61292684664198","166.78141025646153"
"172.303474704914","169.34358974353847"
"174.89636323150086","177.396153846066"
"197.56329580465462","186.912820512923"
"220.4035638751103","194.5993589744395"
"194.3906760140895","182.8865384615165"
"180.40318357373835","179.9583333334285"
"184.8797077315437","180.3243589744395"
"189.51215232772037","182.8865384615165"
"197.42050221236002","185.81474358960452"
"199.72061270821754","187.278846153934"
"190.1564591485119","188.742948717978"
"207.41297174900652","187.644871794945"
"205.28075001731756","189.475"
"206.19735148248316","188.010897435956"
"182.6602793117031","182.1544871794945"
"165.4379309845176","177.396153846066"
"169.95501285633327","175.932051282022"
"174.19862460614328","181.4224358974725"
"179.99937781902128","179.5923076924175"
"147.24540348223596","175.932051282022"
"167.57789725463778","176.298076923033"
"186.87792140667932","175.566025641011"
"185.21153451678342","175.20000000000002"
"174.23492647419434","173.735897435956"
"179.01007867431647","175.20000000000002"
"179.53990336659265","180.3243589744395"
"198.79688602728","195.3314102564615"
"218.07981847203266","210.7044871794945"
"208.39234736080917","181.4224358974725"
"176.32927207357832","179.5923076924175"
"181.6883830165696","179.5923076924175"
"182.6890416428049","180.6903846154505"
"178.15694836352316","197.52756410252752"
"198.19481796808637","198.2596153845495"
"199.19138125381912","193.5012820514065"
"195.16273255647317","201.553846153934"
"215.49412808794168","221.31923076909902"
"245.6708775596344","230.83589743595599"
"212.7560377264354","199.35769230758248"
"191.7893449213595","186.912820512923"
"175.9769342241749","182.8865384615165"
"179.31280836169682","184.3506410255605"
"181.42125575955816","180.6903846154505"
"149.75948488457877","176.664102564044"
"168.07683917046182","176.664102564044"
"173.007526176286","174.83397435898902"
"178.06749931087953","174.467948717978"
"176.35531676977192","171.905769230901"
"178.50836795269723","173.735897435956"
"179.07051445285876","181.4224358974725"
"202.39871226472948","192.403205128088"
"228.03746431056868","199.35769230758248"
"195.80129742094942","193.86730769241748"
"186.87702769915143","186.912820512923"
"185.69725528620495","186.546794871912"
"188.04324385626074","185.4487179485935"
"195.78787358752774","186.180769230901"
"197.30988919227713","185.0826923075825"
"185.55829138548816","184.71666666657148"
"200.83351103840405","189.108974358989"
"203.830279274288","198.6256410255605"
"220.797836420417","210.3384615384835"
"196.70536423440737","186.546794871912"
"167.06269624694679","184.71666666657148"
"174.58995812177508","179.22628205140649"
"173.89769097953317","181.4224358974725"
"178.9318288361048","180.3243589744395"
"147.24540348223596","177.03012820505498"
"172.78708234990702","177.03012820505498"
"176.86283539180025","176.298076923033"
"186.2926789113779","176.298076923033"
"177.66239829798076","175.932051282022"
"174.37664731037944","177.76217948707702"
"188.89863277545334","180.3243589744395"
"194.05491752577703","194.23333333342848"
"226.77992058134436","189.475"
"192.1782323643699","189.475"
"186.25080659843988","186.546794871912"
"188.62769682069322","186.180769230901"
"194.37262308951475","186.546794871912"
"187.24338719472647","188.010897435956"
"190.04374577827454","187.644871794945"
"192.1433120727389","189.84102564101102"
"198.36107362825513","209.9724358974725"
"238.02184155175627","220.953205128088"
"262.8178565091502","250.96730769241748"
"246.54327066442835","227.5416666665715"
"216.46336023920233","210.3384615384835"
"205.68907527471748","185.4487179485935"
"183.21661239943228","185.0826923075825"
"188.41118783228174","182.1544871794945"
"147.24540348223596","179.9583333334285"
"177.33313431980568","177.76217948707702"
"183.0279022213028","176.298076923033"
"170.95166910266823","174.83397435898902"
"185.39721537557025","173.369871794945"
"172.88649443746124","172.637820512923"
"179.7928620118537","179.22628205140649"
"196.78818436786176","197.1615384615165"
"228.44506966377475","219.123076923033"
"212.77154103406235","210.3384615384835"
"209.20664559827142","190.573076923033"
"181.73171585332585","190.207051282022"
"204.33248478871303","190.573076923033"
"189.0796288278364","187.278846153934"
"179.39904565857785","183.9846153845495"
"186.51705419301484","182.5205128205055"
"189.06890567288877","185.0826923075825"
"200.78507091934787","189.84102564101102"
"215.49123893002294","202.28589743595597"
"186.77821429687404","182.5205128205055"
"183.26155973826403","179.22628205140649"
"173.99297963171088","176.664102564044"
"177.50984257299123","176.298076923033"
"185.52008809584686","175.20000000000002"
"149.75947853537528","173.735897435956"
"172.11239061255083","172.27179487191202"
"176.66595844546478","171.1737179485935"
"164.0831560368837","170.4416666665715"
"178.849971039387","170.07564102556051"
"168.00381451521002","170.8076923075825"
"171.02403842126733","172.27179487191202"
"181.77432033975654","174.467948717978"
"188.3203171227291","174.467948717978"
"172.7106146081708","175.20000000000002"
"175.94484659902596","175.20000000000002"
"169.98911915556906","176.298076923033"
"181.05978267451806","176.298076923033"
"175.5204543659716","175.932051282022"
"164.1453242678471","175.566025641011"
"175.62333896678967","175.566025641011"
"179.35171820598424","176.664102564044"
"186.56265623442246","182.1544871794945"
"191.54862268617492","183.9846153845495"
"170.55324323837883","180.3243589744395"
"178.55521967653678","177.03012820505498"
"171.6939544506467","176.298076923033"
"177.5408467038334","175.932051282022"
"178.8090550133561","175.932051282022"
"149.75948488457877","175.20000000000002"
"172.2440966610736","174.83397435898902"
"178.60978417742174","173.003846153934"
"174.69108437394772","172.27179487191202"
"172.2871083489264","172.27179487191202"
"168.31864403176567","169.70961538454952"
"175.39725024349133","168.2455128205055"
"170.43483785111","171.905769230901"
"173.41461158858863","172.27179487191202"
"165.8726028675065","174.10192307696698"
"171.97556604147704","174.83397435898902"
"177.8660816000718","175.20000000000002"
"176.83019017261987","175.932051282022"
"173.1099132468218","175.932051282022"
"173.2808731883478","175.566025641011"
"174.09379897522243","175.932051282022"
"177.73947469786182","176.664102564044"
"185.59678641966494","177.03012820505498"
"185.89838949147477","177.03012820505498"
"165.3135234036763","177.03012820505498"
"178.1711964740698","176.664102564044"
"173.604740413113","176.298076923033"
"177.3169347572286","176.298076923033"
"179.51445227385406","175.932051282022"
"147.24540348223596","174.83397435898902"
"169.54416654719222","170.4416666665715"
"170.0374927688392","168.97756410252748"
"174.00845086426585","168.97756410252748"
"172.6378265138429","169.34358974353847"
"169.16994499679944","169.70961538454952"
"176.2419394796666","175.20000000000002"
"194.65653630123967","182.1544871794945"
"210.85321426133382","179.22628205140649"
"182.24349304920636","177.76217948707702"
"174.5167933011986","176.664102564044"
"181.05550752955966","177.76217948707702"
"182.72768437889974","179.22628205140649"
"192.16431229191727","182.1544871794945"
"193.4988303251658","179.5923076924175"
"181.33909847624258","178.8602564103955"
"194.62500384415185","192.769230769099"
"205.105077646175","237.7903846154505"
"271.0292825960594","250.2352564103955"
"238.36552227638174","194.5993589744395"
"173.95864855917205","176.664102564044"
"169.3315498722408","175.20000000000002"
"174.54549659637993","175.20000000000002"
"174.66552701388636","174.10192307696698"
"147.24540348223596","172.637820512923"
"166.40525187769043","170.8076923075825"
"169.25573529605532","169.70961538454952"
"174.40864015010771","169.34358974353847"
"172.09311108837963","170.07564102556051"
"178.88621393866603","170.8076923075825"
"177.2715692888516","176.298076923033"
"196.3639266039347","181.4224358974725"
"198.03906149841507","178.128205128088"
"180.7319316406502","178.128205128088"
"173.52692532490073","175.932051282022"
"179.56019418378276","175.566025641011"
"177.19110077169773","176.664102564044"
"176.69016423239944","176.664102564044"
"177.1260692939131","175.566025641011"
"176.13456159231777","174.83397435898902"
"179.36225568987214","180.6903846154505"
"203.8366488954199","207.7762820514065"
"247.57706132767922","207.7762820514065"
"188.48695381724175","179.22628205140649"
"176.6022949260885","174.467948717978"
"167.38831209630922","173.003846153934"
"172.02290668517796","172.637820512923"
"169.56818223426342","171.53974358960448"
"149.7594848833127","170.07564102556051"
"164.0672949320329","169.70961538454952"
"166.64603643542821","167.14743589747252"
"170.94765663940194","167.14743589747252"
"169.53169481182547","168.2455128205055"
"175.8842349841558","169.70961538454952"
"176.22077125779123","173.735897435956"
"192.5263385030391","175.566025641011"
"199.8174846759988","175.566025641011"
"179.85781446819362","175.20000000000002"
"171.52396127319892","172.637820512923"
"177.87235375458081","172.27179487191202"
"170.73313562018043","172.637820512923"
"185.3791204032055","172.27179487191202"
"181.12870013202792","172.27179487191202"
"171.54709733025885","172.27179487191202"
"186.27144094901166","176.298076923033"
"187.58958895610888","177.76217948707702"
"180.0582408733864","176.298076923033"
"173.04543582111583","173.369871794945"
"156.93287063790845","171.905769230901"
"164.02052518758336","170.07564102556051"
"165.7078758625002","167.8794871794945"
"163.5513551492048","166.78141025646153"
"147.24540348223567","163.85320512808798"
"162.42895646741945","161.29102564101098"
"160.0894925620459","159.460897435956"
"167.0413695965006","159.09487179494502"
"157.45118785947395","159.826923076967"
"159.45881905923474","161.29102564101098"
"171.86671998964968","164.219230769099"
"172.33758323023727","168.97756410252748"
"181.56853164962138","172.27179487191202"
"179.1618584645198","172.27179487191202"
"171.62966364504942","170.4416666665715"
"178.20246109564758","170.07564102556051"
"171.49536070337138","170.8076923075825"
"173.27666761677023","170.8076923075825"
"169.68110406532293","170.4416666665715"
"173.33456048373088","171.905769230901"
"178.94440994726426","178.128205128088"
"193.06722616745674","174.10192307696698"
"180.6050836887513","175.932051282022"
"167.02428093515104","172.27179487191202"
"161.0129917268441","170.8076923075825"
"166.45440058854896","168.97756410252748"
"167.23796901928466","167.5134615384835"
"166.46246365270764","166.04935897443949"
"147.24540348223567","162.389102564044"
"161.6014454104515","156.89871794859351"
"146.17697449634883","153.6044871794945"
"145.25456689059322","152.1403846154505"
"143.18487368719317","153.2384615384835"
"153.4828816846247","156.1666666665715"
"156.2948796229833","158.36282051292298"
"166.1908303539086","164.58525641039552"
"180.12367797625438","167.14743589747252"
"169.15937635693172","166.78141025646153"
"157.99842731550305","166.04935897443949"
"165.81492753790909","166.04935897443949"
"170.6931971631843","166.41538461545048"
"170.20150166383482","166.41538461545048"
"156.91079452927087","166.78141025646153"
"168.57591160501795","166.78141025646153"
"169.6428882358017","167.5134615384835"
"175.38253470912187","169.70961538454952"
"165.28602615185164","170.4416666665715"
"160.98224926034675","167.8794871794945"
"155.7264329173723","165.3173076924175"
"161.99031917560478","162.389102564044"
"164.57833111690357","160.558974358989"
"167.04083459709653","159.826923076967"
"139.5575932600332","156.5326923075825"
"157.5712069996368","152.87243589747249"
"142.40850268669678","147.748076923033"
"140.02282714295407","145.185897435956"
"137.5568436816131","144.453846153934"
"147.40562368299246","146.28397435898898"
"148.20236288891718","149.578205128088"
"156.22294915838103","153.9705128205055"
"158.41151564535866","154.3365384615165"
"160.22149709241415","155.8006410255605"
"152.96656407780193","157.630769230901"
"160.38785423601425","158.728846153934"
"159.13577509995915","159.09487179494502"
"164.02657827612296","157.630769230901"
"147.95437552641923","156.89871794859351"
"159.41878617090717","157.630769230901"
"162.4539066156236","161.29102564101098"
"170.0979438359967","163.487179487077"
"164.34892917361282","164.58525641039552"
"160.20550844352027","163.121153846066"
"151.81981642513486","160.192948717978"
"158.32544010437337","157.630769230901"
"161.17233857509964","156.5326923075825"
"155.7816520858645","154.7025641025275"
"139.55759326003513","148.480128205055"
"151.03440777073783","142.6237179485935"
"133.41520314313095","132.008974358989"
"127.81816742373752","119.93012820505498"
"121.48950593930277","115.90384615393401"
"131.46488222297816","128.7147435896045"
"135.73002328201375","123.59038461545052"
"137.00390729246857","126.8846153845495"
"136.32461035264365","130.178846153934"
"149.91639676928762","142.9897435896045"
"149.85970599458147","154.3365384615165"
"159.05127172209427","155.8006410255605"
"153.76389267495244","156.89871794859351"
"160.2329526227524","157.630769230901"
"168.440407127615","155.4346153845495"
"155.30723529624544","154.3365384615165"
"157.2178651012361","156.89871794859351"
"150.51402954334966","163.85320512808798"
"154.11323060434694","165.6833333334285"
"157.87318569620842","164.219230769099"
"152.65524298799536","162.755128205055"
"160.14929278287292","161.29102564101098"
"161.6456903769699","158.728846153934"
"145.6016571294959","155.4346153845495"
"147.2041243477488","153.2384615384835"
"151.6828285213714","132.375"
"137.1473210998039","133.10705128202198"
"138.18104149220656","149.212179487077"
"148.50186396451605","151.40833333342852"
"146.84380050082072","153.2384615384835"
"158.30968846904304","156.89871794859351"
"169.13734601974033","162.755128205055"
"164.7882188844855","171.905769230901"
"174.8856265925843","171.905769230901"
"167.83651321632667","172.27179487191202"
"176.65976464015466","171.53974358960448"
"170.57935953120227","174.467948717978"
"173.0176468419123","176.664102564044"
"170.5992330610607","171.53974358960448"
"169.75850126563134","177.03012820505498"
"177.35358631750202","182.8865384615165"
"199.27781550627816","196.79551282050548"
"205.82956857332218","213.9987179485935"
"197.862662623441","175.20000000000002"
"157.4172209695889","168.6115384615165"
"161.71801302676886","164.219230769099"
"163.5782894297719","162.389102564044"
"157.8242021742239","159.09487179494502"
"147.24540348223567","154.7025641025275"
"151.13953150351082","154.7025641025275"
"149.8783438793091","151.7743589744395"
"138.90876022856864","151.40833333342852"
"153.30182758357333","152.1403846154505"
"148.864364055457","153.6044871794945"
"161.0890993913211","156.5326923075825"
"158.61414076823164","164.219230769099"
"171.0364378157787","170.8076923075825"
"164.49661112871914","168.2455128205055"
"166.05156250551076","164.9512820514065"
"162.59496174642564","165.6833333334285"
"164.78223681719962","166.04935897443949"
"168.06117270486476","166.04935897443949"
"154.05308670494492","166.04935897443949"
"166.00669482991995","166.78141025646153"
"168.48857742716535","171.53974358960448"
"185.24128763970302","173.003846153934"
"189.71361843982126","172.27179487191202"
"160.08604976712382","166.78141025646153"
"166.79887102102248","163.85320512808798"
"158.20592722293355","160.192948717978"
"160.19334081931348","158.36282051292298"
"142.8416597183486","155.0685897435385"
"147.36524018385916","150.31025641039548"
"150.1733567937613","147.016025641011"
"143.14238512154284","136.76730769241752"
"133.8338180594848","133.83910256404403"
"141.65313040539812","138.59743589747248"
"141.15695512843368","146.65"
"156.12209862703867","153.2384615384835"
"167.91370540819128","157.2647435896045"
"161.9635948316384","162.389102564044"
"160.5481050506352","162.755128205055"
"162.176253814498","162.389102564044"
"171.62475572493472","162.02307692303302"
"156.7683338897274","161.657051282022"
"163.92013228948485","162.389102564044"
"157.36124201022173","162.389102564044"
"161.48059517076572","163.121153846066"
"162.99569003031394","164.9512820514065"
"169.55711916694491","166.41538461545048"
"163.78537569287008","168.2455128205055"
"168.05946072043238","164.58525641039552"
"150.5084913692222","162.389102564044"
"156.62765889269414","160.192948717978"
"156.81132778433238","158.728846153934"
"152.306186435918","156.5326923075825"
"147.24540348223567","152.87243589747249"
"152.68072119773436","149.212179487077"
"133.24361027104686","140.7935897435385"
"131.7996894166463","139.6955128205055"
"138.52022600923104","141.5256410255605"
"143.77551204666008","146.28397435898898"
"157.35187120054957","153.6044871794945"
"156.79956335659722","157.630769230901"
"163.96663921769934","162.389102564044"
"161.05135695741802","162.389102564044"
"163.2099562749467","161.29102564101098"
"161.37379555542958","160.92499999999998"
"157.82538258442275","161.29102564101098"
"165.44267731050968","160.92499999999998"
"158.5447228009434","160.92499999999998"
"162.97969184391934","161.657051282022"
"165.47840717955816","164.58525641039552"
"173.05015088306945","166.41538461545048"
"163.5509939231003","166.78141025646153"
"159.5361517884197","163.85320512808798"
"152.93052675892358","162.389102564044"
"159.30213886237323","160.92499999999998"
"160.09438466920577","160.192948717978"
"157.53264763743175","159.09487179494502"
"147.24540348223567","155.8006410255605"
"155.6689264099528","154.3365384615165"
"153.53496459258466","153.2384615384835"
"141.68229916710624","153.2384615384835"
"157.01676797706145","154.7025641025275"
"152.60373037366074","156.1666666665715"
"155.74781091900627","160.192948717978"
"167.03539453835867","161.657051282022"
"171.44975329289613","166.78141025646153"
"167.3801924976256","167.14743589747252"
"167.23626854004956","166.41538461545048"
"164.62205492169932","166.04935897443949"
"167.51092919180098","166.41538461545048"
"168.41806190235616","166.41538461545048"
"154.62782207377685","166.78141025646153"
"166.5467639399832","167.8794871794945"
"170.24108618845162","169.70961538454952"
"174.8865008082012","169.34358974353847"
"175.46216335211923","168.2455128205055"
"158.88870348234877","167.14743589747252"
"154.02734764007195","166.04935897443949"
"161.31654797973735","164.219230769099"
"164.51497914752179","162.755128205055"
"167.11232611766667","160.558974358989"
"147.06048102378108","157.630769230901"
"156.58445725097383","157.2647435896045"
"143.6765508104373","154.7025641025275"
"142.91108167138358","153.6044871794945"
"141.30953714328888","151.7743589744395"
"149.85604334199417","149.578205128088"
"148.3764161308156","151.0423076924175"
"154.70652759554986","152.87243589747249"
"154.9403498710116","154.3365384615165"
"159.20172857800344","154.7025641025275"
"150.79954539067003","156.1666666665715"
"158.19825255782212","157.2647435896045"
"156.33459551423633","157.2647435896045"
"162.2646244353938","156.89871794859351"
"146.14377378041124","156.1666666665715"
"157.79030125862468","156.5326923075825"
"160.91379286110498","158.728846153934"
"166.5140747317331","162.02307692303302"
"165.8509596401602","163.487179487077"
"158.92282911701477","162.02307692303302"
"150.40050042568424","158.728846153934"
"156.6019295584285","155.4346153845495"
"158.93770320293024","154.7025641025275"
"152.04687138292968","152.5064102564615"
"149.67636370991394","150.31025641039548"
"150.36127186572548","147.748076923033"
"134.22720023098677","125.42051282050548"
"122.61130493297597","114.805769230901"
"120.94633506239859","112.24358974353851"
"129.18271114421583","106.021153846066"
"126.90842551075431","99.0666666665715"
"127.09747484558545","113.34166666657148"
"129.01512170750667","133.47307692303298"
"149.968292294971","144.81987179494502"
"154.90928595570279","153.2384615384835"
"155.56714072523147","155.0685897435385"
"151.82054308875837","156.1666666665715"
"159.4030302327678","156.1666666665715"
"166.57291947484842","156.89871794859351"
"155.64056049120137","157.996794871912"
"159.1510569715311","160.558974358989"
"166.2740332220719","163.121153846066"
"168.08710161837786","164.58525641039552"
"157.4042203278052","164.219230769099"
"166.67861494197948","163.487179487077"
"160.43734341433318","161.657051282022"
"161.19712415822787","160.92499999999998"
"156.21008470853116","158.728846153934"
"147.24540348223567","155.0685897435385"
"150.69902412592091","157.996794871912"
"148.70681479888844","153.6044871794945"
"150.81900912359242","140.4275641025275"
"141.90697105690788","141.89166666657152"
"139.3413720506474","146.28397435898898"
"151.23080466174616","157.996794871912"
"165.78849847766296","164.219230769099"
"164.22977475915283","168.97756410252748"
"167.55951526521574","168.2455128205055"
"164.7731217573938","167.5134615384835"
"173.75647335470626","168.2455128205055"
"165.84462487630648","168.2455128205055"
"168.368066746283","167.5134615384835"
"161.78141096575942","167.5134615384835"
"166.40021434931458","168.97756410252748"
"169.51762070714756","179.5923076924175"
"190.32966316416224","171.905769230901"
"170.17080688349796","173.003846153934"
"167.46245488697147","168.6115384615165"
"153.02336865782954","166.78141025646153"
"160.03746114295757","164.58525641039552"
"163.25135407115403","163.85320512808798"
"158.09358662057602","160.92499999999998"
"147.24540348223567","159.09487179494502"
"154.8510151656567","158.36282051292298"
"153.7699414516724","156.89871794859351"
"156.19922419296756","157.2647435896045"
"155.55730308475745","155.4346153845495"
"155.8276882537167","155.8006410255605"
"161.42176791691773","159.826923076967"
"160.03842241645776","163.487179487077"
"168.2459439046255","168.2455128205055"
"162.4620192847441","168.2455128205055"
"164.6444369329462","166.41538461545048"
"173.25574703623892","166.41538461545048"
"162.79778740143524","168.6115384615165"
"167.66019744421456","168.2455128205055"
"164.56404062521634","168.6115384615165"
"166.04533836483196","168.6115384615165"
"168.53994383803237","169.70961538454952"
"175.4951442361012","170.8076923075825"
"176.0961700434321","170.8076923075825"
"158.28883238322916","168.6115384615165"
"166.5055899973491","166.04935897443949"
"158.3706867221788","163.85320512808798"
"161.33631412277785","163.487179487077"
"155.4758801833824","162.02307692303302"
"149.72184398148602","159.09487179494502"
"153.6283171848247","156.89871794859351"
"147.87237988459256","155.8006410255605"
"154.3960239084048","155.8006410255605"
"153.82646916048054","155.0685897435385"
"154.46013947720292","155.8006410255605"
"160.80696284636852","160.92499999999998"
"171.9397723650462","165.6833333334285"
"180.35428916709915","178.8602564103955"
"178.13537918324326","179.22628205140649"
"170.6378593895788","171.1737179485935"
"174.90340080833775","169.34358974353847"
"162.78429117744517","175.20000000000002"
"183.7770974690495","173.735897435956"
"178.48968233499855","173.735897435956"
"169.34745345187628","176.664102564044"
"185.7654926197209","183.6185897435385"
"184.47098163442615","194.23333333342848"
"192.7032667435795","199.35769230758248"
"182.34452425314637","177.76217948707702"
"157.30388445115238","168.97756410252748"
"160.15060166149462","167.14743589747252"
"160.89064880278187","166.41538461545048"
"158.76400258558456","164.219230769099"
"147.24540348223567","160.92499999999998"
"157.5108034111564","155.8006410255605"
"150.97019675682273","155.8006410255605"
"158.73380445809326","152.1403846154505"
"147.24720324091692","150.6762820514065"
"149.15226578973937","154.3365384615165"
"162.9054716847211","160.558974358989"
"163.08559178695862","167.5134615384835"
"175.62708873943578","186.180769230901"
"185.58996329332865","187.278846153934"
"179.29815104679122","177.76217948707702"
"179.81682344689088","175.932051282022"
"174.1858682351984","179.9583333334285"
"176.34801319291407","182.8865384615165"
"176.91918609974107","183.25256410252751"
"181.54180229488648","180.6903846154505"
"182.71086131849268","178.8602564103955"
"187.75440277254125","181.4224358974725"
"178.21674111170225","177.03012820505498"
"163.10424583207683","168.2455128205055"
"154.08190907789518","164.9512820514065"
"159.7784032279267","162.389102564044"
"160.2337929945557","161.29102564101098"
"157.58245102191555","158.728846153934"
"147.24540348223567","155.4346153845495"
"154.76485460970676","143.721794871912"
"133.9912824612003","134.20512820505502"
"129.61877344811535","133.10705128202198"
"128.3425037205439","138.59743589747248"
"142.4952147772254","142.25769230758252"
"144.92871596840973","154.3365384615165"
"157.71089811361585","159.826923076967"
"169.8240221338151","164.9512820514065"
"164.2667922133319","166.04935897443949"
"155.7920284079036","165.6833333334285"
"151.169593690481","165.3173076924175"
"166.82514561213534","164.9512820514065"
"164.37941911310756","164.219230769099"
"153.9773033044388","162.755128205055"
"164.353265495452","163.487179487077"
"164.8917282753126","164.9512820514065"
"165.98908494973864","165.6833333334285"
"156.17072237150487","165.3173076924175"
"156.88164702011662","163.121153846066"
"150.70171667386526","160.192948717978"
"156.94148382432994","158.36282051292298"
"159.98882349654315","157.2647435896045"
"160.71994666174493","156.1666666665715"
"139.5575932598185","154.3365384615165"
"153.38092804479288","152.1403846154505"
"137.2494870585123","145.917948717978"
"134.54102118104737","143.355769230901"
"132.56922909885992","142.9897435896045"
"143.2326759449603","146.28397435898898"
"145.49996314950405","148.846153846066"
"152.37599659853305","150.31025641039548"
"152.1367152169224","152.1403846154505"
"158.10186781553185","152.87243589747249"
"149.6591310219799","154.3365384615165"
"157.98566967304393","155.4346153845495"
"153.2652127423312","155.8006410255605"
"160.7749858129963","155.4346153845495"
"143.9380172242619","155.0685897435385"
"155.7484115676441","155.8006410255605"
"158.87277972164344","158.36282051292298"
"164.78360410003216","160.192948717978"
"163.13955817108092","161.657051282022"
"157.56139051106535","159.826923076967"
"148.37896451517275","158.36282051292298"
"155.10945429765593","156.5326923075825"
"158.12504361169746","155.8006410255605"
"158.90959665967026","154.3365384615165"
"149.75944362866645","153.6044871794945"
"151.16361235386282","153.9705128205055"
"147.49642015232513","152.87243589747249"
"144.2093468676481","149.578205128088"
"140.87818613068393","148.114102564044"
"154.64856726387472","153.2384615384835"
"152.46102180559956","152.5064102564615"
"147.3094377103263","155.4346153845495"
"149.62003505027494","156.1666666665715"
"155.9683607674749","156.5326923075825"
"158.93560636144767","157.2647435896045"
"157.75892207956056","158.728846153934"
"153.71424541231983","159.826923076967"
"160.31501033278158","159.826923076967"
"168.26307413879255","160.192948717978"
"157.01588664862118","160.92499999999998"
"160.44162272157922","164.219230769099"
"167.42309015920642","165.6833333334285"
"168.33653913847627","165.6833333334285"
"157.095751771889","164.58525641039552"
"158.17431202745786","162.389102564044"
"158.95692084939463","160.558974358989"
"159.7315482903515","159.460897435956"
"154.3613149283805","156.89871794859351"
"147.24540348223567","155.0685897435385"
"151.8067150817956","154.3365384615165"
"149.66170135577542","153.2384615384835"
"152.74154605796832","152.87243589747249"
"151.89251328817008","145.185897435956"
"143.4962058949455","148.480128205055"
"156.41740651014754","157.2647435896045"
"169.2397704063853","173.735897435956"
"174.65578785294835","198.2596153845495"
"189.5382183853258","167.5134615384835"
"164.20522060601212","166.78141025646153"
"173.3169381826298","166.41538461545048"
"163.31456793444002","166.78141025646153"
"166.75176054031905","166.41538461545048"
"160.38188102300575","166.41538461545048"
"164.66306450672417","170.4416666665715"
"170.24666195936663","209.9724358974725"
"223.35196467295805","198.2596153845495"
"203.98743256315174","183.25256410252751"
"174.71249031571742","166.78141025646153"
"151.5868012161892","164.58525641039552"
"158.35697705512595","161.657051282022"
"160.86507495037026","159.826923076967"
"153.9822367707974","157.2647435896045"
"147.24540348223567","154.3365384615165"
"151.54568177662597","153.9705128205055"
"149.8464529787322","152.1403846154505"
"137.8695334406265","148.846153846066"
"149.15817235199833","138.9634615384835"
"139.93047908484235","139.6955128205055"
"140.81285878627256","162.389102564044"
"160.85090385994374","170.4416666665715"
"175.64924932735127","186.180769230901"
"170.09151551194222","164.58525641039552"
"161.6572061721437","162.02307692303302"
"159.7562078467848","162.389102564044"
"157.50634589669113","161.29102564101098"
"162.8703240011861","170.4416666665715"
"153.8757717452574","166.78141025646153"
"163.5123648490555","172.27179487191202"
"173.6209260224972","188.010897435956"
"194.46163804706595","188.376923076967"
"190.76222075574768","164.9512820514065"
"155.31630014414324","162.755128205055"
"162.6334600094954","160.92499999999998"
"154.81330553648513","158.728846153934"
"157.4924261284762","157.996794871912"
"148.36283749087886","155.0685897435385"
"149.75946128362702","150.6762820514065"
"148.76564356103518","146.28397435898898"
"140.66697858712573","132.741025641011"
"125.22661441152496","134.571153846066"
"139.1336981829468","125.05448717949449"
"133.414188436942","137.1333333334285"
"150.0292102557282","152.5064102564615"
"164.93879887782893","156.89871794859351"
"160.7424817815812","161.29102564101098"
"158.72004822306104","162.02307692303302"
"160.2702878531053","160.558974358989"
"169.65674490540513","160.92499999999998"
"153.05960501215657","160.92499999999998"
"162.69077294968463","160.558974358989"
"154.61470407484686","162.389102564044"
"160.67849593594156","164.9512820514065"
"164.99960314623402","166.04935897443949"
"171.18042530555206","166.41538461545048"
"154.21533673393765","166.41538461545048"
"155.5627798689013","164.219230769099"
"148.72763856042178","160.558974358989"
"154.3785167032172","157.630769230901"
"154.00751761808755","156.5326923075825"
"148.854387444244","154.3365384615165"
"147.24540348223567","150.6762820514065"
"150.11818269805303","149.578205128088"
"131.6030494501056","136.4012820514065"
"137.28137410037974","134.937179487077"
"133.11888828719233","126.8846153845495"
"135.41879377849133","133.47307692303298"
"149.49927434299437","153.2384615384835"
"154.27042391810232","157.996794871912"
"162.9352680862135","162.02307692303302"
"161.14778309205943","164.58525641039552"
"164.0540924754975","162.755128205055"
"172.4319072784006","162.755128205055"
"159.09814138111534","163.121153846066"
"165.82588640115733","163.487179487077"
"160.20640029030372","163.85320512808798"
"164.6007992181361","164.58525641039552"
"165.72074969244161","167.5134615384835"
"172.21275624933347","173.735897435956"
"162.64270437634926","168.97756410252748"
"161.11098667336867","167.14743589747252"
"152.66476593371198","163.121153846066"
"157.9396706159622","160.192948717978"
"157.84045972045212","160.558974358989"
"155.26193742482138","157.630769230901"
"147.24540348223567","155.4346153845495"
"153.3122220445605","152.5064102564615"
"148.26304700006665","151.7743589744395"
"136.85324805047523","151.7743589744395"
"151.2206128440815","153.6044871794945"
"148.40495312239327","154.7025641025275"
"161.10722254434316","156.89871794859351"
"161.3880095607462","162.755128205055"
"168.17352375881796","168.6115384615165"
"167.08505615787533","170.4416666665715"
"168.14219093838796","167.14743589747252"
"164.2802778023048","166.41538461545048"
"166.06219135527613","166.04935897443949"
"167.26375846155833","168.2455128205055"
"154.87879171957155","167.14743589747252"
"165.92951859257946","167.5134615384835"
"167.75453778333386","167.8794871794945"
"172.0020712003044","168.6115384615165"
"170.91500357780706","167.8794871794945"
"157.65767522503634","165.6833333334285"
"151.7603933594287","163.487179487077"
"158.3506692621832","159.826923076967"
"160.47556485350614","158.728846153934"
"161.39184753099158","156.89871794859351"
"149.75868959295613","154.7025641025275"
"153.68974398727767","144.087820512923"
"132.94243259686795","131.27692307696702"
"127.23212983143674","123.59038461545052"
"137.34441964129954","122.12628205140649"
"134.73255172826208","123.2243589744395"
"134.98309542380775","128.7147435896045"
"140.81185125988767","144.453846153934"
"148.04332110301752","147.748076923033"
"156.70270588620411","152.87243589747249"
"159.96838572681753","156.5326923075825"
"158.52357902518546","157.2647435896045"
"154.23116034280102","157.2647435896045"
"161.407026574852","156.1666666665715"
"144.38894823270923","155.8006410255605"
"156.33281617931155","156.89871794859351"
"159.62999331498267","158.36282051292298"
"164.59999257433927","160.192948717978"
"162.9800217217759","160.92499999999998"
"157.24097289169663","159.460897435956"
"157.31722998680604","156.89871794859351"
"154.2181879414836","155.0685897435385"
"157.0895844959601","152.87243589747249"
"156.62271717481877","151.40833333342852"
"149.75948488457877","146.65"
"146.95571085888798","143.721794871912"
"140.66123045511588","127.98269230758248"
"121.0803915185009","118.46602564101102"
"108.1531770451289","110.41346153848349"
"126.97994586056413","110.77948717949451"
"127.02850689681108","115.53782051292299"
"131.1682957273593","119.198076923033"
"130.7507083512745","123.2243589744395"
"147.66898141999738","136.76730769241752"
"151.71550680084002","152.1403846154505"
"154.6271764198664","153.2384615384835"
"148.9961680291998","154.3365384615165"
"157.60688884019865","153.2384615384835"
"163.13684088967543","152.5064102564615"
"152.14478801738906","153.2384615384835"
"155.26765542877166","155.8006410255605"
"160.99332699662517","158.728846153934"
"162.73028723838607","160.192948717978"
"154.9459792512937","158.728846153934"
"162.32255412817338","156.89871794859351"
"155.4754981798794","154.7025641025275"
"155.46954153459058","152.87243589747249"
"147.8774894377632","151.40833333342852"
"147.24540348223567","147.016025641011"
"146.760105587351","150.6762820514065"
"144.0849514608402","150.31025641039548"
"147.33467586640356","150.6762820514065"
"145.57032965846312","151.0423076924175"
"142.24471857004397","152.1403846154505"
"154.27105620973975","155.0685897435385"
"163.2426920674745","159.460897435956"
"158.86184646653385","163.85320512808798"
"158.2830531231545","165.3173076924175"
"162.08215537287006","164.219230769099"
"171.32379851201003","164.58525641039552"
"159.10678120861706","164.58525641039552"
"163.91160837592253","164.219230769099"
"156.29423006909124","164.219230769099"
"161.2106680030723","164.58525641039552"
"167.06904426286067","166.41538461545048"
"172.72299452030083","167.8794871794945"
"158.24756142652058","167.8794871794945"
"167.2425860256991","165.3173076924175"
"149.96658842824047","162.02307692303302"
"155.76811639954522","159.09487179494502"
"157.801193404839","156.5326923075825"
"149.55820868307833","155.4346153845495"
"147.24540348223567","151.7743589744395"
"149.34010141307232","150.6762820514065"
"146.30175453109254","149.578205128088"
"149.95896634181832","149.578205128088"
"148.25086772480705","150.31025641039548"
"158.35328366451392","151.40833333342852"
"157.37007554853918","154.3365384615165"
"153.24145299045057","160.558974358989"
"162.69086055177624","166.41538461545048"
"162.967043759954","168.6115384615165"
"163.47099575487428","166.04935897443949"
"171.91704061090724","165.3173076924175"
"159.4294737185545","165.3173076924175"
"164.72262917351202","165.3173076924175"
"160.28608214573362","165.3173076924175"
"162.32090386309213","166.78141025646153"
"165.51943985038943","172.637820512923"
"175.10186254431275","172.27179487191202"
"170.7149062319261","170.4416666665715"
"159.70092104812528","166.78141025646153"
"164.3005362294375","164.219230769099"
"156.27643942500924","160.558974358989"
"158.0478454670615","158.728846153934"
"150.2136408506274","156.5326923075825"
"149.75948488457877","152.1403846154505"
"148.5760426767136","151.7743589744395"
"144.06698500230019","150.6762820514065"
"147.94181984382672","150.6762820514065"
"146.62818680459347","151.0423076924175"
"156.64849374307698","151.7743589744395"
"156.18012886162478","154.7025641025275"
"164.2720725400037","159.826923076967"
"171.7606746597179","166.78141025646153"
"171.20304556870158","169.70961538454952"
"163.7891509878909","166.41538461545048"
"171.64361422461053","165.6833333334285"
"156.3751942465469","166.41538461545048"
"177.21455186521408","166.41538461545048"
"170.33218296637304","165.6833333334285"
"161.45445825713912","166.78141025646153"
"176.26598468540183","170.4416666665715"
"170.25143341460554","172.27179487191202"
"171.96587271605125","170.4416666665715"
"167.63003681752926","166.41538461545048"
"149.87241855482117","164.219230769099"
"156.18704438280486","160.92499999999998"
"155.58754743402042","158.36282051292298"
"149.935423941881","155.4346153845495"
"147.24540348223567","152.87243589747249"
"151.42128123709975","152.5064102564615"
"145.65732781084145","151.0423076924175"
"151.49524370640822","151.0423076924175"
"149.80556370818545","151.0423076924175"
"145.94790858540543","151.7743589744395"
"158.58123364653403","155.0685897435385"
"154.46646690027873","161.29102564101098"
"163.69861003389215","165.3173076924175"
"172.39168087213199","166.41538461545048"
"164.47351894148588","164.219230769099"
"172.67545613950796","163.487179487077"
"158.87865026655564","163.121153846066"
"165.18871541312728","163.487179487077"
"158.67625641314635","163.85320512808798"
"163.01255000706817","163.487179487077"
"163.47443275925775","163.85320512808798"
"168.16398044112978","164.58525641039552"
"152.6432263184447","163.85320512808798"
"164.4030713338332","162.02307692303302"
"149.44373763357072","159.826923076967"
"155.6554618800704","156.1666666665715"
"154.88127021499562","153.6044871794945"
"148.87555255459304","151.40833333342852"
"147.24540348223567","148.114102564044"
"149.56324991838827","148.114102564044"
"146.84102458891522","146.65"
"135.18507093905066","145.185897435956"
"144.34812285933668","145.917948717978"
"145.16430963484748","146.28397435898898"
"145.6862209220778","147.748076923033"
"152.61773822103936","149.944230769099"
"154.20702923974153","152.5064102564615"
"159.31049405948932","153.6044871794945"
"155.9180231353752","152.5064102564615"
"157.8444314020797","151.7743589744395"
"151.60648069216882","151.40833333342852"
"159.79528437624708","151.0423076924175"
"142.7095609374277","150.31025641039548"
"154.2291404397863","150.31025641039548"
"156.3400583720945","150.6762820514065"
"159.93405596968827","151.7743589744395"
"157.5951593075856","152.1403846154505"
"151.99421638986283","151.0423076924175"
"144.73424264451145","148.480128205055"
"150.2660020074697","146.65"
"152.5267036111757","146.65"
"151.29143829502482","144.81987179494502"
"142.08403994055334","140.7935897435385"
"145.98985794959722","126.8846153845495"
"122.80557540245184","112.6096153845495"
"118.05698551149973","107.119230769099"
"129.1330785723254","95.77243589747252"
"125.98853812254845","95.77243589747252"
"125.96363703941387","93.9423076924175"
"127.65194642584208","99.0666666665715"
"126.53275586275325","121.7602564103955"
"149.56911072732385","136.0352564103955"
"142.75213235977003","145.185897435956"
"154.04639433373177","147.382051282022"
"144.89768534633166","147.748076923033"
"156.20654342603152","147.382051282022"
"152.1606102857393","146.65"
"149.52050773994637","146.65"
"151.81125383291734","146.65"
"155.44605857490117","150.31025641039548"
"155.00628835634694","150.31025641039548"
"153.04378272301832","147.748076923033"
"156.00238083505434","145.185897435956"
"147.44436148799173","144.087820512923"
"149.87298128319367","142.6237179485935"
"146.940520491904","141.89166666657152"
"139.557711555922","136.0352564103955"
"140.43057341018633","114.0737179485935"
"114.10041039372692","96.5044871794945"
"109.93901477596509","81.86346153848348"
"106.96941845700078","73.44487179494502"
"118.75856074326526","72.71282051292303"
"118.50588851817449","75.64102564101103"
"119.87898705750908","76.00705128202202"
"118.04459222077213","95.04038461545048"
"142.79282446898142","97.96858974353847"
"133.94157550999086","106.75320512808801"
"144.4726243218473","122.85833333342848"
"130.8049712300953","132.008974358989"
"149.26914472466942","128.3487179485935"
"147.9670294130835","121.39423076909901"
"137.62500232136625","114.0737179485935"
"136.94128260982373","117.36794871797801"
"129.03780858803813","123.95641025646151"
"143.3995627460061","140.0615384615165"
"148.20274850280643","138.59743589747248"
"140.33149038602477","131.27692307696702"
"143.20905768886408","121.7602564103955"
"140.0676291899066","119.198076923033"
"118.56163286090413","106.75320512808801"
"137.13539465525244","77.83717948707704"
"129.4927954644476","69.05256410252747"
"117.81871786698719","62.464102564044026"
"106.98008534336572","61.732051282021985"
"106.74255713833031","63.928205128087995"
"120.00002824189087","70.88269230758249"
"120.75509714409651","79.66730769241747"
"120.7656221975802","71.24871794859348"
"119.93355935866592","93.21025641039552"
"142.21010479438118","94.67435897443949"
"141.3746487222502","113.7076923075825"
"147.02877347268839","120.296153846066"
"130.42342087381957","124.3224358974725"
"148.84156782173307","122.49230769241748"
"143.61645244946243","123.2243589744395"
"138.47609337079817","126.15256410252752"
"139.43529738041772","135.669230769099"
"145.78200988039316","141.15961538454948"
"140.58275499985248","140.0615384615165"
"147.2342868828937","135.669230769099"
"137.14964061298326","125.7865384615165"
"139.62135503988932","119.198076923033"
"139.63027941279498","116.269871794945"
"116.613525711141","108.2173076924175"
"137.61096386881326","95.40641025646153"
"130.5507970365263","107.119230769099"
"122.77463971973455","95.40641025646153"
"110.4784172615665","91.01410256404401"
"109.58025642984285","92.47820512808798"
"122.87101061410698","103.092948717978"
"124.97594428494156","116.269871794945"
"129.54075341711635","131.64294871797802"
"134.18154688621058","138.2314102564615"
"150.59304057205648","141.5256410255605"
"152.07177662889362","144.81987179494502"
"152.08347801370965","145.917948717978"
"140.05951599386302","146.28397435898898"
"153.72562194381624","146.65"
"156.01030172020052","147.382051282022"
"147.2789913228722","148.480128205055"
"150.09114265565665","151.7743589744395"
"154.15292031032328","153.6044871794945"
"153.90483476521166","153.2384615384835"
"149.95187635474264","152.1403846154505"
"155.40405874683194","150.31025641039548"
"146.68003608908043","148.114102564044"
"148.41759157438565","147.382051282022"
"137.75685379085706","144.81987179494502"
"149.75948488457877","137.4993589744395"
"140.38614922098694","141.89166666657152"
"135.01009263357992","138.59743589747248"
"136.67206985948266","136.0352564103955"
"134.99121619504146","135.669230769099"
"133.91028343739893","139.32948717949452"
"146.297476748493","142.25769230758252"
"152.38270416395864","145.551923076967"
"143.71738160941524","147.748076923033"
"151.98579470055955","149.944230769099"
"153.41817999712512","150.31025641039548"
"154.33287161246065","150.31025641039548"
"141.88011820706905","149.944230769099"
"155.73391521378045","148.114102564044"
"155.34737393445312","147.016025641011"
"148.22649045607136","147.748076923033"
"148.45609235198037","149.212179487077"
"152.81708806209474","149.944230769099"
"148.00291381375646","149.578205128088"
"149.31453628493315","148.114102564044"
"140.77343347223928","145.551923076967"
"145.86567135444966","141.5256410255605"
"144.3936017895618","137.4993589744395"
"130.63076075134114","128.7147435896045"
"147.24540348220762","119.93012820505498"
"137.81130058277898","119.56410256404399"
"116.81053413037674","103.45897435898902"
"114.97627175386106","96.5044871794945"
"111.00787390430736","93.9423076924175"
"125.43591840390934","94.67435897443949"
"125.86058362545319","110.0474358974725"
"129.6913368823269","122.12628205140649"
"134.86171346922944","136.76730769241752"
"150.48620104472738","141.5256410255605"
"152.15084026057534","143.355769230901"
"144.32019918087602","144.087820512923"
"140.5566745232626","144.087820512923"
"155.15259581120674","143.355769230901"
"155.010386824818","142.6237179485935"
"147.83485814497936","142.9897435896045"
"147.34721318662773","145.551923076967"
"152.15586773408148","147.016025641011"
"138.72365451338686","147.748076923033"
"149.6905472404002","147.016025641011"
"141.6552062842028","145.185897435956"
"147.0544944145691","143.721794871912"
"146.5288223929458","142.25769230758252"
"138.28093381249775","138.2314102564615"
"147.24540348223567","128.3487179485935"
"139.84350501937482","117.36794871797801"
"117.44364658863455","115.171794871912"
"117.12162771153316","114.43974358960452"
"116.65669873321951","114.805769230901"
"129.15252815433453","115.171794871912"
"129.84902323919135","129.812820512923"
"138.18892727588806","144.453846153934"
"147.26034761645434","147.748076923033"
"155.50538887722402","149.578205128088"
"146.75763554973753","150.31025641039548"
"155.34486603620843","151.7743589744395"
"147.47305580569576","151.40833333342852"
"157.4815574039644","151.0423076924175"
"139.76138486752993","150.31025641039548"
"151.09253297834493","150.6762820514065"
"153.52044339115304","153.9705128205055"
"158.78727963990744","156.1666666665715"
"157.4105498480019","157.630769230901"
"152.35188052047783","156.1666666665715"
"145.1907017067755","153.9705128205055"
"150.99653570215273","151.0423076924175"
"152.96077745776844","149.944230769099"
"151.1452777820696","149.212179487077"
"149.75948488457848","146.65"
"145.20468443412864","151.0423076924175"
"141.72791587567664","144.453846153934"
"127.14051477497719","137.4993589744395"
"136.53645265813088","134.571153846066"
"133.43584034369545","135.669230769099"
"144.18601706270613","138.59743589747248"
"139.7204234053567","138.59743589747248"
"139.33412127230048","144.81987179494502"
"153.92441921247894","150.6762820514065"
"157.2974911407308","152.1403846154505"
"155.82280767790894","153.9705128205055"
"148.82555535928992","154.3365384615165"
"158.45732505812285","154.7025641025275"
"141.17219635250976","154.7025641025275"
"153.08896755264098","155.4346153845495"
"155.90229913654255","162.755128205055"
"164.58865681186427","182.5205128205055"
"176.8407213773837","182.8865384615165"
"163.65153267448918","164.58525641039552"
"162.3964814661349","154.7025641025275"
"151.00778227812395","151.40833333342852"
"152.78922039237816","150.31025641039548"
"151.3493962368261","148.846153846066"
"146.9536179021188","129.080769230901"
"124.95750247637457","125.05448717949449"
"128.13033360749134","139.6955128205055"
"131.79087571579697","138.2314102564615"
"132.4382301123257","136.0352564103955"
"141.1073701385593","136.0352564103955"
"133.87675387742806","131.27692307696702"
"129.77012844015084","131.27692307696702"
"146.86151778832445","126.8846153845495"
"146.30549788721575","126.8846153845495"
"146.54850674878494","133.47307692303298"
"133.8853782459406","139.6955128205055"
"151.10349584972704","140.4275641025275"
"153.0198772462045","139.6955128205055"
"143.13729356160238","140.0615384615165"
"144.51809293295824","142.25769230758252"
"148.94953413459976","145.185897435956"
"152.50525701857887","150.31025641039548"
"151.78482743303869","152.5064102564615"
"158.9847179315325","150.6762820514065"
"150.10637498165704","144.81987179494502"
"147.39571747523956","140.4275641025275"
"135.99343049702472","137.1333333334285"
"147.24540348223567","127.61666666657149"
"136.43794433672076","140.7935897435385"
"133.20666421712394","138.59743589747248"
"136.18514531514685","136.0352564103955"
"134.36112116081415","136.4012820514065"
"132.70559904526493","139.32948717949452"
"143.81857452995797","138.2314102564615"
"146.42493496459937","136.76730769241752"
"133.77309267817532","164.9512820514065"
"164.97533398046886","165.3173076924175"
"155.42297405447545","163.85320512808798"
"167.12889254566204","166.41538461545048"
"152.43727464290953","170.8076923075825"
"162.41278972875577","156.1666666665715"
"146.3306626470692","157.2647435896045"
"151.34429748427206","159.09487179494502"
"152.1634652462293","162.755128205055"
"160.07038504645854","163.121153846066"
"159.55159879288476","163.85320512808798"
"163.99177597433223","157.996794871912"
"144.47224797368293","155.8006410255605"
"149.48210553487368","153.2384615384835"
"150.803591240104","151.40833333342852"
"140.84418877882948","147.748076923033"
"147.24540348223567","140.7935897435385"
"141.39771527647736","139.6955128205055"
"136.04755690616102","130.178846153934"
"134.31671044336997","119.93012820505498"
"130.082580676631","114.43974358960452"
"127.84806899349903","112.6096153845495"
"137.26973263359073","126.8846153845495"
"132.41756370003657","151.0423076924175"
"148.6772430110394","161.29102564101098"
"157.2432370450157","152.1403846154505"
"155.14600875051795","151.7743589744395"
"155.60566721107992","151.7743589744395"
"147.80693704496252","151.40833333342852"
"156.7659044239404","151.40833333342852"
"158.65042388354348","151.7743589744395"
"151.73587064041226","151.7743589744395"
"151.72058333180073","152.5064102564615"
"155.9400858385773","152.87243589747249"
"151.24497872208673","152.5064102564615"
"150.58310754593148","152.1403846154505"
"143.05874391964295","150.6762820514065"
"148.8423349964285","152.5064102564615"
"152.01138399174886","139.32948717949452"
"139.2563262930515","139.32948717949452"
"137.13539465869303","104.19102564101101"
"133.28426152678225","74.54294871797799"
"116.6911234349086","61.0"
"105.05994232793921","61.0"
"120.0049129478466","87.71987179494499"
"122.78922013644808","90.64807692303302"
"122.84599117640494","117.00192307696699"
"130.87247045135433","168.6115384615165"
"159.10387142424617","150.31025641039548"
"154.24950192651636","149.944230769099"
"165.46217715799398","151.0423076924175"
"143.37819442233908","151.0423076924175"
"156.7638379510197","150.6762820514065"
"146.36453818065758","150.6762820514065"
"150.4730015183622","151.40833333342852"
"149.9608444157435","151.7743589744395"
"153.2696176621361","152.87243589747249"
"139.88039579356473","152.87243589747249"
"150.47568830394087","152.5064102564615"
"143.42577009518902","151.0423076924175"
"149.1704166942466","149.212179487077"
"148.74066703587155","146.28397435898898"
"145.63856409270645","143.721794871912"
"147.24540348223567","134.571153846066"
"140.3824075380964","79.66730769241747"
"120.13629564383373","106.75320512808801"
"124.02727940699623","157.630769230901"
"149.74943600632298","156.1666666665715"
"150.576808487018","156.5326923075825"
"162.3528257159426","157.630769230901"
"139.03795544938018","157.630769230901"
"158.36653688747538","156.1666666665715"
"147.86886114335806","155.4346153845495"
"153.20132404394568","156.5326923075825"
"154.00577738511032","159.09487179494502"
"158.69401942464344","162.755128205055"
"146.3710130013689","164.9512820514065"
"154.34165482023903","155.8006410255605"
"144.99061334564556","152.87243589747249"
"150.87931696733094","150.6762820514065"
"150.87028157555193","145.551923076967"
"143.5195323962498","141.15961538454948"
"147.24540348223567","112.24358974353851"
"137.89489857635843","138.9634615384835"
"143.30660885624246","117.733974358989"
"122.07371567447032","104.19102564101101"
"116.84687319463498","105.28910256404399"
"128.9243328657001","117.00192307696699"
"128.99511596099117","119.198076923033"
"132.10351788503678","124.3224358974725"
"150.47373655905236","159.826923076967"
"157.4323716720003","166.78141025646153"
"161.4970394466305","166.04935897443949"
"158.44419182083354","167.14743589747252"
"171.89557605130966","182.1544871794945"
"170.24200806908968","170.8076923075825"
"151.38583685503417","161.29102564101098"
"158.21620255811743","155.8006410255605"
"157.29322361709356","157.2647435896045"
"161.96057384302347","180.6903846154505"
"176.86725527597358","203.383974358989"
"172.73063704854343","193.86730769241748"
"166.89312479438505","182.1544871794945"
"168.01943108197554","153.9705128205055"
"154.87294891697786","151.7743589744395"
"153.81451436049065","148.846153846066"
"139.55810927782707","145.917948717978"
"149.6216286299833","150.31025641039548"
"148.307766215168","144.087820512923"
"132.04189820003796","137.4993589744395"
"141.69398289659415","115.171794871912"
"131.09634640274274","109.31538461545051"
"129.05672622928168","101.628846153934"
"128.7178472438139","135.669230769099"
"140.1785850699678","133.47307692303298"
"151.4167107003519","155.8006410255605"
"157.8630431513092","151.40833333342852"
"154.1849003111198","152.1403846154505"
"146.19130399237818","151.7743589744395"
"156.5871612771866","151.0423076924175"
"144.74994146911783","149.578205128088"
"150.29047695233186","150.6762820514065"
"153.84285866797705","151.0423076924175"
"159.83265976846758","153.6044871794945"
"160.83540093900646","160.92499999999998"
"158.27068091912366","157.630769230901"
"148.44181719468756","153.9705128205055"
"152.3797411765649","153.2384615384835"
"155.6293873278696","146.65"
"152.7044639483819","146.28397435898898"
"149.7594848845633","140.0615384615165"
"147.31908243077586","134.571153846066"
"129.28500962978612","61.0"
"87.17453454996308","74.176923076967"
"120.60961165253374","87.71987179494499"
"122.26854591615393","131.64294871797802"
"135.50697324893002","137.4993589744395"
"136.1925759760065","138.59743589747248"
"148.48236388659666","141.15961538454948"
"150.1920999711442","133.10705128202198"
"149.57003952067706","152.5064102564615"
"152.49157525151628","164.219230769099"
"156.2302593182234","156.1666666665715"
"155.93506991228512","155.8006410255605"
"146.4680446006414","151.0423076924175"
"146.51450232429286","151.0423076924175"
"150.01906381105496","162.389102564044"
"157.63202597795055","185.81474358960452"
"161.8076111267645","208.5083333334285"
"192.43093057496026","210.3384615384835"
"191.63204132571155","187.278846153934"
"173.4613817864808","169.34358974353847"
"155.98247777406974","163.121153846066"
"147.24540348223567","153.2384615384835"
"148.9880817855183","155.8006410255605"
"148.87912660598448","151.40833333342852"
"142.83834216060245","149.578205128088"
"141.45110654331776","148.846153846066"
"150.59879807989466","149.212179487077"
"151.22342931595094","159.09487179494502"
"159.85716306909612","177.76217948707702"
"175.8833160829305","221.31923076909902"
"198.10180606025446","235.9602564103955"
"217.03290964921558","220.221153846066"
"195.16102427651208","213.9987179485935"
"213.1187686560244","212.9006410255605"
"201.02995365610118","212.16858974353852"
"206.84312815970716","209.60641025646152"
"196.47074931524443","203.01794871797802"
"206.0163587926384","198.6256410255605"
"192.9863489482958","201.553846153934"
"197.29115030110165","215.828846153934"
"199.5176133385845","227.17564102556048"
"211.11103259201457","203.383974358989"
"192.20728263855065","170.4416666665715"
"164.587963921963","159.09487179494502"
"154.77958840115534","152.1403846154505"
"147.24540348223567","149.212179487077"
"151.43015842482933","147.016025641011"
"146.75158625619264","145.185897435956"
"148.3839058236871","144.087820512923"
"145.71186523610896","137.1333333334285"
"138.28449914764695","143.721794871912"
"151.2617483366995","152.5064102564615"
"163.8480484473765","168.97756410252748"
"167.11727165297302","191.30512820505498"
"187.0522937972108","204.848076923033"
"187.77638415610994","200.0897435896045"
"185.56788910867715","199.35769230758248"
"202.6155774488176","204.848076923033"
"187.0088101221709","202.65192307696702"
"196.35511044053075","204.848076923033"
"202.29794383698695","202.28589743595597"
"199.1173931493756","201.91987179494498"
"201.93487802396544","210.3384615384835"
"223.8761796882775","227.17564102556048"
"207.33920196618152","226.8096153845495"
"216.5237192543892","171.905769230901"
"160.19285735560888","158.36282051292298"
"156.16886141965807","155.4346153845495"
"147.9226443131907","150.6762820514065"
"147.24546035165312","147.748076923033"
"148.4141105265083","144.453846153934"
"140.8246517022222","144.087820512923"
"147.03154570868008","143.355769230901"
"140.32693610356355","140.7935897435385"
"144.0625178166044","142.6237179485935"
"150.5428456783933","149.578205128088"
"156.43498307574595","153.6044871794945"
"145.21535697799524","162.755128205055"
"164.99685691154872","174.10192307696698"
"159.6826242936532","168.6115384615165"
"169.04261097695755","164.219230769099"
"148.2540894538532","167.5134615384835"
"162.53056935637994","169.34358974353847"
"173.5221155366335","170.4416666665715"
"165.23628087203815","170.4416666665715"
"178.58536291490037","176.298076923033"
"175.0783779470662","185.0826923075825"
"195.12072960319162","189.108974358989"
"177.86765476687418","173.003846153934"
"151.80654081664244","163.487179487077"
"154.20572384969378","156.89871794859351"
"152.35512847006277","153.6044871794945"
"146.2653989314985","149.944230769099"
"147.24540348223567","146.28397435898898"
"148.59616370867616","145.917948717978"
"144.9020627073247","144.087820512923"
"142.7315024539306","141.15961538454948"
"139.37702341178166","139.32948717949452"
"140.11961610138658","140.0615384615165"
"148.40318110391365","147.748076923033"
"141.20818884628363","152.1403846154505"
"146.3524246168093","154.7025641025275"
"155.87414982429962","156.89871794859351"
"157.2234464374032","154.7025641025275"
"156.06374952508384","154.7025641025275"
"146.01414074800923","154.3365384615165"
"158.34053855092128","154.3365384615165"
"149.88131353293807","154.7025641025275"
"155.10117478800612","154.7025641025275"
"156.0150793408936","154.3365384615165"
"160.19032883123418","155.0685897435385"
"146.64307549048453","157.996794871912"
"153.80704606195513","156.89871794859351"
"146.57299044868572","154.7025641025275"
"152.53550402004345","153.6044871794945"
"153.0310622032757","152.5064102564615"
"147.407565972302","150.6762820514065"
"147.24540348223567","145.917948717978"
"147.17161127597825","127.2506410255605"
"124.72850494706736","111.1455128205055"
"118.45109714852691","105.28910256404399"
"115.97162793375492","105.28910256404399"
"128.00227463509597","110.77948717949451"
"129.74017718604122","130.91089743595597"
"137.1845843426805","152.1403846154505"
"166.91688643259968","162.755128205055"
"161.06388796282613","164.219230769099"
"161.24836948314416","157.996794871912"
"157.9495964143804","154.3365384615165"
"167.8931970392168","153.2384615384835"
"159.746097193476","152.87243589747249"
"152.53425502329134","152.5064102564615"
"172.03476077837504","152.1403846154505"
"153.10868060055506","152.1403846154505"
"156.1530317202162","152.87243589747249"
"144.5709120510646","157.2647435896045"
"155.01433477234073","155.8006410255605"
"148.5111422822574","152.5064102564615"
"153.9981870733011","150.6762820514065"
"154.68355341857554","150.31025641039548"
"154.2183870475014","147.748076923033"
"147.38165059205798","142.25769230758252"
"146.29278509807696","142.6237179485935"
"138.0011858032575","138.59743589747248"
"128.15982646987504","136.76730769241752"
"140.19940551294727","139.6955128205055"
"137.2096713296696","140.7935897435385"
"144.86992585020954","144.453846153934"
"143.805817372342","145.551923076967"
"145.9103991110812","148.114102564044"
"154.8229825111441","149.944230769099"
"156.54820175168595","151.40833333342852"
"154.4527002482175","155.0685897435385"
"146.0163741146721","156.89871794859351"
"157.35982043035304","156.89871794859351"
"139.7737010547122","152.87243589747249"
"149.65959744205298","152.87243589747249"
"152.63870715239494","156.5326923075825"
"158.63596216747015","165.6833333334285"
"162.5896009163936","173.369871794945"
"160.23154399952202","167.5134615384835"
"164.6068415251443","159.09487179494502"
"153.95595241849674","155.4346153845495"
"155.88856703017893","153.9705128205055"
"165.30221694482654","153.6044871794945"
"149.75948488457877","152.5064102564615"
"149.79725090890352","153.6044871794945"
"149.0537601911535","152.5064102564615"
"153.1780494421766","152.1403846154505"
"139.36707601979703","151.7743589744395"
"154.50771640476015","149.578205128088"
"152.74117217427047","151.7743589744395"
"147.99213576282548","150.6762820514065"
"144.4313243352309","152.87243589747249"
"152.69699204526816","153.6044871794945"
"153.39226392645216","155.8006410255605"
"155.34843718858446","159.09487179494502"
"158.71682109157106","160.192948717978"
"156.24651620141145","160.192948717978"
"161.03857716948082","158.728846153934"
"149.6809939139839","160.558974358989"
"153.4791239923462","164.9512820514065"
"161.75249642843204","168.2455128205055"
"168.08885512607029","187.644871794945"
"168.11668865046232","186.180769230901"
"167.7197215443576","170.4416666665715"
"163.29134560784908","167.5134615384835"
"161.7031916497098","167.8794871794945"
"157.90568053908137","157.996794871912"
"147.24540348223567","154.3365384615165"
"150.3848722613936","153.2384615384835"
"148.5324305910518","152.1403846154505"
"152.17223841708284","151.40833333342852"
"150.08518554402184","152.1403846154505"
"157.1811606723104","151.7743589744395"
"155.43504199684168","158.728846153934"
"165.60982269367287","175.566025641011"
"174.39136384497786","218.391025641011"
"206.33056929126593","226.0775641025275"
"210.08388830901723","190.939102564044"
"183.23095401025165","184.3506410255605"
"178.0171513037294","192.403205128088"
"180.1178699139529","205.214102564044"
"200.44542163463862","201.91987179494498"
"195.22626810320799","194.23333333342848"
"194.41907868563277","196.4294871794945"
"196.75172237932233","203.383974358989"
"208.81059206477406","224.24743589747249"
"210.68121580550724","189.84102564101102"
"167.76039175910446","177.396153846066"
"165.0452978077409","169.34358974353847"
"163.29896075196373","163.121153846066"
"152.98900372079993","156.1666666665715"
"147.24540348223567","153.9705128205055"
"150.01861263251914","153.9705128205055"
"147.72048148071164","152.5064102564615"
"151.01680228777167","151.7743589744395"
"148.44694202239126","152.5064102564615"
"158.44603410986778","154.3365384615165"
"156.45667222484823","169.70961538454952"
"179.4557173222601","187.278846153934"
"195.5421781298255","216.560897435956"
"214.9087911271594","221.68525641039548"
"208.87407910807147","204.848076923033"
"193.38826656432988","194.5993589744395"
"194.52239254639866","196.4294871794945"
"188.05430882209168","202.65192307696702"
"204.99869842501488","200.0897435896045"
"202.61739627646077","196.4294871794945"
"199.60136528999666","197.1615384615165"
"207.64210763526037","206.312179487077"
"236.45389356430542","227.90769230758252"
"214.11754821171584","219.489102564044"
"207.98165906408292","185.81474358960452"
"170.1154067628029","181.4224358974725"
"171.5530992259386","164.58525641039552"
"153.77581749673894","159.09487179494502"
"149.75948413847792","153.9705128205055"
"149.53539763036292","153.2384615384835"
"147.09294780798442","152.1403846154505"
"150.65909011306232","151.0423076924175"
"149.06747516385673","151.40833333342852"
"157.05172229460845","153.2384615384835"
"157.3784407544836","168.97756410252748"
"174.464137414786","179.9583333334285"
"190.7732595545919","201.187820512923"
"191.1503731732812","202.65192307696702"
"184.22705721535058","180.3243589744395"
"176.16356438620394","178.494230769099"
"166.87256630284782","178.494230769099"
"178.99779340880823","178.128205128088"
"171.23730744467258","172.27179487191202"
"169.12661675862284","173.369871794945"
"170.9404117930866","172.27179487191202"
"175.94998968863752","176.664102564044"
"178.8040118794104","179.5923076924175"
"173.95361513416697","169.70961538454952"
"152.08209089490842","162.02307692303302"
"155.07157193854175","156.89871794859351"
"151.92249688741072","155.8006410255605"
"146.0534564042828","153.6044871794945"
"147.24540348223567","150.31025641039548"
"150.06979034996542","147.016025641011"
"143.37869001306322","144.81987179494502"
"148.55225089306936","145.185897435956"
"140.3927895208023","145.917948717978"
"144.0568800415235","148.846153846066"
"156.7746186563133","152.5064102564615"
"149.3534735566472","162.389102564044"
"161.6934522615445","170.4416666665715"
"174.74778310308287","175.932051282022"
"167.0036621059922","169.70961538454952"
"172.76320369550913","166.04935897443949"
"155.7536261449875","170.4416666665715"
"165.35606355320422","172.637820512923"
"160.45248506843419","170.4416666665715"
"163.80174005792702","166.78141025646153"
"162.06239074183247","167.5134615384835"
"166.8649638795533","175.566025641011"
"159.92907100727285","181.7884615384835"
"161.76092919903155","171.905769230901"
"152.96927340423474","162.755128205055"
"156.09108761767894","160.192948717978"
"156.10200417346655","158.36282051292298"
"150.96087445301922","154.3365384615165"
"147.24540348223567","152.5064102564615"
"148.72954201981713","147.016025641011"
"142.22265863680994","146.65"
"130.12501928771292","142.9897435896045"
"141.50313929183295","142.6237179485935"
"138.75178202585278","145.917948717978"
"141.59853115551675","145.917948717978"
"148.47473621812452","167.5134615384835"
"184.02394305109618","185.4487179485935"
"173.61108210560207","196.4294871794945"
"182.46490986292142","185.4487179485935"
"169.83400965109968","181.4224358974725"
"193.28174943446322","183.6185897435385"
"175.623910674209","182.8865384615165"
"164.16222347388268","175.566025641011"
"172.41677856035565","172.27179487191202"
"169.55963350436065","177.396153846066"
"178.76993898181206","183.25256410252751"
"183.6717971672686","197.1615384615165"
"172.3211727581576","182.8865384615165"
"161.42637300247372","167.5134615384835"
"159.92702192933547","159.826923076967"
"158.1073759612609","159.826923076967"
"161.51486857570129","156.5326923075825"
"149.75948488457877","154.3365384615165"
"152.15961517036925","153.9705128205055"
"151.012997969111","152.87243589747249"
"154.22504531175963","152.1403846154505"
"153.06683912324903","151.7743589744395"
"146.6108488890553","150.6762820514065"
"151.94643625272525","150.6762820514065"
"151.50904060433174","150.6762820514065"
"153.37902975851142","152.87243589747249"
"159.28673453373017","153.2384615384835"
"160.95257197582492","154.3365384615165"
"158.0144125949372","154.7025641025275"
"152.76934339893236","154.7025641025275"
"160.60571972261877","153.9705128205055"
"142.7461891563399","152.5064102564615"
"153.7542475260804","151.40833333342852"
"156.64353297215268","151.0423076924175"
"160.5563146670561","154.3365384615165"
"162.00226493198483","160.558974358989"
"158.0496776945642","158.728846153934"
"148.22084311167905","154.3365384615165"
"153.1053679886304","152.87243589747249"
"156.05491764683626","150.6762820514065"
"165.21512676091487","149.578205128088"
"149.75948488457877","144.087820512923"
"147.4932725921923","141.5256410255605"
"143.78342660515256","136.4012820514065"
"136.53051706779002","133.10705128202198"
"134.16316549584383","132.375"
"135.49100126112685","132.375"
"146.29349338978938","135.303205128088"
"140.59476089102307","138.59743589747248"
"139.25537205207138","139.6955128205055"
"150.13785856653107","141.89166666657152"
"151.28147489639466","144.81987179494502"
"153.51683395042122","146.65"
"141.29948021203205","147.382051282022"
"153.02119515232408","147.382051282022"
"155.6993886945016","146.65"
"145.70727775759693","147.016025641011"
"148.04312227087104","148.846153846066"
"152.55964390469964","142.25769230758252"
"152.56714098198944","169.34358974353847"
"158.81910760387544","167.14743589747252"
"167.3454182879713","161.657051282022"
"157.43620916685697","157.2647435896045"
"155.98643668159528","154.3365384615165"
"147.13706793227058","153.2384615384835"
"147.24540348223567","151.0423076924175"
"148.38931833045618","147.748076923033"
"143.57732447206664","145.917948717978"
"146.04556236119524","144.81987179494502"
"144.2167392764324","143.355769230901"
"152.38004086918048","146.65"
"152.22150260775538","146.65"
"157.9591541948299","172.637820512923"
"190.16320017989423","202.28589743595597"
"196.29644220255454","210.3384615384835"
"194.29718810334262","199.35769230758248"
"188.68590662266698","198.6256410255605"
"197.76374136256487","200.821794871912"
"202.37782110147108","196.79551282050548"
"200.93290442340395","190.939102564044"
"185.21259554541848","188.010897435956"
"197.44283624373637","183.25256410252751"
"183.04958310200303","189.84102564101102"
"195.49642590648708","210.3384615384835"
"195.37689540203814","224.61346153848348"
"202.64478367767364","201.91987179494498"
"186.3327052125716","178.494230769099"
"169.5614237359935","170.8076923075825"
"159.634262006566","161.657051282022"
"147.24540348223567","157.630769230901"
"151.78572318686187","156.1666666665715"
"149.27496468988883","153.6044871794945"
"152.15995053981763","153.9705128205055"
"150.91142691150998","154.3365384615165"
"146.68974163501028","156.1666666665715"
"159.2777054336132","162.389102564044"
"174.48395556288537","174.83397435898902"
"188.86726872546086","210.3384615384835"
"212.09463794581544","209.9724358974725"
"204.00327529520845","212.9006410255605"
"205.81576062736872","208.14230769241752"
"224.93514324510932","207.4102564103955"
"202.8619199364094","204.482051282022"
"208.6947467285676","203.01794871797802"
"209.63623665593383","200.0897435896045"
"205.23362644852762","199.35769230758248"
"212.19253453902812","210.7044871794945"
"238.02602868949702","236.3262820514065"
"234.74594953770298","242.9147435896045"
"248.50161550718954","210.3384615384835"
"199.66545603842016","175.932051282022"
"169.33106582947426","175.566025641011"
"165.07452146673208","162.389102564044"
"149.75948488457848","159.09487179494502"
"153.34314605834328","159.460897435956"
"150.86848475801912","157.630769230901"
"157.00702369069427","157.2647435896045"
"155.93619999284041","157.630769230901"
"163.018558074937","161.29102564101098"
"164.40240904123593","165.6833333334285"
"175.50904860223153","178.128205128088"
"198.7760133489129","218.391025641011"
"211.13877236276562","218.391025641011"
"219.0401417599894","210.3384615384835"
"200.26166154629323","200.821794871912"
"203.67928957607276","197.1615384615165"
"201.9035503884157","189.84102564101102"
"199.63767480154274","185.0826923075825"
"183.64151893706523","183.25256410252751"
"195.52860540962723","183.25256410252751"
"189.2564057280126","187.278846153934"
"194.43511891516448","218.391025641011"
"206.19169415651217","179.5923076924175"
"162.21862543196806","177.76217948707702"
"165.53819766139443","171.905769230901"
"163.38888951919967","162.755128205055"
"156.73790252714113","159.09487179494502"
"147.24540348223567","155.0685897435385"
"153.31904479031223","156.5326923075825"
"152.06177930818995","155.8006410255605"
"154.8117533958812","154.7025641025275"
"149.29361658138697","152.1403846154505"
"149.95032885311258","152.87243589747249"
"158.22600013018652","157.630769230901"
"155.82690640617517","160.558974358989"
"167.3467430532731","161.29102564101098"
"174.3224611700621","179.9583333334285"
"176.6325488210712","180.6903846154505"
"182.29465901973163","178.8602564103955"
"178.8921357907844","167.14743589747252"
"165.93971759147752","163.121153846066"
"160.09793093713986","162.755128205055"
"163.62246953046917","162.02307692303302"
"163.17019219684525","160.92499999999998"
"167.0427530320831","161.29102564101098"
"156.84345337565395","159.826923076967"
"155.62275739488905","162.02307692303302"
"151.07399105828753","159.826923076967"
"157.39755399587006","159.826923076967"
"158.5411604085758","157.630769230901"
"155.57120123661048","155.4346153845495"
"147.24540348223567","152.1403846154505"
"151.4438399214403","151.0423076924175"
"150.35850513092583","150.31025641039548"
"150.0670618321593","149.944230769099"
"150.11317787482704","150.6762820514065"
"146.1827031790696","153.9705128205055"
"148.98122922324353","156.89871794859351"
"156.92138788227774","162.02307692303302"
"183.89423160919063","201.91987179494498"
"191.14849165614228","212.9006410255605"
"206.99686823934508","220.953205128088"
"203.96905544940796","210.3384615384835"
"242.2712868637509","210.3384615384835"
"202.9010456576584","215.096794871912"
"208.50091407489404","198.6256410255605"
"212.99502405407526","190.573076923033"
"187.50423223351376","183.9846153845495"
"185.57719054969607","185.81474358960452"
"175.5419993822761","222.41730769241752"
"195.19905466009058","237.4243589744395"
"223.03102497123314","197.8935897435385"
"186.27242943413646","165.3173076924175"
"163.79855917383418","163.121153846066"
"165.0771336164708","160.558974358989"
"149.75948014720544","159.09487179494502"
"156.82488477029523","158.728846153934"
"157.86364571693446","156.89871794859351"
"160.74805868208986","156.5326923075825"
"158.9163515546743","156.89871794859351"
"151.75223492625105","157.2647435896045"
"161.7808046123983","158.36282051292298"
"156.81568902665182","159.826923076967"
"162.985890077525","161.29102564101098"
"163.46795690741686","161.657051282022"
"167.7462417574906","164.219230769099"
"163.71012155474978","167.14743589747252"
"168.52088200181095","166.78141025646153"
"169.34585267379475","164.9512820514065"
"152.66049338682794","164.58525641039552"
"163.23689006695682","164.219230769099"
"164.93932986393645","166.04935897443949"
"170.8419154111197","177.76217948707702"
"184.42784708967503","205.580128205055"
"187.5059449980221","224.97948717949453"
"220.46856732031972","175.932051282022"
"165.88827650241157","165.3173076924175"
"163.5202045596637","163.85320512808798"
"175.903560061581","162.755128205055"
"149.75948488457877","161.29102564101098"
"156.20428273353897","160.558974358989"
"156.80301760383895","159.09487179494502"
"150.53446923412514","157.996794871912"
"149.0466338118451","155.8006410255605"
"147.3575396020929","151.7743589744395"
"156.45790894270937","151.40833333342852"
"150.53246128160964","152.5064102564615"
"148.6794164163089","156.1666666665715"
"155.59639720557345","158.36282051292298"
