"DataEntries: 8756, TestEntries: 24, Epochs: 200, UseTestData: true, LimitEntries: true, Firstlayer#: 6, SecondLayer: true, SecondLayer#: 14, Predict: true, Curvebehaviour: false, Stacksize: 6, useLastXDays: false, Max: 632.0, Min: 61.0, Curve behaviour: false, Historical: true, useAverage: false, priceStack2, Skewness: false, SkewStack: 12",", useNewMethod: false, decay: 0.1"
"Range: 6567 to 8756"
"Actual","Ideal"
"168.1898195759681","166.04935897443949"
"162.9838378176156","163.85320512808798"
"157.9835270864697","163.121153846066"
"159.45991977094462","161.29102564101098"
"156.2593643237118","163.121153846066"
"153.0933945637246","157.2647435896045"
"149.05893044919733","141.15961538454948"
"145.01475638538676","140.4275641025275"
"149.72323236760414","139.6955128205055"
"157.22640036487334","142.25769230758252"
"157.22334567667238","147.748076923033"
"155.7591566042491","154.7025641025275"
"158.74477059647688","160.92499999999998"
"161.67507377330034","162.389102564044"
"163.16144344328944","163.121153846066"
"161.11639301124166","163.121153846066"
"159.51828829222003","162.389102564044"
"162.07815403330684","161.657051282022"
"163.3114895175887","162.389102564044"
"164.02825214914682","162.755128205055"
"169.81180582861396","164.58525641039552"
"174.65077874622125","167.14743589747252"
"171.9000275824961","167.8794871794945"
"171.08725803557058","166.78141025646153"
"169.8246730969946","165.3173076924175"
"166.80246146312447","163.487179487077"
"165.22383309637837","163.121153846066"
"166.33515801945194","159.460897435956"
"166.70425210677232","159.09487179494502"
"163.56059779368272","157.630769230901"
"160.84084725614164","158.728846153934"
"161.82098570540086","160.558974358989"
"159.41923722754376","162.389102564044"
"165.85307050313335","165.6833333334285"
"171.95821318983377","175.566025641011"
"179.0412197792519","186.180769230901"
"182.47121027521194","186.180769230901"
"184.13164800655042","187.278846153934"
"184.97305864036636","185.4487179485935"
"183.483828912725","183.6185897435385"
"181.31159057497334","177.76217948707702"
"179.78553252944084","174.83397435898902"
"178.60111368409198","177.76217948707702"
"178.80521077459838","177.76217948707702"
"185.69742382585997","188.376923076967"
"190.14919658702075","210.3384615384835"
"184.76623134055674","209.9724358974725"
"182.525367831247","187.278846153934"
"178.84333878590922","171.53974358960448"
"171.69019669955162","169.70961538454952"
"164.57000561207286","167.14743589747252"
"164.842651504796","162.389102564044"
"160.4253853332179","162.755128205055"
"157.80719661805205","161.657051282022"
"157.44449905080316","155.8006410255605"
"158.370370706678","148.846153846066"
"156.4994385728598","154.3365384615165"
"158.981798624899","161.657051282022"
"172.74536301244237","174.83397435898902"
"178.67707327151442","182.8865384615165"
"181.81999633699056","182.8865384615165"
"182.16429927727657","186.180769230901"
"182.80312244004983","183.9846153845495"
"181.61664272381248","185.0826923075825"
"182.3319931011112","184.3506410255605"
"179.09991996605606","180.3243589744395"
"178.13907117846708","178.128205128088"
"178.06650952114646","177.03012820505498"
"183.37905293506427","185.4487179485935"
"196.2552407530984","194.23333333342848"
"185.85867757466133","188.010897435956"
"181.49751399418315","185.0826923075825"
"177.83842014168468","175.566025641011"
"173.52601360200748","172.637820512923"
"166.49666762433682","166.78141025646153"
"165.30046852353428","162.02307692303302"
"164.0965132858823","157.630769230901"
"161.3406859286644","153.9705128205055"
"159.40963113784687","155.4346153845495"
"160.19230684925589","155.8006410255605"
"161.6684865495078","160.92499999999998"
"167.4480827695514","164.9512820514065"
"176.6415519485262","178.8602564103955"
"183.06379505499254","195.6974358974725"
"186.2839282275638","185.81474358960452"
"184.3383080145892","178.8602564103955"
"183.20912251332035","177.396153846066"
"183.57605139557143","180.6903846154505"
"182.8586135766702","185.81474358960452"
"183.16721163415176","184.3506410255605"
"182.79243456000978","185.81474358960452"
"180.55129462857468","186.912820512923"
"186.48779974389979","191.30512820505498"
"191.45038125855197","205.580128205055"
"183.24379692501742","196.4294871794945"
"183.5683018873152","180.3243589744395"
"179.946677692856","175.20000000000002"
"175.56665743507745","175.20000000000002"
"170.93884382808665","167.5134615384835"
"167.39851234897142","163.487179487077"
"163.81078584019974","159.09487179494502"
"158.42779893708436","156.5326923075825"
"159.32186984993214","156.1666666665715"
"161.15958242193753","156.5326923075825"
"161.3067591016122","159.460897435956"
"165.0156210983654","163.85320512808798"
"172.834388316829","176.298076923033"
"182.6053211288003","184.3506410255605"
"181.46792822510267","184.3506410255605"
"179.73614605316757","183.25256410252751"
"181.19741820414745","180.6903846154505"
"180.23857585221506","183.25256410252751"
"181.0363070512171","183.25256410252751"
"180.7823609593196","183.25256410252751"
"179.15376951911986","183.6185897435385"
"179.2254177149125","183.9846153845495"
"182.5894975655593","190.207051282022"
"192.7657663185236","204.848076923033"
"184.6332104728712","188.742948717978"
"180.94668007021832","183.25256410252751"
"177.4868937486594","175.566025641011"
"171.26535214553599","167.5134615384835"
"163.60180963919774","166.04935897443949"
"164.91244210470632","161.29102564101098"
"158.22576944953673","159.460897435956"
"152.52297538801872","154.7025641025275"
"152.56521972267214","152.87243589747249"
"153.13774043697342","153.9705128205055"
"154.35819697923773","157.996794871912"
"162.00144548531244","163.121153846066"
"175.66997743633183","172.637820512923"
"182.9973814382217","173.735897435956"
"178.1952164293272","176.664102564044"
"178.0943709953258","177.396153846066"
"178.61468617206387","175.566025641011"
"179.0346112717176","175.566025641011"
"178.44053547333584","175.566025641011"
"176.4627449472933","174.10192307696698"
"173.74524145566446","170.07564102556051"
"174.56844270110957","171.1737179485935"
"178.4488471850195","177.03012820505498"
"185.16914064776293","200.0897435896045"
"184.1358333604743","192.403205128088"
"179.78059029457754","182.1544871794945"
"175.4261905242778","170.4416666665715"
"172.4304021895718","162.02307692303302"
"166.05266169714264","164.9512820514065"
"165.6500149550029","162.389102564044"
"162.73730530126107","166.41538461545048"
"159.51637246159962","164.219230769099"
"158.55736082578028","164.219230769099"
"159.24258524424928","165.3173076924175"
"159.27661448350557","163.121153846066"
"159.7232886659308","164.58525641039552"
"166.93089935485676","169.70961538454952"
"166.7229176977829","170.4416666665715"
"166.8807439385509","171.905769230901"
"169.89014614674957","171.905769230901"
"170.4089992870548","172.27179487191202"
"171.80983998512556","171.905769230901"
"171.74757557054028","171.905769230901"
"169.96199353227195","170.8076923075825"
"168.9874726306735","170.4416666665715"
"169.6997995712657","172.637820512923"
"173.08137620066614","182.1544871794945"
"182.52320161961129","184.71666666657148"
"177.95765704775368","183.6185897435385"
"174.2626292928929","175.566025641011"
"170.96913152233265","174.10192307696698"
"168.07371060869025","174.467948717978"
"166.45069818967235","171.53974358960448"
"167.0691431580516","167.5134615384835"
"166.6092510661242","167.14743589747252"
"166.50779964446528","164.58525641039552"
"160.8409034889994","163.487179487077"
"161.01362314648958","162.389102564044"
"162.39103223003193","162.389102564044"
"165.69350015566488","161.657051282022"
"164.17249234961292","164.219230769099"
"167.40109126165316","165.6833333334285"
"168.25408804408877","168.2455128205055"
"168.90186563763544","174.83397435898902"
"169.84447170354875","176.664102564044"
"172.031292823113","176.664102564044"
"170.62592338684792","178.128205128088"
"169.82831147080825","174.83397435898902"
"169.20175783738665","175.932051282022"
"172.70396829703546","176.298076923033"
"178.3419671432019","186.546794871912"
"185.06256517958118","188.376923076967"
"178.73343898969426","185.0826923075825"
"175.98896534588508","178.8602564103955"
"173.5232196893262","174.83397435898902"
"171.77389203265827","175.20000000000002"
"169.56047880412927","173.369871794945"
"168.90456795396753","167.8794871794945"
"165.6474408173806","164.58525641039552"
"161.91925638642678","161.657051282022"
"161.3179997219327","156.89871794859351"
"161.8385503658258","155.8006410255605"
"162.96364965272048","162.02307692303302"
"165.6045902080869","167.14743589747252"
"172.8655635152172","193.86730769241748"
"185.76212656673079","218.75705128202202"
"189.2596440970448","200.821794871912"
"187.12092259117443","191.30512820505498"
"186.31056455359544","191.30512820505498"
"188.06050525278306","196.4294871794945"
"185.10900341472637","215.096794871912"
"187.48169908626755","203.01794871797802"
"184.02769662916248","199.7237179485935"
"186.22682786265776","210.3384615384835"
"202.0310604518353","242.1826923075825"
"225.7201740449379","248.405128205055"
"204.74798950720313","193.1352564103955"
"184.60381494074375","176.664102564044"
"176.63233735463598","173.369871794945"
"173.71011480926234","171.53974358960448"
"166.37910322690365","170.8076923075825"
"165.7611264411212","166.78141025646153"
"163.4591406579136","166.78141025646153"
"159.67933500473396","165.3173076924175"
"159.54007023504096","166.04935897443949"
"161.04593183315222","164.58525641039552"
"160.33450665991964","166.41538461545048"
"163.6855182883871","172.637820512923"
"179.87688533522194","184.71666666657148"
"195.74169715984277","210.3384615384835"
"194.4999700123001","195.3314102564615"
"186.691621863075","189.475"
"186.51530625373292","186.180769230901"
"188.02214983826255","189.84102564101102"
"191.1205727631519","192.403205128088"
"187.01050696086045","189.84102564101102"
"185.84056124287963","187.644871794945"
"188.06558765801665","194.23333333342848"
"206.5832271324157","217.658974358989"
"223.21579942510064","227.5416666665715"
"189.4715889825735","191.30512820505498"
"180.06627175904194","186.912820512923"
"177.11853991414708","177.76217948707702"
"173.01740972856211","177.396153846066"
"167.90355756376906","173.003846153934"
"165.6773329752595","168.97756410252748"
"165.671854097627","168.97756410252748"
"162.92034872910608","166.41538461545048"
"163.50009492937895","166.78141025646153"
"164.4700139163023","167.5134615384835"
"166.76814599702897","169.70961538454952"
"169.92436565897245","174.83397435898902"
"178.79028580425506","186.180769230901"
"189.70441668932628","197.1615384615165"
"186.92841606647283","199.35769230758248"
"183.95013993324264","194.23333333342848"
"183.31723735607014","193.1352564103955"
"185.39052838686436","194.5993589744395"
"185.3297842997528","193.5012820514065"
"184.1426644349596","192.037179487077"
"183.13006645780908","191.671153846066"
"184.04066422093126","195.6974358974725"
"193.38319178717828","210.3384615384835"
"209.69315263533235","237.7903846154505"
"187.24009350944925","192.403205128088"
"180.71335820671598","183.9846153845495"
"178.09703848201042","177.396153846066"
"175.3205480171506","178.8602564103955"
"171.55024288591056","177.76217948707702"
"170.3007649303102","170.8076923075825"
"168.69580611400445","172.27179487191202"
"162.63851400035543","169.34358974353847"
"164.72490814869508","169.70961538454952"
"166.47817180529495","170.4416666665715"
"167.53673495862301","173.735897435956"
"170.56657529033046","178.128205128088"
"178.70399504522524","186.912820512923"
"188.1417233345059","210.7044871794945"
"191.27200497070524","183.25256410252751"
"184.3310406373193","179.22628205140649"
"184.02543278420265","177.76217948707702"
"185.50615056703313","181.7884615384835"
"184.83056337560706","195.3314102564615"
"185.39876910023128","187.278846153934"
"183.18646542727967","188.742948717978"
"185.66339971025343","197.1615384615165"
"199.59730906752452","218.025"
"222.60043798195034","246.575"
"192.6953700198202","200.455769230901"
"183.41019812567146","179.5923076924175"
"178.55234929684997","177.03012820505498"
"174.1041075963414","177.76217948707702"
"169.0226040817026","175.566025641011"
"169.66185236056526","171.905769230901"
"166.45562395079372","172.637820512923"
"160.74313660242464","169.34358974353847"
"162.60792417777378","168.97756410252748"
"163.0439649284223","169.70961538454952"
"166.6599433928945","168.2455128205055"
"170.86730094833587","173.369871794945"
"184.8769262199073","183.6185897435385"
"199.99831508139482","198.9916666665715"
"188.07967086507273","183.9846153845495"
"181.36664662175542","182.5205128205055"
"180.0454016314745","181.0564102564615"
"181.45472683427354","183.9846153845495"
"184.44167865003465","183.25256410252751"
"178.2390630499137","181.4224358974725"
"176.75692934902483","180.6903846154505"
"179.5767596458278","181.4224358974725"
"186.03440810310798","193.86730769241748"
"206.0265094610703","201.553846153934"
"185.57137055077217","186.912820512923"
"174.38878389492226","178.494230769099"
"167.94582367465148","177.76217948707702"
"168.6996951039744","177.03012820505498"
"167.80815189672128","175.20000000000002"
"165.72893125279134","171.905769230901"
"165.57932543739605","172.27179487191202"
"159.74181629618798","168.2455128205055"
"161.8789615035486","163.487179487077"
"162.29649087131352","162.389102564044"
"162.01917318981424","163.85320512808798"
"165.24028678718585","166.41538461545048"
"172.24765888895146","170.07564102556051"
"175.74615403302747","174.83397435898902"
"173.15555434870748","177.03012820505498"
"173.22867429718994","177.396153846066"
"175.10466850998722","177.396153846066"
"175.5047055871034","177.396153846066"
"175.8706624555988","175.20000000000002"
"174.62856849181983","174.83397435898902"
"174.80653325311093","175.566025641011"
"177.42432806471103","177.396153846066"
"186.8955879219032","181.7884615384835"
"195.60124321317963","183.25256410252751"
"182.83095592713235","181.0564102564615"
"178.22323932761947","177.76217948707702"
"176.0994184521272","176.664102564044"
"176.54140384321823","178.128205128088"
"174.6285829723721","178.494230769099"
"173.03847931538445","175.566025641011"
"175.28595395533074","177.396153846066"
"178.1566313803355","173.369871794945"
"176.66277440590207","167.8794871794945"
"176.93256269204838","167.5134615384835"
"175.65591410844232","168.2455128205055"
"175.58795894286052","168.2455128205055"
"173.46558583375815","166.41538461545048"
"176.05346905651092","167.14743589747252"
"176.3609132234751","170.07564102556051"
"176.73980063454604","177.76217948707702"
"177.6495134192618","180.6903846154505"
"180.39870795202583","179.9583333334285"
"178.5876111653716","179.22628205140649"
"177.83464094765785","178.128205128088"
"177.13584242586847","177.396153846066"
"179.65682901031647","178.8602564103955"
"186.78044169924502","187.278846153934"
"195.62859506477508","188.742948717978"
"183.87739403225163","185.81474358960452"
"180.4969145341979","182.5205128205055"
"178.06080543565463","180.3243589744395"
"178.3039945462921","181.4224358974725"
"178.746316657118","178.494230769099"
"176.27912008084704","173.369871794945"
"176.9496859287027","174.10192307696698"
"177.41881378245225","170.8076923075825"
"176.9125370076006","166.78141025646153"
"179.76746741183155","166.78141025646153"
"175.90052071829604","169.34358974353847"
"177.1501381237371","177.396153846066"
"188.34384171752353","186.912820512923"
"203.96182325817108","194.5993589744395"
"196.3296122587451","182.8865384615165"
"191.07215337619073","179.9583333334285"
"190.813751441629","180.3243589744395"
"194.5192576899165","182.8865384615165"
"194.99639566605464","185.81474358960452"
"194.18984266067966","187.278846153934"
"191.23807469745796","188.742948717978"
"197.32672849708692","187.644871794945"
"215.25242704931298","189.475"
"222.71823361048774","188.010897435956"
"193.27548697101824","182.1544871794945"
"184.3910958928597","177.396153846066"
"180.37965598731378","175.932051282022"
"178.61342550753312","181.4224358974725"
"177.58621290213972","179.5923076924175"
"174.20800542730672","175.932051282022"
"172.23720219727397","176.298076923033"
"166.03092020269372","175.566025641011"
"168.1826027798939","175.20000000000002"
"169.97011303886623","173.735897435956"
"167.96980694654124","175.20000000000002"
"173.8551413444533","180.3243589744395"
"185.5833845102491","195.3314102564615"
"202.83356966367182","210.7044871794945"
"193.55750802621083","181.4224358974725"
"183.6024576161223","179.5923076924175"
"183.8477924039266","179.5923076924175"
"185.03613326770352","180.6903846154505"
"185.3882153003361","197.52756410252752"
"187.86745950976925","198.2596153845495"
"187.61307982207978","193.5012820514065"
"191.14168026852028","201.553846153934"
"207.68865898109286","221.31923076909902"
"220.8169854740035","230.83589743595599"
"194.23283583217867","199.35769230758248"
"183.58398781300411","186.912820512923"
"180.06895677960597","182.8865384615165"
"178.3299468811206","184.3506410255605"
"174.96853193015906","180.6903846154505"
"172.23398761057578","176.664102564044"
"174.2675970875347","176.664102564044"
"171.5129955222088","174.83397435898902"
"173.522663530617","174.467948717978"
"174.5776139238226","171.905769230901"
"175.37076803896494","173.735897435956"
"179.352083136305","181.4224358974725"
"186.21906929462128","192.403205128088"
"197.7379706479506","199.35769230758248"
"190.14305747948387","193.86730769241748"
"185.22683092389147","186.912820512923"
"183.89815453957692","186.546794871912"
"184.65062483178716","185.4487179485935"
"184.1702790377011","186.180769230901"
"184.1146875485865","185.0826923075825"
"182.97438674945823","184.71666666657148"
"186.00797331525794","189.108974358989"
"199.61298927132734","198.6256410255605"
"218.73334435938511","210.3384615384835"
"187.74483802016113","186.546794871912"
"182.13037374127663","184.71666666657148"
"179.98233436983736","179.22628205140649"
"178.56167667133258","181.4224358974725"
"177.3467751222244","180.3243589744395"
"176.6982396510129","177.03012820505498"
"176.16815818914282","177.03012820505498"
"172.34920680160195","176.298076923033"
"175.69865612869586","176.298076923033"
"177.3313540585849","175.932051282022"
"180.30711375359934","177.76217948707702"
"187.2551877105325","180.3243589744395"
"192.7026412545641","194.23333333342848"
"211.1076917870928","189.475"
"197.54281159237888","189.475"
"192.16501372023296","186.546794871912"
"190.24930388414117","186.180769230901"
"192.85573426543152","186.546794871912"
"192.2138136213019","188.010897435956"
"192.34794774068885","187.644871794945"
"190.08629369998374","189.84102564101102"
"196.734740866789","209.9724358974725"
"219.24141010990246","220.953205128088"
"235.70291851767635","250.96730769241748"
"205.97447681383477","227.5416666665715"
"193.92613393042888","210.3384615384835"
"186.71209698440705","185.4487179485935"
"181.92425803033237","185.0826923075825"
"176.83539508599972","182.1544871794945"
"176.96758681346043","179.9583333334285"
"175.0863581704033","177.76217948707702"
"170.22988926247584","176.298076923033"
"172.9453740096148","174.83397435898902"
"171.70775464728868","173.369871794945"
"173.13377598591015","172.637820512923"
"177.43155017678393","179.22628205140649"
"196.2458247526559","197.1615384615165"
"203.44134374087398","219.123076923033"
"196.67431590953177","210.3384615384835"
"191.1303274547049","190.573076923033"
"186.82244258343263","190.207051282022"
"188.6419702082578","190.573076923033"
"186.66219538572025","187.278846153934"
"183.03152492022474","183.9846153845495"
"181.2355394271186","182.5205128205055"
"186.11385006089958","185.0826923075825"
"192.27129291926724","189.84102564101102"
"207.20017796884875","202.28589743595597"
"189.87175658871553","182.5205128205055"
"178.70749739767385","179.22628205140649"
"172.65631368157472","176.664102564044"
"174.22106265254197","176.298076923033"
"172.4141002726862","175.20000000000002"
"168.95661231364673","173.735897435956"
"168.77027956521988","172.27179487191202"
"162.45877539958306","171.1737179485935"
"164.0532055633334","170.4416666665715"
"165.6957044277469","170.07564102556051"
"165.35220471977803","170.8076923075825"
"168.66727525357996","172.27179487191202"
"179.12308348295883","174.467948717978"
"183.61373870911336","174.467948717978"
"179.39130798497396","175.20000000000002"
"177.24938625774567","175.20000000000002"
"178.69112882218215","176.298076923033"
"179.06953932762124","176.298076923033"
"178.84907752443218","175.932051282022"
"176.42274358912488","175.566025641011"
"176.68974271738472","175.566025641011"
"178.62857645884904","176.664102564044"
"183.94665057696437","182.1544871794945"
"194.183112415209","183.9846153845495"
"181.19563687755908","180.3243589744395"
"176.8943818020794","177.03012820505498"
"175.00582554670464","176.298076923033"
"175.54339229726003","175.932051282022"
"173.26129350531508","175.932051282022"
"171.85940794862194","175.20000000000002"
"172.92557680646402","174.83397435898902"
"174.58465291781874","173.003846153934"
"172.16232714338315","172.27179487191202"
"174.81131677911506","172.27179487191202"
"173.65613549244722","169.70961538454952"
"172.47071220077223","168.2455128205055"
"171.12210545704554","171.905769230901"
"174.24082371473406","172.27179487191202"
"174.4078013488968","174.10192307696698"
"175.54302358260207","174.83397435898902"
"175.79049622675066","175.20000000000002"
"177.13075895568969","175.932051282022"
"176.53173482216457","175.932051282022"
"177.48423493827005","175.566025641011"
"177.44303094598507","175.932051282022"
"179.96479624336467","176.664102564044"
"187.00448963196735","177.03012820505498"
"193.61810758482065","177.03012820505498"
"181.14670880523815","177.03012820505498"
"178.16947902143804","176.664102564044"
"178.07885640684202","176.298076923033"
"177.69025390956662","176.298076923033"
"177.05322120963748","175.932051282022"
"175.57990774370916","174.83397435898902"
"177.25366920665525","170.4416666665715"
"176.54385361307303","168.97756410252748"
"177.74447346463202","168.97756410252748"
"183.8270340113394","169.34358974353847"
"173.63095582374623","169.70961538454952"
"175.67304071259093","175.20000000000002"
"182.99888338570233","182.1544871794945"
"190.5543815105657","179.22628205140649"
"185.31669659297816","177.76217948707702"
"184.2136121006251","176.664102564044"
"184.511843103512","177.76217948707702"
"186.50329223101525","179.22628205140649"
"185.84903032216363","182.1544871794945"
"185.53817560507224","179.5923076924175"
"184.68256887827823","178.8602564103955"
"186.73188294427126","192.769230769099"
"199.43005114850652","237.7903846154505"
"220.9712786948682","250.2352564103955"
"201.5104419536038","194.5993589744395"
"184.21787696018555","176.664102564044"
"178.89923018258824","175.20000000000002"
"178.28885896453878","175.20000000000002"
"176.09796630184076","174.10192307696698"
"172.44004012785948","172.637820512923"
"171.30173946921798","170.8076923075825"
"165.40541594490662","169.70961538454952"
"168.09216433552294","169.34358974353847"
"170.5508106891715","170.07564102556051"
"170.12663520611972","170.8076923075825"
"173.987415603471","176.298076923033"
"185.81241960633923","181.4224358974725"
"193.2409598378215","178.128205128088"
"183.93352364925255","178.128205128088"
"182.7647110091944","175.932051282022"
"182.8871347640864","175.566025641011"
"182.30739741838337","176.664102564044"
"184.89178732587732","176.664102564044"
"183.47920203704973","175.566025641011"
"182.7634422338459","174.83397435898902"
"190.3605302475679","180.6903846154505"
"218.98400523979794","207.7762820514065"
"237.91029522001747","207.7762820514065"
"191.6583021453778","179.22628205140649"
"180.15208365754643","174.467948717978"
"177.5172080915108","173.003846153934"
"177.19044883744886","172.637820512923"
"170.88214522748876","171.53974358960448"
"170.24510485044334","170.07564102556051"
"172.83890784704766","169.70961538454952"
"168.96915055556434","167.14743589747252"
"170.43947046738893","167.14743589747252"
"170.42897107067068","168.2455128205055"
"172.83990611845107","169.70961538454952"
"176.5561713950752","173.735897435956"
"182.22900567704744","175.566025641011"
"185.99742409461055","175.566025641011"
"183.34704928381757","175.20000000000002"
"180.952332934108","172.637820512923"
"180.70895052848456","172.27179487191202"
"182.11070968103402","172.637820512923"
"181.53934196450015","172.27179487191202"
"181.2339050931224","172.27179487191202"
"180.09737282053806","172.27179487191202"
"182.43406607770058","176.298076923033"
"191.95718350821642","177.76217948707702"
"198.67046728873893","176.298076923033"
"179.67137132295292","173.369871794945"
"176.8238131653523","171.905769230901"
"173.4806415997604","170.07564102556051"
"172.50532852722347","167.8794871794945"
"168.2494547014948","166.78141025646153"
"164.78111066547928","163.85320512808798"
"167.45314509869013","161.29102564101098"
"160.39234127628234","159.460897435956"
"163.53615107044064","159.09487179494502"
"165.7440109005134","159.826923076967"
"166.76220227192576","161.29102564101098"
"170.17584618581645","164.219230769099"
"176.70097317286456","168.97756410252748"
"179.36167156206463","172.27179487191202"
"181.8714688076003","172.27179487191202"
"180.04081768076608","170.4416666665715"
"180.652743480924","170.07564102556051"
"179.67340956512248","170.8076923075825"
"179.44811241358295","170.8076923075825"
"178.8874714184992","170.4416666665715"
"178.0253750682556","171.905769230901"
"182.25037272684355","178.128205128088"
"189.80167794868265","174.10192307696698"
"197.9356896199986","175.932051282022"
"181.68430975795903","172.27179487191202"
"177.3968707716193","170.8076923075825"
"173.78027580203914","168.97756410252748"
"169.49377907736297","167.5134615384835"
"164.44255510094473","166.04935897443949"
"163.87159132905254","162.389102564044"
"160.66602703539132","156.89871794859351"
"153.5014219731469","153.6044871794945"
"154.133710876197","152.1403846154505"
"154.1919929575619","153.2384615384835"
"156.1734431405641","156.1666666665715"
"160.28595691496375","158.36282051292298"
"173.1769951873655","164.58525641039552"
"179.91351747346908","167.14743589747252"
"175.41974825081908","166.78141025646153"
"171.79254327700465","166.04935897443949"
"173.69574609792508","166.04935897443949"
"174.70836150050675","166.41538461545048"
"175.10826934390158","166.41538461545048"
"172.68301542851614","166.78141025646153"
"171.6037036189463","166.78141025646153"
"174.15253971260046","167.5134615384835"
"178.74829911346234","169.70961538454952"
"178.6352013480856","170.4416666665715"
"172.3305252968236","167.8794871794945"
"169.037560963195","165.3173076924175"
"163.69583530502396","162.389102564044"
"163.05963661204632","160.558974358989"
"161.18147700972173","159.826923076967"
"158.55622829618508","156.5326923075825"
"157.25096292341158","152.87243589747249"
"142.04797929230784","147.748076923033"
"139.37553779049253","145.185897435956"
"143.5463660510608","144.453846153934"
"143.6182304731706","146.28397435898898"
"150.55038640333572","149.578205128088"
"160.38988156152763","153.9705128205055"
"162.2850511006371","154.3365384615165"
"162.19131732742977","155.8006410255605"
"164.3905707832654","157.630769230901"
"166.17915764605718","158.728846153934"
"166.22926019150924","159.09487179494502"
"165.98134435256583","157.630769230901"
"164.11525410780482","156.89871794859351"
"162.5613034045524","157.630769230901"
"163.2845344769934","161.29102564101098"
"167.06303275960576","163.487179487077"
"167.58449329495477","164.58525641039552"
"165.63308538236709","163.121153846066"
"160.94001018263438","160.192948717978"
"158.8237805326242","157.630769230901"
"156.11523151317647","156.5326923075825"
"152.59440053365364","154.7025641025275"
"152.35648144137969","148.480128205055"
"152.19005620539207","142.6237179485935"
"133.783618972622","132.008974358989"
"122.17621462641569","119.93012820505498"
"115.09432519421063","115.90384615393401"
"118.98554018709422","128.7147435896045"
"121.83728389118781","123.59038461545052"
"145.27973255379464","126.8846153845495"
"146.2007953310668","130.178846153934"
"148.86037690283825","142.9897435896045"
"152.65736464365787","154.3365384615165"
"156.9766249054217","155.8006410255605"
"155.9892194313296","156.89871794859351"
"155.81306349094072","157.630769230901"
"154.4620509517335","155.4346153845495"
"153.06977700085275","154.3365384615165"
"152.83895127854612","156.89871794859351"
"154.76784623034752","163.85320512808798"
"158.77882297620334","165.6833333334285"
"159.37457341929596","164.219230769099"
"157.1197089975784","162.755128205055"
"156.66403022650408","161.29102564101098"
"156.41908702398243","158.728846153934"
"154.67527863399047","155.4346153845495"
"155.55091594599216","153.2384615384835"
"134.3726999246992","132.375"
"135.6797079704578","133.10705128202198"
"142.8239885747987","149.212179487077"
"146.0518892844718","151.40833333342852"
"156.37319390134144","153.2384615384835"
"157.84942877894292","156.89871794859351"
"164.743486538956","162.755128205055"
"168.67250952824105","171.905769230901"
"173.04555310716933","171.905769230901"
"173.53905546424875","172.27179487191202"
"175.06498155852276","171.53974358960448"
"173.81976889233496","174.467948717978"
"175.28486443225825","176.664102564044"
"174.13618588562667","171.53974358960448"
"172.58306637131776","177.03012820505498"
"176.2707560304713","182.8865384615165"
"205.60977167976534","196.79551282050548"
"224.05130055705925","213.9987179485935"
"184.71781462692823","175.20000000000002"
"172.97010560498492","168.6115384615165"
"166.1103788143094","164.219230769099"
"162.0207924660834","162.389102564044"
"158.1930300338215","159.09487179494502"
"149.14892941652653","154.7025641025275"
"155.324783337268","154.7025641025275"
"151.27392951908334","151.7743589744395"
"153.2709063006176","151.40833333342852"
"154.32482093869845","152.1403846154505"
"156.37958645397666","153.6044871794945"
"159.87814838941472","156.5326923075825"
"166.90853544434663","164.219230769099"
"172.140395481661","170.8076923075825"
"172.80752296905283","168.2455128205055"
"172.52102880463366","164.9512820514065"
"173.26233981082174","165.6833333334285"
"173.7652301167005","166.04935897443949"
"173.77110563508396","166.04935897443949"
"172.00792076997905","166.04935897443949"
"172.2538096119702","166.78141025646153"
"174.38027868163041","171.53974358960448"
"182.70720608159834","173.003846153934"
"189.65392553695995","172.27179487191202"
"172.88886820796407","166.78141025646153"
"168.41093594404973","163.85320512808798"
"164.66064654100626","160.192948717978"
"160.72183617927303","158.36282051292298"
"155.3475437866689","155.0685897435385"
"154.23091428568387","150.31025641039548"
"141.40261934144715","147.016025641011"
"135.60739984256134","136.76730769241752"
"147.92471121850048","133.83910256404403"
"143.72045732779122","138.59743589747248"
"151.32076157251203","146.65"
"155.7602443761317","153.2384615384835"
"166.28236058473118","157.2647435896045"
"172.71246401408783","162.389102564044"
"171.88068106446048","162.755128205055"
"168.52862563430057","162.389102564044"
"170.4211203250028","162.02307692303302"
"172.00586647615853","161.657051282022"
"171.89491488466814","162.389102564044"
"173.15965327573753","162.389102564044"
"174.30232734539203","163.121153846066"
"176.96362267095935","164.9512820514065"
"181.0212564682083","166.41538461545048"
"186.20712024752638","168.2455128205055"
"177.28264529243796","164.58525641039552"
"173.96856057590898","162.389102564044"
"171.43889391088715","160.192948717978"
"168.38797102811168","158.728846153934"
"163.2106600337045","156.5326923075825"
"158.73335635432045","152.87243589747249"
"149.66633499293812","149.212179487077"
"142.23511146710348","140.7935897435385"
"134.48502068901078","139.6955128205055"
"136.05386114285255","141.5256410255605"
"139.6090216294701","146.28397435898898"
"144.6422155483975","153.6044871794945"
"153.2653875862173","157.630769230901"
"156.44467666975518","162.389102564044"
"156.17086717350838","162.389102564044"
"155.39751108775914","161.29102564101098"
"158.28618184975568","160.92499999999998"
"156.82629312809465","161.29102564101098"
"159.5892912667073","160.92499999999998"
"159.48431929342038","160.92499999999998"
"159.62242165352728","161.657051282022"
"159.13616349374294","164.58525641039552"
"161.110956610101","166.41538461545048"
"166.27955215758135","166.78141025646153"
"163.60086477588152","163.85320512808798"
"160.26703637406393","162.389102564044"
"159.36237164756287","160.92499999999998"
"156.53434755237842","160.192948717978"
"150.4319078620664","159.09487179494502"
"151.48044301667497","155.8006410255605"
"156.01079748182954","154.3365384615165"
"152.84092465393366","153.2384615384835"
"149.70061865234325","153.2384615384835"
"153.24437526448372","154.7025641025275"
"158.05106970107965","156.1666666665715"
"162.94000330255625","160.192948717978"
"174.5192701725915","161.657051282022"
"179.21176945992525","166.78141025646153"
"174.05613861286972","167.14743589747252"
"173.5147020650246","166.41538461545048"
"174.84489177567352","166.04935897443949"
"174.63304349809286","166.41538461545048"
"173.5358269304976","166.41538461545048"
"167.13705054897238","166.78141025646153"
"167.66734417949326","167.8794871794945"
"169.28911869039106","169.70961538454952"
"172.4744676982353","169.34358974353847"
"171.83081142582586","168.2455128205055"
"170.54872853076952","167.14743589747252"
"165.3350453272388","166.04935897443949"
"158.83481595988923","164.219230769099"
"160.79133826868065","162.755128205055"
"162.06831520443822","160.558974358989"
"150.7694672478363","157.630769230901"
"144.379486833678","157.2647435896045"
"140.6228795649741","154.7025641025275"
"149.2084159935641","153.6044871794945"
"155.83440572559468","151.7743589744395"
"149.2212105093855","149.578205128088"
"155.02551958226636","151.0423076924175"
"140.15990768792273","152.87243589747249"
"145.88415152820912","154.3365384615165"
"143.1790264485653","154.7025641025275"
"144.0285065786812","156.1666666665715"
"150.48624079855114","157.2647435896045"
"154.72890880053268","157.2647435896045"
"153.69245141733998","156.89871794859351"
"151.62242955152897","156.1666666665715"
"151.73331919091123","156.5326923075825"
"156.5901760184675","158.728846153934"
"157.8179014485325","162.02307692303302"
"156.83538144414953","163.487179487077"
"156.0891873634849","162.02307692303302"
"150.74249953902617","158.728846153934"
"148.32626628988342","155.4346153845495"
"148.92177706263917","154.7025641025275"
"145.43435519321656","152.5064102564615"
"140.62935980993035","150.31025641039548"
"134.1440594916521","147.748076923033"
"121.73771839725038","125.42051282050548"
"111.13606810289056","114.805769230901"
"108.00057943324606","112.24358974353851"
"109.92351278087673","106.021153846066"
"108.35564753527254","99.0666666665715"
"120.17031216191694","113.34166666657148"
"127.5452240479899","133.47307692303298"
"135.25487999369753","144.81987179494502"
"143.96980480554836","153.2384615384835"
"149.9681341584493","155.0685897435385"
"147.3924967682083","156.1666666665715"
"148.19735148771815","156.1666666665715"
"149.5780089172545","156.89871794859351"
"150.3512888349582","157.996794871912"
"158.50769408586046","160.558974358989"
"167.53131055406055","163.121153846066"
"168.76359641674344","164.58525641039552"
"163.12235005988265","164.219230769099"
"159.47202723100125","163.487179487077"
"158.37734064600195","161.657051282022"
"155.85443434628445","160.92499999999998"
"153.17982736352542","158.728846153934"
"147.0189538461279","155.0685897435385"
"144.22460020636498","157.996794871912"
"140.7053397363487","153.6044871794945"
"137.69445606251887","140.4275641025275"
"132.94788110125143","141.89166666657152"
"140.26388123746185","146.28397435898898"
"142.03034881242945","157.996794871912"
"151.8281242284664","164.219230769099"
"173.90745258443198","168.97756410252748"
"171.83776554769182","168.2455128205055"
"165.9388651929602","167.5134615384835"
"171.94094849250453","168.2455128205055"
"175.2003961840921","168.2455128205055"
"175.37593322059428","167.5134615384835"
"172.91311198810064","167.5134615384835"
"171.88521278729874","168.97756410252748"
"175.12804478591121","179.5923076924175"
"177.34860742647706","171.905769230901"
"177.40658339324284","173.003846153934"
"170.90966469765138","168.6115384615165"
"166.33178849444087","166.78141025646153"
"163.52628013297624","164.58525641039552"
"163.4151480439959","163.85320512808798"
"162.3541461491271","160.92499999999998"
"157.15368426266565","159.09487179494502"
"155.91351979504324","158.36282051292298"
"155.77872161590173","156.89871794859351"
"147.39799151077779","157.2647435896045"
"145.0326193182711","155.4346153845495"
"154.97592877326264","155.8006410255605"
"154.2813973978364","159.826923076967"
"169.0186750239675","163.487179487077"
"174.11682423431927","168.2455128205055"
"168.9853159241","168.2455128205055"
"165.7214230601456","166.41538461545048"
"171.98436466677907","166.41538461545048"
"167.81976683221689","168.6115384615165"
"170.41562965250222","168.2455128205055"
"168.3999272919067","168.6115384615165"
"167.82028934919492","168.6115384615165"
"170.53763852204065","169.70961538454952"
"168.07191980281914","170.8076923075825"
"167.36692637208913","170.8076923075825"
"165.70852989359815","168.6115384615165"
"158.87995485138507","166.04935897443949"
"154.0408088725601","163.85320512808798"
"154.36553971516147","163.487179487077"
"150.36858164656874","162.02307692303302"
"146.45103241651228","159.09487179494502"
"143.89055284182498","156.89871794859351"
"142.25957817816806","155.8006410255605"
"143.45306964657553","155.8006410255605"
"143.90280713893327","155.0685897435385"
"152.42438506278984","155.8006410255605"
"158.4569119168747","160.92499999999998"
"164.41762238023705","165.6833333334285"
"171.0754528832241","178.8602564103955"
"173.1861636058013","179.22628205140649"
"171.42141116731995","171.1737179485935"
"173.1758987521867","169.34358974353847"
"174.26943023616613","175.20000000000002"
"175.87126352230163","173.735897435956"
"175.39123813544805","173.735897435956"
"175.50366577726652","176.664102564044"
"176.35432693904085","183.6185897435385"
"184.46652374497256","194.23333333342848"
"195.36676356857987","199.35769230758248"
"179.6447178020448","177.76217948707702"
"173.43555685099042","168.97756410252748"
"167.18799561647333","167.14743589747252"
"164.63342628434967","166.41538461545048"
"160.0703186891535","164.219230769099"
"159.29690180655115","160.92499999999998"
"160.36210432994295","155.8006410255605"
"157.40269688277232","155.8006410255605"
"159.16251296877144","152.1403846154505"
"162.71148931852093","150.6762820514065"
"157.94839231496266","154.3365384615165"
"156.80119333203785","160.558974358989"
"166.37714053702655","167.5134615384835"
"175.78507016691896","186.180769230901"
"176.64123375992008","187.278846153934"
"173.40956911742535","177.76217948707702"
"172.95341315546156","175.932051282022"
"171.3191422300274","179.9583333334285"
"172.64550562362723","182.8865384615165"
"168.0548891611928","183.25256410252751"
"166.83669213301582","180.6903846154505"
"166.17074779161683","178.8602564103955"
"168.80480866835958","181.4224358974725"
"171.8216520134926","177.03012820505498"
"161.0942610507115","168.2455128205055"
"153.6158695172601","164.9512820514065"
"151.6189620873149","162.389102564044"
"152.2028884254437","161.29102564101098"
"149.8879561991454","158.728846153934"
"147.8846958451178","155.4346153845495"
"138.7817313529536","143.721794871912"
"129.19963186697498","134.20512820505502"
"138.8180085832383","133.10705128202198"
"146.5239869684753","138.59743589747248"
"149.2341313361545","142.25769230758252"
"154.3510144664574","154.3365384615165"
"156.71825567767544","159.826923076967"
"176.38926393403847","164.9512820514065"
"168.51378440735377","166.04935897443949"
"164.07772823037791","165.6833333334285"
"166.5796230057263","165.3173076924175"
"166.53235865785217","164.9512820514065"
"168.6277465270648","164.219230769099"
"160.91076449678846","162.755128205055"
"160.04683288059212","163.487179487077"
"161.1907440468989","164.9512820514065"
"168.45044883000332","165.6833333334285"
"165.86865386322123","165.3173076924175"
"157.1201108962652","163.121153846066"
"148.0389169504083","160.192948717978"
"145.16034102681394","158.36282051292298"
"148.97415446519946","157.2647435896045"
"147.0746121819922","156.1666666665715"
"137.12822183293432","154.3365384615165"
"132.87425795041858","152.1403846154505"
"150.8592289090279","145.917948717978"
"151.36615683518636","143.355769230901"
"151.12836703555988","142.9897435896045"
"145.6556614288877","146.28397435898898"
"155.13639825426517","148.846153846066"
"142.62016137302243","150.31025641039548"
"148.90583029368278","152.1403846154505"
"148.50705589490212","152.87243589747249"
"149.3344499904118","154.3365384615165"
"151.50312437378062","155.4346153845495"
"149.5027140637999","155.8006410255605"
"148.74618980746988","155.4346153845495"
"146.31285108345043","155.0685897435385"
"146.11188276234927","155.8006410255605"
"150.15632146937932","158.36282051292298"
"156.50583324885096","160.192948717978"
"156.54700616051858","161.657051282022"
"153.5172433272229","159.826923076967"
"148.30728079462466","158.36282051292298"
"146.77103970824473","156.5326923075825"
"148.07469350762048","155.8006410255605"
"147.65645524286145","154.3365384615165"
"144.3219714635943","153.6044871794945"
"140.8765555639797","153.9705128205055"
"126.87009901496933","152.87243589747249"
"122.69909478001779","149.578205128088"
"126.09024333543849","148.114102564044"
"126.35737124969799","153.2384615384835"
"135.09585337021085","152.5064102564615"
"140.91769668631198","155.4346153845495"
"153.91071094103825","156.1666666665715"
"156.76800025166887","156.5326923075825"
"157.89386028579094","157.2647435896045"
"159.64030257516592","158.728846153934"
"158.91503733079392","159.826923076967"
"156.04036978077897","159.826923076967"
"154.4288635238861","160.192948717978"
"155.1522147356974","160.92499999999998"
"159.92687492205226","164.219230769099"
"166.28656323087006","165.6833333334285"
"167.68533107208904","165.6833333334285"
"159.8663710511916","164.58525641039552"
"155.02322411619414","162.389102564044"
"151.65068773687426","160.558974358989"
"150.57537736013654","159.460897435956"
"150.5458928706594","156.89871794859351"
"147.1309438097343","155.0685897435385"
"148.20666597204337","154.3365384615165"
"153.118694970484","153.2384615384835"
"143.2970204828619","152.87243589747249"
"150.74093051644024","145.185897435956"
"152.0478993870897","148.480128205055"
"161.43966147038722","157.2647435896045"
"171.7679321559651","173.735897435956"
"184.1853173233783","198.2596153845495"
"189.24134727573718","167.5134615384835"
"172.61969706812727","166.78141025646153"
"176.20018706925666","166.41538461545048"
"178.67383367365588","166.78141025646153"
"182.41617085835284","166.41538461545048"
"180.8458751663784","166.41538461545048"
"174.83645805288208","170.4416666665715"
"182.54226384239254","209.9724358974725"
"192.7070909336879","198.2596153845495"
"185.64860052729898","183.25256410252751"
"175.147945819552","166.78141025646153"
"166.74380619984595","164.58525641039552"
"164.61595419449125","161.657051282022"
"163.4797199124331","159.826923076967"
"163.52289404762467","157.2647435896045"
"155.9338309558742","154.3365384615165"
"149.5472420675771","153.9705128205055"
"140.26153580929576","152.1403846154505"
"136.8631787696899","148.846153846066"
"134.6237966593223","138.9634615384835"
"132.08891253303136","139.6955128205055"
"141.6386580803591","162.389102564044"
"158.3724334072064","170.4416666665715"
"175.94770802283543","186.180769230901"
"162.29648052427376","164.58525641039552"
"154.56427801001618","162.02307692303302"
"155.8525096897378","162.389102564044"
"157.05704961939793","161.29102564101098"
"159.31262975603806","170.4416666665715"
"162.54075051630755","166.78141025646153"
"163.24618808732205","172.27179487191202"
"177.81984898747828","188.010897435956"
"183.74304249784254","188.376923076967"
"176.75044058448108","164.9512820514065"
"160.78388413984922","162.755128205055"
"154.33271003893347","160.92499999999998"
"150.88847483565107","158.728846153934"
"151.19492356464826","157.996794871912"
"148.07945082991085","155.0685897435385"
"140.07049199259674","150.6762820514065"
"128.96882118681177","146.28397435898898"
"127.41535626687187","132.741025641011"
"121.61656842605836","134.571153846066"
"117.92056515160144","125.05448717949449"
"127.00292560961736","137.1333333334285"
"144.72418047913268","152.5064102564615"
"156.55773541450375","156.89871794859351"
"167.6508609426802","161.29102564101098"
"160.31064920407513","162.02307692303302"
"159.08624641010687","160.558974358989"
"160.30806133229626","160.92499999999998"
"159.9595594111156","160.92499999999998"
"163.62962578185176","160.558974358989"
"163.42384644819055","162.389102564044"
"165.597092022863","164.9512820514065"
"170.92860591246395","166.04935897443949"
"174.1979530232176","166.41538461545048"
"170.22301122299027","166.41538461545048"
"164.87356331848883","164.219230769099"
"159.28622270856735","160.558974358989"
"156.57448328359692","157.630769230901"
"154.87162157297888","156.5326923075825"
"151.47699604756207","154.3365384615165"
"145.94417680626037","150.6762820514065"
"147.49887026926118","149.578205128088"
"144.43418428952305","136.4012820514065"
"139.51930741749095","134.937179487077"
"134.60112814345513","126.8846153845495"
"144.48367806008233","133.47307692303298"
"150.80782077694417","153.2384615384835"
"157.3693214528743","157.996794871912"
"161.25555520823383","162.02307692303302"
"163.02237783015693","164.58525641039552"
"162.86097349855697","162.755128205055"
"165.50337122276707","162.755128205055"
"163.55910424712627","163.121153846066"
"166.28319054115016","163.487179487077"
"165.37097821709966","163.85320512808798"
"165.17358063701414","164.58525641039552"
"165.6119816836243","167.5134615384835"
"170.80809858082026","173.735897435956"
"179.47845769330013","168.97756410252748"
"167.9872481890028","167.14743589747252"
"163.84907498749524","163.121153846066"
"160.1626315565038","160.192948717978"
"157.27858138086458","160.558974358989"
"150.92917076639137","157.630769230901"
"152.24997152346378","155.4346153845495"
"153.7404603577942","152.5064102564615"
"147.1154169283791","151.7743589744395"
"145.19565269522417","151.7743589744395"
"144.34733826578886","153.6044871794945"
"153.28431012399193","154.7025641025275"
"163.3822764858057","156.89871794859351"
"176.24354905312703","162.755128205055"
"184.24705499577956","168.6115384615165"
"179.96032666539327","170.4416666665715"
"178.31369128411785","167.14743589747252"
"178.98231362152072","166.41538461545048"
"178.0321713546119","166.04935897443949"
"175.3053302668239","168.2455128205055"
"170.7026628002415","167.14743589747252"
"169.96886370672223","167.5134615384835"
"170.93953924828162","167.8794871794945"
"174.61287936903224","168.6115384615165"
"170.50298635795224","167.8794871794945"
"169.08361565689162","165.6833333334285"
"160.91106205173048","163.487179487077"
"156.41970853449183","159.826923076967"
"158.7067176553278","158.728846153934"
"158.53420823284873","156.89871794859351"
"151.81924019205124","154.7025641025275"
"146.61374826061834","144.087820512923"
"130.48942396490105","131.27692307696702"
"125.30561034829171","123.59038461545052"
"125.49154090331152","122.12628205140649"
"125.33595719413245","123.2243589744395"
"128.85471252261613","128.7147435896045"
"149.27262600497605","144.453846153934"
"159.3766361070964","147.748076923033"
"159.02332121968996","152.87243589747249"
"159.09285236893385","156.5326923075825"
"160.7973733260437","157.2647435896045"
"159.74390836650144","157.2647435896045"
"160.86145893702732","156.1666666665715"
"158.33790851060738","155.8006410255605"
"158.947043535145","156.89871794859351"
"161.1801573394593","158.36282051292298"
"160.89999206122758","160.192948717978"
"159.26109155899437","160.92499999999998"
"161.32841111483248","159.460897435956"
"157.4286144863811","156.89871794859351"
"154.00296683358647","155.0685897435385"
"154.69411736311463","152.87243589747249"
"154.98530542085734","151.40833333342852"
"151.89428402567137","146.65"
"143.250849505359","143.721794871912"
"142.86452473253067","127.98269230758248"
"128.88071511669114","118.46602564101102"
"125.83998028692201","110.41346153848349"
"124.70822397395051","110.77948717949451"
"127.81331913893715","115.53782051292299"
"135.95006498584743","119.198076923033"
"143.6290643890112","123.2243589744395"
"144.51908799400752","136.76730769241752"
"150.6747758320498","152.1403846154505"
"156.46079872609468","153.2384615384835"
"156.54394762027556","154.3365384615165"
"153.3409810681101","153.2384615384835"
"155.74426098275762","152.5064102564615"
"155.92944385023225","153.2384615384835"
"162.199505893215","155.8006410255605"
"168.6872214182686","158.728846153934"
"170.03057902125707","160.192948717978"
"162.86512859788766","158.728846153934"
"158.02300709649168","156.89871794859351"
"154.90599072415472","154.7025641025275"
"152.8859313069787","152.87243589747249"
"151.74445943103092","151.40833333342852"
"145.8330641163249","147.016025641011"
"140.83407244290834","150.6762820514065"
"137.9053317366924","150.31025641039548"
"128.19382329517103","150.6762820514065"
"132.79005947547617","151.0423076924175"
"129.71271333292393","152.1403846154505"
"138.17333296349221","155.0685897435385"
"150.94187360326393","159.460897435956"
"169.7857860777105","163.85320512808798"
"163.26565483165913","165.3173076924175"
"165.59145176035608","164.219230769099"
"166.1165340745382","164.58525641039552"
"166.28707937846593","164.58525641039552"
"164.79016441246102","164.219230769099"
"164.5842803280575","164.219230769099"
"168.04826711732352","164.58525641039552"
"179.48082320206143","166.41538461545048"
"177.23689507164542","167.8794871794945"
"175.13504832626774","167.8794871794945"
"171.2917291193807","165.3173076924175"
"165.6102084243146","162.02307692303302"
"161.66804379702702","159.09487179494502"
"159.98910629125652","156.5326923075825"
"160.7890322790317","155.4346153845495"
"153.2683856304636","151.7743589744395"
"149.48784827765422","150.6762820514065"
"143.68835590846749","149.578205128088"
"138.5336450707332","149.578205128088"
"141.73741210875198","150.31025641039548"
"142.267154331199","151.40833333342852"
"153.32547464190986","154.3365384615165"
"166.14139653160493","160.558974358989"
"171.78153680137532","166.41538461545048"
"168.20997304783847","168.6115384615165"
"166.87596407097135","166.04935897443949"
"169.99120837224797","165.3173076924175"
"169.29197242483698","165.3173076924175"
"171.79282267512423","165.3173076924175"
"169.88783912707197","165.3173076924175"
"169.44052555520204","166.78141025646153"
"174.68190527561555","172.637820512923"
"181.60949939535618","172.27179487191202"
"174.87592369399553","170.4416666665715"
"169.35923940814286","166.78141025646153"
"164.83746551620342","164.219230769099"
"161.7434044318761","160.558974358989"
"160.42458936909816","158.728846153934"
"155.03147739650552","156.5326923075825"
"154.846990269749","152.1403846154505"
"156.12000665589716","151.7743589744395"
"148.02974500289096","150.6762820514065"
"149.07269511469076","150.6762820514065"
"149.4103906806435","151.0423076924175"
"153.904201736216","151.7743589744395"
"159.22061050612197","154.7025641025275"
"163.91339753009242","159.826923076967"
"167.0382173740129","166.78141025646153"
"169.99858608051906","169.70961538454952"
"169.49527389459826","166.41538461545048"
"170.31470480445768","165.6833333334285"
"169.56299335213396","166.41538461545048"
"169.24736760945228","166.41538461545048"
"168.92968793330485","165.6833333334285"
"169.2997042643427","166.78141025646153"
"171.18748581291123","170.4416666665715"
"174.85353142589534","172.27179487191202"
"178.79720019437212","170.4416666665715"
"173.90675842716078","166.41538461545048"
"170.38661846373358","164.219230769099"
"167.78068071482838","160.92499999999998"
"164.57884790278717","158.36282051292298"
"158.42517147461575","155.4346153845495"
"159.13395391618823","152.87243589747249"
"160.9977927692894","152.5064102564615"
"157.53266210950247","151.0423076924175"
"157.59543685325917","151.0423076924175"
"157.66072148545396","151.0423076924175"
"156.57375675334683","151.7743589744395"
"155.22696160311455","155.0685897435385"
"159.4274896430532","161.29102564101098"
"158.2857007629867","165.3173076924175"
"162.408133045105","166.41538461545048"
"163.01685216953524","164.219230769099"
"166.91426380252523","163.487179487077"
"164.29522942942756","163.121153846066"
"166.4006627912458","163.487179487077"
"163.10414542165304","163.85320512808798"
"162.5280588793596","163.487179487077"
"164.78616092486834","163.85320512808798"
"167.9856801823287","164.58525641039552"
"168.57254688688377","163.85320512808798"
"166.08338414679957","162.02307692303302"
"162.63825192532852","159.826923076967"
"159.44143423986702","156.1666666665715"
"155.64451438535","153.6044871794945"
"149.074395541248","151.40833333342852"
"150.81490365430707","148.114102564044"
"149.6664833964007","148.114102564044"
"144.31245787163826","146.65"
"141.79820549105534","145.185897435956"
"139.22767870137992","145.917948717978"
"144.4741999620405","146.28397435898898"
"147.40577706445708","147.748076923033"
"157.3107982918793","149.944230769099"
"163.8128584679136","152.5064102564615"
"161.03403167764165","153.6044871794945"
"160.72041146254253","152.5064102564615"
"161.4291637667936","151.7743589744395"
"160.69138119973402","151.40833333342852"
"160.0536657048044","151.0423076924175"
"157.4176674772338","150.31025641039548"
"157.71333120397742","150.31025641039548"
"159.67558753439488","150.6762820514065"
"161.74947658375223","151.7743589744395"
"160.23406605764913","152.1403846154505"
"159.64828167866673","151.0423076924175"
"154.51714344763124","148.480128205055"
"152.0608978394279","146.65"
"152.47306887229328","146.65"
"152.37237043463756","144.81987179494502"
"147.45955260615372","140.7935897435385"
"142.3024186365467","126.8846153845495"
"122.32227297581878","112.6096153845495"
"111.15780095067163","107.119230769099"
"110.38993178830617","95.77243589747252"
"109.11859513464725","95.77243589747252"
"112.66958513478286","93.9423076924175"
"128.6794095491492","99.0666666665715"
"135.95608182896612","121.7602564103955"
"141.30553235926766","136.0352564103955"
"145.06651611155422","145.185897435956"
"148.5108118862961","147.382051282022"
"149.09899630378553","147.748076923033"
"147.6240273482668","147.382051282022"
"146.48228206444267","146.65"
"150.3189239916593","146.65"
"155.70209155658858","146.65"
"156.58743693835842","150.31025641039548"
"155.5270574799982","150.31025641039548"
"154.56106069241264","147.748076923033"
"150.16284117276305","145.185897435956"
"145.6429488944082","144.087820512923"
"142.65388684238712","142.6237179485935"
"140.07115351670632","141.89166666657152"
"132.75330580741112","136.0352564103955"
"120.78522809821666","114.0737179485935"
"96.89225679375477","96.5044871794945"
"95.23011457540696","81.86346153848348"
"92.22324149295875","73.44487179494502"
"92.03108367286052","72.71282051292303"
"92.38993346716347","75.64102564101103"
"104.73607271460895","76.00705128202202"
"111.61839018277956","95.04038461545048"
"121.5887095947005","97.96858974353847"
"127.62805290725655","106.75320512808801"
"132.75820386149232","122.85833333342848"
"136.0872910320352","132.008974358989"
"135.0645829458067","128.3487179485935"
"131.59666830564404","121.39423076909901"
"129.44130482281182","114.0737179485935"
"127.93527874673453","117.36794871797801"
"137.70560499506004","123.95641025646151"
"141.92455604304558","140.0615384615165"
"135.6372254330465","138.59743589747248"
"130.6785137995593","131.27692307696702"
"128.11193980506408","121.7602564103955"
"122.60988186706652","119.198076923033"
"111.53282314892803","106.75320512808801"
"105.07269013427592","77.83717948707704"
"97.49676607016013","69.05256410252747"
"95.20485512675748","62.464102564044026"
"93.03521601669638","61.732051282021985"
"94.76632435468034","63.928205128087995"
"98.71013189726946","70.88269230758249"
"103.73264695253576","79.66730769241747"
"111.63953098692556","71.24871794859348"
"121.72494420404064","93.21025641039552"
"122.72883634626652","94.67435897443949"
"121.55176346021659","113.7076923075825"
"129.1392798136429","120.296153846066"
"135.0386395964915","124.3224358974725"
"132.89096002354364","122.49230769241748"
"129.97014524207623","123.2243589744395"
"126.45773225568786","126.15256410252752"
"134.68632586502366","135.669230769099"
"148.32443483300008","141.15961538454948"
"152.18585457496994","140.0615384615165"
"141.22481179537073","135.669230769099"
"132.36277008749613","125.7865384615165"
"124.53555905554498","119.198076923033"
"118.19657826153812","116.269871794945"
"115.89172847223023","108.2173076924175"
"102.80129000296321","95.40641025646153"
"104.91307280013783","107.119230769099"
"107.13414819451356","95.40641025646153"
"107.51861570186608","91.01410256404401"
"107.25215109471958","92.47820512808798"
"108.64589232025949","103.092948717978"
"110.27839115861755","116.269871794945"
"114.41569908294858","131.64294871797802"
"133.38126627404486","138.2314102564615"
"134.68345721654558","141.5256410255605"
"141.0953817521469","144.81987179494502"
"147.89434970299493","145.917948717978"
"149.14787336762294","146.28397435898898"
"147.48607408626935","146.65"
"149.85448482862307","147.382051282022"
"150.88102010184087","148.480128205055"
"155.30746503328774","151.7743589744395"
"152.59327149352083","153.6044871794945"
"152.56768093291228","153.2384615384835"
"157.6835462701798","152.1403846154505"
"155.22739465842935","150.31025641039548"
"153.58188385808162","148.114102564044"
"151.3769455728754","147.382051282022"
"148.21734758900914","144.81987179494502"
"144.51498302227654","137.4993589744395"
"140.59435032253458","141.89166666657152"
"134.65109822001526","138.59743589747248"
"128.25029882346792","136.0352564103955"
"129.93200369707657","135.669230769099"
"133.13237167917507","139.32948717949452"
"141.47064673068564","142.25769230758252"
"144.67237749098678","145.551923076967"
"151.628590506826","147.748076923033"
"151.8272192227689","149.944230769099"
"151.70545274324138","150.31025641039548"
"152.8535016533568","150.31025641039548"
"151.43210270668925","149.944230769099"
"150.4183855015116","148.114102564044"
"149.0534048498494","147.016025641011"
"148.63065969860565","147.748076923033"
"150.20667185528825","149.212179487077"
"152.32526601293154","149.944230769099"
"153.0376733667938","149.578205128088"
"150.17993999449692","148.114102564044"
"147.03058421793196","145.551923076967"
"144.39612881068115","141.5256410255605"
"138.54959725525276","137.4993589744395"
"132.89539918912504","128.7147435896045"
"123.199430871494","119.93012820505498"
"123.87811652845511","119.56410256404399"
"104.32003055979604","103.45897435898902"
"102.96855586439611","96.5044871794945"
"100.5304765453298","93.9423076924175"
"105.92583049361099","94.67435897443949"
"108.80470442052143","110.0474358974725"
"131.66532342274292","122.12628205140649"
"139.5652011074255","136.76730769241752"
"142.82034049958293","141.5256410255605"
"142.4882347116423","143.355769230901"
"145.83473769073058","144.087820512923"
"143.80404864895164","144.087820512923"
"143.7622657610023","143.355769230901"
"145.38930300024032","142.6237179485935"
"145.92829592609797","142.9897435896045"
"148.60898172898547","145.551923076967"
"149.24724921030256","147.016025641011"
"148.03185469670007","147.748076923033"
"154.32979379649422","147.016025641011"
"153.43453480463134","145.185897435956"
"152.79717226609682","143.721794871912"
"149.79205462474678","142.25769230758252"
"146.02425745689095","138.2314102564615"
"148.5728638181334","128.3487179485935"
"131.87773697150004","117.36794871797801"
"119.66174049344934","115.171794871912"
"113.8948366245942","114.43974358960452"
"113.62158307649693","114.805769230901"
"116.70088735043902","115.171794871912"
"123.31120337547196","129.812820512923"
"135.34821713980224","144.453846153934"
"147.16142561384467","147.748076923033"
"146.97192874209253","149.578205128088"
"147.38589675171275","150.31025641039548"
"150.8257910255933","151.7743589744395"
"150.57878251009453","151.40833333342852"
"150.8990974212219","151.0423076924175"
"150.66905023274197","150.31025641039548"
"152.0936761963735","150.6762820514065"
"156.5969410077732","153.9705128205055"
"157.6097729263569","156.1666666665715"
"157.10512819694716","157.630769230901"
"159.7535458983648","156.1666666665715"
"156.0449174502315","153.9705128205055"
"153.67728978323893","151.0423076924175"
"153.17069754683143","149.944230769099"
"152.75631402600672","149.212179487077"
"150.4718969323112","146.65"
"139.85870560416205","151.0423076924175"
"137.86542934099037","144.453846153934"
"133.46311104547712","137.4993589744395"
"132.1381076320072","134.571153846066"
"132.05024697053085","135.669230769099"
"138.9092692573043","138.59743589747248"
"141.15852187559358","138.59743589747248"
"152.15518912774948","144.81987179494502"
"154.84064503675253","150.6762820514065"
"156.78486826182814","152.1403846154505"
"159.3360972982298","153.9705128205055"
"158.81260655976715","154.3365384615165"
"158.67171526999385","154.7025641025275"
"156.44647884471152","154.7025641025275"
"154.88601444670343","155.4346153845495"
"157.87715211903762","162.755128205055"
"159.14754236991132","182.5205128205055"
"160.56921984026067","182.8865384615165"
"160.19059293936158","164.58525641039552"
"151.627135128435","154.7025641025275"
"147.76458972448347","151.40833333342852"
"145.66701831969263","150.31025641039548"
"145.7359017765812","148.846153846066"
"136.6416418496707","129.080769230901"
"120.71085454536222","125.05448717949449"
"114.2457009959601","139.6955128205055"
"118.42339129390268","138.2314102564615"
"116.02769778344583","136.0352564103955"
"117.08099022033755","136.0352564103955"
"118.96254444934402","131.27692307696702"
"120.57975520377516","131.27692307696702"
"127.00136514358928","126.8846153845495"
"130.4074423350786","126.8846153845495"
"135.07013886518646","133.47307692303298"
"138.8220475816496","139.6955128205055"
"142.23839097932654","140.4275641025275"
"143.87518365462603","139.6955128205055"
"141.81234278181537","140.0615384615165"
"146.9836476946199","142.25769230758252"
"156.47775826108918","145.185897435956"
"164.40875450675478","150.31025641039548"
"161.56161852541783","152.5064102564615"
"154.32048293398424","150.6762820514065"
"148.12483304679762","144.81987179494502"
"141.83966993193172","140.4275641025275"
"141.03038473169244","137.1333333334285"
"135.47546263517833","127.61666666657149"
"128.33274462631837","140.7935897435385"
"134.2930489331018","138.59743589747248"
"130.70818626608988","136.0352564103955"
"131.8259104127991","136.4012820514065"
"133.18855813345618","139.32948717949452"
"136.7550759880165","138.2314102564615"
"132.51563403404683","136.76730769241752"
"139.63812503481716","164.9512820514065"
"149.25337609845263","165.3173076924175"
"149.26245642347004","163.85320512808798"
"154.44277861072726","166.41538461545048"
"158.8736988773686","170.8076923075825"
"159.013010294231","156.1666666665715"
"153.52820059558803","157.2647435896045"
"156.74634059571378","159.09487179494502"
"163.90252514876116","162.755128205055"
"168.72277090893084","163.121153846066"
"164.39499213195552","163.85320512808798"
"163.95840707035163","157.996794871912"
"156.9892606668563","155.8006410255605"
"150.16183202147982","153.2384615384835"
"145.87696571880286","151.40833333342852"
"148.81834504012488","147.748076923033"
"138.50003114038986","140.7935897435385"
"134.46226387471756","139.6955128205055"
"131.82033574048364","130.178846153934"
"118.65042693146287","119.93012820505498"
"118.62186788613928","114.43974358960452"
"119.46654929119282","112.6096153845495"
"124.52625997838564","126.8846153845495"
"134.2317423448361","151.0423076924175"
"160.4947394620675","161.29102564101098"
"159.79715022139752","152.1403846154505"
"154.59393148086562","151.7743589744395"
"155.15156481198946","151.7743589744395"
"154.80091319710155","151.40833333342852"
"148.82984688144495","151.40833333342852"
"148.0312875990136","151.7743589744395"
"150.91766262294456","151.7743589744395"
"156.81582817253243","152.5064102564615"
"159.0839969719789","152.87243589747249"
"156.68477180472692","152.5064102564615"
"151.17382599317182","152.1403846154505"
"143.9604344596719","150.6762820514065"
"139.48299617627268","152.5064102564615"
"135.82246680814472","139.32948717949452"
"125.61630216378475","139.32948717949452"
"113.52572573066962","104.19102564101101"
"97.7333236804742","74.54294871797799"
"89.29539601836456","61.0"
"88.02772381492986","61.0"
"93.92579073837621","87.71987179494499"
"99.80878893681779","90.64807692303302"
"117.75591504401132","117.00192307696699"
"141.10567047064205","168.6115384615165"
"149.66948048333717","150.31025641039548"
"149.1670307194495","149.944230769099"
"149.4937989368914","151.0423076924175"
"148.17685383453966","151.0423076924175"
"151.3222205071111","150.6762820514065"
"146.5483385775059","150.6762820514065"
"151.2301999681476","151.40833333342852"
"148.0429348484998","151.7743589744395"
"147.93275263662434","152.87243589747249"
"153.48376895804887","152.87243589747249"
"156.3006210990819","152.5064102564615"
"156.1972667951998","151.0423076924175"
"151.3737362436849","149.212179487077"
"147.87134858802003","146.28397435898898"
"144.09780949032412","143.721794871912"
"140.6718115623671","134.571153846066"
"132.0201374331522","79.66730769241747"
"114.98663502417438","106.75320512808801"
"123.31388607723542","157.630769230901"
"135.43734709733977","156.1666666665715"
"141.91343080008306","156.5326923075825"
"144.98651156844628","157.630769230901"
"150.62968385455713","157.630769230901"
"158.3904225532743","156.1666666665715"
"154.7294410355699","155.4346153845495"
"152.5055621378314","156.5326923075825"
"153.99996415230675","159.09487179494502"
"153.85687884450027","162.755128205055"
"153.75983847041726","164.9512820514065"
"159.24587253564982","155.8006410255605"
"155.90889197560773","152.87243589747249"
"154.72108738185008","150.6762820514065"
"152.82224139562527","145.551923076967"
"148.93708768980076","141.15961538454948"
"150.62908815760588","112.24358974353851"
"138.73755188637395","138.9634615384835"
"145.19950454334796","117.733974358989"
"131.17339958996155","104.19102564101101"
"124.3138144632178","105.28910256404399"
"127.75648106907391","117.00192307696699"
"122.40239469646798","119.198076923033"
"128.5807296783877","124.3224358974725"
"146.56649293494814","159.826923076967"
"154.97224516535013","166.78141025646153"
"155.45052279075875","166.04935897443949"
"158.86308866803833","167.14743589747252"
"158.45857565811892","182.1544871794945"
"164.77931482226182","170.8076923075825"
"161.43214346159016","161.29102564101098"
"161.93463981210067","155.8006410255605"
"161.45134295257907","157.2647435896045"
"164.38979491486614","180.6903846154505"
"171.2442038911948","203.383974358989"
"176.6422608815444","193.86730769241748"
"165.5411697261585","182.1544871794945"
"158.31493866392435","153.9705128205055"
"150.90533897497525","151.7743589744395"
"151.91548434652216","148.846153846066"
"142.4366373653384","145.917948717978"
"144.78839810881854","150.31025641039548"
"137.77074665303707","144.087820512923"
"125.6645683586587","137.4993589744395"
"117.26027824580791","115.171794871912"
"114.88572102775836","109.31538461545051"
"118.36861959857845","101.628846153934"
"125.66355573106921","135.669230769099"
"151.9181398201219","133.47307692303298"
"150.26040013110287","155.8006410255605"
"153.71854746603822","151.40833333342852"
"153.10990617647548","152.1403846154505"
"158.6366892937449","151.7743589744395"
"156.93130129082718","151.0423076924175"
"153.0409570354989","149.578205128088"
"152.89676382499675","150.6762820514065"
"158.68766147067961","151.0423076924175"
"166.30129114686872","153.6044871794945"
"170.21867334464204","160.92499999999998"
"170.38118270155138","157.630769230901"
"160.84438901456076","153.9705128205055"
"153.16218798406555","153.2384615384835"
"153.83251698711047","146.65"
"156.08326599778215","146.28397435898898"
"155.10240950444444","140.0615384615165"
"147.7172601672826","134.571153846066"
"134.6415387694175","61.0"
"103.82877793039532","74.176923076967"
"104.66828626439619","87.71987179494499"
"113.87352831805549","131.64294871797802"
"128.63819756794535","137.4993589744395"
"139.9464736539837","138.59743589747248"
"135.59646642605858","141.15961538454948"
"143.4365651392248","133.10705128202198"
"142.2423023993628","152.5064102564615"
"148.97442146399518","164.219230769099"
"151.39396351184664","156.1666666665715"
"149.7242195422156","155.8006410255605"
"147.34001240101597","151.0423076924175"
"152.00553610509706","151.0423076924175"
"161.06908539634247","162.389102564044"
"172.81135578847497","185.81474358960452"
"170.88848040579236","208.5083333334285"
"175.73781670880118","210.3384615384835"
"173.34947101489672","187.278846153934"
"167.2907467968713","169.34358974353847"
"164.02159422100016","163.121153846066"
"162.57769242969673","153.2384615384835"
"164.45480758504615","155.8006410255605"
"165.1987760393294","151.40833333342852"
"142.5697064628382","149.578205128088"
"145.50671424526683","148.846153846066"
"145.76061835308906","149.212179487077"
"162.83147948401833","159.09487179494502"
"166.47822891730513","177.76217948707702"
"192.2171875763875","221.31923076909902"
"212.94142278594904","235.9602564103955"
"200.72360558526077","220.221153846066"
"200.6882037234166","213.9987179485935"
"210.10987601106632","212.9006410255605"
"200.72771091012166","212.16858974353852"
"198.6773094381119","209.60641025646152"
"203.24595290677905","203.01794871797802"
"204.99018448077697","198.6256410255605"
"202.8151630555712","201.553846153934"
"214.2883399077229","215.828846153934"
"226.31274379142545","227.17564102556048"
"211.21115034279944","203.383974358989"
"174.23148309277965","170.4416666665715"
"163.8590752995211","159.09487179494502"
"160.25717102954212","152.1403846154505"
"146.47843600307095","149.212179487077"
"162.7257257158347","147.016025641011"
"160.25130561265834","145.185897435956"
"152.32684427942084","144.087820512923"
"155.57802381898352","137.1333333334285"
"154.9848290223172","143.721794871912"
"164.69268617823275","152.5064102564615"
"176.9440682429792","168.97756410252748"
"200.37430176592838","191.30512820505498"
"202.61379013571712","204.848076923033"
"192.92891343960875","200.0897435896045"
"187.620589915973","199.35769230758248"
"186.5535198475223","204.848076923033"
"193.67247581495326","202.65192307696702"
"197.122929003838","204.848076923033"
"199.05756252603865","202.28589743595597"
"194.88810659455078","201.91987179494498"
"191.5770382343916","210.3384615384835"
"203.17505405799062","227.17564102556048"
"208.35296186287297","226.8096153845495"
"184.5203441931893","171.905769230901"
"160.3967955803164","158.36282051292298"
"157.8109450871594","155.4346153845495"
"157.76347261621203","150.6762820514065"
"153.96097395142002","147.748076923033"
"151.2157080569249","144.453846153934"
"145.81509001393403","144.087820512923"
"145.91017871057872","143.355769230901"
"142.58476838022466","140.7935897435385"
"145.1743350420987","142.6237179485935"
"151.5662219079522","149.578205128088"
"154.75195214094006","153.6044871794945"
"157.6999993702685","162.755128205055"
"158.99887985122203","174.10192307696698"
"160.8528179654614","168.6115384615165"
"161.98074493848824","164.219230769099"
"161.60326435984078","167.5134615384835"
"165.04849303752331","169.34358974353847"
"174.78299501552493","170.4416666665715"
"171.9645338480771","170.4416666665715"
"173.86764752978277","176.298076923033"
"177.8058173333511","185.0826923075825"
"186.65920436365616","189.108974358989"
"181.40764436015527","173.003846153934"
"163.916830502621","163.487179487077"
"159.1283190733454","156.89871794859351"
"157.8799975144206","153.6044871794945"
"153.9616163849246","149.944230769099"
"145.46395427686656","146.28397435898898"
"150.31209149989002","145.917948717978"
"145.03068546685975","144.087820512923"
"144.12856267942541","141.15961538454948"
"135.1552865042853","139.32948717949452"
"136.30146412351107","140.0615384615165"
"141.30265938904085","147.748076923033"
"138.09872867629025","152.1403846154505"
"148.26045957236173","154.7025641025275"
"155.89003327067994","156.89871794859351"
"153.08926529242325","154.7025641025275"
"154.82748901792388","154.7025641025275"
"152.48210318068715","154.3365384615165"
"155.05290467083614","154.3365384615165"
"154.07422617995738","154.7025641025275"
"156.3124387060336","154.7025641025275"
"158.96322068889435","154.3365384615165"
"160.7074289453277","155.0685897435385"
"163.3537718961528","157.996794871912"
"163.47534697936817","156.89871794859351"
"158.22606554802422","154.7025641025275"
"155.5541439857586","153.6044871794945"
"155.10892794245197","152.5064102564615"
"150.73337598971034","150.6762820514065"
"148.8361958702804","145.917948717978"
"135.99510903087162","127.2506410255605"
"124.11640875844657","111.1455128205055"
"118.64379296458543","105.28910256404399"
"112.80055703494068","105.28910256404399"
"116.80985705462791","110.77948717949451"
"127.5940974596486","130.91089743595597"
"145.11916066639253","152.1403846154505"
"156.85808918541863","162.755128205055"
"164.3883211021239","164.219230769099"
"165.62591164079595","157.996794871912"
"163.3775038080299","154.3365384615165"
"163.56456955071596","153.2384615384835"
"168.43482007571103","152.87243589747249"
"161.90229064270198","152.5064102564615"
"161.22357843876716","152.1403846154505"
"161.2841249947902","152.1403846154505"
"162.4101719160164","152.87243589747249"
"168.23356118446944","157.2647435896045"
"172.13034584068285","155.8006410255605"
"162.30333945822383","152.5064102564615"
"157.55283644647886","150.6762820514065"
"157.55359719917124","150.31025641039548"
"159.0171059652715","147.748076923033"
"150.6113015925103","142.25769230758252"
"137.50592490543045","142.6237179485935"
"129.6374546266445","138.59743589747248"
"119.5090946442144","136.76730769241752"
"120.89131352206152","139.6955128205055"
"124.34190296540652","140.7935897435385"
"133.42090872379856","144.453846153934"
"142.6050662800098","145.551923076967"
"159.31599632666584","148.114102564044"
"154.81598127800143","149.944230769099"
"155.28330748537482","151.40833333342852"
"155.22205227631758","155.0685897435385"
"155.49292175975316","156.89871794859351"
"154.8413260272165","156.89871794859351"
"154.46872489299741","152.87243589747249"
"154.07636454093839","152.87243589747249"
"158.75982383340016","156.5326923075825"
"158.1967232893271","165.6833333334285"
"158.4391638130669","173.369871794945"
"164.1235534914464","167.5134615384835"
"160.51372873001915","159.09487179494502"
"158.0348407782409","155.4346153845495"
"157.56647099853407","153.9705128205055"
"155.1457217556602","153.6044871794945"
"154.76833143227466","152.5064102564615"
"152.3210767661036","153.6044871794945"
"154.84169326275043","152.5064102564615"
"139.3617418671236","152.1403846154505"
"145.71898675836277","151.7743589744395"
"146.6504920607019","149.578205128088"
"155.81631390119267","151.7743589744395"
"151.41339279387802","150.6762820514065"
"159.15026784211435","152.87243589747249"
"155.53417167700323","153.6044871794945"
"150.79823680471293","155.8006410255605"
"155.36348030957063","159.09487179494502"
"158.7881386525968","160.192948717978"
"153.04770769764752","160.192948717978"
"152.6928375613512","158.728846153934"
"151.77799840365955","160.558974358989"
"160.25244237722035","164.9512820514065"
"173.29453804748803","168.2455128205055"
"179.6661374321308","187.644871794945"
"179.899624330482","186.180769230901"
"177.2258896219439","170.4416666665715"
"166.01104395365854","167.5134615384835"
"162.61302076067898","167.8794871794945"
"162.26377557155203","157.996794871912"
"155.37506686113065","154.3365384615165"
"160.16321390920618","153.2384615384835"
"164.40126840280607","152.1403846154505"
"163.08497627074533","151.40833333342852"
"165.30311912124156","152.1403846154505"
"161.18198465470192","151.7743589744395"
"169.07059195668916","158.728846153934"
"183.42668934449182","175.566025641011"
"207.90450711901337","218.391025641011"
"224.19461009649558","226.0775641025275"
"210.64549567264464","190.939102564044"
"193.1695425334733","184.3506410255605"
"196.83717526933964","192.403205128088"
"196.8631771518321","205.214102564044"
"203.40750539648928","201.91987179494498"
"192.87637052471877","194.23333333342848"
"200.58822730493026","196.4294871794945"
"198.5156393227876","203.383974358989"
"215.71494964599412","224.24743589747249"
"215.2707269026877","189.84102564101102"
"181.29297942088203","177.396153846066"
"169.5856031550668","169.34358974353847"
"166.6241380788523","163.121153846066"
"162.75502358775853","156.1666666665715"
"158.35426372064282","153.9705128205055"
"154.493211708767","153.9705128205055"
"155.89604248795908","152.5064102564615"
"155.3452642461948","151.7743589744395"
"155.52701557242108","152.5064102564615"
"155.7851037953726","154.3365384615165"
"162.47084279933222","169.70961538454952"
"181.9096516543943","187.278846153934"
"213.9033322530245","216.560897435956"
"238.67722123716467","221.68525641039548"
"213.4776732647993","204.848076923033"
"200.71504173206398","194.5993589744395"
"202.4878579750823","196.4294871794945"
"209.4815843742641","202.65192307696702"
"207.20742468995172","200.0897435896045"
"204.45433086066964","196.4294871794945"
"209.69972595899745","197.1615384615165"
"220.30673550831375","206.312179487077"
"247.7236922476506","227.90769230758252"
"223.51185864121797","219.489102564044"
"187.49873363121085","185.81474358960452"
"167.40309586528693","181.4224358974725"
"167.15603186947257","164.58525641039552"
"157.8636377860315","159.09487179494502"
"158.20057510428998","153.9705128205055"
"157.08174873029014","153.2384615384835"
"155.07856531768675","152.1403846154505"
"152.87733453007255","151.0423076924175"
"153.9503385053646","151.40833333342852"
"157.08766573091202","153.2384615384835"
"164.4528024066222","168.97756410252748"
"173.7993089171683","179.9583333334285"
"192.0617134470566","201.187820512923"
"198.30007029793367","202.65192307696702"
"186.39282821625756","180.3243589744395"
"173.25101623312665","178.494230769099"
"177.2706601114454","178.494230769099"
"179.79150888495434","178.128205128088"
"174.9591195286938","172.27179487191202"
"175.6069336596897","173.369871794945"
"175.19430683862444","172.27179487191202"
"183.13973763245187","176.664102564044"
"198.4348535864759","179.5923076924175"
"179.99236749121113","169.70961538454952"
"167.1080189108163","162.02307692303302"
"162.3288072438462","156.89871794859351"
"156.7104615133345","155.8006410255605"
"153.34768516487188","153.6044871794945"
"154.16957036088195","150.31025641039548"
"156.36728719166413","147.016025641011"
"152.82890501070804","144.81987179494502"
"152.36477379289371","145.185897435956"
"154.16331569555604","145.917948717978"
"156.68261079272926","148.846153846066"
"159.09663731399874","152.5064102564615"
"165.97380902796655","162.389102564044"
"170.72488204094918","170.4416666665715"
"169.81031891110854","175.932051282022"
"164.8324459009451","169.70961538454952"
"166.7084607297778","166.04935897443949"
"163.282927874943","170.4416666665715"
"164.43254499193816","172.637820512923"
"162.7323038505322","170.4416666665715"
"161.3199173053949","166.78141025646153"
"162.72101916596947","167.5134615384835"
"161.81513935979936","175.566025641011"
"169.57714061022892","181.7884615384835"
"166.0680891895671","171.905769230901"
"162.20349731549337","162.755128205055"
"159.2667727246659","160.192948717978"
"158.04790631161129","158.36282051292298"
"152.7568078692412","154.3365384615165"
"153.07632179478304","152.5064102564615"
"145.14721496355693","147.016025641011"
"137.6106360763479","146.65"
"134.70608685749744","142.9897435896045"
"133.3157902233891","142.6237179485935"
"140.9177009318202","145.917948717978"
"150.7657338881211","145.917948717978"
"163.1706014734171","167.5134615384835"
"182.17645928185314","185.4487179485935"
"180.02845750671696","196.4294871794945"
"178.5806985673606","185.4487179485935"
"172.86396663544372","181.4224358974725"
"174.92943812778208","183.6185897435385"
"175.97750946717494","182.8865384615165"
"171.07081606133266","175.566025641011"
"169.14649458401806","172.27179487191202"
"171.88968695517286","177.396153846066"
"177.45970501322088","183.25256410252751"
"179.26716780761825","197.1615384615165"
"177.75915940855472","182.8865384615165"
"165.04534869657388","167.5134615384835"
"158.05498167306064","159.826923076967"
"156.8605036524182","159.826923076967"
"157.18808493530884","156.5326923075825"
"154.43311586119867","154.3365384615165"
"156.00904947228946","153.9705128205055"
"155.6591533526405","152.87243589747249"
"151.5477766095046","152.1403846154505"
"151.73724228588853","151.7743589744395"
"146.82184867108882","150.6762820514065"
"146.2716206862024","150.6762820514065"
"157.65380873244226","150.6762820514065"
"164.46929260814903","152.87243589747249"
"164.20004570714394","153.2384615384835"
"159.7564392709466","154.3365384615165"
"160.7626564708755","154.7025641025275"
"160.4033899878209","154.7025641025275"
"161.39187055007645","153.9705128205055"
"155.56573758033232","152.5064102564615"
"157.17783850088983","151.40833333342852"
"165.24699108074208","151.0423076924175"
"165.60714308850208","154.3365384615165"
"168.6136314517922","160.558974358989"
"165.30778377933956","158.728846153934"
"157.34800387288738","154.3365384615165"
"154.42915695223232","152.87243589747249"
"156.4818845598451","150.6762820514065"
"157.52212724108702","149.578205128088"
"152.06884192708785","144.087820512923"
"148.48702298993518","141.5256410255605"
"147.70158761370297","136.4012820514065"
"149.47998098310342","133.10705128202198"
"141.5935533782938","132.375"
"136.6673969597782","132.375"
"144.11783182955574","135.303205128088"
"142.8691400517444","138.59743589747248"
"147.58111592489547","139.6955128205055"
"140.28349108678805","141.89166666657152"
"138.9372346229874","144.81987179494502"
"140.9716660503757","146.65"
"140.48592719541728","147.382051282022"
"139.16800936201278","147.382051282022"
"140.94203567108718","146.65"
"140.23688443715113","147.016025641011"
"148.89100360047388","148.846153846066"
"156.0885189555305","142.25769230758252"
"163.55229218812164","169.34358974353847"
"163.97968000449015","167.14743589747252"
"159.843278352348","161.657051282022"
"156.9387988351573","157.2647435896045"
"156.01981774638068","154.3365384615165"
"154.27337826976657","153.2384615384835"
"153.02677377452932","151.0423076924175"
"158.9694448656515","147.748076923033"
"160.27746261355702","145.917948717978"
"156.32594089388957","144.81987179494502"
"157.47039499337896","143.355769230901"
"156.43693575473438","146.65"
"163.43203818794706","146.65"
"169.2187609923008","172.637820512923"
"200.25968729033042","202.28589743595597"
"201.92493881280166","210.3384615384835"
"191.07870322230394","199.35769230758248"
"186.97616729649067","198.6256410255605"
"189.73069216948556","200.821794871912"
"193.28953676850384","196.79551282050548"
"191.6268807334224","190.939102564044"
"187.46424005860828","188.010897435956"
"196.04852394337428","183.25256410252751"
"188.78098107515592","189.84102564101102"
"200.4294626501239","210.3384615384835"
"194.57577483424333","224.61346153848348"
"191.65996189888352","201.91987179494498"
"180.63508926412658","178.494230769099"
"170.83741923581422","170.8076923075825"
"166.7495286388123","161.657051282022"
"163.64977281951747","157.630769230901"
"156.77434626556948","156.1666666665715"
"158.3913090161014","153.6044871794945"
"157.4434864495528","153.9705128205055"
"159.41026191075036","154.3365384615165"
"161.2765344997447","156.1666666665715"
"167.17756986785164","162.389102564044"
"180.05563256273513","174.83397435898902"
"218.17924853409812","210.3384615384835"
"230.1490115047681","209.9724358974725"
"206.76318545776704","212.9006410255605"
"202.2226625100316","208.14230769241752"
"205.91550477291557","207.4102564103955"
"209.28001717991634","204.482051282022"
"201.34744460441252","203.01794871797802"
"202.4454051305946","200.0897435896045"
"198.41699192424886","199.35769230758248"
"206.4037294224449","210.7044871794945"
"232.82978259008598","236.3262820514065"
"244.8079091932275","242.9147435896045"
"208.42127557683557","210.3384615384835"
"182.3275915783458","175.932051282022"
"168.63895975315663","175.566025641011"
"162.71545408263378","162.389102564044"
"160.02521749086577","159.09487179494502"
"166.5698273264251","159.460897435956"
"167.43827412635636","157.630769230901"
"165.97872002088582","157.2647435896045"
"170.862738295621","157.630769230901"
"170.14372056762093","161.29102564101098"
"171.6180872626129","165.6833333334285"
"180.97081615138106","178.128205128088"
"203.07772175053432","218.391025641011"
"202.93953369429062","218.391025641011"
"196.0638659290887","210.3384615384835"
"191.08092966923292","200.821794871912"
"191.48627616955133","197.1615384615165"
"191.44175670919824","189.84102564101102"
"188.83088794188276","185.0826923075825"
"187.92457341204351","183.25256410252751"
"188.40597156009548","183.25256410252751"
"194.42232421251484","187.278846153934"
"215.07827704008693","218.391025641011"
"210.43680829936145","179.5923076924175"
"180.30919531038265","177.76217948707702"
"167.69795624987663","171.905769230901"
"166.26030613824187","162.755128205055"
"160.15299901751848","159.09487179494502"
"152.55162118610824","155.0685897435385"
"158.27375665178442","156.5326923075825"
"157.35992013151073","155.8006410255605"
"160.1926431672762","154.7025641025275"
"158.21634058693212","152.1403846154505"
"159.49359270019067","152.87243589747249"
"161.17953154166054","157.630769230901"
"164.9735976211685","160.558974358989"
"179.57215659451424","161.29102564101098"
"179.3417875370394","179.9583333334285"
"180.15729458997447","180.6903846154505"
"176.38999160115492","178.8602564103955"
"177.273144788691","167.14743589747252"
"170.41815279030078","163.121153846066"
"166.91052994225348","162.755128205055"
"167.62767942450043","162.02307692303302"
"165.9258837729667","160.92499999999998"
"165.12072001640192","161.29102564101098"
"177.88456412298038","159.826923076967"
"167.20882846089083","162.02307692303302"
"164.3095738042832","159.826923076967"
"156.93959774286358","159.826923076967"
"157.7305747140704","157.630769230901"
"153.20531219258504","155.4346153845495"
"147.7334033138393","152.1403846154505"
"148.8504604134992","151.0423076924175"
"145.00233215976488","150.31025641039548"
"142.46293100159025","149.944230769099"
"138.2595165146692","150.6762820514065"
"145.42311962070352","153.9705128205055"
"154.90344574093004","156.89871794859351"
"168.70734493397214","162.02307692303302"
"183.61133895516497","201.91987179494498"
"205.27663846540347","212.9006410255605"
"212.99225797302896","220.953205128088"
"212.68022980123106","210.3384615384835"
"206.02906040380162","210.3384615384835"
"203.83941629625002","215.096794871912"
"195.73380021771757","198.6256410255605"
"185.39155059148047","190.573076923033"
"184.79054072246998","183.9846153845495"
"186.47009120795394","185.81474358960452"
"191.76695144946996","222.41730769241752"
"205.806711025729","237.4243589744395"
"193.13606762927427","197.8935897435385"
"170.34047494912318","165.3173076924175"
"165.40361230555447","163.121153846066"
"168.57110720496547","160.558974358989"
"156.62419213025453","159.09487179494502"
"158.0982999052471","158.728846153934"
"163.7065993882813","156.89871794859351"
"159.22879327925367","156.5326923075825"
"155.5967896503419","156.89871794859351"
"155.45257793307567","157.2647435896045"
"157.11098438407478","158.36282051292298"
"160.87368971122683","159.826923076967"
"174.99924159438117","161.29102564101098"
"174.27675684989623","161.657051282022"
"178.2158872522617","164.219230769099"
"176.68480355632803","167.14743589747252"
"177.86065697441072","166.78141025646153"
"180.67166206062535","164.9512820514065"
"170.4679588511195","164.58525641039552"
"167.66246467065451","164.219230769099"
"167.9253339660062","166.04935897443949"
"166.6848499237766","177.76217948707702"
"186.81121843042658","205.580128205055"
"206.34417295674868","224.97948717949453"
"183.5337920110686","175.932051282022"
"161.85882022698016","165.3173076924175"
"162.5761252248959","163.85320512808798"
"161.9455809109441","162.755128205055"
"157.74563632600598","161.29102564101098"
"159.50756784393457","160.558974358989"
"162.70533048580836","159.09487179494502"
"150.12338288660274","157.996794871912"
"153.2647492826253","155.8006410255605"
"151.6924985230341","151.7743589744395"
"155.25284091931624","151.40833333342852"
"151.79151746646082","152.5064102564615"
"153.24987384891452","156.1666666665715"
"152.1714372622174","158.36282051292298"
