"DataEntries: 9428, TestEntries: 24, Epochs: 200, UseTestData: true, LimitEntries: true, Firstlayer#: 6, SecondLayer: true, SecondLayer#: 14, Predict: true, Curvebehaviour: false, Stacksize: 6, useLastXDays: false, Max: 632.0, Min: 61.0, Curve behaviour: false, Historical: true, useAverage: false, priceStack1, Skewness: true, SkewStack: 12",", useNewMethod: false, decay: 0.1"
"Range: 7239 to 9428"
"Actual","Ideal"
"317.4174300837715","331.9490333919038"
"351.88781171871614","338.9736379613424"
"316.21360762672685","335.9630931458565"
"307.48920617144466","313.8857644990455"
"294.9704627772225","309.8717047451785"
"296.7390519991562","310.87521968378803"
"300.87112083460187","302.8471001757685"
"293.0935723162858","291.80843585249147"
"285.3987474303369","290.80492091388203"
"281.0782848377885","283.780316344472"
"279.1240289619288","280.769771528929"
"280.983981897727","277.7592267136715"
"281.9343238924579","277.7592267136715"
"288.68649646949734","275.7521968364525"
"293.53312673438126","282.7768014058625"
"306.8271084088923","286.79086116001497"
"285.16427192538515","293.815465729425"
"288.11044514879933","311.878734622112"
"308.1494828900559","316.8963093145885"
"313.3037530372424","316.8963093145885"
"321.6871481913665","320.9103690685412"
"312.7172164848137","311.878734622112"
"310.22556661554074","314.889279437655"
"317.39137585700405","315.892794375979"
"330.48743278315385","343.99121265377886"
"370.0529063046774","349.00878734622114"
"329.0440621417298","339.9771528998377"
"315.69464420534246","322.9173989455318"
"301.28384523342896","311.878734622112"
"300.8086654342825","312.8822495607215"
"301.9771213814022","307.864674868245"
"298.20853674642586","292.8119507908155"
"286.36342097110236","283.780316344472"
"272.3482442291006","275.7521968364525"
"269.8825251752752","262.706502636242"
"261.55281495661416","259.695957820699"
"265.4422019906572","276.75571177506197"
"287.61877820936064","290.80492091388203"
"309.8387811913341","364.06151142355355"
"414.8650470284659","432.3005272406915"
"393.82986049875484","383.1282952548215"
"370.8047085330995","357.0369068541435"
"359.1196607747517","357.0369068541435"
"353.70675030822156","371.0861159929635"
"377.6342453044231","422.265377856024"
"391.59919289282305","389.149384885622"
"372.62370471346696","380.1177504392785"
"395.3568914557853","409.219683655528"
"449.6944492646046","496.525483303991"
"528.7491898785355","513.585237258354"
"420.6562378827133","362.05448154656295"
"336.18896931652495","316.8963093145885"
"295.9818148668223","307.864674868245"
"300.72108142108857","302.8471001757685"
"294.94999012374666","300.84007029883503"
"290.1014861734653","289.8014059752725"
"283.79843939709167","289.8014059752725"
"279.94453722811","285.7873462214055"
"281.66824218626834","287.794376098339"
"289.0302956095093","283.780316344472"
"289.153606991244","288.7978910369485"
"298.78378882016386","305.85764499131153"
"329.23241525513004","338.9736379613424"
"379.81566690988814","409.219683655528"
"386.0080562161146","368.0755711775062"
"356.9708736267954","352.0193321616956"
"353.88901652436783","342.987697715295"
"341.4824922224377","353.0228471001623"
"361.3036985974613","360.0474516696009"
"349.8345633628044","353.0228471001623"
"347.47462487204245","347.0017574692448"
"354.24644857772927","365.06502636204885"
"393.6252907761204","429.289982425434"
"471.23854542948163","456.3848857644645"
"397.0207724322076","357.0369068541435"
"331.03947737573657","344.9947275922685"
"315.783066715276","319.9068541300459"
"309.52266564681423","318.9033391915506"
"309.9846556483135","306.8611599296355"
"296.2081646661514","295.82249560635853"
"290.27192857077506","295.82249560635853"
"287.57393995498893","288.7978910369485"
"283.89002518010574","289.8014059752725"
"289.70111855910125","291.80843585249147"
"296.00008912204896","297.829525483292"
"306.8137678828306","311.878734622112"
"337.21207277700796","342.987697715295"
"385.40143709582287","373.0931458699541"
"361.1732261847768","379.1142355009545"
"367.0659428447534","365.06502636204885"
"367.47826764993937","362.05448154656295"
"359.25435079698264","366.0685413005156"
"373.77317080507277","363.05799648505825"
"352.338687073747","359.0439367311056"
"351.64809087070756","358.0404217926103"
"367.90225262565076","369.0790861160015"
"400.19958847107324","409.219683655528"
"449.631908081712","484.4833040421045"
"406.47918860161826","360.0474516696009"
"330.7618848724671","336.9666080843518"
"310.2030805399652","318.9033391915506"
"307.79082770431864","322.9173989455318"
"312.5692877035999","319.9068541300459"
"309.8127536455985","300.84007029883503"
"295.9452088372838","304.854130052702"
"299.4356066227615","296.8260105446825"
"290.2686027197109","297.829525483292"
"294.41384129310194","299.8365553602255"
"300.31804792435145","308.868189806569"
"315.32404616287926","320.9103690685412"
"351.87896566378487","344.9947275922685"
"388.09200663606384","410.2231985941375"
"382.21944576770716","334.9595782073897"
"327.21160877212407","323.9209138839985"
"324.3487993720101","319.9068541300459"
"319.789534612456","330.94551845343705"
"338.14074887639885","368.0755711775062"
"353.1070379596385","345.9982425307552"
"340.5830514714806","350.012302284705"
"357.513770255905","373.0931458699541"
"404.58978689055493","430.293497363758"
"472.12882990555727","508.5676625658775"
"415.56876382851584","382.12478031621197"
"343.99214493829857","324.9244288224938"
"301.54843730526414","317.899824253198"
"305.8590217679541","319.9068541300459"
"308.50264781120165","313.8857644990455"
"303.24660572969765","303.850615114378"
"299.5777835449933","305.85764499131153"
"301.23218918491807","296.8260105446825"
"290.1913538174986","295.82249560635853"
"292.12068666399557","297.829525483292"
"298.67925498301764","293.815465729425"
"302.3837388183308","307.864674868245"
"334.41270459664645","335.9630931458565"
"376.9741418729312","378.110720562345"
"358.27579625774456","336.9666080843518"
"329.6835097721702","332.9525483303991"
"333.7640624434769","328.93848857644645"
"322.7307453620007","336.9666080843518"
"342.6463911165799","334.9595782073897"
"318.92171135141683","329.94200351494175"
"322.9638859543171","327.93497363795115"
"332.06158560226845","329.94200351494175"
"350.2739913327991","364.06151142355355"
"392.77366620868474","385.135325131755"
"348.7356419686753","344.9947275922685"
"311.8093591983834","321.9138840070365"
"299.9900438316932","319.9068541300459"
"298.3526463365046","317.899824253198"
"303.66786821535453","312.8822495607215"
"301.8203962343279","303.850615114378"
"299.62681012718735","304.854130052702"
"300.3400834787818","293.815465729425"
"286.1869303461446","280.769771528929"
"275.8163355344775","277.7592267136715"
"280.0515555229608","281.77328646753847"
"290.8074835867255","288.7978910369485"
"313.6849576464787","298.8330404219015"
"329.4381478648802","311.878734622112"
"299.15059443406784","317.899824253198"
"312.4648157980512","318.9033391915506"
"316.778358019136","318.9033391915506"
"313.2326598589471","318.9033391915506"
"323.46400379961585","312.8822495607215"
"305.03876691997755","311.878734622112"
"309.98401104669085","313.8857644990455"
"316.5913497644519","318.9033391915506"
"334.5079806252779","330.94551845343705"
"357.9129635663261","334.9595782073897"
"322.6781748595341","328.93848857644645"
"310.8207440700154","319.9068541300459"
"299.22262647148483","316.8963093145885"
"307.1441649519844","320.9103690685412"
"311.80997702839403","321.9138840070365"
"313.45121964397674","313.8857644990455"
"311.37815011417695","318.9033391915506"
"316.59064051447046","307.864674868245"
"308.7875548648337","292.8119507908155"
"299.2665710092918","291.80843585249147"
"298.4343274765441","293.815465729425"
"304.74357059537266","293.815465729425"
"316.17468198996954","288.7978910369485"
"317.51467989295566","290.80492091388203"
"295.51801007687715","298.8330404219015"
"293.63258096016585","319.9068541300459"
"317.635488251987","327.93497363795115"
"328.21005636994414","325.9279437609891"
"330.2086999979301","323.9209138839985"
"320.7246908844837","320.9103690685412"
"319.11062404024125","318.9033391915506"
"324.8248856769479","322.9173989455318"
"340.13218457231363","345.9982425307552"
"380.25864507249395","350.012302284705"
"339.39658446968895","341.9841827767997"
"325.3702267059801","332.9525483303991"
"308.50730743496456","326.9314586994844"
"316.92686446853025","329.94200351494175"
"321.1802845188545","321.9138840070365"
"313.5222055973648","307.864674868245"
"304.6773633399966","309.8717047451785"
"305.23996791586234","300.84007029883503"
"300.79277890151025","289.8014059752725"
"295.0146724476729","289.8014059752725"
"297.0203368757585","296.8260105446825"
"307.96824961875427","318.9033391915506"
"345.83759481508883","344.9947275922685"
"389.71768997847016","366.0685413005156"
"369.4284150765855","333.9560632688944"
"328.8781298048006","325.9279437609891"
"330.895231954018","326.9314586994844"
"335.815634317336","333.9560632688944"
"337.47816248533354","341.9841827767997"
"341.1577697256269","345.9982425307552"
"343.49429924636667","350.012302284705"
"362.08178662795405","347.0017574692448"
"370.36549083743836","352.0193321616956"
"391.6010694908131","348.0052724077315"
"343.6361289645551","331.9490333919038"
"319.9539868887517","318.9033391915506"
"298.44181917103674","314.889279437655"
"307.4301261706283","329.94200351494175"
"322.2957135450499","324.9244288224938"
"316.1302713388347","314.889279437655"
"312.8179832933061","315.892794375979"
"312.9114464267256","313.8857644990455"
"313.4083029475394","312.8822495607215"
"317.7259979231182","308.868189806569"
"313.4115630286433","312.8822495607215"
"321.91724338104467","326.9314586994844"
"355.1367501541706","368.0755711775062"
"415.3198739564365","410.2231985941375"
"392.6676934243644","329.94200351494175"
"324.48127260960894","324.9244288224938"
"328.2954610097254","324.9244288224938"
"329.9624502152358","327.93497363795115"
"332.56835900461624","374.0966608084494"
"364.303742722234","376.1036906854115"
"366.92920034925726","363.05799648505825"
"373.703858441659","385.135325131755"
"415.72715018295645","439.32513181010154"
"480.75565792876","465.416520210808"
"411.90919608292006","379.1142355009545"
"354.6673585311252","344.9947275922685"
"316.4085279629212","333.9560632688944"
"324.0280363935527","337.9701230228471"
"329.5600896744081","327.93497363795115"
"319.08320825151515","316.8963093145885"
"314.7577808023797","316.8963093145885"
"314.3426020846366","311.878734622112"
"311.8811139574104","310.87521968378803"
"317.6919174878259","303.850615114378"
"310.73007774351964","308.868189806569"
"318.86026012147056","329.94200351494175"
"358.72992253069424","360.0474516696009"
"405.8132784652747","379.1142355009545"
"376.7985136257446","364.06151142355355"
"353.2245995268509","344.9947275922685"
"347.3907311488356","343.99121265377886"
"344.5397537467492","340.9806678383044"
"348.6742251992418","342.987697715295"
"337.96532932936645","339.9771528998377"
"336.71740626879335","338.9736379613424"
"345.83570365520075","351.0158172232003"
"374.38823923917084","377.107205624021"
"415.90289800214674","409.219683655528"
"379.30279503295685","343.99121265377886"
"327.72313514016764","338.9736379613424"
"311.7575336232921","323.9209138839985"
"314.9531702425866","329.94200351494175"
"321.44833693572247","326.9314586994844"
"317.8011542761734","317.899824253198"
"315.87558481692037","317.899824253198"
"315.54996994681903","315.892794375979"
"316.7831615111225","315.892794375979"
"323.9481506581464","314.889279437655"
"321.7865741668229","319.9068541300459"
"329.3753653041311","326.9314586994844"
"355.2733307677726","365.06502636204885"
"411.8470994222093","352.0193321616956"
"359.5871398915345","352.0193321616956"
"343.79879655529","343.99121265377886"
"347.92482489051537","342.987697715295"
"348.30561394192716","343.99121265377886"
"349.7971022911612","348.0052724077315"
"346.5538912452548","347.0017574692448"
"344.48735494912097","353.0228471001623"
"363.92495564981334","408.2161687169185"
"441.93668713166676","438.3216168717775"
"479.9359130108341","520.6098418277641"
"431.86239533751393","456.3848857644645"
"391.50501827374865","409.219683655528"
"358.7528541334716","340.9806678383044"
"329.2889387956915","339.9771528998377"
"330.2629127176645","331.9490333919038"
"322.89974983680963","325.9279437609891"
"325.010349403594","319.9068541300459"
"318.35522130347397","315.892794375979"
"314.04484511127623","311.878734622112"
"314.32151862109305","307.864674868245"
"310.7462186295983","305.85764499131153"
"314.94270665967036","323.9209138839985"
"351.90198024497755","373.0931458699541"
"422.8953163373766","433.304042179301"
"401.7454467624697","409.219683655528"
"392.08448795122433","355.0298769771529"
"356.86110865633026","354.0263620386576"
"351.2076821422794","355.0298769771529"
"362.56567868200875","345.9982425307552"
"335.8265488343762","336.9666080843518"
"331.3724067470981","332.9525483303991"
"337.58469465978567","339.9771528998377"
"361.91177991362093","353.0228471001623"
"381.0077824044844","387.14235500868847"
"354.3652973950753","332.9525483303991"
"309.08568431745886","323.9209138839985"
"301.5332474147079","316.8963093145885"
"301.5782972651261","315.892794375979"
"303.892636007459","312.8822495607215"
"302.44101833495245","308.868189806569"
"305.1933718935875","304.854130052702"
"299.87257459909324","301.843585237159"
"294.95261044388326","299.8365553602255"
"295.4553589895446","298.8330404219015"
"296.55311021150305","300.84007029883503"
"307.40387776633946","304.854130052702"
"335.78432563034386","310.87521968378803"
"346.64108841045095","310.87521968378803"
"301.30096562335825","312.8822495607215"
"306.22313775197625","312.8822495607215"
"309.6537844691032","315.892794375979"
"311.01816930522915","315.892794375979"
"320.88538083903177","314.889279437655"
"308.2695362508999","313.8857644990455"
"312.19828594351407","313.8857644990455"
"316.7463763197161","316.8963093145885"
"331.7882506549897","331.9490333919038"
"358.1715521002126","336.9666080843518"
"322.7092800566185","326.9314586994844"
"307.3524951201706","317.899824253198"
"297.8273303475767","315.892794375979"
"305.4041210299597","314.889279437655"
"305.51153329352985","314.889279437655"
"305.72914351425516","312.8822495607215"
"309.5585977203729","311.878734622112"
"307.9104511695736","306.8611599296355"
"304.0637883807064","304.854130052702"
"307.1709469814911","304.854130052702"
"306.9363301414608","297.829525483292"
"306.84298400614284","293.815465729425"
"316.6329236357175","303.850615114378"
"335.60951428584224","304.854130052702"
"301.33693376641696","309.8717047451785"
"302.82687198325607","311.878734622112"
"308.43879207821976","312.8822495607215"
"311.380684939675","314.889279437655"
"318.6438879920795","314.889279437655"
"312.5830983891151","313.8857644990455"
"312.94628693259625","314.889279437655"
"321.3519018435871","316.8963093145885"
"333.32613785921694","317.899824253198"
"347.49167477135114","317.899824253198"
"312.4051555753597","317.899824253198"
"304.19273485761056","316.8963093145885"
"297.3959768651839","315.892794375979"
"307.23405153328343","315.892794375979"
"307.3346118049715","314.889279437655"
"306.1123672906052","311.878734622112"
"308.8606791833677","299.8365553602255"
"292.6115350314727","295.82249560635853"
"295.4221237962068","295.82249560635853"
"302.01711771386135","296.8260105446825"
"302.0274626052801","297.829525483292"
"308.4825154369735","312.8822495607215"
"337.99360842109536","331.9490333919038"
"373.7722702859989","323.9209138839985"
"336.70521604916854","319.9068541300459"
"317.7988722074837","316.8963093145885"
"322.50149615458594","319.9068541300459"
"329.35045679412224","323.9209138839985"
"325.3351641648487","331.9490333919038"
"331.0882534617429","324.9244288224938"
"323.484153869642","322.9173989455318"
"335.40339577414494","361.0509666080962"
"386.5135495330602","484.4833040421045"
"517.9962793659861","518.6028119508305"
"430.0403440982461","366.0685413005156"
"346.5065571779197","316.8963093145885"
"296.7792533543126","312.8822495607215"
"305.747299790733","312.8822495607215"
"305.3079644089864","309.8717047451785"
"299.95064894199004","305.85764499131153"
"302.49927159727474","300.84007029883503"
"294.0307051032505","297.829525483292"
"296.75481460761944","296.8260105446825"
"302.2037439622905","298.8330404219015"
"305.8721178784719","300.84007029883503"
"311.22250773114","315.892794375979"
"341.2896771597993","329.94200351494175"
"370.9384095801964","320.9103690685412"
"333.09655421990095","320.9103690685412"
"317.50787797270596","314.889279437655"
"318.84518350537553","313.8857644990455"
"319.5009114973201","316.8963093145885"
"319.75157824029435","316.8963093145885"
"315.8055705431058","313.8857644990455"
"312.8639289647489","311.878734622112"
"325.42976958525117","327.93497363795115"
"348.2007234069056","402.19507908611797"
"443.6424827378066","402.19507908611797"
"377.2677036847486","323.9209138839985"
"312.58466702300353","310.87521968378803"
"292.0536832248345","306.8611599296355"
"299.91448529686824","305.85764499131153"
"298.4577959517244","302.8471001757685"
"291.98329583488925","298.8330404219015"
"294.5033496054837","297.829525483292"
"290.14662091116907","290.80492091388203"
"288.2926912682738","290.80492091388203"
"293.0726610815293","293.815465729425"
"299.9222705399852","297.829525483292"
"307.97130326322156","308.868189806569"
"332.3597827950097","313.8857644990455"
"351.5678068262295","313.8857644990455"
"325.9470829541111","312.8822495607215"
"309.373561320661","305.85764499131153"
"309.4491673506543","304.854130052702"
"312.6845907698925","305.85764499131153"
"305.65812714735296","304.854130052702"
"303.1021045047194","304.854130052702"
"304.2509655610638","304.854130052702"
"314.26810395657486","315.892794375979"
"331.47584126221557","319.9068541300459"
"345.7099756721303","315.892794375979"
"309.0151012597358","307.864674868245"
"295.19654298583873","303.850615114378"
"286.11016922092034","298.8330404219015"
"291.9037318538844","292.8119507908155"
"284.8031140609408","289.8014059752725"
"276.9099611707928","281.77328646753847"
"274.34510940920836","274.7486818981285"
"261.2343975653644","269.731107205652"
"261.3130281126232","268.7275922670425"
"265.02056012616003","270.734622143976"
"275.7182404884843","274.7486818981285"
"285.68600087839627","282.7768014058625"
"299.9235033624381","295.82249560635853"
"326.5951657812778","304.854130052702"
"315.40716245577187","304.854130052702"
"301.3831787951874","299.8365553602255"
"301.52846724078773","298.8330404219015"
"301.34279282743864","300.84007029883503"
"303.57869065719285","300.84007029883503"
"299.08268488565216","299.8365553602255"
"300.0259476686479","303.850615114378"
"308.2167057414316","320.9103690685412"
"336.08142848857653","309.8717047451785"
"328.93352003865834","314.889279437655"
"305.60521286181756","304.854130052702"
"289.9041125570237","300.84007029883503"
"283.7022528106941","295.82249560635853"
"286.97517726541236","291.80843585249147"
"283.1105803409895","287.794376098339"
"274.2514824628642","277.7592267136715"
"269.8825128952775","262.706502636242"
"246.6350691254729","253.6748681898985"
"242.26691567520092","249.660808435746"
"240.30346105240343","252.67135325128902"
"255.4138698063922","260.6994727593085"
"269.925752118598","266.72056239010897"
"279.94875095052237","283.780316344472"
"305.125610672201","290.80492091388203"
"287.80897801795","289.8014059752725"
"285.3870672134034","287.794376098339"
"284.77150158034686","287.794376098339"
"283.569246613579","288.7978910369485"
"291.76884543328464","288.7978910369485"
"285.8628643952055","289.8014059752725"
"290.30444945329026","289.8014059752725"
"288.031069257106","291.80843585249147"
"301.9892673515625","297.829525483292"
"309.4546386308247","299.8365553602255"
"286.7802235703027","292.8119507908155"
"277.5264818530891","285.7873462214055"
"273.6422425018452","277.7592267136715"
"269.67542626769864","272.741652021195"
"264.83837757385294","270.734622143976"
"256.33424531864534","261.7029876976325"
"251.75960267951362","251.667838312965"
"233.6300504588881","237.61862917385952"
"226.92838474689404","230.5940246044495"
"223.5185624545935","228.58699472751601"
"234.61530367835655","233.60456941999252"
"246.67400336023752","242.63620386633602"
"251.92017963511802","254.6783831282225"
"268.2381200990787","255.681898066832"
"251.98956983235925","259.695957820699"
"257.04798137490457","264.7135325131755"
"257.6855417150314","267.7240773287185"
"261.69434392024385","268.7275922670425"
"270.9124662179802","264.7135325131755"
"260.47204910355543","262.706502636242"
"265.3177807412967","264.7135325131755"
"256.9569513546162","274.7486818981285"
"276.4363481794443","280.769771528929"
"275.6667842122372","283.780316344472"
"264.13442875841065","279.766256590605"
"258.35583774900294","271.7381370825855"
"264.15319258261655","264.7135325131755"
"253.43866616970917","261.7029876976325"
"252.23593633471432","256.68541300515597"
"241.4151412491283","239.6256590510785"
"228.0151620993762","223.5694200350395"
"203.08078111053877","194.4674868190755"
"187.4508274467945","161.351493848959"
"162.5181882377285","150.3128295253965"
"165.10573718529383","185.4358523724465"
"204.10894124968672","171.3866432336265"
"180.16870284957776","180.4182776802555"
"186.3467055462104","189.44991212659897"
"191.410340363022","224.572934973649"
"229.53191471802586","255.681898066832"
"250.04646169654387","259.695957820699"
"249.63994998662395","262.706502636242"
"259.4418773957745","264.7135325131755"
"240.46775986213697","258.692442882375"
"251.14632832864623","255.681898066832"
"253.8444636533975","262.706502636242"
"272.6855930544007","281.77328646753847"
"269.2736955933208","286.79086116001497"
"253.93864284390304","282.7768014058625"
"248.12172881341513","278.7627416519955"
"269.142964549724","274.7486818981285"
"253.66001100964328","267.7240773287185"
"256.0461089895332","258.692442882375"
"243.65248591755807","252.67135325128902"
"241.7830355256367","195.47100175739948"
"179.27431170873396","197.478031634333"
"190.95461127523788","241.632688928012"
"236.27694615678888","247.65377855881252"
"253.60233619355648","252.67135325128902"
"264.9126268419028","262.706502636242"
"278.1489749214471","278.7627416519955"
"306.66769830708273","303.850615114378"
"311.7761266848713","303.850615114378"
"299.27364811705144","304.854130052702"
"304.6053427712264","302.8471001757685"
"302.3919698853142","310.87521968378803"
"315.9526888850322","316.8963093145885"
"313.6254686799533","302.8471001757685"
"302.8553074576596","317.899824253198"
"321.58240697582056","333.9560632688944"
"352.7970442847068","372.0896309314588"
"406.0663304949218","419.254833040481"
"375.4603970493558","312.8822495607215"
"297.9906286592536","294.818980667749"
"279.4969635385887","282.7768014058625"
"277.75622909243424","277.7592267136715"
"270.3553615980894","268.7275922670425"
"254.87448284091323","256.68541300515597"
"246.60472752272136","256.68541300515597"
"239.5995036057633","248.65729349742202"
"240.21136978847656","247.65377855881252"
"241.59115064678076","249.660808435746"
"255.48226257267171","253.6748681898985"
"265.68491140742873","261.7029876976325"
"273.45049452019","282.7768014058625"
"307.06773446608054","300.84007029883503"
"301.5072531596277","293.815465729425"
"289.2803485602378","284.7838312830815"
"282.78767033000804","286.79086116001497"
"284.7958913410932","287.794376098339"
"290.7792264924995","287.794376098339"
"285.43922497983385","287.794376098339"
"288.6629680734061","289.8014059752725"
"290.3191698093508","302.8471001757685"
"312.1168342203108","306.8611599296355"
"318.48737413293776","304.854130052702"
"292.97471464363076","289.8014059752725"
"276.5161916436748","281.77328646753847"
"269.52832391427165","271.7381370825855"
"266.7909244426009","266.72056239010897"
"259.35390639700074","257.6889279437655"
"242.36470229230707","244.6432337432695"
"233.44252433767755","235.611599296926"
"215.6067585255151","207.513181019286"
"199.8612663847067","199.485061511552"
"194.20912494410794","212.5307557117625"
"219.60518529137528","234.608084358602"
"247.4542539705202","252.67135325128902"
"262.54352978787654","263.710017574566"
"284.1634119060192","277.7592267136715"
"283.59364067802375","278.7627416519955"
"275.2104181056983","277.7592267136715"
"274.5704955607988","276.75571177506197"
"276.46739132397676","275.7521968364525"
"276.3062905214395","277.7592267136715"
"275.9086327766147","277.7592267136715"
"278.37312303410175","279.766256590605"
"285.51963730238225","284.7838312830815"
"295.71426852041117","288.7978910369485"
"307.6377051018489","293.815465729425"
"290.7478878778493","283.780316344472"
"274.36694869559886","277.7592267136715"
"267.3921641159089","271.7381370825855"
"268.25985112563535","267.7240773287185"
"260.57186665635453","261.7029876976325"
"247.4360495699387","251.667838312965"
"241.16226802658957","241.632688928012"
"222.44682731019793","218.55184534284848"
"210.0922089756642","215.54130052730548"
"209.54880207818323","220.558875219782"
"227.4732300551119","233.60456941999252"
"246.39125833472775","253.6748681898985"
"262.4397857067495","264.7135325131755"
"280.7441018209915","277.7592267136715"
"276.1256165737109","277.7592267136715"
"274.2484072836323","274.7486818981285"
"270.24659702466715","273.745166959519"
"266.24790299538915","274.7486818981285"
"277.33256964553163","273.745166959519"
"271.65130269598166","273.745166959519"
"275.07965573421103","275.7521968364525"
"279.7781610466542","283.780316344472"
"292.5606244114904","288.7978910369485"
"305.9947985437063","289.8014059752725"
"288.31869763662826","281.77328646753847"
"272.7232032625644","277.7592267136715"
"268.1025557388126","273.745166959519"
"267.4894387934979","271.7381370825855"
"262.2439645162508","268.7275922670425"
"255.81630780826526","259.695957820699"
"253.79229682329654","255.681898066832"
"241.4566147301827","252.67135325128902"
"247.91537306329764","252.67135325128902"
"251.8731999038775","256.68541300515597"
"260.88214224219956","260.6994727593085"
"272.9178467279155","271.7381370825855"
"294.0549731135036","275.7521968364525"
"318.84588852697084","289.8014059752725"
"304.8421506396724","290.80492091388203"
"293.4791756465427","288.7978910369485"
"295.6824955168768","287.794376098339"
"296.6292225531832","288.7978910369485"
"285.93142619983473","288.7978910369485"
"287.3161393000636","289.8014059752725"
"290.2647970372199","292.8119507908155"
"297.693011242416","297.829525483292"
"310.46072550267905","296.8260105446825"
"318.0667663819303","293.815465729425"
"290.58198291091094","290.80492091388203"
"281.0225658578839","287.794376098339"
"275.3306568980132","282.7768014058625"
"277.8809124175962","278.7627416519955"
"270.85694705485554","272.741652021195"
"259.71578169855377","264.7135325131755"
"255.097048269064","263.710017574566"
"247.81165118527719","256.68541300515597"
"245.21214254529735","253.6748681898985"
"241.09643974495657","248.65729349742202"
"249.8517594242668","242.63620386633602"
"252.4743963267327","246.6502636204885"
"261.0786151450713","251.667838312965"
"265.9940065940674","255.681898066832"
"241.54572336193763","256.68541300515597"
"256.8793628222488","260.6994727593085"
"253.60026699512625","263.710017574566"
"256.8073992647771","263.710017574566"
"265.66897250649833","262.706502636242"
"258.05568193354554","260.6994727593085"
"263.64316660558734","261.7029876976325"
"256.2796960331999","267.7240773287185"
"267.4920815829855","276.75571177506197"
"272.45011707558456","280.769771528929"
"264.09548750827446","276.75571177506197"
"259.6123220959822","267.7240773287185"
"260.87245848497304","258.692442882375"
"254.83854829644105","256.68541300515597"
"249.37091417111486","250.6643233743555"
"236.32925147993166","244.6432337432695"
"233.38173806599866","237.61862917385952"
"218.32070666763698","176.404217926103"
"170.3799421435478","147.302284710139"
"146.19860465343402","140.277680140729"
"145.346336981653","123.21792618636601"
"150.88156902994905","104.15114235506948"
"152.17238654873725","143.28822495598652"
"178.1693124024672","198.4815465729425"
"207.61313731507627","229.5905096661255"
"230.98237751495088","252.67135325128902"
"246.19147650546972","257.6889279437655"
"250.61139976191845","260.6994727593085"
"262.22548844987654","260.6994727593085"
"258.4758283485739","262.706502636242"
"265.74426454112887","265.717047451785"
"264.06576619074417","272.741652021195"
"276.44857227960745","279.766256590605"
"287.8921997937409","283.780316344472"
"274.0854221245777","282.7768014058625"
"270.3180217104472","280.769771528929"
"270.26823310788376","275.7521968364525"
"271.2665722474777","273.745166959519"
"265.7485618855424","267.7240773287185"
"254.5782381830699","257.6889279437655"
"247.94419875810883","265.717047451785"
"250.2485047730329","253.6748681898985"
"246.41774428170027","217.548330404239"
"212.76938873331613","221.56239015810598"
"224.50549791070296","233.60456941999252"
"247.07507468555247","265.717047451785"
"278.8989486324342","282.7768014058625"
"307.6329337181596","295.82249560635853"
"301.83410947655955","293.815465729425"
"289.2205903810784","291.80843585249147"
"290.68660357402456","293.815465729425"
"293.52809126413445","293.815465729425"
"296.9639867739236","291.80843585249147"
"289.7562363733096","291.80843585249147"
"292.4476847124731","295.82249560635853"
"298.5833417234633","324.9244288224938"
"341.1768558384361","303.850615114378"
"324.71068638851807","306.8611599296355"
"301.4097929313054","294.818980667749"
"283.99866440467827","289.8014059752725"
"275.85707967475986","283.780316344472"
"279.56163152243573","281.77328646753847"
"274.53146312332024","273.745166959519"
"260.42489094874054","268.7275922670425"
"260.75282543124723","266.72056239010897"
"252.09607467373806","262.706502636242"
"257.62735921210015","263.710017574566"
"261.3436451357324","258.692442882375"
"264.9932149058101","259.695957820699"
"271.89586057443074","270.734622143976"
"287.626432987157","280.769771528929"
"312.2982285567764","293.815465729425"
"305.87447161246877","293.815465729425"
"290.8437016406647","288.7978910369485"
"294.91438168460195","288.7978910369485"
"292.11910211701957","294.818980667749"
"296.47234635999627","293.815465729425"
"292.0326916800712","294.818980667749"
"294.8590034204051","294.818980667749"
"300.6688468828252","297.829525483292"
"308.530919401473","300.84007029883503"
"317.10061373072386","300.84007029883503"
"296.41551848355874","294.818980667749"
"282.3705739959413","287.794376098339"
"273.76583431003553","281.77328646753847"
"276.2809364426175","280.769771528929"
"272.3357086455068","276.75571177506197"
"262.312911217913","268.7275922670425"
"259.80417685522326","262.706502636242"
"246.60424867306355","259.695957820699"
"250.70844054143961","259.695957820699"
"253.96545240661368","257.6889279437655"
"263.6134376407572","259.695957820699"
"271.763545643437","273.745166959519"
"289.6327858101486","286.79086116001497"
"320.28774104503134","322.9173989455318"
"332.41062133038184","323.9209138839985"
"318.11672476651665","301.843585237159"
"307.0848861846694","296.8260105446825"
"307.03522101677686","312.8822495607215"
"313.56633118796185","308.868189806569"
"305.94878494682735","308.868189806569"
"306.05102571691225","316.8963093145885"
"331.315841337022","335.9630931458565"
"358.6212611350393","365.06502636204885"
"406.2716670136012","379.1142355009545"
"366.1549187718789","319.9068541300459"
"311.4781572274686","295.82249560635853"
"281.97611396118623","290.80492091388203"
"284.2384766504684","288.7978910369485"
"280.3933827256207","282.7768014058625"
"270.61321631307675","273.745166959519"
"267.8595486376424","259.695957820699"
"245.2099006895872","259.695957820699"
"255.62054496145907","249.660808435746"
"247.92699802342875","245.646748681879"
"247.83208570227112","255.681898066832"
"268.0713790637377","272.741652021195"
"298.15242159743093","291.80843585249147"
"335.35553760312496","342.987697715295"
"352.30997628766903","345.9982425307552"
"338.0794056802631","319.9068541300459"
"322.7137855623466","314.889279437655"
"319.1273514614326","325.9279437609891"
"332.4799284355772","333.9560632688944"
"326.5429116908102","334.9595782073897"
"329.030666260109","327.93497363795115"
"330.4033030217822","322.9173989455318"
"340.22182467429917","329.94200351494175"
"341.83020783591627","317.899824253198"
"293.9844773417612","293.815465729425"
"271.905685444387","284.7838312830815"
"271.38711278651306","277.7592267136715"
"270.49937594645434","274.7486818981285"
"267.0385676534421","267.7240773287185"
"252.41861083222972","258.692442882375"
"248.92213155191513","226.5799648505825"
"205.89097584440762","200.488576449876"
"191.43349373838745","197.478031634333"
"187.49404768873947","212.5307557117625"
"216.58527763341843","222.56590509671548"
"232.6354883694607","255.681898066832"
"273.0860229147372","270.734622143976"
"289.5682617885741","284.7838312830815"
"267.73712895722235","287.794376098339"
"287.1950484730214","286.79086116001497"
"285.21416283189063","285.7873462214055"
"274.10807817141233","284.7838312830815"
"285.4344479360855","282.7768014058625"
"263.2075762427144","278.7627416519955"
"273.2188530208226","280.769771528929"
"273.70364478059935","284.7838312830815"
"290.4465146894968","286.79086116001497"
"278.4578860356263","285.7873462214055"
"264.3096430024883","279.766256590605"
"256.8369534352438","271.7381370825855"
"262.80376784631875","266.72056239010897"
"255.563398000476","263.710017574566"
"253.4121341419625","260.6994727593085"
"243.89438714285228","255.681898066832"
"245.44002344775","249.660808435746"
"231.45267739258816","232.60105448166848"
"220.36871752561493","225.5764499122585"
"215.41011448140185","224.572934973649"
"230.28882193510802","233.60456941999252"
"245.12234784600645","240.6291739894025"
"249.52677201050858","244.6432337432695"
"255.2130917016069","249.660808435746"
"245.0221199794248","251.667838312965"
"250.0732027314588","255.681898066832"
"248.3783894029653","258.692442882375"
"248.68430018664654","259.695957820699"
"261.8975258223244","258.692442882375"
"250.705112898305","257.6889279437655"
"259.60256808381735","259.695957820699"
"250.42624489208578","266.72056239010897"
"265.94930594564073","271.7381370825855"
"264.737324421668","275.7521968364525"
"258.8057891869493","270.734622143976"
"254.96116626677198","266.72056239010897"
"260.04381726098137","261.7029876976325"
"256.9088179706928","259.695957820699"
"252.35012764477432","255.681898066832"
"241.4695189120684","253.6748681898985"
"243.18422311549247","254.6783831282225"
"237.31604253901992","251.667838312965"
"243.89553864388736","242.63620386633602"
"238.62793018255178","238.62214411246902"
"244.57372493731293","252.67135325128902"
"264.9396161080601","250.6643233743555"
"263.263997663424","258.692442882375"
"276.14591288917376","260.6994727593085"
"264.79581446423674","261.7029876976325"
"259.8526632317171","263.710017574566"
"259.972832242735","267.7240773287185"
"267.02713458577216","270.734622143976"
"271.3130284324566","270.734622143976"
"268.2854558753807","271.7381370825855"
"274.08631962138406","273.745166959519"
"270.8678432156087","282.7768014058625"
"287.10000650859206","286.79086116001497"
"292.67342090363957","286.79086116001497"
"274.1054109953586","283.780316344472"
"268.7835288591176","277.7592267136715"
"267.8534134810405","272.741652021195"
"267.0099003134614","269.731107205652"
"261.94045115651704","262.706502636242"
"249.0915432288941","257.6889279437655"
"247.50693352020934","255.681898066832"
"238.37953197603477","252.67135325128902"
"243.76789866216143","251.667838312965"
"247.10653608201892","230.5940246044495"
"236.33975195518522","239.6256590510785"
"252.7958772437422","263.710017574566"
"277.46973311633747","308.868189806569"
"339.8559325792075","376.1036906854115"
"362.0366290393015","291.80843585249147"
"289.46979979301625","289.8014059752725"
"291.85202049617834","288.7978910369485"
"293.6720280580732","289.8014059752725"
"287.07034649508535","288.7978910369485"
"285.86678801858835","288.7978910369485"
"288.8339278148778","299.8365553602255"
"307.11704245112895","408.2161687169185"
"447.96504023544776","376.1036906854115"
"412.1094681134876","334.9595782073897"
"325.34048139359885","289.8014059752725"
"279.9974792206926","283.780316344472"
"271.77111257923656","275.7521968364525"
"272.09667348968645","270.734622143976"
"263.22463348501674","263.710017574566"
"249.88438502878503","255.681898066832"
"245.9485876288012","254.6783831282225"
"237.40862430405878","249.660808435746"
"240.2791573586536","240.6291739894025"
"233.2815990756191","213.534270650372"
"220.88045004077333","215.54130052730548"
"229.83314841056767","277.7592267136715"
"298.2958851810847","299.8365553602255"
"329.92288712890854","342.987697715295"
"320.50734398536684","283.780316344472"
"280.2848108415019","276.75571177506197"
"272.31396420509816","277.7592267136715"
"267.97508239956346","274.7486818981285"
"277.9905521680275","299.8365553602255"
"293.1890989026216","289.8014059752725"
"290.28881182538476","304.854130052702"
"303.0556490680443","348.0052724077315"
"374.74509424114433","349.00878734622114"
"372.24048177003743","284.7838312830815"
"276.1946373017141","278.7627416519955"
"266.5370792665523","273.745166959519"
"263.424709974395","267.7240773287185"
"264.1757980473333","265.717047451785"
"258.62579157107416","257.6889279437655"
"242.00869661113882","245.646748681879"
"234.59844263977305","233.60456941999252"
"213.40721447994812","196.47451669600898"
"189.01525378951126","201.4920913884855"
"194.60038092006792","175.40070298777897"
"183.75628975683273","208.51669595789548"
"223.81031183668173","250.6643233743555"
"258.92085257734226","262.706502636242"
"278.899371770647","274.7486818981285"
"277.3722484837342","276.75571177506197"
"273.4011332232644","272.741652021195"
"269.4005954771604","273.745166959519"
"269.63969218695786","273.745166959519"
"274.6851264416574","272.741652021195"
"270.69628909945595","277.7592267136715"
"278.9179313015941","284.7838312830815"
"286.54490655974445","287.794376098339"
"295.1738708478767","288.7978910369485"
"301.88869505780116","288.7978910369485"
"281.9026295550364","282.7768014058625"
"271.3431916623473","272.741652021195"
"262.9109004760566","264.7135325131755"
"262.4323366334187","261.7029876976325"
"255.04915179307096","255.681898066832"
"240.67663083812855","245.646748681879"
"234.7752209621092","242.63620386633602"
"223.76997959089283","206.509666080962"
"199.0748618186477","202.49560632680948"
"196.93111531557332","180.4182776802555"
"181.51000316887252","198.4815465729425"
"213.76499960154652","252.67135325128902"
"263.2589097758956","265.717047451785"
"288.24195063072216","276.75571177506197"
"285.8860986368952","283.780316344472"
"281.1606237583286","278.7627416519955"
"278.1446677647906","278.7627416519955"
"280.0896415882396","279.766256590605"
"279.0298892110039","280.769771528929"
"278.54493242648","281.77328646753847"
"281.7498557091967","283.780316344472"
"291.1321373340875","291.80843585249147"
"304.1546062495165","308.868189806569"
"334.1396977806954","295.82249560635853"
"294.2332885014213","290.80492091388203"
"281.5642396187309","279.766256590605"
"269.4938237659832","271.7381370825855"
"265.009589814427","272.741652021195"
"263.8049827587939","264.7135325131755"
"251.46394150877057","258.692442882375"
"252.47142111746683","250.6643233743555"
"235.86904894417822","248.65729349742202"
"243.2516749009656","248.65729349742202"
"246.88924699557379","253.6748681898985"
"256.9189851769049","256.68541300515597"
"268.81469985604724","262.706502636242"
"288.5147620535808","278.7627416519955"
"320.8066309937564","294.818980667749"
"310.5547766597997","299.8365553602255"
"303.33141044474354","290.80492091388203"
"301.5507391934616","288.7978910369485"
"298.9662634257263","287.794376098339"
"283.95445270378093","293.815465729425"
"292.1883725742851","290.80492091388203"
"291.0060554716935","291.80843585249147"
"296.03359969791705","292.8119507908155"
"304.72990015680705","294.818980667749"
"313.2940276325388","292.8119507908155"
"289.0569930920821","286.79086116001497"
"276.2322803278129","280.769771528929"
"269.97882134270924","270.734622143976"
"266.7848662624256","267.7240773287185"
"259.75937111605754","262.706502636242"
"249.5401343043307","256.68541300515597"
"247.07231899301343","227.58347978919198"
"208.88631461214223","192.460456942142"
"184.96116855659017","171.3866432336265"
"164.96322831002863","167.3725834797595"
"165.13666502702537","170.3831282953025"
"188.081239811989","185.4358523724465"
"210.89159745515158","228.58699472751601"
"247.51706902872235","237.61862917385952"
"245.54105125524103","251.667838312965"
"252.51026962308055","261.7029876976325"
"258.30115201013933","263.710017574566"
"263.3784872562928","263.710017574566"
"262.16083412282256","260.6994727593085"
"259.9866498137523","259.695957820699"
"262.2933294549973","262.706502636242"
"264.57791361001637","266.72056239010897"
"271.3903483969409","271.7381370825855"
"280.22824174222546","273.745166959519"
"267.0215360292536","269.731107205652"
"259.13300077689064","262.706502636242"
"257.6523737698383","257.6889279437655"
"254.5653654506901","251.667838312965"
"243.0703597737375","247.65377855881252"
"234.006149059631","234.608084358602"
"226.80662477506854","226.5799648505825"
"210.7136353112966","183.428822495513"
"171.94316109599868","157.3374340948065"
"147.03316419467617","135.26010544825252"
"130.32601800867954","136.26362038657652"
"156.69896778873675","149.30931458707252"
"185.5707532194611","159.34446397174"
"196.9349636966377","170.3831282953025"
"178.72415995736938","207.513181019286"
"220.70811406830433","249.660808435746"
"247.32442769124543","252.67135325128902"
"254.75764062415232","255.681898066832"
"253.95874005250974","252.67135325128902"
"252.32782914767876","250.6643233743555"
"253.72811859708594","252.67135325128902"
"256.73980942269804","259.695957820699"
"265.211851786615","267.7240773287185"
"276.6545927151358","271.7381370825855"
"265.8267483444646","267.7240773287185"
"258.06150814253","262.706502636242"
"257.1834529204195","256.68541300515597"
"253.6830559387244","251.667838312965"
"243.60052935805726","247.65377855881252"
"233.97014877046544","235.611599296926"
"225.71324985742996","245.646748681879"
"227.16524669395787","244.6432337432695"
"235.50422149063502","245.646748681879"
"240.34733417657333","246.6502636204885"
"251.80053780513958","249.660808435746"
"261.5471496774252","257.6889279437655"
"269.68932808372983","269.731107205652"
"292.7665889205247","281.77328646753847"
"289.6169130030593","285.7873462214055"
"282.69358676930995","282.7768014058625"
"281.36450573312885","283.780316344472"
"281.70665292117656","283.780316344472"
"286.0465999612376","282.7768014058625"
"280.66894883906417","282.7768014058625"
"283.6527067894095","283.780316344472"
"288.70871637617915","288.7978910369485"
"298.5130384565513","292.8119507908155"
"310.5264598099055","292.8119507908155"
"291.4369903118395","285.7873462214055"
"276.5726514884153","276.75571177506197"
"266.87017888182265","268.7275922670425"
"264.8817377462114","261.7029876976325"
"253.29721754124768","258.692442882375"
"244.74594841796343","248.65729349742202"
"239.85093444197557","245.646748681879"
"228.1783182788144","242.63620386633602"
"236.06982811780864","242.63620386633602"
"239.5048215561094","244.6432337432695"
"250.63647703725164","247.65377855881252"
"260.4495665204312","255.681898066832"
"273.1203523885779","272.741652021195"
"305.0336467631371","288.7978910369485"
"302.15521169872795","294.818980667749"
"294.4921661116756","287.794376098339"
"293.9025108950779","285.7873462214055"
"295.1324847402075","285.7873462214055"
"279.9880238091069","285.7873462214055"
"280.0528799461099","285.7873462214055"
"281.8691828265562","289.8014059752725"
"307.83070040350964","305.85764499131153"
"329.06158349003556","304.854130052702"
"336.40216508770976","299.8365553602255"
"305.8173992628463","289.8014059752725"
"281.8867027935438","282.7768014058625"
"274.0005881356849","272.741652021195"
"259.1892825711716","267.7240773287185"
"256.1619618881716","261.7029876976325"
"248.45060176526675","249.660808435746"
"243.66408070697338","248.65729349742202"
"232.261697807514","245.646748681879"
"240.04949761799426","245.646748681879"
"243.7100769335469","246.6502636204885"
"251.77912387446793","248.65729349742202"
"261.41485882290095","256.68541300515597"
"277.6459174985199","270.734622143976"
"306.23007997192224","289.8014059752725"
"304.21433554064794","297.829525483292"
"298.63923191224086","288.7978910369485"
"295.00876252814567","286.79086116001497"
"296.1669761146721","288.7978910369485"
"284.81004391903906","288.7978910369485"
"285.592251993313","286.79086116001497"
"283.7139527197277","289.8014059752725"
"304.9961787448348","299.8365553602255"
"321.30784050625806","304.854130052702"
"336.7410391816611","299.8365553602255"
"307.4541894668184","288.7978910369485"
"280.8140035931002","282.7768014058625"
"275.3163098818352","273.745166959519"
"257.7028605685012","266.72056239010897"
"251.93186136283356","258.692442882375"
"244.99875919922567","251.667838312965"
"248.6983071615068","250.6643233743555"
"237.08462555556318","246.6502636204885"
"240.67593689990196","246.6502636204885"
"244.4804006353392","246.6502636204885"
"250.4561945118776","248.65729349742202"
"261.4617415934522","257.6889279437655"
"275.53864562464116","274.7486818981285"
"302.86812611493394","285.7873462214055"
"297.61771070989886","288.7978910369485"
"287.7975699891913","282.7768014058625"
"286.9939983781619","280.769771528929"
"288.76248483262543","279.766256590605"
"273.195213565648","280.769771528929"
"277.6616341632347","281.77328646753847"
"280.5127516613935","280.769771528929"
"294.0445318554264","281.77328646753847"
"297.98562169696396","283.780316344472"
"304.13745869583846","281.77328646753847"
"283.81004872017604","276.75571177506197"
"268.3029790334605","270.734622143976"
"263.86036734057564","260.6994727593085"
"252.9601924435233","253.6748681898985"
"243.13013170837934","247.65377855881252"
"234.17097559406588","238.62214411246902"
"231.97503451427733","238.62214411246902"
"221.46438800631523","234.608084358602"
"228.3289039897815","230.5940246044495"
"227.43138599660048","232.60105448166848"
"237.74412073334813","233.60456941999252"
"247.31921704686067","237.61862917385952"
"250.34429865094415","243.6397188049455"
"263.272283815399","250.6643233743555"
"258.9249891231108","253.6748681898985"
"255.3451400477236","250.6643233743555"
"251.12450170003325","248.65729349742202"
"253.11396565348593","247.65377855881252"
"242.73024684570328","246.6502636204885"
"245.23126570783222","244.6432337432695"
"247.2438315759578","244.6432337432695"
"249.18444090090549","245.646748681879"
"250.62519118747866","248.65729349742202"
"253.56410696560928","249.660808435746"
"246.86082508778367","246.6502636204885"
"239.30542570816704","239.6256590510785"
"241.9598187652112","234.608084358602"
"228.6722571129077","234.608084358602"
"224.22276837249075","229.5905096661255"
"216.47329407830028","218.55184534284848"
"213.4419833277305","180.4182776802555"
"171.9611726863211","141.28119507905302"
"137.74846222827364","126.22847100162349"
"125.26411300676281","95.119507908726"
"108.3665601998537","95.119507908726"
"129.84777996132024","90.1019332162495"
"141.765634774493","104.15114235506948"
"155.33048079590412","166.3690685414355"
"178.04931506958889","205.5061511423525"
"214.59352904918183","230.5940246044495"
"227.094483917253","236.6151142355355"
"237.91971629070719","237.61862917385952"
"235.1366705746837","236.6151142355355"
"237.32494732439562","234.608084358602"
"238.82732143062918","234.608084358602"
"242.10637122362232","234.608084358602"
"242.7510081149391","244.6432337432695"
"249.57124921482855","244.6432337432695"
"238.4983111489596","237.61862917385952"
"229.33365809022985","230.5940246044495"
"235.9142269570718","227.58347978919198"
"228.34003364929026","223.5694200350395"
"217.25705224210623","221.56239015810598"
"208.57604840434533","205.5061511423525"
"197.08476988498188","145.29525483292"
"146.10888108640478","97.12653778565948"
"150.69736281024268","93.11247803150701"
"118.78940477917979","101.14059753952651"
"156.61875798134318","125.22495606329949"
"169.6641312018721","169.37961335669303"
"182.99234315272383","194.4674868190755"
"187.85755739600637","184.4323374341225"
"189.16875345105925","165.365553602826"
"178.6763606860146","145.29525483292"
"168.8253755430948","154.326889279549"
"168.17755346089595","172.390158172236"
"168.13181075317075","216.5448154656295"
"204.22022679583029","212.5307557117625"
"208.99899246734984","192.460456942142"
"209.30851955784888","166.3690685414355"
"179.28451561589983","159.34446397174"
"163.98662765984207","125.22495606329949"
"169.4562237664841","88.09490333931598"
"116.19675135609867","92.10896309318298"
"151.45338298305677","144.291739894596"
"175.68005430613064","162.35500878728303"
"176.82854179139966","173.3936731108455"
"165.50449332738677","168.376098418369"
"173.1724614779224","170.3831282953025"
"183.84393198586596","178.4112478030365"
"191.040476335529","204.502636203743"
"205.04938770111735","219.5553602811725"
"211.46580880830658","216.5448154656295"
"208.76221010229074","204.502636203743"
"203.57443720382122","177.4077328647125"
"200.73072481728374","159.34446397174"
"170.04345497277095","151.316344464006"
"155.70704483855133","129.23901581716652"
"137.3688712954209","94.11599297011651"
"130.90289874574023","126.22847100162349"
"133.13891604161762","94.11599297011651"
"118.8533262920856","82.07381370822998"
"111.75669882274417","86.08787346209704"
"115.79259301392963","115.18980667834651"
"148.8525039629745","151.316344464006"
"177.05435835336806","193.463971880466"
"208.4329698612104","211.527240773153"
"219.6139653931512","220.558875219782"
"225.38230415917013","229.5905096661255"
"230.9527468159695","232.60105448166848"
"238.0525830607345","233.60456941999252"
"226.72129445604403","234.608084358602"
"233.16216499130923","236.6151142355355"
"238.7284068925984","239.6256590510785"
"250.10994229642222","248.65729349742202"
"260.08046825632255","253.6748681898985"
"262.25822789421306","252.67135325128902"
"253.8261668490034","249.660808435746"
"241.428496787214","244.6432337432695"
"247.18936241754","238.62214411246902"
"226.15990493300114","236.6151142355355"
"222.9820255329185","229.5905096661255"
"216.61929125240317","209.5202108962195"
"208.99963410713403","221.56239015810598"
"205.91007537203376","212.5307557117625"
"205.21426597343725","205.5061511423525"
"200.33570496876956","204.502636203743"
"207.8113730912538","214.537785588696"
"229.66154873728294","222.56590509671548"
"234.55701130278013","231.59753954305899"
"245.17843087197713","237.61862917385952"
"242.63885508558656","243.6397188049455"
"243.62876176143516","244.6432337432695"
"240.27777736623028","244.6432337432695"
"242.90324850896457","243.6397188049455"
"243.02784852938817","238.62214411246902"
"237.96369237550817","235.611599296926"
"240.93387707070679","237.61862917385952"
"234.47215121533682","241.632688928012"
"238.4689727226326","243.6397188049455"
"238.21807914096036","242.63620386633602"
"231.61483265773774","238.62214411246902"
"230.605484579693","231.59753954305899"
"234.94510257181105","220.558875219782"
"223.84199632249343","209.5202108962195"
"207.6467642085112","185.4358523724465"
"176.1499168972883","161.351493848959"
"161.08602151211772","160.3479789103495"
"150.84836191909528","116.19332161695601"
"131.39975007557655","97.12653778565948"
"118.50963472733886","90.1019332162495"
"118.69278137351725","92.10896309318298"
"134.9490154422823","134.25659050964302"
"164.53655807830785","167.3725834797595"
"183.5747288647203","207.513181019286"
"210.92294557382723","220.558875219782"
"222.91110379966582","225.5764499122585"
"219.1431405347106","227.58347978919198"
"220.44578419494957","227.58347978919198"
"229.31378823466457","225.5764499122585"
"225.447842472454","223.5694200350395"
"230.6606362073193","224.572934973649"
"223.3128776133105","231.59753954305899"
"230.6728861778257","235.611599296926"
"233.70182235485498","237.61862917385952"
"234.10259408137946","235.611599296926"
"229.37400052065544","230.5940246044495"
"236.10884133137733","226.5799648505825"
"220.18414221544245","222.56590509671548"
"210.20339768717238","211.527240773153"
"199.22941177600342","184.4323374341225"
"189.68763640767355","154.326889279549"
"156.73641857961024","148.30579964846302"
"143.22697676265787","146.2987697715295"
"140.57218827102633","147.302284710139"
"145.61317070084965","148.30579964846302"
"169.1797052933595","188.4463971879895"
"210.94325375688828","228.58699472751601"
"243.6085454820208","237.61862917385952"
"243.49206199064852","242.63620386633602"
"243.12211597117667","244.6432337432695"
"242.45580616042034","248.65729349742202"
"250.8578021163433","247.65377855881252"
"242.90978998924405","246.6502636204885"
"245.45736301388843","244.6432337432695"
"245.77657340560927","245.646748681879"
"256.4196179714387","254.6783831282225"
"265.76906172142475","260.6994727593085"
"272.1005546522819","264.7135325131755"
"265.3156263032656","260.6994727593085"
"251.94166689429034","254.6783831282225"
"253.6357047123412","246.6502636204885"
"235.8325199940832","243.6397188049455"
"228.69160882038216","241.632688928012"
"228.26645526378337","234.608084358602"
"231.2666720801343","246.6502636204885"
"231.63315706067823","228.58699472751601"
"220.1388407088193","209.5202108962195"
"200.16607934376836","201.4920913884855"
"192.32976287638454","204.502636203743"
"217.32322122018473","212.5307557117625"
"237.6087402198846","212.5307557117625"
"240.46886532955043","229.5905096661255"
"237.56324312572292","245.646748681879"
"250.65690139196977","249.660808435746"
"252.8652937742449","254.6783831282225"
"261.686037615239","255.681898066832"
"247.57605456367094","256.68541300515597"
"255.4157611299469","256.68541300515597"
"258.5057236614268","258.692442882375"
"263.6587871607368","278.7627416519955"
"285.2836564493175","332.9525483303991"
"353.30624272618206","333.9560632688944"
"311.59029925188815","283.780316344472"
"267.912022753531","256.68541300515597"
"253.7618639639341","247.65377855881252"
"246.05620332509284","244.6432337432695"
"237.06929606716432","240.6291739894025"
"232.35504684706441","186.439367311056"
"176.31395488478677","175.40070298777897"
"163.29902435681683","215.54130052730548"
"207.62656250080127","211.527240773153"
"211.69217457491575","205.5061511423525"
"219.28641663305677","205.5061511423525"
"225.77330847652365","192.460456942142"
"216.77487876498353","192.460456942142"
"202.24077521504665","180.4182776802555"
"203.2520171017398","180.4182776802555"
"202.0130975740345","198.4815465729425"
"207.699750339782","215.54130052730548"
"203.2461384579051","217.548330404239"
"212.14524880149028","215.54130052730548"
"216.74462004930666","216.5448154656295"
"229.39091042786168","222.56590509671548"
"230.19977231648488","230.5940246044495"
"231.16747976063965","244.6432337432695"
"241.69221295299909","250.6643233743555"
"242.78215604632072","245.646748681879"
"245.67306007100004","229.5905096661255"
"224.81590758906123","217.548330404239"
"206.62982214255155","208.51669595789548"
"196.86227573995495","182.42530755718897"
"188.16023364638752","218.55184534284848"
"202.5423929484109","212.5307557117625"
"204.52082311936005","205.5061511423525"
"198.64334551058505","206.509666080962"
"203.49203560081338","214.537785588696"
"227.6128988769236","211.527240773153"
"235.25675879763753","207.513181019286"
"240.1981393865257","284.7838312830815"
"290.11066918274844","285.7873462214055"
"284.03713487907504","281.77328646753847"
"283.2414981171103","288.7978910369485"
"292.0289221753352","300.84007029883503"
"303.9080315121257","260.6994727593085"
"256.66172056098065","263.710017574566"
"261.4133954531983","268.7275922670425"
"281.23684130961254","278.7627416519955"
"289.72371745586867","279.766256590605"
"290.59761908030805","281.77328646753847"
"279.43647375639756","265.717047451785"
"258.5981503707071","259.695957820699"
"254.9115045077086","252.67135325128902"
"246.73024578374108","247.65377855881252"
"237.40622298965593","237.61862917385952"
"221.19649639004817","218.55184534284848"
"219.55038665969136","215.54130052730548"
"201.57293769874963","189.44991212659897"
"176.77197824405624","161.351493848959"
"145.39667514055816","146.2987697715295"
"137.70894376227838","141.28119507905302"
"157.53776635425822","180.4182776802555"
"211.15259785797866","246.6502636204885"
"279.0402977276902","274.7486818981285"
"286.7926026989324","249.660808435746"
"255.9334371044328","248.65729349742202"
"253.80408963904353","248.65729349742202"
"251.4137388714077","247.65377855881252"
"244.17194525658044","247.65377855881252"
"243.78783588242356","248.65729349742202"
"249.75857646615978","248.65729349742202"
"257.92901796443414","250.6643233743555"
"256.9910227921788","251.667838312965"
"255.61606050207723","250.6643233743555"
"250.46087540073069","249.660808435746"
"246.55706185535587","245.646748681879"
"239.73178078051166","250.6643233743555"
"248.21727126307138","214.537785588696"
"214.1851751489915","214.537785588696"
"195.88676686192986","118.20035149388949"
"132.04302717445518","73.04217926188653"
"118.784662364855","81.070298769906"
"133.083018438649","153.3233743409395"
"196.15788114822968","294.818980667749"
"301.2228183887795","244.6432337432695"
"253.95864423173788","243.6397188049455"
"252.15894601753115","246.6502636204885"
"251.75168958845245","246.6502636204885"
"236.64880145012296","245.646748681879"
"237.59741064867305","245.646748681879"
"242.8871802995859","247.65377855881252"
"260.861585055011","248.65729349742202"
"261.4525251169524","251.667838312965"
"257.4189112264116","251.667838312965"
"254.65584369149207","250.6643233743555"
"248.03404218035024","246.6502636204885"
"244.96086221395436","241.632688928012"
"235.53539349844493","233.60456941999252"
"224.43658215503044","226.5799648505825"
"208.4268326482458","201.4920913884855"
"219.0729393776108","125.22495606329949"
"170.3387809035077","264.7135325131755"
"278.60254631409856","260.6994727593085"
"268.96120557523955","261.7029876976325"
"271.00746944009416","264.7135325131755"
"272.15869498727795","264.7135325131755"
"258.0958994589631","260.6994727593085"
"257.26587730659276","258.692442882375"
"260.6690243961542","261.7029876976325"
"263.8437374557365","268.7275922670425"
"273.0496840178159","278.7627416519955"
"288.8582279235525","284.7838312830815"
"285.5213980747658","259.695957820699"
"254.16257221808752","251.667838312965"
"248.96999173824224","245.646748681879"
"238.81118427554946","231.59753954305899"
"218.4590937895022","219.5553602811725"
"204.4078279613382","140.277680140729"
"165.22670770499542","213.534270650372"
"200.29760382289538","155.33040421787302"
"143.86716014969247","118.20035149388949"
"113.58576956031166","121.21089630943251"
"119.30349072044254","153.3233743409395"
"169.3254370721339","159.34446397174"
"194.07881826332124","173.3936731108455"
"213.1884906944221","270.734622143976"
"281.16873293139776","289.8014059752725"
"286.96850472832335","287.794376098339"
"288.64054444135184","290.80492091388203"
"295.18859687747664","331.9490333919038"
"338.10012002177467","300.84007029883503"
"298.97148881336085","274.7486818981285"
"274.3152017829552","259.695957820699"
"269.0627385169255","263.710017574566"
"277.0443912087035","327.93497363795115"
"356.3241383356267","390.1528998242315"
"368.1263573068219","364.06151142355355"
"338.2131611985735","331.9490333919038"
"306.64674600986825","254.6783831282225"
"251.2440959564268","248.65729349742202"
"239.7869810679048","240.6291739894025"
"225.54234330517124","232.60105448166848"
"228.28366688377733","244.6432337432695"
"229.82191424438795","227.58347978919198"
"217.0531822464144","209.5202108962195"
"199.6892461743246","148.30579964846302"
"140.6166429741012","132.2495606327095"
"152.54685341312168","111.17574692447948"
"154.7622997558339","204.502636203743"
"227.34802915682337","198.4815465729425"
"205.80576619948144","259.695957820699"
"260.21221812319754","247.65377855881252"
"250.08850586920113","249.660808435746"
"254.54295926011258","248.65729349742202"
"239.7275329337922","246.6502636204885"
"241.26261917598276","242.63620386633602"
"241.90955387700276","245.646748681879"
"256.2649209480962","246.6502636204885"
"257.2386391554247","253.6748681898985"
"260.553449088466","273.745166959519"
"274.1529622004332","264.7135325131755"
"258.3878722611957","254.6783831282225"
"251.08040193625158","252.67135325128902"
"247.63626920088797","234.608084358602"
"223.4749723655724","233.60456941999252"
"216.7480355395838","216.5448154656295"
"213.5869482515706","201.4920913884855"
"198.22952629162097","73.04217926188653"
"114.24663742681915","193.463971880466"
"219.864312818208","209.5202108962195"
"232.54311674752418","212.5307557117625"
"221.034430265306","219.5553602811725"
"225.76731857887654","197.478031634333"
"210.39503341667015","250.6643233743555"
"255.59190559413207","282.7768014058625"
"283.92750297692635","260.6994727593085"
"259.94352483829186","259.695957820699"
"262.8274130749022","246.6502636204885"
"252.72946413848786","246.6502636204885"
"253.5027693137917","277.7592267136715"
"291.74411071202","341.9841827767997"
"326.0568985948582","404.2021089630515"
"361.10121416926887","409.219683655528"
"359.2040125596295","345.9982425307552"
"324.9035580784335","296.8260105446825"
"287.3689577240204","279.766256590605"
"269.21907029235604","252.67135325128902"
"248.226465989279","259.695957820699"
"245.53074361207518","247.65377855881252"
"243.01722781483812","242.63620386633602"
"241.95041221468344","240.6291739894025"
"243.6180446959183","241.632688928012"
"253.9100612449702","268.7275922670425"
"291.21793526746984","319.9068541300459"
"360.40655944035547","439.32513181010154"
"418.8477735831125","479.46572934962796"
"441.8855910201478","436.31458699484403"
"434.30673089582774","419.254833040481"
"419.51709405182385","416.24428822493803"
"420.028088094362","414.2372583480045"
"393.9402039394969","407.2126537785945"
"392.32126605364215","389.149384885622"
"401.53012509816375","377.107205624021"
"405.1881962143385","385.135325131755"
"424.92788766875884","424.2724077329575"
"411.3594660720852","455.3813708261405"
"411.0432110847936","390.1528998242315"
"343.793397611721","299.8365553602255"
"296.5741253869104","268.7275922670425"
"262.9524138584193","249.660808435746"
"227.53201075006203","241.632688928012"
"245.34401664553062","235.611599296926"
"223.7134785076904","230.5940246044495"
"219.75401911574008","227.58347978919198"
"218.64540270033456","208.51669595789548"
"198.07517809474592","226.5799648505825"
"237.16538074057655","250.6643233743555"
"282.11190367195445","295.82249560635853"
"339.133706358322","357.0369068541435"
"366.6884718058789","394.1669595780985"
"379.0019850108863","381.121265377888"
"383.7560641371134","379.1142355009545"
"376.9397965050305","394.1669595780985"
"401.60732925966005","388.145869947298"
"377.13338344622696","394.1669595780985"
"381.88108144134196","387.14235500868847"
"399.9434014557179","386.1388400703645"
"418.043415609572","409.219683655528"
"449.8684721876173","455.3813708261405"
"408.66665978704606","454.377855887531"
"385.80327802264117","303.850615114378"
"285.9903592488393","266.72056239010897"
"260.9106634945466","258.692442882375"
"249.10244396572062","245.646748681879"
"228.72418787347274","237.61862917385952"
"234.82008954947278","228.58699472751601"
"213.98157056211926","227.58347978919198"
"216.40898450120974","225.5764499122585"
"214.06067437565002","218.55184534284848"
"214.79142178121413","223.5694200350395"
"235.58379331958832","242.63620386633602"
"268.97615268181545","253.6748681898985"
"288.39934074928203","278.7627416519955"
"293.8849472413867","309.8717047451785"
"308.7670953820093","294.818980667749"
"298.39850498068574","282.7768014058625"
"287.84556320950236","291.80843585249147"
"293.006485266168","296.8260105446825"
"295.06725059921615","299.8365553602255"
"299.9468943202246","299.8365553602255"
"308.3061610816684","315.892794375979"
"330.74768200043013","339.9771528998377"
"367.630950120953","351.0158172232003"
"337.05397494315866","306.8611599296355"
"295.29481986591503","280.769771528929"
"269.07561714367955","262.706502636242"
"255.603282988177","253.6748681898985"
"245.31445025702538","243.6397188049455"
"224.45128213267068","233.60456941999252"
"232.19020731645537","232.60105448166848"
"218.34517802332778","227.58347978919198"
"215.01174398454538","219.5553602811725"
"203.4034124119336","214.537785588696"
"213.59779219845814","216.5448154656295"
"229.1693957160503","237.61862917385952"
"251.7004994974509","249.660808435746"
"269.3756954790441","256.68541300515597"
"268.52358416430843","262.706502636242"
"263.1460954538571","256.68541300515597"
"257.4206232726226","256.68541300515597"
"256.51310730783075","255.681898066832"
"253.81999916210174","255.681898066832"
"251.41958031995955","256.68541300515597"
"257.44803314317875","256.68541300515597"
"266.1739428630945","255.681898066832"
"265.1256575963036","257.6889279437655"
"266.0338642441004","265.717047451785"
"268.9885393717695","262.706502636242"
"259.52105458163805","256.68541300515597"
"250.94968797128635","253.6748681898985"
"246.4580132436618","250.6643233743555"
"244.36059368001946","245.646748681879"
"225.54693032186813","232.60105448166848"
"229.62566135881445","181.4217926185795"
"174.0423945444641","137.267135325186"
"127.72374671637286","121.21089630943251"
"111.01774072322698","121.21089630943251"
"119.69790448176329","136.26362038657652"
"153.699754694173","191.4569420035325"
"221.24127734881495","249.660808435746"
"283.32116245605437","278.7627416519955"
"293.4790287173147","282.7768014058625"
"283.14721055219457","265.717047451785"
"269.54330883344664","255.681898066832"
"261.71278045299215","252.67135325128902"
"242.99758433592223","251.667838312965"
"244.07648532373577","250.6643233743555"
"249.59817081030977","249.660808435746"
"260.8597871783221","249.660808435746"
"256.97053734098927","251.667838312965"
"257.85049269625796","263.710017574566"
"265.86588402852317","259.695957820699"
"255.64949405169546","250.6643233743555"
"247.97444839525974","245.646748681879"
"236.20233280710931","244.6432337432695"
"234.74057181375366","237.61862917385952"
"219.52338326788208","222.56590509671548"
"221.24935757495814","223.5694200350395"
"209.2909507333838","212.5307557117625"
"200.80430703595792","207.513181019286"
"196.82180624816263","215.54130052730548"
"213.41636924473804","218.55184534284848"
"231.64758703497085","228.58699472751601"
"248.96018245126652","231.59753954305899"
"259.972751472657","238.62214411246902"
"247.18865042169827","243.6397188049455"
"248.4903984237613","247.65377855881252"
"252.0698262700156","257.6889279437655"
"264.3540994512827","262.706502636242"
"257.05973740988605","262.706502636242"
"262.296702096264","251.667838312965"
"253.42275613541554","251.667838312965"
"260.6918378656745","261.7029876976325"
"271.74543436759177","286.79086116001497"
"303.5788468530675","307.864674868245"
"298.4913305100025","291.80843585249147"
"279.38714368050137","268.7275922670425"
"263.529609074325","258.692442882375"
"249.39770025152225","254.6783831282225"
"241.5940990276839","253.6748681898985"
"241.97117389862672","250.6643233743555"
"244.8235651963846","253.6748681898985"
"239.52024866346017","250.6643233743555"
"245.98310663816233","249.660808435746"
"249.4916546723386","248.65729349742202"
"251.62958815107214","242.63620386633602"
"255.7714668852479","248.65729349742202"
"266.4848758405952","245.646748681879"
"269.4991760962907","251.667838312965"
"257.7052278532143","253.6748681898985"
"253.89941406785744","259.695957820699"
"257.76273158289325","268.7275922670425"
"274.3830464643745","271.7381370825855"
"268.9419574210794","271.7381370825855"
"271.3848242303403","267.7240773287185"
"269.2117870699413","272.741652021195"
"278.3996157241923","284.7838312830815"
"293.82397315449015","293.815465729425"
"310.6605709589426","347.0017574692448"
"332.3054540923902","342.987697715295"
"324.9029373683848","299.8365553602255"
"284.7008672830071","291.80843585249147"
"285.4961230207397","292.8119507908155"
"284.3606390416297","265.717047451785"
"253.71419634625832","255.681898066832"
"248.30581684119608","252.67135325128902"
"237.13901894755054","249.660808435746"
"244.8449838741003","247.65377855881252"
"246.85324395937613","249.660808435746"
"254.57160880473532","248.65729349742202"
"261.2570707220417","267.7240773287185"
"291.28330657270607","313.8857644990455"
"352.11151010729674","431.2970123023675"
"406.63022875605816","452.3708260105975"
"424.1809405128158","356.0333919156482"
"358.0267618442625","337.9701230228471"
"339.40375054997816","360.0474516696009"
"368.94320453635294","395.170474516708"
"378.90042135690913","386.1388400703645"
"374.49011783201945","365.06502636204885"
"375.94522696337026","371.0861159929635"
"398.5712201178998","390.1528998242315"
"431.96544107159514","447.353251318121"
"410.68638924768027","353.0228471001623"
"333.4162619341049","318.9033391915506"
"296.9306663375603","296.8260105446825"
"290.5412161160604","279.766256590605"
"271.7545515738326","260.6994727593085"
"247.45905005722716","254.6783831282225"
"248.36032196702587","254.6783831282225"
"239.56024577765356","250.6643233743555"
"245.60311829175023","248.65729349742202"
"247.25783491799203","250.6643233743555"
"254.81703309791874","255.681898066832"
"268.04232520960477","297.829525483292"
"322.87766517791607","345.9982425307552"
"389.40863943734155","426.27943760989103"
"415.3506082566186","440.328646748711"
"414.58980508201296","394.1669595780985"
"396.63358836850074","366.0685413005156"
"368.82401304082475","371.0861159929635"
"379.78164860789553","388.145869947298"
"381.4097345321781","381.121265377888"
"374.91289299697155","371.0861159929635"
"386.29625732393555","373.0931458699541"
"401.05780867900586","398.181019332251"
"444.3876139693663","457.388400703074"
"424.9145246991686","434.307557117625"
"399.3177208711705","341.9841827767997"
"313.79173539525607","329.94200351494175"
"322.9428045809854","283.780316344472"
"273.97419013511046","268.7275922670425"
"253.90700876355822","254.6783831282225"
"247.78686483591687","252.67135325128902"
"237.4100937917596","249.660808435746"
"244.41412289095473","246.6502636204885"
"244.46757156704936","247.65377855881252"
"251.64412717769596","252.67135325128902"
"264.90670298935277","295.82249560635853"
"316.01422411434316","325.9279437609891"
"363.3108018412643","384.131810193431"
"380.4677734548311","388.145869947298"
"374.6088591805603","326.9314586994844"
"327.60811473565275","321.9138840070365"
"321.75552558467615","321.9138840070365"
"328.47936923888204","320.9103690685412"
"319.16588398811854","304.854130052702"
"305.1463674220822","307.864674868245"
"316.2033491386141","304.854130052702"
"318.9400053278075","316.8963093145885"
"344.32489978158986","324.9244288224938"
"317.32092894554967","297.829525483292"
"289.1000000271246","276.75571177506197"
"266.9050230246928","262.706502636242"
"258.86371933165117","259.695957820699"
"250.96312187385885","253.6748681898985"
"239.24599114987973","244.6432337432695"
"238.50810040149412","235.611599296926"
"218.97830498550195","229.5905096661255"
"221.0640762025722","230.5940246044495"
"222.48903941255554","232.60105448166848"
"231.11674305195749","240.6291739894025"
"252.88011609870003","250.6643233743555"
"270.75439520546047","277.7592267136715"
"308.56806031987355","299.8365553602255"
"313.11034706075833","314.889279437655"
"309.374053310822","297.829525483292"
"299.42153311440103","287.794376098339"
"291.7183982518561","299.8365553602255"
"302.82826127176037","305.85764499131153"
"303.39501524978493","299.8365553602255"
"299.97077280843905","289.8014059752725"
"297.77315721328347","291.80843585249147"
"301.9833944547542","313.8857644990455"
"341.15011038416736","330.94551845343705"
"323.30509990972416","303.850615114378"
"295.7657524037502","278.7627416519955"
"267.3954839994368","271.7381370825855"
"264.82616486049324","266.72056239010897"
"259.2477494127071","255.681898066832"
"239.85444062723656","250.6643233743555"
"245.18768060130046","235.611599296926"
"219.44244330794055","234.608084358602"
"227.87129560204428","224.572934973649"
"220.0218544066057","223.5694200350395"
"223.46166480511891","232.60105448166848"
"245.75239651343423","232.60105448166848"
"258.5705408754595","291.80843585249147"
"329.6743184009738","340.9806678383044"
"348.3447830775302","371.0861159929635"
"359.44526267702355","340.9806678383044"
"342.6474857716419","329.94200351494175"
"333.22986425682376","335.9630931458565"
"342.9060219296915","333.9560632688944"
"330.7498947240222","313.8857644990455"
"313.31249010218534","304.854130052702"
"315.42209261021367","318.9033391915506"
"336.71100733020484","334.9595782073897"
"367.78141746586687","373.0931458699541"
"359.4442907932574","333.9560632688944"
"319.63415534959773","291.80843585249147"
"279.006084933","270.734622143976"
"264.44273617562305","270.734622143976"
"259.7651509845121","261.7029876976325"
"249.58241467615727","255.681898066832"
"251.9615151320117","254.6783831282225"
"240.86353859421678","251.667838312965"
"245.79458428072581","249.660808435746"
"245.77658464691288","248.65729349742202"
"252.93716880705637","245.646748681879"
"258.2257501412743","245.646748681879"
"261.0058149069937","245.646748681879"
"267.2088767687143","251.667838312965"
"263.48321095570327","252.67135325128902"
"259.1749321270436","255.681898066832"
"262.00705083328063","256.68541300515597"
"261.64776019511027","256.68541300515597"
"248.5715081892052","254.6783831282225"
"249.49879953410496","250.6643233743555"
"248.44736863544117","247.65377855881252"
"261.3706550899661","246.6502636204885"
"254.49606387906672","255.681898066832"
"261.3182933145825","272.741652021195"
"268.6783851602693","267.7240773287185"
"260.69891863530006","255.681898066832"
"252.07077504273778","251.667838312965"
"244.32812415241997","245.646748681879"
"234.5519859491473","242.63620386633602"
"227.29889140026293","227.58347978919198"
"224.0877216168057","220.558875219782"
"205.88125352569963","206.509666080962"
"192.34991987294487","197.478031634333"
"184.81358405247056","195.47100175739948"
"189.46526826328738","195.47100175739948"
"208.40119845666456","203.49912126541898"
"228.1630816459723","212.5307557117625"
"235.854903821698","215.54130052730548"
"223.5445483977502","221.56239015810598"
"225.819803167487","229.5905096661255"
"227.9111410566357","234.608084358602"
"238.83748978219427","236.6151142355355"
"232.17106872475333","236.6151142355355"
"237.22295282278407","234.608084358602"
"239.333287398818","235.611599296926"
"241.3371729662743","240.6291739894025"
"241.81570728332144","222.56590509671548"
"221.79454556896115","296.8260105446825"
"282.5911721513093","290.80492091388203"
"276.2130074926276","275.7521968364525"
"267.95628484481506","263.710017574566"
"257.24068691168907","255.681898066832"
"244.02280283139436","252.67135325128902"
"239.9071748037322","246.6502636204885"
"242.9076097986386","237.61862917385952"
"223.26114995922114","232.60105448166848"
"225.80504476069612","229.5905096661255"
"226.63472023094013","225.5764499122585"
"221.19909492756943","234.608084358602"
"246.15344768960477","234.608084358602"
"266.08149084244315","305.85764499131153"
"352.16955712857674","387.14235500868847"
"382.7678154062351","409.219683655528"
"390.7077902413303","379.1142355009545"
"380.63812842882885","377.107205624021"
"375.35904754619264","383.1282952548215"
"390.4664471761905","372.0896309314588"
"365.1525884155586","356.0333919156482"
"352.52429064309644","348.0052724077315"
"362.29555613783754","334.9595782073897"
"357.8382436842833","353.0228471001623"
"395.0436658516319","409.219683655528"
"395.8080110215617","448.3567662567305"
"398.84809235814276","386.1388400703645"
"343.8069028660662","321.9138840070365"
"313.26635909367934","300.84007029883503"
"293.0690179828857","275.7521968364525"
"262.85873678102206","264.7135325131755"
"259.8500203646085","260.6994727593085"
"247.62251669972937","253.6748681898985"
"247.5917092999843","254.6783831282225"
"251.24533832662726","255.681898066832"
"256.1743916050012","260.6994727593085"
"272.1548653735349","277.7592267136715"
"304.5427450889845","311.878734622112"
"365.3616639819088","409.219683655528"
"412.95319278974256","408.2161687169185"
"391.55332096707696","416.24428822493803"
"416.59179276376096","403.1985940247275"
"402.8229317846727","401.19156414750853"
"410.08168552556856","393.1634446397745"
"387.64782969155607","389.149384885622"
"382.9893877770137","381.121265377888"
"395.97313174608547","379.1142355009545"
"407.78639488355367","410.2231985941375"
"455.8454098985774","480.4692442882375"
"435.23465707977635","498.5325131809245"
"423.9514432203159","409.219683655528"
"358.9744264080183","314.889279437655"
"307.7415675287174","313.8857644990455"
"307.0497981951531","277.7592267136715"
"264.0121947927274","268.7275922670425"
"270.47602035918766","269.731107205652"
"262.69452631329864","264.7135325131755"
"257.9714913877594","263.710017574566"
"255.73279403743425","264.7135325131755"
"261.51166786997146","274.7486818981285"
"286.44094902784514","286.79086116001497"
"321.7861065945667","320.9103690685412"
"377.3928180571371","431.2970123023675"
"423.384027570871","431.2970123023675"
"408.6181700051032","409.219683655528"
"411.056509399325","383.1282952548215"
"384.55926772138645","373.0931458699541"
"383.28428254139965","353.0228471001623"
"352.6639126542402","339.9771528998377"
"339.02926662901893","334.9595782073897"
"356.26827075767534","334.9595782073897"
"360.0472612384728","345.9982425307552"
"390.53644781374305","431.2970123023675"
"417.1186989450782","324.9244288224938"
"324.67001828858844","319.9068541300459"
"297.00446931833915","303.850615114378"
"300.13855028761145","278.7627416519955"
"272.7379874557226","268.7275922670425"
"249.82781545984062","257.6889279437655"
"258.6401420064378","261.7029876976325"
"251.22242450870274","259.695957820699"
"251.6429374174997","256.68541300515597"
"245.85787666931319","249.660808435746"
"249.773179441206","251.667838312965"
"263.31881262530453","264.7135325131755"
"287.9436874657009","272.741652021195"
"309.4862101932335","274.7486818981285"
"292.32352546624105","325.9279437609891"
"322.8157978105191","327.93497363795115"
"332.96628992951486","322.9173989455318"
"326.32870045994963","290.80492091388203"
"291.9074343187125","279.766256590605"
"274.088696706302","278.7627416519955"
"277.7850421910982","276.75571177506197"
"289.760114262784","273.745166959519"
"285.8532632765722","274.7486818981285"
"288.34427209437604","270.734622143976"
"280.5273534088484","276.75571177506197"
"277.0829677859181","270.734622143976"
"261.1444287758475","270.734622143976"
"261.69385363594404","264.7135325131755"
"260.37511712929717","258.692442882375"
"236.76481961737198","249.660808435746"
"251.8311848135977","246.6502636204885"
"235.0318863819905","244.6432337432695"
"233.83895078772653","243.6397188049455"
"230.84069488242778","245.646748681879"
"247.89057962103385","254.6783831282225"
"266.8937171787681","262.706502636242"
"282.21538206568755","276.75571177506197"
"315.8804781821223","386.1388400703645"
"376.2135740968775","416.24428822493803"
"397.7880688035638","438.3216168717775"
"438.2689942721082","409.219683655528"
"410.1024023360871","409.219683655528"
"414.29969336433203","422.265377856024"
"395.9906879174679","377.107205624021"
"364.75981665934574","355.0298769771529"
"362.8175181189449","336.9666080843518"
"356.21913406425875","341.9841827767997"
"373.1916611411976","442.3356766256445"
"405.4670015852005","483.4797891037805"
"404.23632316740805","375.100175746802"
"334.88673428194267","285.7873462214055"
"281.95574712961195","279.766256590605"
"273.58819708867475","272.741652021195"
"256.10120212713883","268.7275922670425"
"268.3577415020052","267.7240773287185"
"258.0407958534123","262.706502636242"
"257.3731276974149","261.7029876976325"
"259.1297788637281","262.706502636242"
"268.75808712698904","263.710017574566"
"275.9685170857247","266.72056239010897"
"284.1263687602857","270.734622143976"
"293.3212375461905","274.7486818981285"
"282.46736082121134","275.7521968364525"
"274.1931470348611","282.7768014058625"
"282.14193221144353","290.80492091388203"
"291.3393595610055","289.8014059752725"
"290.45697704713734","284.7838312830815"
"283.48057446047613","283.780316344472"
"284.54695067487944","282.7768014058625"
"288.52554240828835","287.794376098339"
"296.57118872228847","319.9068541300459"
"342.64281777485684","396.1739894553175"
"365.6383747445611","449.36028119505454"
"376.855476410341","314.889279437655"
"294.3315725391525","285.7873462214055"
"280.148043985387","281.77328646753847"
"273.9387174682962","278.7627416519955"
"265.3343294433091","274.7486818981285"
"271.26594553323787","272.741652021195"
"261.9712062819802","268.7275922670425"
"265.2494716161912","265.717047451785"
"264.6550381173521","259.695957820699"
"264.5417894619121","248.65729349742202"
"260.9473659044377","247.65377855881252"
"266.4465775359107","250.6643233743555"
"272.1163445788213","260.6994727593085"
"267.8816718397387","266.72056239010897"
"266.4029168704085","273.745166959519"
"272.60463137827566","278.7627416519955"
"282.6747398906186","276.75571177506197"
"274.82759714364397","273.745166959519"
"271.8307212608753","271.7381370825855"
"272.23063247871085","271.7381370825855"
"277.85560834211066","272.741652021195"
"281.71470369791734","281.77328646753847"
"296.66570151648295","293.815465729425"
"296.4997712555921","288.7978910369485"
"283.58857233976767","283.780316344472"
"271.75707810064614","275.7521968364525"
"270.14685774134716","271.7381370825855"
"263.71919063074273","266.72056239010897"
"248.5133992828675","260.6994727593085"
"262.5758720648238","259.695957820699"
"249.93590858698158","253.6748681898985"
"245.09575263068626","241.632688928012"
"231.06085745055816","237.61862917385952"
"235.4021398373452","243.6397188049455"
"254.8895706878016","238.62214411246902"
"268.4083462098749","291.80843585249147"
"334.5612432899666","371.0861159929635"
"384.5929283205087","421.2618629174145"
"401.5592722363102","395.170474516708"
"400.17217809637873","363.05799648505825"
"365.6732734948117","336.9666080843518"
"345.5979626679167","334.9595782073897"
"334.46243073218426","333.9560632688944"
"334.2933057945546","327.93497363795115"
"340.031970852666","322.9173989455318"
"344.851305639843","333.9560632688944"
"372.01961517566366","410.2231985941375"
"398.693738496871","352.0193321616956"
"346.38479957237064","334.9595782073897"
"306.88467589988875","288.7978910369485"
"280.7777276716339","278.7627416519955"
"271.95195817371996","267.7240773287185"
"248.3851109529371","262.706502636242"
"265.6443186205269","270.734622143976"
"262.0769404836487","268.7275922670425"
"263.9127674054354","270.734622143976"
"265.1194064087463","272.741652021195"
"276.8045103977614","274.7486818981285"
"286.93371402748477","279.766256590605"
"308.168584617922","326.9314586994844"
"375.99818011582545","409.219683655528"
"411.68198203693936","452.3708260105975"
"423.7821911849355","453.3743409489215"
"448.0276958601756","394.1669595780985"
"392.9690297636943","335.9630931458565"
"343.1512689143583","332.9525483303991"
"332.22869927769165","332.9525483303991"
"332.79622601245256","326.9314586994844"
"341.4670704019605","326.9314586994844"
"350.09516935429065","335.9630931458565"
"374.39693331923286","434.307557117625"
"413.32941420359987","527.634446397174"
"427.5787729879671","423.268892794348"
"366.8283299569261","371.0861159929635"
"361.298961625358","326.9314586994844"
"322.60968945750506","296.8260105446825"
"283.16246290470576","282.7768014058625"
"283.87913259572787","291.80843585249147"
"286.5806660962176","287.794376098339"
"288.0478622257459","285.7873462214055"
"287.0948470931458","287.794376098339"
"295.3305939140677","296.8260105446825"
"308.9501230065243","322.9173989455318"
"352.9603817791967","334.9595782073897"
"381.0613552875295","417.2478031635475"
"410.6824641274848","444.342706502578"
"417.8183409675983","455.3813708261405"
"449.3687040859942","463.4094903338745"
"470.0055763545642","441.332161687035"
"438.13718019671524","435.3110720562345"
"408.32496832988693","408.2161687169185"
"393.21632145441066","378.110720562345"
"390.5636826018079","366.0685413005156"
"392.39897757274036","364.06151142355355"
"405.4259518308516","424.2724077329575"
"404.4371803063189","587.8453427066065"
"440.10388418906007","423.268892794348"
"367.2608806040319","383.1282952548215"
"371.308111952033","357.0369068541435"
"355.50499549267647","339.9771528998377"
"328.6654220156232","310.87521968378803"
"312.8905261543249","311.878734622112"
"310.33201003474716","299.8365553602255"
"302.93582637111786","295.82249560635853"
"301.13309777888793","299.8365553602255"
"309.596967980466","310.87521968378803"
"322.6867826037043","322.9173989455318"
"352.4570489150107","354.0263620386576"
"400.8618173272091","584.8347978910635"
"497.39659457509447","543.6906854129275"
"506.7256029409227","543.6906854129275"
"543.6380763463957","542.6871704746035"
"485.92742386472037","483.4797891037805"
"442.5892130800827","439.32513181010154"
"416.3492630820037","417.2478031635475"
"432.74853248859927","423.268892794348"
"456.7141229379124","409.219683655528"
"454.121289832553","557.7398945517475"
"433.98870512517885","492.511423550124"
"430.3814314849727","418.2513181018715"
"405.89448245788935","368.0755711775062"
"356.259728759177","326.9314586994844"
"337.2184331532372","340.9806678383044"
"347.414373722779","325.9279437609891"
"331.3765139972086","312.8822495607215"
"321.62099968451747","315.892794375979"
"328.5532505211855","318.9033391915506"
"330.4674691793185","318.9033391915506"
"348.2309968961078","386.1388400703645"
"391.3012427828553","594.8699472760165"
"565.6707013048529","630.9964850613906"
"526.905496609605","503.550087873401"
"457.9107622754382","433.304042179301"
"415.367678995632","404.2021089630515"
"418.4334583446737","402.19507908611797"
"432.8435796162327","434.307557117625"
"404.5778225899593","559.746924428681"
"434.623940510939","431.2970123023675"
"405.00543432316886","377.107205624021"
"375.4739912871847","394.1669595780985"
"381.0673985856524","328.93848857644645"
"342.2160375430122","377.107205624021"
"390.12421172587597","341.9841827767997"
"354.47393094190284","330.94551845343705"
"342.0376062419701","335.9630931458565"
"351.56187954375747","339.9771528998377"
"350.31078723517356","327.93497363795115"
"357.1591423558086","316.8963093145885"
"358.7620565413541","328.93848857644645"
"347.05413871695424","347.0017574692448"
"346.9333111214706","394.1669595780985"
"398.1516680491679","413.233743409395"
"411.65269104606955","381.121265377888"
"390.1181215283695","358.0404217926103"
"357.09666415114333","335.9630931458565"
"333.99772200779466","328.93848857644645"
"347.51547757618874","333.9560632688944"
"358.3094951334149","378.110720562345"
"426.3542958250713","508.5676625658775"
"428.8919963821473","499.53602811953397"
"409.3091608409181","386.1388400703645"
"378.5796119285189","356.0333919156482"
"356.11755289355364","352.0193321616956"
"338.69515785588595","322.9173989455318"
"335.8034368542861","328.93848857644645"
"335.0812968212343","318.9033391915506"
"325.9096590125259","306.8611599296355"
"312.6151904870458","305.85764499131153"
"317.8198501520129","306.8611599296355"
"318.58610092600105","301.843585237159"
"325.7601434279593","300.84007029883503"
"336.7402103783478","301.843585237159"
"314.2373545969259","301.843585237159"
"305.62652640873387","320.9103690685412"
"326.91561362758114","317.899824253198"
"323.5701470961909","317.899824253198"
"323.141912791453","305.85764499131153"
"304.30333482950135","291.80843585249147"
"290.8826279668462","290.80492091388203"
"306.25065027631416","308.868189806569"
"328.4953953502317","321.9138840070365"
"357.951362072259","386.1388400703645"
"386.85964621863815","438.3216168717775"
"402.75757696321955","393.1634446397745"
"347.57568601099854","338.9736379613424"
"335.67463231923597","334.9595782073897"
"334.77700873170886","325.9279437609891"
"311.68056734282493","317.899824253198"
"322.6784538797017","305.85764499131153"
"304.8079516948209","303.850615114378"
"307.4930298209179","302.8471001757685"
"306.32640882792737","298.8330404219015"
"309.55878133045553","314.889279437655"
"327.2734103432097","317.899824253198"
"352.1440348345465","431.2970123023675"
"438.108711116349","594.8699472760165"
"525.4638565102214","592.862917399083"
