"DataEntries: 8756, TestEntries: 24, Epochs: 200, UseTestData: true, LimitEntries: true, Firstlayer#: 6, SecondLayer: true, SecondLayer#: 14, Predict: true, Curvebehaviour: false, Stacksize: 6, useLastXDays: false, Max: 502.0, Min: 126.0, Curve behaviour: false, Historical: true, useAverage: false, priceStack1, Skewness: false, SkewStack: 12",", useNewMethod: false, decay: 0.1"
"Range: 6567 to 8756"
"Actual","Ideal"
"189.4075190313652","195.174358974412"
"190.5333207832553","193.728205128128"
"188.90007584819972","193.246153846096"
"186.39122868950267","192.041025641016"
"187.45625569254503","193.246153846096"
"183.0642333668943","189.38974358965203"
"179.43753175965412","178.784615384572"
"178.35239167664977","178.30256410254"
"179.4796616015034","177.82051282050801"
"177.51297100576133","179.50769230762"
"174.60060226109547","183.123076923048"
"171.45205223119936","187.70256410254"
"177.3787182723652","191.8"
"182.65132657453034","192.764102564064"
"186.01849903497168","193.246153846096"
"187.4985422749544","193.246153846096"
"184.13004610613055","192.764102564064"
"184.54103277355327","192.282051282032"
"185.30027281749673","192.764102564064"
"187.92714282715303","193.00512820507998"
"196.70608670736272","194.210256410348"
"203.94387594036124","195.89743589746"
"198.95517932054406","196.379487179492"
"194.95984034651514","195.65641025644402"
"192.7802843111785","194.69230769237998"
"192.83627407116535","193.487179487112"
"191.26795938935675","193.246153846096"
"188.3779635446296","190.835897435936"
"188.62201449634676","190.59487179492"
"186.4699997657826","189.630769230856"
"184.04972336636507","190.353846153904"
"185.86518971620978","191.55897435898402"
"184.1986146410083","192.764102564064"
"187.6215369662128","194.93333333339598"
"200.73649277716459","201.44102564101598"
"211.5381937102334","208.43076923085601"
"209.12564326040768","208.43076923085601"
"208.03280307928912","209.153846153904"
"204.7047307211869","207.948717948636"
"206.41288064947128","206.74358974355602"
"206.23607045224102","202.887179487112"
"207.01310044100723","200.958974358984"
"205.91944813267077","202.887179487112"
"205.51673277956363","202.887179487112"
"209.04945305204734","209.87692307695198"
"217.3486749466366","224.338461538476"
"208.25402768020604","224.09743589746"
"200.79946874413858","209.153846153904"
"196.0606377977262","198.789743589652"
"195.68811589252869","197.584615384572"
"192.328202428775","195.89743589746"
"189.45356671002483","192.764102564064"
"189.83816785852446","193.00512820507998"
"187.6367590725202","192.282051282032"
"184.54718968848653","188.425641025588"
"184.2730626164047","183.846153846096"
"184.31785559340332","187.46153846152401"
"187.90329421094768","192.282051282032"
"193.40700547386112","200.958974358984"
"201.4584150464974","206.261538461524"
"198.94598451676822","206.261538461524"
"197.5570286343784","208.43076923085601"
"196.47096002753233","206.984615384572"
"197.97734203468303","207.70769230762"
"199.4095232993982","207.225641025588"
"197.65225625829123","204.574358974412"
"199.45015531166501","203.128205128128"
"200.7844840431252","202.40512820508"
"202.625818033603","207.948717948636"
"210.15673856821778","213.733333333396"
"203.11897698415441","209.635897435936"
"198.81498097513497","207.70769230762"
"195.31338642244913","201.44102564101598"
"194.69276834890113","199.512820512888"
"193.08380885340756","195.65641025644402"
"190.2456494704261","192.523076923048"
"191.3239817484023","189.630769230856"
"187.69870164520734","187.220512820508"
"185.73424449152833","188.184615384572"
"185.60874844713152","188.425641025588"
"186.53289288607988","191.8"
"191.01739775454027","194.451282051364"
"198.89774060735687","203.61025641034797"
"206.81817399039267","214.69743589746"
"204.71182389471068","208.18974358965198"
"201.95230007898712","203.61025641034797"
"200.67936653021775","202.646153846096"
"202.18865225314482","204.815384615428"
"202.60821541654565","208.18974358965198"
"201.30805755631775","207.225641025588"
"202.557473004949","208.18974358965198"
"202.70682528779213","208.912820512888"
"205.01564737308337","211.80512820508"
"211.39483015619578","221.20512820508"
"204.68434706246404","215.179487179492"
"198.97068924301703","204.574358974412"
"195.40146818107252","201.2"
"194.35433944613905","201.2"
"192.61421971605913","196.138461538476"
"188.86683552444626","193.487179487112"
"187.4821350867145","190.59487179492"
"184.85734704312182","188.90769230761998"
"181.37801971173943","188.666666666604"
"180.8668420875607","188.90769230761998"
"181.49838016797858","190.835897435936"
"186.44414199878315","193.728205128128"
"190.3028942488554","201.923076923048"
"200.30315910838954","207.225641025588"
"198.62362232586253","207.225641025588"
"195.83322722335865","206.50256410254002"
"197.03949633820565","204.815384615428"
"197.36667179231785","206.50256410254002"
"197.83656015381945","206.50256410254002"
"197.30882230372103","206.50256410254002"
"197.94139069479985","206.74358974355602"
"199.7607640827483","206.984615384572"
"201.4807060995165","211.082051282032"
"206.03363504358464","220.72307692304798"
"201.06545553647695","210.11794871796798"
"197.12471111942523","206.50256410254002"
"194.40541017892272","201.44102564101598"
"193.1046616888915","196.138461538476"
"192.0602218958051","195.174358974412"
"188.19270601019647","192.041025641016"
"186.5472209501733","190.835897435936"
"182.97701734444763","187.70256410254"
"180.40146286806166","186.49743589745998"
"179.6920487470942","187.220512820508"
"180.39991126693988","189.871794871872"
"186.49362213972125","193.246153846096"
"191.1913602507251","199.512820512888"
"198.38143324398763","200.235897435936"
"196.1208112658574","202.164102564064"
"194.97961693734914","202.646153846096"
"194.1223192605038","201.44102564101598"
"195.34535758346823","201.44102564101598"
"194.51678157425044","201.44102564101598"
"194.19859455805266","200.476923076952"
"195.85442337502315","197.825641025588"
"196.70718977330336","198.548717948636"
"198.60825309366896","202.40512820508"
"204.09577052495536","217.589743589652"
"200.68166439379235","212.52820512812798"
"196.61664898233374","205.779487179492"
"194.5533654986441","198.06666666660402"
"194.42753178361266","192.523076923048"
"192.66517558185996","194.451282051364"
"189.6677608317877","192.764102564064"
"190.34201107723794","195.415384615428"
"188.00408243340178","193.969230769144"
"185.07486824503076","193.969230769144"
"183.47112122490043","194.69230769237998"
"183.9542594774272","193.246153846096"
"182.2024095229785","194.210256410348"
"181.96771433691654","197.584615384572"
"183.90412649100546","198.06666666660402"
"185.67022694322156","199.030769230856"
"188.78693189575424","199.030769230856"
"188.38003767525666","199.271794871872"
"191.79436591252468","199.030769230856"
"191.38850944976815","199.030769230856"
"189.8276422814008","198.30769230762002"
"189.4210564848466","198.06666666660402"
"189.5592689312793","199.512820512888"
"195.31857430712412","205.779487179492"
"199.73002499093604","207.466666666604"
"194.737079485798","206.74358974355602"
"191.07290551518832","201.44102564101598"
"190.25926453677044","200.476923076952"
"191.71746373189617","200.717948717968"
"191.8093650384484","198.789743589652"
"189.92018676520132","196.138461538476"
"190.0327159363026","195.89743589746"
"187.42891428440103","194.210256410348"
"184.48621761415544","193.487179487112"
"183.91519633643904","192.764102564064"
"184.4693548468074","192.764102564064"
"185.70847997722254","192.282051282032"
"184.19359973584403","193.969230769144"
"183.3665012103296","194.93333333339598"
"187.1937085477","196.620512820508"
"192.10253556923877","200.958974358984"
"193.37698674848494","202.164102564064"
"195.0249210495994","202.164102564064"
"194.84949501910648","203.128205128128"
"193.3072493959511","200.958974358984"
"192.65913520561588","201.68205128203198"
"193.68058423681015","201.923076923048"
"197.74787498905175","208.671794871872"
"203.49880616289218","209.87692307695198"
"199.33761320569","207.70769230762"
"195.48262062688718","203.61025641034797"
"193.2059389280065","200.958974358984"
"193.3134820985706","201.2"
"191.09629009612422","199.99487179492002"
"188.57863521341952","196.379487179492"
"186.58851488676743","194.210256410348"
"184.00863843522504","192.282051282032"
"179.36295179085914","189.148717948636"
"180.8448932751497","188.425641025588"
"178.05933639594187","192.523076923048"
"180.26346420562749","195.89743589746"
"192.27639411929363","213.49230769238"
"203.9028752373556","229.88205128203202"
"200.66443023544412","218.071794871872"
"202.22416990361694","211.80512820508"
"201.01164690904852","211.80512820508"
"204.84534929908574","215.179487179492"
"204.85441722831598","227.471794871872"
"205.2469276776944","219.517948717968"
"203.49416870212417","217.348717948636"
"204.66327702864106","224.338461538476"
"208.51372918216433","245.30769230762002"
"216.80469796978258","249.40512820508002"
"206.7555965353501","213.010256410348"
"200.38303742093888","202.164102564064"
"195.9845382534628","199.99487179492002"
"195.84902869308434","198.789743589652"
"192.60668319684225","198.30769230762002"
"189.22123372704868","195.65641025644402"
"189.99613632991026","195.65641025644402"
"187.0194200736204","194.69230769237998"
"184.84737152776816","195.174358974412"
"184.64283959642194","194.210256410348"
"185.6219057906836","195.415384615428"
"189.09168845437586","199.512820512888"
"194.74410167923727","207.466666666604"
"204.78598302111425","224.338461538476"
"203.997207737466","214.456410256444"
"201.49220662363643","210.6"
"201.65116549829074","208.43076923085601"
"203.02852515312998","210.84102564101602"
"202.70075444140747","212.52820512812798"
"200.99278098216405","210.84102564101602"
"202.14139299917292","209.39487179492"
"202.38306541663826","213.733333333396"
"204.68043766846307","229.15897435898398"
"208.46968805791107","235.666666666604"
"202.27917462889073","211.80512820508"
"197.28922549884845","208.912820512888"
"194.57863563090214","202.887179487112"
"193.97585033465555","202.646153846096"
"192.62339219594799","199.753846153904"
"188.8616666238604","197.10256410254"
"188.4023280873783","197.10256410254"
"186.14638874172488","195.415384615428"
"183.82352366147705","195.65641025644402"
"183.4525005125523","196.138461538476"
"185.60971605321382","197.584615384572"
"189.19897017911055","200.958974358984"
"195.26547541296839","208.43076923085601"
"202.5293472584981","215.661538461524"
"202.25227924702625","217.10769230762"
"199.94879501254673","213.733333333396"
"200.17256676125254","213.010256410348"
"202.74711535308558","213.97435897441198"
"202.9815799257927","213.251282051364"
"201.4651303550574","212.28717948711198"
"201.57996395454725","212.046153846096"
"201.0792405219833","214.69743589746"
"202.6760183460562","224.338461538476"
"209.22283419466748","242.415384615428"
"200.78114125295946","212.52820512812798"
"196.18416567714723","206.984615384572"
"194.4570453025086","202.646153846096"
"193.55647131445488","203.61025641034797"
"192.0812877194264","202.887179487112"
"188.30537978178566","198.30769230762002"
"188.34656576420477","199.271794871872"
"185.05040817226657","197.34358974355598"
"181.54284291412398","197.584615384572"
"181.13731444173635","198.06666666660402"
"183.6468912009417","200.235897435936"
"187.3536865338327","203.128205128128"
"193.71012736397313","208.912820512888"
"202.5401644827438","224.579487179492"
"199.8072447200113","206.50256410254002"
"199.3948667940347","203.851282051364"
"198.27106114740832","202.887179487112"
"201.10673102911193","205.53846153847599"
"201.83017749348295","214.456410256444"
"199.01576844511305","209.153846153904"
"199.46636936686477","210.11794871796798"
"201.10053669596925","215.661538461524"
"203.9682292724242","229.39999999999998"
"209.09433525304416","248.2"
"201.0084600359085","217.830769230856"
"196.3398991050217","204.09230769238002"
"194.5017309231808","202.40512820508"
"193.10648496760297","202.887179487112"
"191.50599739070162","201.44102564101598"
"187.71385326611448","199.030769230856"
"186.68491827577415","199.512820512888"
"182.92087148912879","197.34358974355598"
"181.44444677705212","197.10256410254"
"180.8897555854195","197.584615384572"
"183.58943613647517","196.620512820508"
"187.20501438025238","199.99487179492002"
"191.06494943094324","206.74358974355602"
"199.13804349324593","216.866666666604"
"197.11342026640835","206.984615384572"
"194.4108321620697","206.020512820508"
"193.47101148532278","205.056410256444"
"194.57984163642504","206.984615384572"
"194.59500963550272","206.50256410254002"
"192.35026891039658","205.29743589746"
"194.14928133743615","204.815384615428"
"195.77592801321794","205.29743589746"
"195.43554803464758","213.49230769238"
"199.05015900370483","218.55384615390398"
"194.88595444380235","208.912820512888"
"192.05981346470776","203.369230769144"
"190.10048295362066","202.887179487112"
"190.16362584003178","202.40512820508"
"189.41118313268433","201.2"
"186.08951642227464","199.030769230856"
"185.52643997191814","199.271794871872"
"181.29158787335007","196.620512820508"
"179.95096194149804","193.487179487112"
"178.93168229184897","192.764102564064"
"181.36854205120406","193.728205128128"
"182.61528715055798","195.415384615428"
"179.5214907066075","197.825641025588"
"183.31244253444294","200.958974358984"
"186.5257479489806","202.40512820508"
"187.4310193070321","202.646153846096"
"189.56901773627936","202.646153846096"
"190.93930838888582","202.646153846096"
"191.0162567542374","201.2"
"192.19727787540128","200.958974358984"
"192.52334876118323","201.44102564101598"
"195.7921804465687","202.646153846096"
"202.6823237382295","205.53846153847599"
"207.79840251374253","206.50256410254002"
"202.38476652114952","205.056410256444"
"197.8416479757703","202.887179487112"
"194.94616875979926","202.164102564064"
"194.84712593907477","203.128205128128"
"193.49321573559382","203.369230769144"
"191.67010139983938","201.44102564101598"
"193.5928561711891","202.646153846096"
"191.2914655461932","199.99487179492002"
"190.8369174066367","196.379487179492"
"190.00259683720313","196.138461538476"
"190.6662089842169","196.620512820508"
"192.50201208914606","196.620512820508"
"194.41567261670042","195.415384615428"
"195.21211274241813","195.89743589746"
"196.3300502244199","197.825641025588"
"197.8391103419732","202.887179487112"
"198.41172948590156","204.815384615428"
"200.2809982150766","204.333333333396"
"199.89119743357085","203.851282051364"
"198.86368750066845","203.128205128128"
"196.99433073745075","202.646153846096"
"198.78266857652193","203.61025641034797"
"204.98892018780745","209.153846153904"
"212.26862818238348","210.11794871796798"
"206.33273944401384","208.18974358965198"
"201.48269348163763","206.020512820508"
"196.57149709875398","204.574358974412"
"195.88942254384096","205.29743589746"
"194.03682907642883","203.369230769144"
"192.09514600669436","199.99487179492002"
"193.4832512060064","200.476923076952"
"192.61878677942389","198.30769230762002"
"189.3010490477075","195.65641025644402"
"190.06328113794052","195.65641025644402"
"190.61130214014662","197.34358974355598"
"194.3516046980342","202.646153846096"
"207.99965865794644","208.912820512888"
"220.4294169815587","213.97435897441198"
"217.5491330549316","206.261538461524"
"214.46715444615774","204.333333333396"
"211.84023118985633","204.574358974412"
"214.07299290012898","206.261538461524"
"214.15070017748883","208.18974358965198"
"214.63257512918705","209.153846153904"
"212.39942071469514","210.11794871796798"
"211.46772906499592","209.39487179492"
"218.78904457954252","210.6"
"226.49437661071005","209.635897435936"
"214.9678265388908","205.779487179492"
"206.86664307743","202.646153846096"
"200.20089381599547","201.68205128203198"
"198.5519939528182","205.29743589746"
"195.9838742800912","204.09230769238002"
"193.34396806961715","201.68205128203198"
"193.39231263067416","201.923076923048"
"191.35186914827244","201.44102564101598"
"189.08282913449867","201.2"
"188.19871902120633","200.235897435936"
"188.7284673900524","201.2"
"193.1593792463181","204.574358974412"
"201.96076240960772","214.456410256444"
"211.35736696233698","224.579487179492"
"209.12618241747393","205.29743589746"
"206.92951948071072","204.09230769238002"
"205.2782966235817","204.09230769238002"
"206.06071669678374","204.815384615428"
"206.39631742110848","215.90256410254"
"205.0256070882011","216.384615384572"
"204.82911258157503","213.251282051364"
"206.0963589941365","218.55384615390398"
"211.6798437249874","231.56923076914399"
"218.45879524258865","237.83589743593598"
"210.32649075680425","217.10769230762"
"203.18531713723746","208.912820512888"
"198.0151422832248","206.261538461524"
"195.59388020337053","207.225641025588"
"193.43099390226837","204.815384615428"
"191.5335076075321","202.164102564064"
"191.67194491084234","202.164102564064"
"190.0574761391372","200.958974358984"
"189.44627709744944","200.717948717968"
"189.63898558597452","199.030769230856"
"190.00050467754906","200.235897435936"
"194.26344481954283","205.29743589746"
"202.68165763359474","212.52820512812798"
"211.2647024355395","217.10769230762"
"211.4269396829006","213.49230769238"
"206.53050114337103","208.912820512888"
"205.11536761783964","208.671794871872"
"205.26779401322986","207.948717948636"
"203.53301030736787","208.43076923085601"
"201.89168716762302","207.70769230762"
"202.0386698384204","207.466666666604"
"203.23033644824451","210.358974358984"
"207.7324735885615","216.62564102558798"
"216.10510968197818","224.338461538476"
"206.68147195453489","208.671794871872"
"201.43444764105794","207.466666666604"
"196.62339352382395","203.851282051364"
"194.83987948348732","205.29743589746"
"193.04863442985632","204.574358974412"
"191.24029777691766","202.40512820508"
"191.66400124830153","202.40512820508"
"190.86273775846382","201.923076923048"
"190.3915809803763","201.923076923048"
"190.6982759956498","201.68205128203198"
"191.65903463235352","202.887179487112"
"195.85502770335484","204.574358974412"
"206.63721179075088","213.733333333396"
"214.62812546686962","210.6"
"212.1359829977729","210.6"
"209.6956813795527","208.671794871872"
"208.32998542363958","208.43076923085601"
"209.20685821499433","208.671794871872"
"209.85290849108637","209.635897435936"
"208.79384835637347","209.39487179492"
"207.92261851853226","210.84102564101602"
"207.2660175469444","224.09743589746"
"214.06366821595157","231.328205128128"
"220.6855519506391","251.09230769238"
"210.3899230118377","235.666666666604"
"203.17504693954118","224.338461538476"
"197.0876648888468","207.948717948636"
"195.5858276813982","207.70769230762"
"193.05262726076933","205.779487179492"
"190.84683152733743","204.333333333396"
"191.04286378374928","202.887179487112"
"189.41468307693873","201.923076923048"
"187.41212694133975","200.958974358984"
"186.25181154416896","199.99487179492002"
"186.95774910966094","199.512820512888"
"191.46051116693172","203.851282051364"
"199.4753107657366","215.661538461524"
"206.6931863315695","230.12307692304802"
"205.2694414137947","224.338461538476"
"202.5454283597836","211.323076923048"
"201.0825824361461","211.082051282032"
"202.3290509978217","211.323076923048"
"201.064816699402","209.153846153904"
"198.3597560635966","206.984615384572"
"197.8632889323265","206.020512820508"
"199.14090731977626","207.70769230762"
"200.4650681107093","210.84102564101602"
"204.41821758144766","219.035897435936"
"198.63082095910437","206.020512820508"
"194.52088213595232","203.851282051364"
"192.4714582459593","202.164102564064"
"192.1606383853578","201.923076923048"
"190.70692604916798","201.2"
"186.9104745547989","200.235897435936"
"187.24242639919007","199.271794871872"
"183.19744988571603","198.548717948636"
"180.64218258798354","198.06666666660402"
"181.14849123178504","197.825641025588"
"182.1902337904066","198.30769230762002"
"183.11081436362653","199.271794871872"
"183.81872255432353","200.717948717968"
"185.58160923645175","200.717948717968"
"188.83718693468748","201.2"
"192.15303435930952","201.2"
"192.94755889751082","201.923076923048"
"194.52203441805386","201.923076923048"
"195.09210868142674","201.68205128203198"
"194.1320681218051","201.44102564101598"
"194.88547666866054","201.44102564101598"
"196.53513986745614","202.164102564064"
"201.8717763648721","205.779487179492"
"206.56865628952028","206.984615384572"
"201.2412476251022","204.574358974412"
"195.98264604059761","202.40512820508"
"193.98020890606475","201.923076923048"
"194.25739782253402","201.68205128203198"
"192.83377929642808","201.68205128203198"
"190.21400489083362","201.2"
"191.67985907142284","200.958974358984"
"188.62077825573584","199.753846153904"
"186.8266342430016","199.271794871872"
"186.50609085472823","199.271794871872"
"187.58248186809666","197.584615384572"
"187.09870065561594","196.620512820508"
"187.7473571633712","199.030769230856"
"188.3997119834321","199.271794871872"
"190.84334178596026","200.476923076952"
"194.45241465044325","200.958974358984"
"195.37829628785954","201.2"
"196.5707517483998","201.68205128203198"
"197.0578454032177","201.68205128203198"
"197.72585246171894","201.44102564101598"
"197.0170240866164","201.68205128203198"
"198.36952548975773","202.164102564064"
"204.91528516059802","202.40512820508"
"211.39723867356074","202.40512820508"
"204.79318363007394","202.40512820508"
"200.1042101125676","202.164102564064"
"196.40317910594405","201.923076923048"
"195.689768433878","201.923076923048"
"193.8003025316012","201.68205128203198"
"191.52081363057417","200.958974358984"
"193.22476208443365","198.06666666660402"
"192.01645450342926","197.10256410254"
"188.83103413427682","197.10256410254"
"190.6505872803222","197.34358974355598"
"186.47849943159866","197.584615384572"
"191.9544238772336","201.2"
"204.74514219679716","205.779487179492"
"217.7685955791598","203.851282051364"
"216.50394530312548","202.887179487112"
"214.4046284468807","202.164102564064"
"211.26531281418931","202.887179487112"
"214.11903654189254","203.851282051364"
"214.93156726583865","205.779487179492"
"212.7546016089625","204.09230769238002"
"210.57686315378453","203.61025641034797"
"210.25778546320265","212.769230769144"
"217.92622775092616","242.415384615428"
"226.24133216696674","250.610256410348"
"213.67023116123977","213.97435897441198"
"206.90080992537546","202.164102564064"
"199.59924518864534","201.2"
"198.24638671498172","201.2"
"195.6918539432591","200.476923076952"
"192.06642518089282","199.512820512888"
"192.25291459565992","198.30769230762002"
"190.76910278953412","197.584615384572"
"188.3662672862747","197.34358974355598"
"188.55641991242143","197.825641025588"
"189.82588608285806","198.30769230762002"
"193.27839989223486","201.923076923048"
"202.02406088898096","205.29743589746"
"211.17214806445185","203.128205128128"
"209.8897949879952","203.128205128128"
"207.62783997564338","201.68205128203198"
"204.99400563276578","201.44102564101598"
"204.90925606228174","202.164102564064"
"205.72086643980407","202.164102564064"
"204.61002354655471","201.44102564101598"
"205.35589291096449","200.958974358984"
"207.1477312545715","204.815384615428"
"212.43070807858203","222.65128205136398"
"217.36037935731596","222.65128205136398"
"208.21121621043045","203.851282051364"
"202.55736508069927","200.717948717968"
"197.15808474852383","199.753846153904"
"195.9447928924612","199.512820512888"
"193.04554497572758","198.789743589652"
"190.9071985636868","197.825641025588"
"191.0231044671565","197.584615384572"
"188.57397485614356","195.89743589746"
"186.58774782884979","195.89743589746"
"185.41757629525776","196.620512820508"
"187.309838833715","197.584615384572"
"191.76960681213805","200.235897435936"
"199.45142340864646","201.44102564101598"
"209.12353904653799","201.44102564101598"
"208.18795427911385","201.2"
"204.60829749523924","199.512820512888"
"203.26345874927034","199.271794871872"
"205.67208183954764","199.512820512888"
"206.11483886219796","199.271794871872"
"204.89480469030525","199.271794871872"
"203.56922099034728","199.271794871872"
"204.3572874714705","201.923076923048"
"207.18185627685568","202.887179487112"
"210.25660684356976","201.923076923048"
"202.10991792130676","199.99487179492002"
"197.45934579825743","199.030769230856"
"193.64322653347494","197.825641025588"
"192.75866085167763","196.379487179492"
"191.17475794669787","195.65641025644402"
"186.23296684116633","193.728205128128"
"184.8156837610669","192.041025641016"
"181.01547173340296","190.835897435936"
"178.38839596485758","190.59487179492"
"178.8619860205661","191.076923076952"
"181.91023878660405","192.041025641016"
"187.79313761272152","193.969230769144"
"194.38947222009796","197.10256410254"
"203.53436178110542","199.271794871872"
"204.3228367751502","199.271794871872"
"201.48778264702207","198.06666666660402"
"199.93011689134246","197.825641025588"
"200.10997011241352","198.30769230762002"
"200.36754448724008","198.30769230762002"
"198.5804423188638","198.06666666660402"
"199.29571355211357","199.030769230856"
"201.02245206887457","203.128205128128"
"203.20104255645592","200.476923076952"
"204.7763424819603","201.68205128203198"
"198.89101967761658","199.271794871872"
"194.07542741646225","198.30769230762002"
"192.86279791455223","197.10256410254"
"190.9265129030881","196.138461538476"
"190.1093106827772","195.174358974412"
"183.48923511782343","192.764102564064"
"180.14899947440037","189.148717948636"
"175.7990255114252","186.979487179492"
"172.5033507217679","186.015384615428"
"170.58208563038238","186.738461538476"
"174.33609239769964","188.666666666604"
"179.86287603404335","190.112820512888"
"183.9194319775541","194.210256410348"
"193.3656874604448","195.89743589746"
"190.41459114521757","195.65641025644402"
"190.73092903528385","195.174358974412"
"191.17107680539493","195.174358974412"
"193.2897871092691","195.415384615428"
"195.2969783809561","195.415384615428"
"193.84981812284065","195.65641025644402"
"194.60535846373486","195.65641025644402"
"196.41133903951672","196.138461538476"
"202.7185345958697","197.584615384572"
"199.51013493680486","198.06666666660402"
"194.34023044191582","196.379487179492"
"192.75349950032103","194.69230769237998"
"189.32738743520923","192.764102564064"
"188.6835081624664","191.55897435898402"
"188.69290761603878","191.076923076952"
"182.23226153980013","188.90769230761998"
"180.00702313255093","186.49743589745998"
"173.580931882342","183.123076923048"
"171.4737324004874","181.435897435936"
"170.89600478612064","180.953846153904"
"173.82553326119557","182.15897435898398"
"177.15163379772042","184.32820512812802"
"172.87069039211488","187.220512820508"
"178.26351869045138","187.46153846152401"
"179.86112033886238","188.425641025588"
"184.35376950947705","189.630769230856"
"184.69426165408808","190.353846153904"
"186.77926403982497","190.59487179492"
"185.27866656961984","189.630769230856"
"184.54422242201127","189.148717948636"
"184.07494470567806","189.630769230856"
"187.38182184800488","192.041025641016"
"187.24179411588204","193.487179487112"
"186.43293930642835","194.210256410348"
"188.30373592164077","193.246153846096"
"185.90359363949418","191.31794871796802"
"183.65158359417967","189.630769230856"
"180.74944132153922","188.90769230761998"
"178.02945263356705","187.70256410254"
"175.93592195440917","183.60512820508"
"172.11330726877068","179.748717948636"
"168.39294593913263","172.758974358984"
"165.21751067518267","164.80512820508"
"160.13722772670238","162.153846153904"
"165.95304423958203","170.589743589652"
"167.42776497092743","167.215384615428"
"169.6808507794434","169.38461538457202"
"172.83824358855273","171.553846153904"
"175.36468724539617","179.989743589652"
"177.76864764813607","187.46153846152401"
"181.61654414670306","188.425641025588"
"179.89523514053835","189.148717948636"
"182.22003626388846","189.630769230856"
"181.57462823234187","188.184615384572"
"183.65974312080536","187.46153846152401"
"188.00338788834097","189.148717948636"
"202.06707734288796","193.728205128128"
"202.76565354722516","194.93333333339598"
"198.41246115706923","193.969230769144"
"191.7416060650987","193.00512820507998"
"184.31710656750715","192.041025641016"
"179.3209506863173","190.353846153904"
"176.16824633564832","188.184615384572"
"177.3739751491722","186.738461538476"
"173.70484285392354","173.0"
"172.9408636471255","173.482051282032"
"171.95312566435365","184.087179487112"
"172.71247341329857","185.533333333396"
"175.3323074700116","186.738461538476"
"178.8993381831375","189.148717948636"
"192.10715623371271","193.00512820507998"
"205.70251497701582","199.030769230856"
"205.9266448592632","199.030769230856"
"202.80793487561823","199.271794871872"
"201.2958760882713","198.789743589652"
"202.07775536181498","200.717948717968"
"201.6787923730156","202.164102564064"
"202.15414682261826","198.789743589652"
"201.53772907105287","202.40512820508"
"202.18880204853085","206.261538461524"
"208.0424377726703","215.420512820508"
"214.38509483440816","226.748717948636"
"201.55225318976454","201.2"
"197.65554341605863","196.861538461524"
"192.72032019433993","193.969230769144"
"191.3277685763413","192.764102564064"
"188.5956081645478","190.59487179492"
"183.13158159035314","187.70256410254"
"183.52493392527245","187.70256410254"
"179.58217764695618","185.774358974412"
"177.03304245875057","185.533333333396"
"174.6080373006338","186.015384615428"
"179.5174546654626","186.979487179492"
"184.7885912338949","188.90769230761998"
"188.5376768377807","193.969230769144"
"198.4471450731654","198.30769230762002"
"194.16104612136076","196.620512820508"
"193.96530475284231","194.451282051364"
"193.35137539135326","194.93333333339598"
"194.6116319648561","195.174358974412"
"194.77709539373964","195.174358974412"
"194.37207751466866","195.174358974412"
"195.2741264381918","195.65641025644402"
"197.58839135857204","198.789743589652"
"196.6231721940756","199.753846153904"
"196.68843393132897","199.271794871872"
"194.17806297929357","195.65641025644402"
"192.08046697653535","193.728205128128"
"191.58532352522548","191.31794871796802"
"189.3558286870965","190.112820512888"
"188.05589447349618","187.943589743556"
"180.99949646718204","184.810256410348"
"174.69201310006042","182.641025641016"
"170.1220534896545","175.89230769238"
"171.2989510211207","173.964102564064"
"167.58708393013794","177.09743589746"
"174.54089220540934","182.4"
"180.6246114861621","186.738461538476"
"186.80313612855883","189.38974358965203"
"196.63033519088907","192.764102564064"
"194.15293604494198","193.00512820507998"
"191.91042889265617","192.764102564064"
"191.9434264518048","192.523076923048"
"194.79452301240946","192.282051282032"
"195.07156885327487","192.764102564064"
"195.80235592226475","192.764102564064"
"198.58223803158813","193.246153846096"
"200.68345299625014","194.451282051364"
"204.5358384932861","195.415384615428"
"209.34036657811154","196.620512820508"
"202.29128989335084","194.210256410348"
"197.28266842533486","192.764102564064"
"194.15918946994782","191.31794871796802"
"192.7577445808086","190.353846153904"
"191.18977072623002","188.90769230761998"
"185.31885426085165","186.49743589745998"
"181.3532840032505","184.087179487112"
"175.68797453948156","178.543589743556"
"172.2775481138489","177.82051282050801"
"170.74368057825367","179.02564102558802"
"173.44726608126467","182.15897435898398"
"180.22415244911488","186.979487179492"
"184.68742332412356","189.630769230856"
"193.37331628191254","192.764102564064"
"189.44727164576898","192.764102564064"
"189.7774337257661","192.041025641016"
"189.7516210888537","191.8"
"189.75599270255128","192.041025641016"
"191.13772246839136","191.8"
"193.07672781029865","191.8"
"195.95947403897557","192.282051282032"
"199.36139989736648","194.210256410348"
"202.19605511604735","195.415384615428"
"207.21227476439782","195.65641025644402"
"203.5516490500848","193.728205128128"
"198.02082923794234","192.764102564064"
"195.44849115273553","191.8"
"194.76261940956857","191.31794871796802"
"193.09091746853906","190.59487179492"
"190.7122316928905","188.425641025588"
"191.61286066375354","187.46153846152401"
"190.00197113833124","186.738461538476"
"187.44736502337014","186.738461538476"
"188.5838019091749","187.70256410254"
"189.02046638166695","188.666666666604"
"194.1210078000785","191.31794871796802"
"200.55210606654308","192.282051282032"
"212.36211299668537","195.65641025644402"
"211.80674905162428","195.89743589746"
"206.2510458970437","195.415384615428"
"204.1947032814674","195.174358974412"
"204.53415266165354","195.415384615428"
"203.18758097142853","195.415384615428"
"198.54808641658778","195.65641025644402"
"199.55320487895187","196.379487179492"
"200.82037950431044","197.584615384572"
"205.3699535133068","197.34358974355598"
"209.6369664931936","196.620512820508"
"202.9241408724675","195.89743589746"
"200.7182481924374","195.174358974412"
"194.72968886102325","193.969230769144"
"193.64029692434252","193.00512820507998"
"192.21471412111714","191.55897435898402"
"186.7655034020578","189.630769230856"
"182.38783166603469","189.38974358965203"
"178.11847279196937","187.70256410254"
"172.6762807666743","186.979487179492"
"168.1133896146046","185.774358974412"
"171.84113584791567","184.32820512812802"
"172.75415778145577","185.29230769237998"
"171.01130187563257","186.49743589745998"
"174.65695495244174","187.46153846152401"
"180.8402050527367","187.70256410254"
"184.72045098825942","188.666666666604"
"186.4390272766847","189.38974358965203"
"187.93074139365274","189.38974358965203"
"187.6196936343831","189.148717948636"
"185.55720096268595","188.666666666604"
"185.57233723905162","188.90769230761998"
"188.96532354530814","190.353846153904"
"187.72498847092712","192.523076923048"
"187.73636264167038","193.487179487112"
"189.31752261024138","192.523076923048"
"186.62112969642067","190.353846153904"
"187.14342791672152","188.184615384572"
"186.89479823113453","187.70256410254"
"184.06861626394746","186.25641025644398"
"182.29171000551815","184.810256410348"
"179.54015946441416","183.123076923048"
"177.3402608411451","168.420512820508"
"177.65281513485047","161.430769230856"
"173.76276170075428","159.743589743556"
"175.94372698982744","155.646153846096"
"178.59032483119364","151.066666666604"
"173.49933882346429","160.466666666604"
"171.48149835134427","173.72307692304798"
"175.7162144823887","181.19487179492"
"181.370099730669","186.738461538476"
"185.23861249217154","187.943589743556"
"184.46261934419547","188.666666666604"
"186.55843037464308","188.666666666604"
"187.82795719960984","189.148717948636"
"188.8656404172172","189.871794871872"
"192.5176235115146","191.55897435898402"
"195.86888104718042","193.246153846096"
"198.9051604016435","194.210256410348"
"195.4641350532125","193.969230769144"
"193.80338211022422","193.487179487112"
"192.9863558967773","192.282051282032"
"192.14579258636604","191.8"
"189.76300567361332","190.353846153904"
"185.33820436331928","187.943589743556"
"183.1407688422088","189.871794871872"
"179.55572886621655","186.979487179492"
"177.11134425523338","178.30256410254"
"176.04758646947045","179.266666666604"
"180.56540577388824","182.15897435898398"
"182.0051476117763","189.871794871872"
"188.09459050349267","193.969230769144"
"202.91388422756935","197.10256410254"
"201.59380603527381","196.620512820508"
"196.67870204513758","196.138461538476"
"198.69059868528257","196.620512820508"
"201.1293047828444","196.620512820508"
"200.0833162263949","196.138461538476"
"199.82900857595487","196.138461538476"
"199.6000126614287","197.10256410254"
"201.8319378489618","204.09230769238002"
"208.55152211826106","199.030769230856"
"214.23306000466613","199.753846153904"
"204.08619628820526","196.861538461524"
"198.54006228774784","195.65641025644402"
"196.10842845848276","194.210256410348"
"194.4326668647655","193.728205128128"
"191.12625323646628","191.8"
"187.14888917222487","190.59487179492"
"187.8075671131315","190.112820512888"
"185.7780964537894","189.148717948636"
"183.4723379612428","189.38974358965203"
"180.3279130766043","188.184615384572"
"185.46386332345128","188.425641025588"
"188.32228254338193","191.076923076952"
"195.31119606294197","193.487179487112"
"204.5411373611907","196.620512820508"
"203.90250071710466","196.620512820508"
"198.1593477842549","195.415384615428"
"203.2330864578006","195.415384615428"
"199.23018662957787","196.861538461524"
"199.92754968249508","196.620512820508"
"200.56311930039647","196.861538461524"
"200.67228968051037","196.861538461524"
"201.36615519693783","197.584615384572"
"202.9870047226323","198.30769230762002"
"203.01320021368997","198.30769230762002"
"200.95585149189168","196.861538461524"
"193.5593554468145","195.174358974412"
"191.8821912853619","193.728205128128"
"190.4695514988352","193.487179487112"
"188.7895668924772","192.523076923048"
"183.14839615857028","190.59487179492"
"179.1452314929579","189.148717948636"
"177.89385069820105","188.425641025588"
"176.71795314275286","188.425641025588"
"175.60920399338738","187.943589743556"
"180.29173259337904","188.425641025588"
"187.47583919665027","191.8"
"193.93219488925837","194.93333333339598"
"206.11914770137872","203.61025641034797"
"206.23386951950917","203.851282051364"
"202.40456357088084","198.548717948636"
"204.15591708442332","197.34358974355598"
"207.83146619684254","201.2"
"208.09041462945905","200.235897435936"
"209.06102398866125","200.235897435936"
"209.35465999749104","202.164102564064"
"208.4137416387619","206.74358974355602"
"215.84887788152201","213.733333333396"
"221.1276165247105","217.10769230762"
"210.72005450912536","202.887179487112"
"206.6879163227156","197.10256410254"
"197.84297712632195","195.89743589746"
"195.30245662591125","195.415384615428"
"193.14113751537775","193.969230769144"
"191.3393568028037","191.8"
"191.10291037225323","188.425641025588"
"188.70657213210762","188.425641025588"
"186.73822754622512","186.015384615428"
"187.95211933689154","185.05128205136398"
"188.41308937136967","187.46153846152401"
"192.83028725624297","191.55897435898402"
"203.28862423229822","196.138461538476"
"213.9303764021705","208.43076923085601"
"211.11508143504568","209.153846153904"
"206.55596648862212","202.887179487112"
"203.25926507081846","201.68205128203198"
"204.06050632082696","204.333333333396"
"202.2443277698761","206.261538461524"
"196.90066901912547","206.50256410254002"
"194.44029073926833","204.815384615428"
"193.82473378353868","203.61025641034797"
"191.19160230063494","205.29743589746"
"186.78441541829505","202.40512820508"
"189.5743935661959","196.620512820508"
"191.73441538457539","194.451282051364"
"191.67200248769205","192.764102564064"
"188.56302835468824","192.041025641016"
"188.79555347994514","190.353846153904"
"181.59024035504729","188.184615384572"
"171.92223568504343","180.47179487187202"
"164.26893486507356","174.20512820508"
"163.98933699925863","173.482051282032"
"155.8240543882327","177.09743589746"
"168.21836519029483","179.50769230762"
"183.82337128126835","187.46153846152401"
"199.8679373050463","191.076923076952"
"206.31241911671881","194.451282051364"
"200.07542024992344","195.174358974412"
"201.6719015446365","194.93333333339598"
"198.48611461719975","194.69230769237998"
"195.4546440270815","194.451282051364"
"195.07443693242365","193.969230769144"
"194.82078993178192","193.00512820507998"
"197.21478073619272","193.487179487112"
"198.26333295955408","194.451282051364"
"188.84112731096144","194.93333333339598"
"184.75988429139167","194.69230769237998"
"193.106228872435","193.246153846096"
"195.9805742854275","191.31794871796802"
"191.32040739460314","190.112820512888"
"185.05370661910254","189.38974358965203"
"180.20524822496978","188.666666666604"
"174.13697755393284","187.46153846152401"
"173.34068794924275","186.015384615428"
"166.9422435898131","181.917948717968"
"167.85167965032414","180.230769230856"
"164.82106337198292","179.989743589652"
"171.0103297947647","182.15897435898398"
"174.39993905672176","183.846153846096"
"173.6520362713661","184.810256410348"
"176.77618091408394","186.015384615428"
"181.98030478736283","186.49743589745998"
"184.08992115448572","187.46153846152401"
"185.23684642651833","188.184615384572"
"183.99643103783828","188.425641025588"
"183.8379949969654","188.184615384572"
"182.18634843702253","187.943589743556"
"182.1527164928063","188.425641025588"
"187.17716052800478","190.112820512888"
"186.79198417327478","191.31794871796802"
"186.3781277614878","192.282051282032"
"189.22191835014678","191.076923076952"
"188.26865918545775","190.112820512888"
"187.20034166420447","188.90769230761998"
"186.65453552252876","188.425641025588"
"186.03679468984467","187.46153846152401"
"183.5512936252857","186.979487179492"
"183.2113117125356","187.220512820508"
"180.0373806830001","186.49743589745998"
"178.5690425693837","184.32820512812802"
"177.65523144878335","183.36410256406398"
"180.11619216373032","186.738461538476"
"182.45465701598621","186.25641025644398"
"180.89965808521765","188.184615384572"
"184.05420469803605","188.666666666604"
"188.73490050336125","188.90769230761998"
"190.68670864191694","189.38974358965203"
"191.550756759117","190.353846153904"
"191.39203399734257","191.076923076952"
"190.28289942891007","191.076923076952"
"188.68639260701954","191.31794871796802"
"188.96715512362277","191.8"
"191.20768170919717","193.969230769144"
"193.45974886292635","194.93333333339598"
"195.68990461897073","194.93333333339598"
"193.0264763430882","194.210256410348"
"191.14892350166465","192.764102564064"
"189.79551304065708","191.55897435898402"
"189.33510726629387","190.835897435936"
"188.4774380896553","189.148717948636"
"184.94359551575516","187.943589743556"
"180.2714214229275","187.46153846152401"
"176.60455014524197","186.738461538476"
"172.61570171862715","186.49743589745998"
"175.587503821911","181.435897435936"
"176.06233905489444","183.60512820508"
"178.86119325097548","189.38974358965203"
"189.61165388889833","200.235897435936"
"203.41854991501043","216.384615384572"
"205.13491774124304","196.138461538476"
"203.61894561464874","195.65641025644402"
"203.5028900315711","195.415384615428"
"205.6762848307031","195.65641025644402"
"208.8384447814176","195.415384615428"
"208.09115547514858","195.415384615428"
"204.0512150896797","198.06666666660402"
"205.8925631129227","224.09743589746"
"210.07566260731394","216.384615384572"
"218.02519362020462","206.50256410254002"
"205.78103367654006","195.65641025644402"
"199.32459764155973","194.210256410348"
"196.83097469687715","192.282051282032"
"194.64831570556038","191.076923076952"
"192.3839702705013","189.38974358965203"
"185.77187266391917","187.46153846152401"
"183.82482759843015","187.220512820508"
"180.22923098216404","186.015384615428"
"175.33476660762415","183.846153846096"
"171.57561621402257","177.338461538476"
"173.18218568100073","177.82051282050801"
"178.80797232217256","192.764102564064"
"184.45273438117886","198.06666666660402"
"193.9499623822754","208.43076923085601"
"188.7996875421374","194.210256410348"
"189.7196213086101","192.523076923048"
"189.31924938402818","192.764102564064"
"188.32735044425237","192.041025641016"
"189.12847483651865","198.06666666660402"
"190.06624329476415","195.65641025644402"
"192.58399454064647","199.271794871872"
"195.32636180516363","209.635897435936"
"195.5374423095641","209.87692307695198"
"197.28389209855783","194.451282051364"
"193.3996086271398","193.00512820507998"
"191.10120838318255","191.8"
"191.30524640664666","190.353846153904"
"189.05162128094557","189.871794871872"
"188.15386764026613","187.943589743556"
"180.47282411019077","185.05128205136398"
"171.84014781555837","182.15897435898398"
"168.85172635141052","173.241025641016"
"166.14626920834831","174.446153846096"
"163.29952967523255","168.17948717949199"
"171.48012460377817","176.133333333396"
"180.4130877623948","186.25641025644398"
"184.99670823415397","189.148717948636"
"193.35351877543923","192.041025641016"
"190.67339694839848","192.523076923048"
"191.40643695711438","191.55897435898402"
"191.0532721427739","191.8"
"191.62065646612552","191.8"
"193.63760870178086","191.55897435898402"
"194.37808949935024","192.764102564064"
"196.15507886248432","194.451282051364"
"198.29988325241135","195.174358974412"
"199.58547652299814","195.415384615428"
"202.0339183393184","195.415384615428"
"196.4803793609409","193.969230769144"
"192.6915523478611","191.55897435898402"
"192.19201157057137","189.630769230856"
"190.95348164476502","188.90769230761998"
"190.07556293201867","187.46153846152401"
"183.04219477295038","185.05128205136398"
"178.97376263301885","184.32820512812802"
"177.64522252488658","175.651282051364"
"175.54142641391394","174.687179487112"
"172.88048864868614","169.38461538457202"
"178.29309271019198","173.72307692304798"
"184.77785214984087","186.738461538476"
"187.7510418402913","189.871794871872"
"197.89361373922614","192.523076923048"
"197.20896098117805","194.210256410348"
"196.11675392264465","193.00512820507998"
"195.0080577396592","193.00512820507998"
"196.19959674985049","193.246153846096"
"198.0042224930754","193.487179487112"
"198.68808490136664","193.728205128128"
"200.15405308727026","194.210256410348"
"201.7210601086344","196.138461538476"
"205.91663655939388","200.235897435936"
"211.96321339905253","197.10256410254"
"204.07985094514078","195.89743589746"
"199.35347961409872","193.246153846096"
"195.58251678239503","191.31794871796802"
"194.8080059322181","191.55897435898402"
"192.85330035567827","189.630769230856"
"190.82968705324657","188.184615384572"
"191.0106168930111","186.25641025644398"
"189.3705053860848","185.774358974412"
"187.58198950770407","185.774358974412"
"187.7696630823669","186.979487179492"
"189.26363773047606","187.70256410254"
"194.37193877114424","189.148717948636"
"202.50468782594186","193.00512820507998"
"211.9782085353857","196.861538461524"
"212.9108844712008","198.06666666660402"
"209.67471969153422","195.89743589746"
"207.62372413731248","195.415384615428"
"206.65937995452077","195.174358974412"
"204.05515470376628","196.620512820508"
"201.39994931592616","195.89743589746"
"200.43091775016848","196.138461538476"
"200.6028653827334","196.379487179492"
"205.15114934252588","196.861538461524"
"207.16498972493324","196.379487179492"
"202.07773742359478","194.93333333339598"
"197.11333878173411","193.487179487112"
"193.94775430508005","191.076923076952"
"193.24982287907292","190.353846153904"
"191.7255739939089","189.148717948636"
"188.07433467658623","187.70256410254"
"185.6390947022372","180.71282051288802"
"180.63379357933457","172.27692307695202"
"179.19755387916302","167.215384615428"
"178.41867163911857","166.251282051364"
"181.19678418698751","166.97435897441198"
"183.99769929298637","170.589743589652"
"184.93210419925904","180.953846153904"
"188.7366665493011","183.123076923048"
"191.71096281770804","186.49743589745998"
"193.02672080083562","188.90769230761998"
"191.96088149333053","189.38974358965203"
"191.69414079613477","189.38974358965203"
"191.84850423238305","188.666666666604"
"190.09639286737078","188.425641025588"
"192.02745494928993","189.148717948636"
"193.98605789840627","190.112820512888"
"197.38213875436173","191.31794871796802"
"200.33785411069323","191.8"
"197.040485608288","190.835897435936"
"193.64770283230166","189.148717948636"
"191.4557790845176","187.943589743556"
"191.8998623984536","186.49743589745998"
"191.47510415539293","185.533333333396"
"188.20422596292644","182.4"
"187.6461633797661","180.47179487187202"
"187.17117639196204","170.10769230762"
"184.96964029496073","163.84102564101602"
"183.68136001160363","158.53846153847599"
"185.35858042831944","158.779487179492"
"187.91907415836516","161.912820512888"
"185.3957078831905","164.323076923048"
"186.43181696981367","166.97435897441198"
"188.16920742905288","175.89230769238"
"190.32412381494913","186.015384615428"
"190.7215137111379","186.738461538476"
"190.4599259881914","187.46153846152401"
"188.0447297104324","186.738461538476"
"190.33317083178787","186.25641025644398"
"189.85972361423626","186.738461538476"
"193.11904363764359","188.425641025588"
"198.10434080907135","190.353846153904"
"201.514553472567","191.31794871796802"
"197.5670914377418","190.353846153904"
"194.7351637736595","189.148717948636"
"192.80967162137918","187.70256410254"
"192.42357654158738","186.49743589745998"
"190.77935856206088","185.533333333396"
"186.60558627285252","182.641025641016"
"181.82483306253854","185.05128205136398"
"177.42202724296078","184.810256410348"
"170.89071901637516","185.05128205136398"
"173.58969958441048","185.29230769237998"
"170.86013526476174","186.015384615428"
"175.19134573651056","187.943589743556"
"187.02211021315935","190.835897435936"
"201.82925957405433","193.728205128128"
"200.75122966073323","194.69230769237998"
"199.18353083986955","193.969230769144"
"197.46491053140852","194.210256410348"
"197.3970906132775","194.210256410348"
"196.77847225722746","193.969230769144"
"197.2546790498206","193.969230769144"
"199.85359555350772","194.210256410348"
"201.9706082898472","195.415384615428"
"207.09349699871123","196.379487179492"
"212.65287360708825","196.379487179492"
"206.9599843274592","194.69230769237998"
"199.89681075333402","192.523076923048"
"196.2425277848656","190.59487179492"
"194.4981115839844","188.90769230761998"
"192.4373414800031","188.184615384572"
"187.05171807111128","185.774358974412"
"186.85736857039652","185.05128205136398"
"183.63365002796957","184.32820512812802"
"181.3452911227675","184.32820512812802"
"180.7889497524103","184.810256410348"
"182.42279885000315","185.533333333396"
"188.41935849769337","187.46153846152401"
"194.96792064890593","191.55897435898402"
"205.08902965168141","195.415384615428"
"205.56536522194233","196.861538461524"
"203.39294398704868","195.174358974412"
"203.0897083057942","194.69230769237998"
"205.47076323237093","194.69230769237998"
"205.7487666253502","194.69230769237998"
"206.5439779179288","194.69230769237998"
"206.81281874160143","195.65641025644402"
"208.48784900864234","199.512820512888"
"216.13649694651463","199.271794871872"
"222.04218022015692","198.06666666660402"
"212.74737654724126","195.65641025644402"
"205.15520178012326","193.969230769144"
"198.50633275481334","191.55897435898402"
"196.6576804682577","190.353846153904"
"193.42747712379935","188.90769230761998"
"191.18878643425757","186.015384615428"
"190.9569790718204","185.774358974412"
"186.45718816706756","185.05128205136398"
"185.18019691686237","185.05128205136398"
"185.22770109528895","185.29230769237998"
"185.1836970931202","185.774358974412"
"190.0063298689196","187.70256410254"
"198.04237227420185","191.076923076952"
"207.19966119417222","195.65641025644402"
"209.015956987972","197.584615384572"
"206.18109253393925","195.415384615428"
"203.67309006405563","194.93333333339598"
"204.95621250246526","195.415384615428"
"204.22863574401524","195.415384615428"
"203.89916901948692","194.93333333339598"
"205.45700206895452","195.65641025644402"
"206.27172146558144","198.06666666660402"
"213.8911058329407","199.271794871872"
"222.0760571237825","198.06666666660402"
"214.338919268444","195.415384615428"
"206.87602450704327","193.969230769144"
"199.53900259381493","191.8"
"197.17934706900894","190.112820512888"
"193.8800867228839","188.184615384572"
"192.652237048178","186.49743589745998"
"193.13579507882008","186.25641025644398"
"191.08672237998536","185.29230769237998"
"188.61955859079382","185.29230769237998"
"187.73580676357057","185.29230769237998"
"187.13015274656303","185.774358974412"
"189.5742520969259","187.943589743556"
"195.36859164399547","192.041025641016"
"202.43301963335057","194.69230769237998"
"203.40266712450693","195.415384615428"
"200.88277975867337","193.969230769144"
"200.7331552361387","193.487179487112"
"202.91534695763244","193.246153846096"
"204.26627245905297","193.487179487112"
"201.70238951236996","193.728205128128"
"202.6296540516404","193.487179487112"
"204.78830172018763","193.728205128128"
"209.0069027440365","194.210256410348"
"213.03743562700726","193.728205128128"
"206.98419394008883","192.523076923048"
"200.9422697257914","191.076923076952"
"196.04213348189336","188.666666666604"
"194.90299366149338","186.979487179492"
"192.81154939570868","185.533333333396"
"189.32033245552577","183.36410256406398"
"189.95661264156234","183.36410256406398"
"185.72048955839426","182.4"
"183.1703895750748","181.435897435936"
"181.31623371610394","181.917948717968"
"182.38751240628056","182.15897435898398"
"183.88707581777476","183.123076923048"
"186.20275132199663","184.569230769144"
"194.55932551353374","186.25641025644398"
"194.39150009438015","186.979487179492"
"195.00901220206225","186.25641025644398"
"193.4641092178448","185.774358974412"
"194.7553247351495","185.533333333396"
"194.18510308522397","185.29230769237998"
"192.81157884702836","184.810256410348"
"194.35565004648774","184.810256410348"
"196.40097751825218","185.05128205136398"
"197.41243381779347","185.774358974412"
"201.41233302141327","186.015384615428"
"197.67149926388151","185.29230769237998"
"194.5982220473042","183.60512820508"
"193.4878037371875","182.4"
"193.24897351478091","182.4"
"191.75386593095874","181.19487179492"
"188.21096961653575","178.543589743556"
"188.96761433303465","169.38461538457202"
"184.50866913058576","159.984615384572"
"181.9296093437851","156.369230769144"
"180.94197014301213","148.89743589746"
"181.93974773205488","148.89743589746"
"181.5916972340955","147.69230769238"
"175.96708611366418","151.066666666604"
"173.94612127465598","166.010256410348"
"180.98759216690036","175.410256410348"
"182.14896598819806","181.435897435936"
"182.8297135151524","182.882051282032"
"183.36399565693029","183.123076923048"
"180.59771195132976","182.882051282032"
"180.5205535999641","182.4"
"185.2076833932286","182.4"
"192.73425124721794","182.4"
"198.1479990734481","184.810256410348"
"202.9672273685348","184.810256410348"
"189.77580412672162","183.123076923048"
"181.20901608630214","181.435897435936"
"183.10959455626917","180.71282051288802"
"183.86546604252314","179.748717948636"
"183.0798661602842","179.266666666604"
"181.87349883427916","175.410256410348"
"179.41006536681525","160.94871794863602"
"173.87061621009366","149.379487179492"
"169.99131354871028","139.738461538476"
"168.945788556327","134.19487179492"
"173.3060880947957","133.71282051288802"
"171.08910732378968","135.641025641016"
"165.96014256078234","135.882051282032"
"165.5328141804986","148.415384615428"
"172.19540113861035","150.34358974355598"
"176.46211013517242","156.128205128128"
"180.93923310895985","166.733333333396"
"181.90415443301367","172.758974358984"
"177.55137321915265","170.348717948636"
"174.67576109427262","165.769230769144"
"172.04784299267513","160.94871794863602"
"174.43882587189293","163.117948717968"
"176.83806455610753","167.456410256444"
"177.19967006871022","178.061538461524"
"176.7161998071043","177.09743589746"
"177.6634188512837","172.27692307695202"
"176.66064423014706","166.010256410348"
"175.05704191327317","164.323076923048"
"170.71863118948778","156.128205128128"
"172.90375798613604","137.087179487112"
"161.57708340696266","131.30256410254"
"159.3907047169428","126.964102564064"
"159.0593801164028","126.48205128203199"
"164.78132442054164","127.92820512812798"
"163.48546496187194","132.50769230762"
"160.82326864721526","138.29230769237998"
"157.07885351764628","132.748717948636"
"155.41169285676247","147.210256410348"
"158.6246363134585","148.174358974412"
"162.79188171397982","160.70769230762002"
"165.1770909611982","165.046153846096"
"168.1480483724371","167.69743589746"
"166.8266744126209","166.49230769238"
"161.8123455934616","166.97435897441198"
"161.64945090032643","168.90256410254"
"165.4249852792947","175.169230769144"
"169.69799781372552","178.784615384572"
"172.25373349526612","178.061538461524"
"171.31321816857684","175.169230769144"
"171.17037401037592","168.661538461524"
"164.27036268641803","164.323076923048"
"162.72526901134856","162.39487179492"
"157.57073296057942","157.09230769238002"
"161.61277594567144","148.65641025644402"
"167.6275337088741","156.369230769144"
"158.9377138927457","148.65641025644402"
"161.7569692336444","145.76410256406402"
"156.72037132703878","146.728205128128"
"164.14252619428498","153.717948717968"
"167.76399412440406","162.39487179492"
"167.7269108357705","172.517948717968"
"177.35900726070693","176.85641025644398"
"183.83464881534135","179.02564102558802"
"186.50995988580837","181.19487179492"
"190.4192661909412","181.917948717968"
"191.7302261843355","182.15897435898398"
"191.2227848880123","182.4"
"192.0958981948689","182.882051282032"
"193.0665560432453","183.60512820508"
"197.90830964840413","185.774358974412"
"202.13340225336412","186.979487179492"
"206.72370525811337","186.738461538476"
"203.35000437420507","186.015384615428"
"198.57392142755353","184.810256410348"
"195.65758336803657","183.36410256406398"
"195.10111909467741","182.882051282032"
"193.08663068026146","181.19487179492"
"190.2879600452739","176.374358974412"
"191.15117340737714","179.266666666604"
"187.14025943701807","177.09743589746"
"182.56187692167458","175.410256410348"
"181.90138511606338","175.169230769144"
"180.39238008258678","177.579487179492"
"180.0405572806357","179.50769230762"
"179.22758896772905","181.676923076952"
"184.5543127141891","183.123076923048"
"186.96725090584445","184.569230769144"
"188.81570711081727","184.810256410348"
"188.86964294932113","184.810256410348"
"189.36964351069295","184.569230769144"
"189.1031524354612","183.36410256406398"
"187.50472295452178","182.641025641016"
"188.87453058041012","183.123076923048"
"191.38987563295342","184.087179487112"
"188.96060520664312","184.569230769144"
"188.75046374423846","184.32820512812802"
"188.82485131841844","183.36410256406398"
"187.25649497769768","181.676923076952"
"185.5605192162164","179.02564102558802"
"181.5527835764184","176.374358974412"
"174.33018731040704","170.589743589652"
"171.56325636546916","164.80512820508"
"163.43576161853704","164.564102564064"
"157.2967647109279","153.958974358984"
"161.59105082244758","149.379487179492"
"158.79864057678","147.69230769238"
"165.68180386797937","148.174358974412"
"169.61558909560154","158.29743589746"
"171.9120370965119","166.251282051364"
"178.62955363162584","175.89230769238"
"183.49723365627185","179.02564102558802"
"185.5921890396551","180.230769230856"
"187.24723885520845","180.71282051288802"
"185.35455078770767","180.71282051288802"
"185.63204971748146","180.230769230856"
"184.6452423178056","179.748717948636"
"185.32603142763494","179.989743589652"
"188.1124461019325","181.676923076952"
"190.4315318861279","182.641025641016"
"192.88367945438165","183.123076923048"
"194.85582199332077","182.641025641016"
"193.42792074935653","181.435897435936"
"193.15495680254435","180.47179487187202"
"193.00904057030579","179.50769230762"
"192.19173513350123","176.85641025644398"
"189.43766748228774","170.348717948636"
"189.80457389364636","163.117948717968"
"185.5373846855165","161.67179487187198"
"181.92250737802217","161.189743589652"
"181.29131567533088","161.430769230856"
"181.3780019149793","161.67179487187198"
"182.59659173609703","171.312820512888"
"181.3140249685365","180.953846153904"
"185.63882963946273","183.123076923048"
"187.52145518138536","184.32820512812802"
"188.90647345956347","184.810256410348"
"190.5639494503504","185.774358974412"
"192.26169570207975","185.533333333396"
"193.17550189432188","185.29230769237998"
"193.07202450298917","184.810256410348"
"195.58026659583987","185.05128205136398"
"198.81383563989257","187.220512820508"
"202.49562993342053","188.666666666604"
"208.5644747110408","189.630769230856"
"203.94447056710732","188.666666666604"
"199.53307498172182","187.220512820508"
"195.65004030402275","185.29230769237998"
"195.0614874468182","184.569230769144"
"193.66686371143442","184.087179487112"
"191.94195543203944","182.4"
"192.4895747385931","185.29230769237998"
"189.73381994380776","180.953846153904"
"188.9707226283656","176.374358974412"
"188.97267935423298","174.446153846096"
"189.0336513973783","175.169230769144"
"190.67992630252348","177.09743589746"
"189.61954736297642","177.09743589746"
"189.58300845035726","181.19487179492"
"193.6643416975217","185.05128205136398"
"195.71386951071733","186.015384615428"
"195.87233351212933","187.220512820508"
"195.9368487039007","187.46153846152401"
"196.0255034857129","187.70256410254"
"194.7193599363269","187.70256410254"
"193.76675029419135","188.184615384572"
"195.44044130577134","193.00512820507998"
"198.87274062290578","206.020512820508"
"199.9800502934424","206.261538461524"
"193.80490581699732","194.210256410348"
"187.1548860849909","187.70256410254"
"187.2682210067042","185.533333333396"
"188.7879566571422","184.810256410348"
"188.21549947670076","183.846153846096"
"185.17936790785055","170.830769230856"
"182.90093002090615","168.17948717949199"
"180.2460498868471","177.82051282050801"
"178.93841873706396","176.85641025644398"
"179.98479328992792","175.410256410348"
"184.9190676718513","175.410256410348"
"189.09796590217587","172.27692307695202"
"189.54326528907836","172.27692307695202"
"188.294434423479","169.38461538457202"
"188.79438838564545","169.38461538457202"
"190.6167461442979","173.72307692304798"
"191.77764257388736","177.82051282050801"
"193.75068179304475","178.30256410254"
"194.49455902771402","177.82051282050801"
"194.86453064504076","178.061538461524"
"198.1929484884326","179.50769230762"
"195.58341564179892","181.435897435936"
"198.26886966964543","184.810256410348"
"196.99315959243296","186.25641025644398"
"195.0097795084675","185.05128205136398"
"192.79576838019673","181.19487179492"
"192.54283376645637","178.30256410254"
"190.74620762286685","176.133333333396"
"187.6768280196931","169.866666666604"
"188.28204826769033","178.543589743556"
"185.9434795951627","177.09743589746"
"180.6024525371049","175.410256410348"
"182.45618009353882","175.651282051364"
"184.12014050059759","177.579487179492"
"188.9409764262482","176.85641025644398"
"189.94539580799318","175.89230769238"
"197.80192581163095","194.451282051364"
"196.22609013110508","194.69230769237998"
"202.16641566264747","193.728205128128"
"201.4009966645081","195.415384615428"
"202.9873037910002","198.30769230762002"
"201.5292388776727","188.666666666604"
"201.96901076956556","189.38974358965203"
"205.26734910505684","190.59487179492"
"207.01933587024388","193.00512820507998"
"208.66272531307794","193.246153846096"
"205.54802962778408","193.728205128128"
"203.8586818570908","189.871794871872"
"200.68590949088528","188.425641025588"
"196.8010521667905","186.738461538476"
"195.97035189693653","185.533333333396"
"194.20565263892115","183.123076923048"
"190.3706766468053","178.543589743556"
"186.18725263617193","177.82051282050801"
"184.53300030022234","171.553846153904"
"180.5050388733358","164.80512820508"
"180.50791735348926","161.189743589652"
"181.5110859956036","159.984615384572"
"184.9682576501899","169.38461538457202"
"190.3584625402559","185.29230769237998"
"199.00933949702585","192.041025641016"
"195.36890860865697","186.015384615428"
"192.54772054617388","185.774358974412"
"190.19559460201535","185.774358974412"
"186.06091571635585","185.533333333396"
"184.4671741663963","185.533333333396"
"182.0066850311771","185.774358974412"
"178.7123072871163","185.774358974412"
"183.86527044847833","186.25641025644398"
"189.5632268134085","186.49743589745998"
"191.1566104056714","186.25641025644398"
"184.95626948432533","186.015384615428"
"179.3022295317725","185.05128205136398"
"185.49996940463978","186.25641025644398"
"182.59998454337665","177.579487179492"
"182.2390274450454","177.579487179492"
"165.8135702159336","154.441025641016"
"151.87767886972168","134.917948717968"
"149.31438244436498","126.0"
"154.3841032171302","126.0"
"164.2580954075853","143.59487179492"
"172.3505831223832","145.523076923048"
"179.81284535907497","162.876923076952"
"187.98274854755567","196.861538461524"
"187.00135459064052","184.810256410348"
"187.80134794986193","184.569230769144"
"188.71952693832037","185.29230769237998"
"189.33221667519547","185.29230769237998"
"189.5357514830862","185.05128205136398"
"187.02898639950843","185.05128205136398"
"187.18235368229765","185.533333333396"
"190.71227676101392","185.774358974412"
"196.19102496772203","186.49743589745998"
"197.20836687931052","186.49743589745998"
"193.86636134424515","186.25641025644398"
"190.42497208147756","185.29230769237998"
"188.25120794012366","184.087179487112"
"186.31843745088094","182.15897435898398"
"186.1292696559875","180.47179487187202"
"184.12973492703554","174.446153846096"
"178.6237147883567","138.29230769237998"
"185.64478411145345","156.128205128128"
"193.52523485542235","189.630769230856"
"198.11914083701103","188.666666666604"
"197.9570023452922","188.90769230761998"
"199.93216006218898","189.630769230856"
"200.82880307641085","189.630769230856"
"199.6281635805446","188.666666666604"
"195.2311090640606","188.184615384572"
"191.58725019436923","188.90769230761998"
"191.92477718008848","190.59487179492"
"192.08795471745765","193.00512820507998"
"195.88398419807385","194.451282051364"
"196.86120252902222","188.425641025588"
"194.28507259880573","186.49743589745998"
"193.33981215522124","185.05128205136398"
"193.21816740352727","181.676923076952"
"191.66386733956944","178.784615384572"
"190.25342645680578","159.743589743556"
"188.18302234509167","177.338461538476"
"187.3484124752124","163.358974358984"
"183.2336301278245","154.441025641016"
"182.80058070480152","155.164102564064"
"183.7810758112121","162.876923076952"
"189.13883928723692","164.323076923048"
"192.7474809393773","167.69743589746"
"199.47666271149205","191.076923076952"
"201.5587995012894","195.65641025644402"
"199.7622937484914","195.174358974412"
"199.7941331747607","195.89743589746"
"200.10856421342265","205.779487179492"
"200.04740196307284","198.30769230762002"
"197.96465941650467","192.041025641016"
"200.6791279931553","188.425641025588"
"200.47066100727756","189.38974358965203"
"205.71697374333286","204.815384615428"
"211.2057826518813","219.758974358984"
"206.44042150288823","213.49230769238"
"198.66983733062568","205.779487179492"
"194.42851939617543","187.220512820508"
"192.88412843753008","185.774358974412"
"191.843072004266","183.846153846096"
"188.33837941349003","181.917948717968"
"185.2090448144733","184.810256410348"
"186.5950517358313","180.71282051288802"
"184.27912071168527","176.374358974412"
"181.5433731989394","161.67179487187198"
"183.48199330895744","157.815384615428"
"188.69516811586539","152.753846153904"
"188.3576917642709","175.169230769144"
"188.99710688712543","173.72307692304798"
"195.0090637281961","188.425641025588"
"195.0430915407391","185.533333333396"
"193.96901976513232","186.015384615428"
"195.15639954577122","185.774358974412"
"196.96869843392045","185.29230769237998"
"194.5546384289718","184.32820512812802"
"194.75586451725036","185.05128205136398"
"198.41135411196905","185.29230769237998"
"201.32690010970137","186.979487179492"
"203.18565040123343","191.8"
"200.46131902130534","189.630769230856"
"196.01939620237366","187.220512820508"
"193.25978471898534","186.738461538476"
"192.17807305007997","182.4"
"190.39499837245333","182.15897435898398"
"188.23033647243074","178.061538461524"
"185.2645701929933","174.446153846096"
"182.90647284671533","126.0"
"181.82804770788704","134.676923076952"
"183.88516119830376","143.59487179492"
"189.493149704397","172.517948717968"
"190.41210385394743","176.374358974412"
"187.1763947917272","177.09743589746"
"181.96020800263906","178.784615384572"
"182.54985840709094","173.482051282032"
"187.7665465945608","186.25641025644398"
"193.23667207527967","193.969230769144"
"192.81183766524651","188.666666666604"
"193.60272762302895","188.425641025588"
"184.74000443013713","185.29230769237998"
"187.9706181331484","185.29230769237998"
"196.4195531887496","192.764102564064"
"203.53320345322322","208.18974358965198"
"200.8541509063672","223.133333333396"
"199.1507053302709","224.338461538476"
"194.02718192374925","209.153846153904"
"193.38582501309884","197.34358974355598"
"193.3691126162338","193.246153846096"
"191.2160337352497","186.738461538476"
"193.38834899158573","188.425641025588"
"190.95642850100336","185.533333333396"
"186.95280870758975","184.32820512812802"
"187.20556895751298","183.846153846096"
"179.59611332031633","184.087179487112"
"190.7649149989909","190.59487179492"
"199.9605906915363","202.887179487112"
"217.88823576559454","231.56923076914399"
"225.09971337345144","241.210256410348"
"217.4309829490869","230.846153846096"
"214.3296562335633","226.748717948636"
"215.42945953418928","226.02564102558802"
"215.7716090732232","225.543589743556"
"214.10623346053586","223.856410256444"
"211.6184108501638","219.517948717968"
"212.30860716962243","216.62564102558798"
"222.6138581891519","218.55384615390398"
"230.47563036647102","227.953846153904"
"234.59076843097333","235.425641025588"
"216.29985703275872","219.758974358984"
"197.26455388090187","198.06666666660402"
"190.64888076789052","190.59487179492"
"184.53568144843962","186.015384615428"
"182.03562978299905","184.087179487112"
"177.88297620642822","182.641025641016"
"186.74318067754132","181.435897435936"
"184.87197035348518","180.71282051288802"
"185.72248943188802","176.133333333396"
"187.75528041047409","180.47179487187202"
"194.24677663262537","186.25641025644398"
"205.63045390806138","197.10256410254"
"213.86848564854353","211.80512820508"
"214.7678488735113","220.72307692304798"
"209.26730917413028","217.589743589652"
"205.7629889113784","217.10769230762"
"205.37828634519514","220.72307692304798"
"207.7849413861968","219.27692307695202"
"207.3840697797911","220.72307692304798"
"205.31450217541757","219.035897435936"
"206.9337698290099","218.79487179492"
"209.56917396916734","224.338461538476"
"215.25196744197143","235.425641025588"
"209.22070277170843","235.184615384572"
"200.11588478593364","199.030769230856"
"194.831864977916","190.112820512888"
"192.5588924026523","188.184615384572"
"190.02380263440057","185.05128205136398"
"188.22990568352873","183.123076923048"
"183.72213081416106","180.953846153904"
"184.10361703705075","180.71282051288802"
"182.15793909479152","180.230769230856"
"180.4532308071985","178.543589743556"
"181.17406613251478","179.748717948636"
"184.95803396230306","184.32820512812802"
"194.92464738904806","186.979487179492"
"201.04541878917195","193.00512820507998"
"202.1278567312031","200.476923076952"
"203.35064750563947","196.861538461524"
"199.4247719647833","193.969230769144"
"199.38214053305364","196.138461538476"
"199.28460708328177","197.34358974355598"
"199.73671390719696","198.06666666660402"
"200.05363244792014","198.06666666660402"
"203.3915795751949","201.923076923048"
"205.64852646781532","207.70769230762"
"208.2579144886065","210.358974358984"
"202.7176759698711","199.753846153904"
"197.4130292337748","193.487179487112"
"193.82201818385693","189.148717948636"
"191.94007075061685","186.979487179492"
"187.6939468399718","184.569230769144"
"184.49049350149988","182.15897435898398"
"175.68761861458054","181.917948717968"
"175.60370338576962","180.71282051288802"
"175.3099847211047","178.784615384572"
"169.29284632674296","177.579487179492"
"167.0357978571102","178.061538461524"
"168.1228312325742","183.123076923048"
"178.2477093972337","186.015384615428"
"187.49252702264297","187.70256410254"
"185.92833836084912","189.148717948636"
"183.3422985065002","187.70256410254"
"185.37277763002135","187.70256410254"
"182.59714166711927","187.46153846152401"
"181.69257533531092","187.46153846152401"
"181.6687589075834","187.70256410254"
"179.4891776685079","187.70256410254"
"185.3932738028033","187.46153846152401"
"192.32952633568897","187.943589743556"
"199.8896665990673","189.871794871872"
"194.49302569782066","189.148717948636"
"188.90239700891394","187.70256410254"
"187.24100993539744","186.979487179492"
"185.62981798414924","186.25641025644398"
"183.67319279981254","185.05128205136398"
"180.90051402413934","181.917948717968"
"174.40589885644664","169.625641025588"
"173.5074424554081","159.020512820508"
"175.76166524183665","155.164102564064"
"171.99436879188391","155.164102564064"
"170.0458401065995","158.779487179492"
"173.27196306380458","172.035897435936"
"183.8974594157612","186.015384615428"
"194.30353914247146","193.00512820507998"
"194.93920753335794","193.969230769144"
"194.50153347578532","189.871794871872"
"195.10670857950035","187.46153846152401"
"196.3964691099231","186.738461538476"
"196.2869464563332","186.49743589745998"
"192.87585142943948","186.25641025644398"
"189.02732118733076","186.015384615428"
"193.90289854436747","186.015384615428"
"195.30915183418722","186.49743589745998"
"200.22211976367902","189.38974358965203"
"196.6275725898046","188.425641025588"
"192.84975166084837","186.25641025644398"
"190.05635694995226","185.05128205136398"
"189.77804417587572","184.810256410348"
"188.62960715696494","183.123076923048"
"187.39764853628412","179.50769230762"
"185.09487214834593","179.748717948636"
"186.37355673886753","177.09743589746"
"183.5258981415136","175.89230769238"
"183.65365765633513","177.82051282050801"
"185.1527206378956","178.543589743556"
"189.63185899904926","180.953846153904"
"193.1249135920607","181.676923076952"
"198.7551900321309","183.36410256406398"
"195.11377849805132","184.569230769144"
"195.3482924235563","185.533333333396"
"196.55496038048875","187.943589743556"
"197.0478114640066","189.148717948636"
"194.94002487251726","189.148717948636"
"191.97723153950017","186.49743589745998"
"188.949147137406","186.49743589745998"
"194.16250739607042","188.90769230761998"
"200.1578553087649","194.93333333339598"
"204.22125949637586","199.99487179492002"
"199.53626725589828","196.138461538476"
"196.77438158029685","190.59487179492"
"194.65890344017131","188.184615384572"
"194.65609533939903","187.220512820508"
"193.3308675526502","186.979487179492"
"190.8963422256803","186.25641025644398"
"192.50553651478873","186.979487179492"
"190.7961769543723","186.25641025644398"
"189.82599566374213","186.015384615428"
"189.72680582966098","185.774358974412"
"188.6175712029036","184.32820512812802"
"188.1116761805403","185.774358974412"
"181.60415315379953","185.05128205136398"
"187.689253287777","186.49743589745998"
"183.80425571074954","186.979487179492"
"184.7996725736415","188.425641025588"
"189.57254378937282","190.59487179492"
"193.30897145672785","191.31794871796802"
"191.48629326378963","191.31794871796802"
"191.60144896450805","190.353846153904"
"192.2783870137829","191.55897435898402"
"194.0424098396214","194.451282051364"
"199.1266731418072","196.620512820508"
"203.19522569405768","209.39487179492"
"202.87127035670898","208.43076923085601"
"200.50230082845695","198.06666666660402"
"194.6280103573763","196.138461538476"
"194.723722305975","196.379487179492"
"193.11347213755008","189.871794871872"
"189.94981149628597","187.46153846152401"
"190.34188960285366","186.738461538476"
"189.01439383337072","186.015384615428"
"184.96532785276636","185.533333333396"
"186.5236074214718","186.015384615428"
"182.97226788962394","185.774358974412"
"190.20928200392243","190.353846153904"
"204.01700411383888","201.44102564101598"
"215.2850174608656","229.641025641016"
"216.57160629120784","234.70256410254"
"212.14484536176133","211.564102564064"
"206.94330483555242","207.225641025588"
"210.544287623299","212.52820512812798"
"209.89776066341096","220.96410256406398"
"211.11840325936433","218.79487179492"
"208.59933764196617","213.733333333396"
"212.3638121997891","215.179487179492"
"219.05972964520328","219.758974358984"
"230.69616329555944","233.49743589745998"
"220.50287198772585","210.84102564101602"
"203.32386250243314","202.646153846096"
"198.1079660767747","197.34358974355598"
"194.12462289580378","193.246153846096"
"192.92950219243323","188.666666666604"
"189.68642470624576","187.220512820508"
"190.38864260472928","187.220512820508"
"188.42274503591375","186.25641025644398"
"187.500126282207","185.774358974412"
"187.37502606445548","186.25641025644398"
"187.75517138882196","187.46153846152401"
"192.9616782416874","197.584615384572"
"204.78721030112382","209.153846153904"
"211.91586674680835","228.435897435936"
"220.7232417489277","231.81025641034802"
"220.79559627591505","220.72307692304798"
"215.16858159232982","213.97435897441198"
"211.9004611725415","215.179487179492"
"212.87694971955887","219.27692307695202"
"212.75434990766598","217.589743589652"
"211.46460855309402","215.179487179492"
"213.77973187205248","215.661538461524"
"220.88058197877106","221.68717948711202"
"229.2348158056061","235.90769230761998"
"223.1981646224794","230.364102564064"
"212.30811525517726","208.18974358965198"
"198.02086113926038","205.29743589746"
"196.0921610141966","194.210256410348"
"193.10510451587714","190.59487179492"
"192.39725380988256","187.220512820508"
"190.74843793770083","186.738461538476"
"188.4057964874258","186.015384615428"
"185.36352687605532","185.29230769237998"
"185.80523266145428","185.533333333396"
"186.80349371310837","186.738461538476"
"192.53559256241192","197.10256410254"
"197.90443687417377","204.333333333396"
"205.98091849587797","218.31282051288798"
"208.97742700912102","219.27692307695202"
"202.38029730946306","204.574358974412"
"197.0517043336751","203.369230769144"
"200.41530909059907","203.369230769144"
"202.54130094148343","203.128205128128"
"198.37691486305897","199.271794871872"
"196.51488238586379","199.99487179492002"
"197.64347224313684","199.271794871872"
"204.46622415242302","202.164102564064"
"211.86688208325026","204.09230769238002"
"200.0980678723017","197.584615384572"
"197.61635680601412","192.523076923048"
"194.58350509460016","189.148717948636"
"193.26072808468973","188.425641025588"
"192.14542961733542","186.979487179492"
"189.23807004259697","184.810256410348"
"188.19237500649183","182.641025641016"
"185.04879348798147","181.19487179492"
"183.02586304079438","181.435897435936"
"183.75899893532983","181.917948717968"
"185.26623509977696","183.846153846096"
"189.4834655223028","186.25641025644398"
"194.48246396862558","192.764102564064"
"202.4023114079578","198.06666666660402"
"204.34665828428737","201.68205128203198"
"199.31149231088204","197.584615384572"
"199.30828548853256","195.174358974412"
"199.70327781862912","198.06666666660402"
"199.1372946311422","199.512820512888"
"197.90564839717467","198.06666666660402"
"197.60736737404198","195.65641025644402"
"202.05380817146744","196.138461538476"
"202.80735654200714","201.44102564101598"
"212.43234418370446","205.53846153847599"
"199.78922705514327","199.030769230856"
"196.63167318733963","193.00512820507998"
"192.4383017615255","191.31794871796802"
"192.0206239944966","190.112820512888"
"190.00081642452759","187.46153846152401"
"189.37095558369066","186.25641025644398"
"189.12687186411256","182.641025641016"
"187.3491960788621","182.4"
"185.07843776420177","179.989743589652"
"184.36125989241722","179.748717948636"
"186.42907220163585","181.917948717968"
"190.15260796348463","181.917948717968"
"198.69081983978353","196.138461538476"
"209.73612716314105","207.948717948636"
"208.7765749117596","215.179487179492"
"205.79181952763446","207.948717948636"
"203.09021698913912","205.29743589746"
"205.51940433382197","206.74358974355602"
"206.15563053619007","206.261538461524"
"202.12022689456177","201.44102564101598"
"201.74970596753388","199.271794871872"
"205.0660710825162","202.646153846096"
"210.57731061512192","206.50256410254002"
"215.48593300613953","215.661538461524"
"208.63267536102114","206.261538461524"
"201.76437858598717","196.138461538476"
"195.95158294943434","191.076923076952"
"193.11075193198104","191.076923076952"
"193.08767039076275","188.90769230761998"
"191.41500166219035","187.46153846152401"
"193.02817552325502","187.220512820508"
"190.47289755025434","186.49743589745998"
"188.92144414199947","186.015384615428"
"187.91854966678054","185.774358974412"
"185.86480652567394","185.05128205136398"
"188.12148656256784","185.05128205136398"
"190.89642944638157","185.05128205136398"
"194.564060369","186.49743589745998"
"192.20852446911533","186.738461538476"
"192.79025538326917","187.46153846152401"
"195.31859640982037","187.70256410254"
"195.27084034872126","187.70256410254"
"197.56993908185228","187.220512820508"
"195.17003194923998","186.25641025644398"
"196.4944963236943","185.533333333396"
"199.52224085024307","185.29230769237998"
"199.88796951320086","187.46153846152401"
"200.21382300445754","191.55897435898402"
"198.07643482004914","190.353846153904"
"195.6441260867116","187.46153846152401"
"193.82581655988355","186.49743589745998"
"193.16215657811725","185.05128205136398"
"191.7196347779709","184.32820512812802"
"189.09181288040435","180.71282051288802"
"188.25735713194268","179.02564102558802"
"186.46266823156316","175.651282051364"
"186.48716616742465","173.482051282032"
"182.8966822443306","173.0"
"183.72279072270723","173.0"
"189.96733418904725","174.92820512812798"
"191.63806500449354","177.09743589746"
"189.05316156707306","177.82051282050801"
"178.91488799060957","179.266666666604"
"177.19196234736765","181.19487179492"
"183.66827329976047","182.4"
"184.40751917452704","182.882051282032"
"180.5280834175291","182.882051282032"
"183.5673085912303","182.4"
"177.33018472891223","182.641025641016"
"180.9825668579577","183.846153846096"
"180.58784967621548","179.50769230762"
"193.90823808204388","197.34358974355598"
"189.97423762789276","195.89743589746"
"191.30438416239704","192.282051282032"
"191.26356863908478","189.38974358965203"
"193.79489018219726","187.46153846152401"
"193.0415667394798","186.738461538476"
"191.25759169940085","185.29230769237998"
"193.46673884407738","183.123076923048"
"191.5355969747054","181.917948717968"
"185.9683130060702","181.19487179492"
"186.77205955548536","180.230769230856"
"188.54976387043075","182.4"
"194.3675013918577","182.4"
"204.81577409932333","199.512820512888"
"224.0041142946327","219.035897435936"
"217.45427656684512","224.338461538476"
"213.99133481017316","217.10769230762"
"209.98614338467547","216.62564102558798"
"209.85494810094906","218.071794871872"
"210.8392839305971","215.420512820508"
"211.8121671035732","211.564102564064"
"212.63752478408168","209.635897435936"
"215.64228192265824","206.50256410254002"
"223.0392320725505","210.84102564101602"
"233.1910804424518","224.338461538476"
"226.274861577188","233.738461538476"
"213.52534812130506","218.79487179492"
"202.55032995179494","203.369230769144"
"197.16820487656042","198.30769230762002"
"193.8408825991164","192.282051282032"
"192.6969736077084","189.630769230856"
"191.38220260492557","188.666666666604"
"190.4835978789346","186.979487179492"
"189.61369986745694","187.220512820508"
"190.28979633096884","187.46153846152401"
"191.2529436987089","188.666666666604"
"196.40750041821542","192.764102564064"
"204.96033758355267","200.958974358984"
"224.14066466031306","224.338461538476"
"227.770896673023","224.09743589746"
"220.89053784046422","226.02564102558802"
"216.5682776867372","222.89230769238"
"217.52763426764","222.41025641034798"
"219.18270810573216","220.482051282032"
"216.87113835900004","219.517948717968"
"215.27450670403323","217.589743589652"
"214.8005597969589","217.10769230762"
"222.67057944946845","224.579487179492"
"229.80512067886815","241.451282051364"
"223.9504539249903","245.789743589652"
"214.31767631010638","224.338461538476"
"201.01963367041066","201.68205128203198"
"196.51940347154263","201.44102564101598"
"193.3253884675394","192.764102564064"
"193.05126055070576","190.59487179492"
"193.6496846812928","190.835897435936"
"195.00739229111161","189.630769230856"
"193.15573491059968","189.38974358965203"
"195.6200343758913","189.630769230856"
"195.23038937501371","192.041025641016"
"197.3919495441074","194.93333333339598"
"213.29108406403563","203.128205128128"
"228.62277176982838","229.641025641016"
"226.12119554231987","229.641025641016"
"221.2148809411637","224.338461538476"
"215.45610118298487","218.071794871872"
"215.36634428317487","215.661538461524"
"218.24388755034087","210.84102564101602"
"215.30103759473153","207.70769230762"
"213.86989619366767","206.50256410254002"
"216.2405622370411","206.50256410254002"
"220.87500243005627","209.153846153904"
"234.8990934137248","229.641025641016"
"225.2697256676297","204.09230769238002"
"212.30814586486116","202.887179487112"
"195.83882619040287","199.030769230856"
"192.23623141960272","193.00512820507998"
"188.2467135549224","190.59487179492"
"185.93335579614092","187.943589743556"
"179.7837249799676","188.90769230761998"
"183.97432611135386","188.425641025588"
"185.87425936391116","187.70256410254"
"182.47531533250213","186.015384615428"
"181.00601248711817","186.49743589745998"
"181.83608104189426","189.630769230856"
"189.60241579810517","191.55897435898402"
"199.89863969522318","192.041025641016"
"203.52217163520496","204.333333333396"
"195.82611585204626","204.815384615428"
"197.27668679726378","203.61025641034797"
"196.88076466155334","195.89743589746"
"193.2991553231824","193.246153846096"
"193.0658598545772","193.00512820507998"
"188.5087874776436","192.523076923048"
"189.89149088967932","191.8"
"195.14946310105609","192.041025641016"
"199.63707716580655","191.076923076952"
"197.19193180366614","192.523076923048"
"189.94619494817624","191.076923076952"
"182.66013859494268","191.076923076952"
"179.9303266627827","189.630769230856"
"177.29938185341211","188.184615384572"
"177.50552037784024","186.015384615428"
"171.07690019482928","185.29230769237998"
"178.07540574350344","184.810256410348"
"179.40438105366104","184.569230769144"
"176.65860997449997","185.05128205136398"
"176.95860506370093","187.220512820508"
"179.76448346401307","189.148717948636"
"186.6857523220408","192.523076923048"
"202.45968942098688","218.79487179492"
"200.6297689966849","226.02564102558802"
"200.12188284995776","231.328205128128"
"201.62456329961861","224.338461538476"
"201.9933740737331","224.338461538476"
"202.68504203893846","227.471794871872"
"200.63528692676465","216.62564102558798"
"196.49770158523208","211.323076923048"
"200.60605536660344","206.984615384572"
"204.86702225956017","208.18974358965198"
"211.4657334081835","232.29230769238"
"207.46873095875497","242.174358974412"
"199.93113354202006","216.143589743556"
"192.51796421283825","194.69230769237998"
"191.28259935852037","193.246153846096"
"189.3277164423211","191.55897435898402"
"188.15364736715094","190.59487179492"
"185.849932609854","190.353846153904"
"189.2817242841124","189.148717948636"
"187.55711787515793","188.90769230761998"
"185.25312688004823","189.148717948636"
"186.30547805088668","189.38974358965203"
"189.5174276900002","190.112820512888"
"195.71208770158103","191.076923076952"
"197.3825233254559","192.041025641016"
"197.43218974928672","192.282051282032"
"197.15633365880694","193.969230769144"
"196.94790744634255","195.89743589746"
"197.68337935992412","195.65641025644402"
"199.1834257733342","194.451282051364"
"197.53076663665544","194.210256410348"
"198.70206210440074","193.969230769144"
"200.63882554262386","195.174358974412"
"201.38676814378667","202.887179487112"
"206.43064398164773","221.20512820508"
"202.47722603323214","233.979487179492"
"198.07242358541424","201.68205128203198"
"195.6912094159399","194.69230769237998"
"194.51396361855362","193.728205128128"
"192.36097095749165","193.00512820507998"
"190.54507973471718","192.041025641016"
"190.17208327459656","191.55897435898402"
"190.0512100784749","190.59487179492"
"187.0983823572932","189.871794871872"
"187.07491351932163","188.425641025588"
"187.24843724286316","185.774358974412"
"191.12467840335594","185.533333333396"
"195.21995219144242","186.25641025644398"
"195.76458350969455","188.666666666604"
"194.8961859435135","190.112820512888"
