"DataEntries: 8756, TestEntries: 12, Epochs: 3000, UseTestData: true, LimitEntries: true, Firstlayer#: 16, SecondLayer: true, SecondLayer#: 23, Predict: true, Curvebehaviour: false, Stacksize: 6, useLastXDays: false, Max: 501.0, Min: 127.0, Curve behaviour: false, Historical: false, useAverage: false, priceStack24, Skewness: true, SkewStack: 24",", useNewMethod: false"
"Range: 6567 to 8756"
"Actual","Ideal"
"270.5784879363011","273.999999999908"
"265.11161621292985","268.99999999999"
"261.52793464230695","266.999999999948"
"261.50676181463257","263.000000000051"
"261.10960505498724","264.000000000072"
"260.45435974055147","258.999999999967"
"263.2152309918622","259.999999999988"
"266.18987000548594","271.000000000032"
"285.966138617033","281.000000000055"
"314.9794078713081","293.999999999954"
"293.82503910566527","293.999999999954"
"292.15766886282444","289.000000000036"
"287.86901909141307","289.000000000036"
"296.0104283314136","294.999999999975"
"294.4117662948023","293.999999999954"
"294.9842561326748","294.999999999975"
"295.4569699969212","294.999999999975"
"300.7574894673144","298.0000000000006"
"318.2377495633373","301.0000000000075"
"295.6863974446072","301.0000000000075"
"305.7635312678457","294.999999999975"
"285.70565536654624","288.000000000015"
"282.36092473173625","282.000000000076"
"275.8708378406671","281.000000000055"
"269.74301420463263","276.999999999971"
"272.9123438471334","268.99999999999"
"253.345288161695","263.000000000051"
"258.5777054131612","259.999999999988"
"257.81092162757676","259.999999999988"
"255.2725511964218","257.999999999946"
"260.01589770806453","259.999999999988"
"267.4671559889107","273.999999999908"
"287.163323323281","286.999999999994"
"323.1458437033578","323.000000000002"
"329.4609846150473","324.0000000000043"
"313.6417073533581","301.9999999999911"
"301.0194168068904","296.9999999999983"
"304.6772679705951","312.99999999999955"
"309.387668849495","309.0000000000072"
"307.96395618353915","309.0000000000072"
"302.36939571563113","317.0000000000069"
"332.0305961764714","336.000000000088"
"345.298971095025","364.999999999949"
"378.054111981629","379.000000000056"
"357.14777635450315","319.9999999999951"
"281.1565474553145","295.999999999996"
"291.3521512356522","291.000000000078"
"291.62844859286287","289.000000000036"
"272.501909074756","282.99999999991"
"272.5367630677899","273.999999999908"
"274.55278814784583","259.999999999988"
"256.8469456414286","259.999999999988"
"255.98236461523175","249.99999999996498"
"247.68275974792232","246.00000000006798"
"244.67749372935657","256.000000000091"
"264.87563197695584","273.000000000074"
"296.07396432646374","291.999999999912"
"319.81906350473014","343.000000000048"
"342.893014757642","345.999999999924"
"321.8564230701997","319.9999999999951"
"312.75805114827324","315.00000000000045"
"323.35967791076564","326.0000000000089"
"332.4022314102687","334.000000000046"
"330.13678477361316","335.000000000067"
"330.6369012659057","327.9999999999948"
"329.4950508612838","323.000000000002"
"332.8984869108155","329.9999999999994"
"316.0446492707756","318.0000000000092"
"290.8723433247076","293.999999999954"
"283.744014573229","284.999999999952"
"277.7907240179303","277.999999999992"
"268.1885548516205","274.999999999929"
"270.33625699332543","267.999999999969"
"262.2484642575745","258.999999999967"
"240.02197834363892","227.000000000043"
"204.78412244487663","201.00000000005798"
"195.7602881940811","197.999999999995"
"184.35478164783095","212.999999999936"
"217.32020921640228","222.99999999995902"
"243.9343039111481","256.000000000091"
"257.0215185782955","271.000000000032"
"283.60413939195644","284.999999999952"
"298.2170440316188","288.000000000015"
"275.6779568014222","286.999999999994"
"275.73851509927556","285.999999999973"
"288.44169970677564","284.999999999952"
"292.4133502207036","282.99999999991"
"276.3558108473661","279.000000000013"
"284.4519055797512","281.000000000055"
"276.6000324709868","284.999999999952"
"288.31759770512787","286.999999999994"
"283.4506541143605","285.999999999973"
"280.23130392833895","280.000000000034"
"267.1954547916415","272.000000000053"
"264.6300347607564","266.999999999948"
"260.89296185178557","264.000000000072"
"260.34180319447404","261.000000000009"
"258.13178336386176","256.000000000091"
"237.7041422561305","249.99999999996498"
"232.2031583485296","232.99999999998198"
"224.11546138364065","226.000000000022"
"220.91394193179912","225.00000000000102"
"231.88624088498725","234.000000000003"
"251.00425583285912","240.999999999963"
"242.91972826443708","245.000000000047"
"254.3258803492725","249.99999999996498"
"249.83431224772852","252.000000000007"
"254.1873746539069","256.000000000091"
"256.5590037833484","258.999999999967"
"256.1542650401328","259.999999999988"
"261.2546345826657","258.999999999967"
"259.5778154855797","257.999999999946"
"257.338547823401","259.999999999988"
"263.36476816216845","266.999999999948"
"277.4087074432499","272.000000000053"
"271.6533472204693","275.99999999995"
"265.03133812282636","271.000000000032"
"262.66010950833584","266.999999999948"
"261.0419883726796","262.00000000003"
"255.97392013202722","259.999999999988"
"257.95180932582963","256.000000000091"
"248.74587955803167","254.000000000049"
"241.86908851592375","255.00000000007"
"253.8931837351157","252.000000000007"
"252.6072303166922","243.000000000005"
"246.68814877139988","238.999999999921"
"246.30267340334012","253.000000000028"
"254.00809109973835","250.99999999998602"
"253.93624160591077","258.999999999967"
"261.8386498473914","261.000000000009"
"265.8772319091901","262.00000000003"
"261.24055911316","264.000000000072"
"270.1763020269576","267.999999999969"
"269.53031713190995","271.000000000032"
"269.2664645836364","271.000000000032"
"271.5600925168323","272.000000000053"
"270.0472074844216","273.999999999908"
"288.3513962967956","282.99999999991"
"303.01447131680567","286.999999999994"
"288.2852196946999","286.999999999994"
"283.75331071213543","283.999999999931"
"271.23023187173317","277.999999999992"
"265.0062044523317","273.000000000074"
"271.42001413083483","270.000000000011"
"264.1160316101708","263.000000000051"
"255.54402590599668","257.999999999946"
"248.38542173329182","256.000000000091"
"254.4946305808336","253.000000000028"
"253.29725613535882","252.000000000007"
"247.69853754020477","230.99999999994"
"235.89797984974166","239.99999999994202"
"250.16393454459376","264.000000000072"
"287.0689047756595","309.0000000000072"
"384.2597319384928","375.999999999993"
"293.91065205832587","291.999999999912"
"294.81113983749856","290.000000000057"
"294.11630420004343","289.000000000036"
"291.76028493167365","290.000000000057"
"291.3985083656022","289.000000000036"
"287.6863083444951","289.000000000036"
"298.64220739433887","300.0000000000052"
"361.0669589937328","407.999999999917"
"369.2757980959906","375.999999999993"
"336.898489845297","335.000000000067"
"285.2328701860406","290.000000000057"
"283.9189850152131","283.999999999931"
"274.6607417535062","275.99999999995"
"273.13134015230776","271.000000000032"
"267.5620414247469","264.000000000072"
"255.9688660552887","256.000000000091"
"248.71896748262378","255.00000000007"
"252.19314630187236","249.99999999996498"
"248.04350367475948","240.999999999963"
"233.79063800969755","213.999999999957"
"220.86260262687534","215.999999999999"
"235.72649983173193","277.999999999992"
"291.6979934972095","300.0000000000052"
"337.6655874259543","343.000000000048"
"281.3584629984553","283.999999999931"
"271.58289313933295","276.999999999971"
"270.80454896271766","277.999999999992"
"271.0810524293617","274.999999999929"
"279.49497863378514","300.0000000000052"
"292.29557176244157","290.000000000057"
"295.608847135873","304.999999999998"
"348.4093033141345","347.999999999966"
"348.3649717583371","348.999999999987"
"279.5896683581872","284.999999999952"
"278.2223705552491","279.000000000013"
"271.4268911192979","273.999999999908"
"263.5459008068305","267.999999999969"
"261.06923314008026","265.999999999927"
"263.22712052324687","257.999999999946"
"252.69097223346134","246.00000000006798"
"226.99179142400106","234.000000000003"
"211.0678344189945","196.999999999974"
"199.42197175709816","202.000000000079"
"180.5435214520156","175.999999999907"
"194.92145304254677","209.000000000039"
"240.121785740264","250.99999999998602"
"269.7937797659914","263.000000000051"
"279.1223399412201","274.999999999929"
"277.98441554974397","276.999999999971"
"270.4665704952025","273.000000000074"
"268.67255822629664","273.999999999908"
"270.27221627710725","273.999999999908"
"271.45815179643125","273.000000000074"
"273.02082371405703","277.999999999992"
"282.1721411712343","284.999999999952"
"280.1579875730354","288.000000000015"
"285.0075816944212","289.000000000036"
"291.76850823923854","289.000000000036"
"276.03288199046926","282.99999999991"
"272.331066533486","273.000000000074"
"264.8047041366085","265.000000000093"
"261.80691343168405","262.00000000003"
"258.7957517400337","256.000000000091"
"250.29075505264916","246.00000000006798"
"233.55564516250922","243.000000000005"
"226.48061494741302","206.999999999997"
"203.6912718024879","202.999999999913"
"185.32583062799029","181.000000000012"
"195.77132967536463","199.000000000016"
"244.7849843122521","253.000000000028"
"269.25675689861544","265.999999999927"
"282.11739732279966","276.999999999971"
"276.8961010905625","283.999999999931"
"275.14861798345925","279.000000000013"
"272.81690470029605","279.000000000013"
"275.1618123220054","280.000000000034"
"279.0032750740148","281.000000000055"
"285.1900796519669","282.000000000076"
"288.7678975861677","283.999999999931"
"287.2805457951941","291.999999999912"
"301.05145434898526","309.0000000000072"
"302.3696750790316","295.999999999996"
"292.30126612627856","291.000000000078"
"279.88153931698423","280.000000000034"
"268.2449783000804","272.000000000053"
"268.37497631482034","273.000000000074"
"265.1792771682211","265.000000000093"
"258.1023247977066","258.999999999967"
"255.81542136447945","250.99999999998602"
"243.47567860714418","248.999999999944"
"244.00032919326355","248.999999999944"
"251.14937105497742","254.000000000049"
"258.1379274440146","256.999999999925"
"256.58972214735127","263.000000000051"
"288.81209938983244","279.000000000013"
"315.132659570319","294.999999999975"
"303.31650072662796","300.0000000000052"
"287.6516055321074","291.000000000078"
"284.798214320413","289.000000000036"
"286.285932304692","288.000000000015"
"287.92156666278663","293.999999999954"
"293.6050657534387","291.000000000078"
"289.3375584734547","291.999999999912"
"298.1062912442632","292.999999999933"
"307.641042535727","294.999999999975"
"290.29828455621816","292.999999999933"
"306.5057642508726","286.999999999994"
"275.8089528213908","281.000000000055"
"268.45927833013576","271.000000000032"
"264.7047808489523","267.999999999969"
"262.7064096915794","263.000000000051"
"254.81950079690887","256.999999999925"
"251.18389713162088","228.000000000064"
"194.15049833549216","193.000000000077"
"173.83709122341364","172.00000000001"
"168.5367740594521","167.99999999992602"
"171.4420314328156","170.999999999989"
"178.51838119366943","185.99999999993"
"232.9338068455786","229.00000000008498"
"242.0400165229251","238.000000000087"
"258.0745007309367","252.000000000007"
"251.00047267268684","262.00000000003"
"261.6669364534624","264.000000000072"
"264.954941692089","264.000000000072"
"262.8555569420147","261.000000000009"
"255.05098215029068","259.999999999988"
"255.18709884557654","263.000000000051"
"262.81121784811336","266.999999999948"
"279.54849415887344","272.000000000053"
"281.12941772750406","273.999999999908"
"273.90605179428866","270.000000000011"
"260.227570662835","263.000000000051"
"258.85113832700443","257.999999999946"
"248.66381458994033","252.000000000007"
"251.8015937574409","247.999999999923"
"238.3209608445585","235.000000000024"
"235.95906713465862","227.000000000043"
"212.9222483006495","184.000000000075"
"150.41469348296926","158.00000000009"
"135.26092009300373","136.00000000000202"
"136.32027592757353","137.000000000023"
"145.7711943876756","149.999999999922"
"160.63611115809738","159.999999999945"
"164.1483391244915","170.999999999989"
"192.97388261115057","208.000000000018"
"223.55837425122508","249.99999999996498"
"251.4146667860404","253.000000000028"
"250.5485176247336","256.000000000091"
"259.0665097426079","253.000000000028"
"254.1951661892966","250.99999999998602"
"252.06243725819238","253.000000000028"
"257.08158085143765","259.999999999988"
"273.50579174097516","267.999999999969"
"275.68708954759114","272.000000000053"
"269.0203820905362","267.999999999969"
"260.9475640845132","263.000000000051"
"257.5537063343654","256.999999999925"
"254.45963047987942","252.000000000007"
"247.3225275039157","247.999999999923"
"236.6353083361324","236.00000000004502"
"236.32847236885914","246.00000000006798"
"225.0258671082005","245.000000000047"
"237.27226084340742","246.00000000006798"
"241.78816794643132","247.000000000089"
"246.87631259428656","249.99999999996498"
"255.40711335528835","257.999999999946"
"273.0683960529037","270.000000000011"
"278.1636404270483","282.000000000076"
"282.6142734230481","285.999999999973"
"285.6664290434039","282.99999999991"
"287.4889421291945","283.999999999931"
"278.92591162113445","283.999999999931"
"279.55287428821725","282.99999999991"
"282.402252655159","282.99999999991"
"284.49203743534144","283.999999999931"
"281.8466375931132","289.000000000036"
"291.2893760301351","292.999999999933"
"288.41472631950705","292.999999999933"
"286.13509150495344","285.999999999973"
"275.17048689286395","276.999999999971"
"266.37762521861464","268.99999999999"
"268.3840214492397","262.00000000003"
"257.7662127921841","258.999999999967"
"250.02708833091444","248.999999999944"
"243.87086339503458","246.00000000006798"
"245.25936105742034","243.000000000005"
"244.0561170253593","243.000000000005"
"242.26231289130476","245.000000000047"
"250.05531022674518","247.999999999923"
"258.29136668095316","256.000000000091"
"267.727082118576","273.000000000074"
"294.5591784675192","289.000000000036"
"293.8619977600819","294.999999999975"
"286.957196034407","288.000000000015"
"283.7104003476461","285.999999999973"
"286.33811575609104","285.999999999973"
"288.98798368179376","285.999999999973"
"289.30414046132836","285.999999999973"
"292.6912265849239","290.000000000057"
"297.2691592202316","306.0000000000003"
"311.9217917200005","304.999999999998"
"296.3021457015584","300.0000000000052"
"293.06946940848775","290.000000000057"
"283.2140499287705","282.99999999991"
"268.34091658091273","273.000000000074"
"271.52110127950743","267.999999999969"
"263.1184980202489","262.00000000003"
"254.1102452521554","249.99999999996498"
"247.742907308183","248.999999999944"
"249.88484445998319","246.00000000006798"
"246.79439309448162","246.00000000006798"
"246.67852436941288","247.000000000089"
"250.016351433429","248.999999999944"
"268.06553502273675","256.999999999925"
"272.5941182360726","271.000000000032"
"288.9666182866251","290.000000000057"
"296.4886994825866","298.0000000000006"
"290.01315291345867","289.000000000036"
"286.55881730751884","286.999999999994"
"290.9279737493423","289.000000000036"
"289.45257041721965","289.000000000036"
"289.7042588062816","286.999999999994"
"289.38072580626056","290.000000000057"
"300.8248412069147","300.0000000000052"
"322.23767240789533","304.999999999998"
"308.09463643326836","300.0000000000052"
"287.7200804313357","289.000000000036"
"282.1281728647816","282.99999999991"
"268.203777434781","273.999999999908"
"271.47945340230524","266.999999999948"
"263.122051437116","258.999999999967"
"251.12338636535077","252.000000000007"
"250.63795458346257","250.99999999998602"
"252.4375684726873","247.000000000089"
"246.9574748740111","247.000000000089"
"245.8421960835132","247.000000000089"
"251.22071612637964","248.999999999944"
"265.2808051690468","257.999999999946"
"273.16851463357864","274.999999999929"
"291.4845475217322","285.999999999973"
"289.3677370166681","289.000000000036"
"283.9251271826988","282.99999999991"
"279.96848230137834","281.000000000055"
"280.8354405697453","280.000000000034"
"281.4068367700542","281.000000000055"
"280.9519991835025","282.000000000076"
"285.02837605484655","281.000000000055"
"289.1271340956358","282.000000000076"
"290.217468618722","283.999999999931"
"286.78626858838817","282.000000000076"
"267.6254791351445","276.999999999971"
"267.5102619722472","271.000000000032"
"262.69728793222686","261.000000000009"
"253.74376877972327","254.000000000049"
"253.00714244176967","247.999999999923"
"238.84940295735896","238.999999999921"
"239.50168450698396","238.999999999921"
"231.05678221562732","235.000000000024"
"233.56852669117745","230.99999999994"
"223.1931570401517","232.99999999998198"
"237.76612627254067","234.000000000003"
"237.12892232999732","238.000000000087"
"243.36924328142527","244.000000000026"
"253.06367281964367","250.99999999998602"
"256.8684261221223","254.000000000049"
"257.7796762142146","250.99999999998602"
"256.4584182226192","248.999999999944"
"245.86483040664137","247.999999999923"
"246.81253268782478","247.000000000089"
"244.08884738114583","245.000000000047"
"243.71381863053742","245.000000000047"
"246.69470251989344","246.00000000006798"
"245.52184348336692","248.999999999944"
"271.9936910656178","249.99999999996498"
"254.95979287085675","247.000000000089"
"243.23808620876306","239.99999999994202"
"239.18949132557324","235.000000000024"
"230.81349270155152","235.000000000024"
"225.0170844440084","229.999999999919"
"217.12813888861828","219.00000000006202"
"181.21962536290619","181.000000000012"
"143.84644263134194","141.999999999941"
"132.47691197504278","127.0"
"167.7563214204565","167.000000000092"
"198.99645031770186","205.999999999976"
"223.50207562563025","230.99999999994"
"234.81286512697542","237.000000000066"
"248.1240540792033","238.000000000087"
"240.2822637649185","237.000000000066"
"233.9315155757204","235.000000000024"
"235.02517834938783","235.000000000024"
"235.57555121435257","235.000000000024"
"244.57979718593975","245.000000000047"
"258.5576730509776","245.000000000047"
"247.32415384408614","238.000000000087"
"229.0657717730802","230.99999999994"
"228.9306990147653","228.000000000064"
"221.43664866606306","223.99999999998"
"217.41975816505823","221.99999999993798"
"188.4371870484414","205.999999999976"
"161.28669983132625","146.000000000025"
"168.27972475153675","169.999999999968"
"197.71722530045298","194.99999999993202"
"187.7568262156929","184.999999999909"
"165.51457563335694","166.000000000071"
"137.10919875053696","146.000000000025"
"152.87667905082907","155.000000000027"
"172.7150788140313","173.00000000003098"
"216.42060768632382","217.00000000002"
"213.55745540040826","212.999999999936"
"193.64793569256705","193.000000000077"
"167.65102258325373","167.000000000092"
"155.48414213970977","159.999999999945"
"153.3067499983019","145.000000000004"
"162.38214790439494","163.000000000008"
"175.23492953844982","174.000000000052"
"162.21161250744998","168.999999999947"
"164.8697220355781","170.999999999989"
"176.21704851884775","178.99999999997"
"197.75206767592644","204.99999999995498"
"212.01134696364562","220.000000000083"
"227.4140315508397","217.00000000002"
"223.5372563817531","204.99999999995498"
"179.15822009762823","177.999999999949"
"161.7568272242928","159.999999999945"
"157.1501684802874","151.999999999964"
"133.57359605712466","130.000000000063"
"135.57788494043166","127.0"
"152.2297055655687","151.999999999964"
"204.90182255899578","193.99999999991098"
"211.15725225954722","211.999999999915"
"218.15597880123","220.999999999917"
"230.7916890745591","229.999999999919"
"238.31569795963284","232.99999999998198"
"238.5732656002508","234.000000000003"
"228.43252077450495","235.000000000024"
"240.12970754706691","237.000000000066"
"227.14279341072498","239.99999999994202"
"236.128745769086","248.999999999944"
"250.50808850590286","254.000000000049"
"252.80762916039174","253.000000000028"
"248.68718729953525","249.99999999996498"
"239.20626638211598","245.000000000047"
"233.78016391430256","238.999999999921"
"236.76524823674401","237.000000000066"
"225.1052073421876","229.999999999919"
"217.08267035773426","210.00000000006"
"227.41141479651347","221.99999999993798"
"214.76460002412531","212.999999999936"
"211.32541775023088","205.999999999976"
"206.3638194603227","204.99999999995498"
"212.62745560486056","214.999999999978"
"220.3485102458294","222.99999999995902"
"216.29903669861002","231.999999999961"
"245.8797643063934","238.000000000087"
"245.87016443208762","244.000000000026"
"251.05135411822096","245.000000000047"
"240.00738004528435","245.000000000047"
"227.47459235124734","244.000000000026"
"233.19685980552765","238.999999999921"
"236.95840527903624","236.00000000004502"
"237.2905004687297","238.000000000087"
"242.58352802236337","241.999999999984"
"239.67553874092897","244.000000000026"
"253.69700540665457","243.000000000005"
"241.31136670771576","238.999999999921"
"236.10930134485875","231.999999999961"
"224.7845612107561","220.999999999917"
"210.38356367774372","210.00000000006"
"205.68605161486892","185.99999999993"
"161.17892174754417","161.999999999987"
"152.7262757866284","160.999999999966"
"159.01084772797842","134.999999999981"
"163.45608891351378","167.99999999992602"
"203.32234609515808","208.000000000018"
"215.81040344290838","220.999999999917"
"224.81278103635967","226.000000000022"
"224.45505336449983","228.000000000064"
"226.90917605911773","228.000000000064"
"222.50417684368887","226.000000000022"
"219.85711299777637","223.99999999998"
"222.35500857076","225.00000000000102"
"220.6869836205471","231.999999999961"
"229.32544152624646","236.00000000004502"
"242.7832308619096","238.000000000087"
"234.22515107921123","236.00000000004502"
"231.97217741349252","230.99999999994"
"225.68669709318345","227.000000000043"
"220.61026832624282","222.99999999995902"
"214.7744772568421","211.999999999915"
"189.70008424535018","184.999999999909"
"173.37581550641897","155.000000000027"
"138.66524224438973","149.000000000088"
"144.8224420750841","147.00000000004601"
"136.7946505053447","148.000000000067"
"147.80203885544628","149.000000000088"
"191.80505327472358","188.999999999993"
"213.72715945694864","229.00000000008498"
"229.8233531052203","238.000000000087"
"248.6438942213888","243.000000000005"
"252.33477061016507","245.000000000047"
"246.8881012437172","248.999999999944"
"252.9314528304094","247.999999999923"
"246.0917802150183","247.000000000089"
"244.58442371401765","245.000000000047"
"244.29454161786083","246.00000000006798"
"254.50856126617418","255.00000000007"
"268.5114242881192","261.000000000009"
"278.6810519970308","265.000000000093"
"260.7102645796662","261.000000000009"
"257.6298435721743","255.00000000007"
"241.41798941559063","247.000000000089"
"244.9386677869685","244.000000000026"
"232.82487392503668","241.999999999984"
"238.52051944893145","235.000000000024"
"246.54014883374572","247.000000000089"
"231.08085772994315","229.00000000008498"
"222.01526691482078","210.00000000006"
"200.4774983162448","202.000000000079"
"206.47781738087485","204.99999999995498"
"219.95148470324733","212.999999999936"
"211.39385150211177","212.999999999936"
"221.67243219748912","229.999999999919"
"242.45911036995264","246.00000000006798"
"248.08560161781745","249.99999999996498"
"256.9249882672416","255.00000000007"
"261.35045822587267","256.000000000091"
"259.3295190006558","256.999999999925"
"257.3925675642746","256.999999999925"
"259.59454826074426","258.999999999967"
"269.7344220763241","279.000000000013"
"301.22992022295773","333.000000000025"
"351.1597670200257","334.000000000046"
"291.02165612693534","283.999999999931"
"267.5448238734751","256.999999999925"
"248.5551126799779","247.999999999923"
"246.10451979632614","245.000000000047"
"236.28873401904622","240.999999999963"
"232.23371737497632","186.999999999951"
"177.89271568576544","175.999999999907"
"185.22692741959656","215.999999999999"
"212.52100489067436","211.999999999915"
"214.73371909433695","205.999999999976"
"214.39934058020305","205.999999999976"
"209.85636398897248","193.000000000077"
"209.7790533518901","193.000000000077"
"207.32104179147132","181.000000000012"
"181.82331492229847","181.000000000012"
"198.84761873108903","199.000000000016"
"204.61312681897135","215.999999999999"
"224.19713972526793","218.00000000004098"
"215.06054611763122","215.999999999999"
"219.27780490221787","217.00000000002"
"218.71990089002384","222.99999999995902"
"225.98763293425918","230.99999999994"
"271.09225315840877","245.000000000047"
"247.52654268260136","250.99999999998602"
"241.17872343205067","246.00000000006798"
"236.9334964153729","229.999999999919"
"223.60126339649008","218.00000000004098"
"207.22445114065098","209.000000000039"
"183.27690324269673","183.000000000054"
"218.83790476221083","219.00000000006202"
"207.4928715612993","212.999999999936"
"209.14862307043734","205.999999999976"
"204.75815890396365","206.999999999997"
"210.05635081902346","214.999999999978"
"224.02687580519338","211.999999999915"
"206.23981930637757","208.000000000018"
"282.03549954264184","284.999999999952"
"294.6518417488251","285.999999999973"
"284.81583017133903","282.000000000076"
"289.1001804396697","289.000000000036"
"296.7501816500949","301.0000000000075"
"268.9411002040226","261.000000000009"
"259.98163104624837","264.000000000072"
"262.04592498900377","268.99999999999"
"282.5981896960091","279.000000000013"
"289.28651741709075","280.000000000034"
"287.133113590087","282.000000000076"
"262.98218827329725","265.999999999927"
"256.1394053027751","259.999999999988"
"242.78728402356506","253.000000000028"
"247.2811274234761","247.999999999923"
"230.91538202799967","238.000000000087"
"219.42349500268915","219.00000000006202"
"220.17246499853744","215.999999999999"
"207.49299304831305","190.00000000001398"
"190.49433344194895","161.999999999987"
"152.014619641419","147.00000000004601"
"150.51030000951255","141.999999999941"
"182.25870787719188","181.000000000012"
"234.7636076198071","247.000000000089"
"270.20900953130337","274.999999999929"
"263.36396639904467","249.99999999996498"
"245.9051432251074","248.999999999944"
"242.9456444875614","248.999999999944"
"248.16612170291458","247.999999999923"
"249.0651163535503","247.999999999923"
"251.73291087516048","248.999999999944"
"244.19807552031864","248.999999999944"
"251.9728177050278","250.99999999998602"
"257.85584536730255","252.000000000007"
"259.2213084285468","250.99999999998602"
"253.43737170238853","249.99999999996498"
"250.23653734337447","246.00000000006798"
"237.89955315756958","250.99999999998602"
"221.6891948932468","214.999999999978"
"210.30027513869757","214.999999999978"
"207.66526763233142","154.000000000006"
"278.29180478656826","294.999999999975"
"244.38352162802437","245.000000000047"
"245.55583492140534","244.000000000026"
"247.77840794015574","247.000000000089"
"247.4956715657403","247.000000000089"
"241.87402133463857","246.00000000006798"
"246.23512180389156","246.00000000006798"
"237.5546704956576","247.999999999923"
"245.34991283731958","248.999999999944"
"255.24967339102","252.000000000007"
"250.29483698802156","252.000000000007"
"253.25211193698885","250.99999999998602"
"250.27693459498295","247.000000000089"
"236.7797457148362","241.999999999984"
"228.0666956107928","234.000000000003"
"223.42404438447454","227.000000000043"
"210.404629850984","202.000000000079"
"257.11411056987197","265.000000000093"
"268.3184603630685","261.000000000009"
"259.7190106887052","262.00000000003"
"263.48895095710145","265.000000000093"
"269.10311978492615","265.000000000093"
"261.46272040932234","261.000000000009"
"250.85897299884607","258.999999999967"
"252.5613895303075","262.00000000003"
"267.41337230501097","268.99999999999"
"286.165597249677","279.000000000013"
"283.87903515084724","284.999999999952"
"262.64936487178034","259.999999999988"
"257.0595388901774","252.000000000007"
"246.2678849559615","246.00000000006798"
"235.23501808701906","231.999999999961"
"224.0741835365376","220.000000000083"
"182.92476217340965","140.99999999992"
"154.64628463903796","213.999999999957"
"157.52697511600613","156.000000000048"
"151.1757752759117","154.000000000006"
"162.58372421871937","159.999999999945"
"179.79500449230608","174.000000000052"
"274.58159963108346","271.000000000032"
"274.3346307125845","290.000000000057"
"289.34148529545473","288.000000000015"
"297.90098726714564","291.000000000078"
"311.97933278980514","332.000000000004"
"313.31986612712376","301.0000000000075"
"288.4797733452749","274.999999999929"
"271.52782937613443","259.999999999988"
"266.06070968512176","264.000000000072"
"289.33779452817265","327.9999999999948"
"383.5065480157204","389.99999999991303"
"375.79631502971756","363.999999999928"
"329.7367837088974","332.000000000004"
"262.95795350749654","255.00000000007"
"245.12414918462872","248.999999999944"
"247.1043165185992","240.999999999963"
"229.21980797661257","232.99999999998198"
"229.65722230369192","245.000000000047"
"217.80071269840693","228.000000000064"
"219.241685331029","210.00000000006"
"171.98255288813343","149.000000000088"
"137.43077522235146","132.999999999939"
"199.21175238258468","204.99999999995498"
"197.989353169288","199.000000000016"
"233.25875858463112","259.999999999988"
"259.85095493116506","247.999999999923"
"256.1295452440647","249.99999999996498"
"252.6012074246295","248.999999999944"
"242.5783288991919","247.000000000089"
"240.47923445093696","243.000000000005"
"238.51097061129715","246.00000000006798"
"250.64024240714198","247.000000000089"
"255.5111838511044","254.000000000049"
"258.29612241227056","273.999999999908"
"267.6190896660962","265.000000000093"
"246.10039225502675","255.00000000007"
"260.5229150185325","253.000000000028"
"237.96232097484898","235.000000000024"
"228.85076815672596","234.000000000003"
"214.14569039876875","217.00000000002"
"199.8226888929703","202.000000000079"
"197.01839211407835","193.99999999991098"
"208.79179868201294","210.00000000006"
"217.6327776965698","212.999999999936"
"223.44092105649574","220.000000000083"
"198.67032689996188","197.999999999995"
"247.2438987655113","250.99999999998602"
"273.05443169714835","282.99999999991"
"277.21497176637945","261.000000000009"
"265.30993866097475","259.999999999988"
"261.0659835780438","247.000000000089"
"250.91586763368755","247.000000000089"
"258.4873567052623","277.999999999992"
"293.8633606398653","342.000000000027"
"404.1885455437038","404.00000000002"
"417.26999619924936","408.999999999938"
"347.9680327485135","345.999999999924"
"300.0846940051361","296.9999999999983"
"264.4451041386756","280.000000000034"
"263.5421298527731","253.000000000028"
"246.71637384515682","259.999999999988"
"255.0064668819391","247.999999999923"
"250.54208688950382","243.000000000005"
"241.1166932514335","240.999999999963"
"248.5885483780092","241.999999999984"
"260.17032527212217","268.99999999999"
"316.9844734592685","319.9999999999951"
"451.18478451394645","439.000000000007"
"467.16009783954746","478.999999999912"
"438.79851393809423","435.999999999944"
"415.65974593714697","418.999999999961"
"425.2097081942215","416.00000000008504"
"408.8575195067054","414.000000000043"
"402.34684978816404","407.000000000083"
"387.42855909641827","389.000000000079"
"373.15493266812047","377.000000000014"
"388.93748808376256","384.999999999995"
"416.73338976699483","424.000000000066"
"448.1142987579522","454.999999999969"
"384.17897179016904","389.99999999991303"
"302.1271841442359","300.0000000000052"
"272.83235687288743","268.99999999999"
"263.0269860043683","249.99999999996498"
"239.4996474589253","241.999999999984"
"227.8962303750369","236.00000000004502"
"233.71165423703405","230.99999999994"
"228.42401146887715","228.000000000064"
"225.36319470594538","209.000000000039"
"217.5487930272668","227.000000000043"
"250.5535594776545","250.99999999998602"
"291.27283406062224","295.999999999996"
"353.9924324119534","356.999999999968"
"399.5544677395801","393.999999999997"
"375.5609901224284","380.999999999911"
"379.12737763543464","379.000000000056"
"391.38944195544383","393.999999999997"
"383.0380414637783","388.000000000058"
"398.141763965937","393.999999999997"
"386.1612275954105","387.000000000037"
"385.6096311844808","386.00000000001603"
"404.2587506006261","408.999999999938"
"461.9151159236572","454.999999999969"
"443.2316985074161","453.999999999948"
"309.9368887070655","303.9999999999957"
"269.1772517129598","266.999999999948"
"256.22201349925245","258.999999999967"
"256.05236908378555","246.00000000006798"
"230.9957603514137","238.000000000087"
"222.0960199689521","229.00000000008498"
"225.5901126307176","228.000000000064"
"222.2696480142589","226.000000000022"
"226.90407217641433","219.00000000006202"
"225.65871917185387","223.99999999998"
"241.27703164342353","243.000000000005"
"266.9662612193186","254.000000000049"
"275.4577292076803","279.000000000013"
"303.97386802834865","309.9999999999908"
"299.1557077309347","294.999999999975"
"291.49405171326936","282.99999999991"
"289.0166797918233","291.999999999912"
"290.59716941307937","296.9999999999983"
"293.66044477376465","300.0000000000052"
"304.55889582103464","300.0000000000052"
"312.4361514063764","316.0000000000046"
"331.82210162766694","339.999999999985"
"360.81383599582597","351.000000000029"
"315.03290056375585","307.0000000000026"
"294.8117904576104","281.000000000055"
"258.45877190937324","263.000000000051"
"263.29492025222737","254.000000000049"
"248.29602748502447","244.000000000026"
"235.54824540932827","234.000000000003"
"222.0242725469882","232.99999999998198"
"227.93317497290303","228.000000000064"
"221.82894091199432","220.000000000083"
"205.60973126845977","214.999999999978"
"218.60459701297702","217.00000000002"
"239.03570301079696","238.000000000087"
"249.25532286312693","249.99999999996498"
"252.95442735295745","256.999999999925"
"246.75736751171237","263.000000000051"
"259.80346728049506","256.999999999925"
"252.71796658922","256.999999999925"
"255.90439114010852","256.000000000091"
"248.54267861567826","256.000000000091"
"246.46997742428948","256.999999999925"
"251.98150966987228","256.999999999925"
"257.29207590809483","256.000000000091"
"266.51773099024547","257.999999999946"
"263.2475770925111","265.999999999927"
"256.53168004350323","263.000000000051"
"254.00921098145776","256.999999999925"
"255.83342217335803","254.000000000049"
"245.9760795198186","250.99999999998602"
"243.1702901362967","246.00000000006798"
"244.105091224063","232.99999999998198"
"206.4846903324701","182.000000000033"
"160.4721899445457","138.000000000044"
"147.06176652668063","137.000000000023"
"189.73126833103512","192.000000000056"
"261.1411409989404","249.99999999996498"
"285.94333807434447","279.000000000013"
"277.5811402766828","282.99999999991"
"270.1420127669778","265.999999999927"
"254.8843112760512","256.000000000091"
"243.62208125136794","253.000000000028"
"256.38869440860003","252.000000000007"
"253.9691148059221","250.99999999998602"
"251.55947623826233","249.99999999996498"
"258.5158083807802","249.99999999996498"
"252.81604972734772","252.000000000007"
"255.731226973633","264.000000000072"
"262.40711239597664","259.999999999988"
"254.17364789284423","250.99999999998602"
"249.37285689905138","246.00000000006798"
"237.75217055181","245.000000000047"
"238.2984830138778","238.000000000087"
"223.96672841412703","222.99999999995902"
"212.03582896293398","223.99999999998"
"211.16803173348438","212.999999999936"
"205.11269832730397","208.000000000018"
"218.38382152051165","215.999999999999"
"223.5623201955519","219.00000000006202"
"224.61993725185908","229.00000000008498"
"235.0371044334846","231.999999999961"
"250.66001568483074","238.999999999921"
"247.427094892365","244.000000000026"
"247.93990716612024","247.999999999923"
"257.07922734944395","257.999999999946"
"276.1486370834261","263.000000000051"
"260.5776165147829","263.000000000051"
"261.07184799757397","252.000000000007"
"256.08475295080655","252.000000000007"
"261.2208764927225","262.00000000003"
"286.52237197191243","286.999999999994"
"301.91834124780246","308.0000000000049"
"295.00492453953154","291.999999999912"
"273.89348098372824","268.99999999999"
"256.6917800387266","258.999999999967"
"254.13796121465757","255.00000000007"
"249.95975476801237","254.000000000049"
"251.19439502702016","250.99999999998602"
"248.2029835097851","254.000000000049"
"247.80810963922028","250.99999999998602"
"250.29423603907904","249.99999999996498"
"245.7116508680877","248.999999999944"
"256.0675689482801","243.000000000005"
"250.45283896059001","248.999999999944"
"250.43127006493418","246.00000000006798"
"249.81030405630872","252.000000000007"
"253.73039926476804","254.000000000049"
"261.6689055296825","259.999999999988"
"272.2506883572512","268.99999999999"
"274.8430682991229","272.000000000053"
"268.95603410289266","272.000000000053"
"267.4041001650473","267.999999999969"
"268.5327219434933","273.000000000074"
"279.83321208354334","284.999999999952"
"305.4340589582535","293.999999999954"
"347.13439180463564","346.999999999945"
"340.6716866623965","343.000000000048"
"303.27706532258196","300.0000000000052"
"296.4661841081314","291.999999999912"
"276.6423597915954","292.999999999933"
"267.31723669806547","265.999999999927"
"262.9946304849908","256.000000000091"
"259.66358236562434","253.000000000028"
"249.86135652112273","249.99999999996498"
"250.12911235925728","247.999999999923"
"237.81251731246388","249.99999999996498"
"253.04793184913757","248.999999999944"
"248.39745573215367","267.999999999969"
"307.9946405156741","314.0"
"431.8607991008486","431.00000000002603"
"454.5745461308961","452.000000000093"
"354.1911334328637","355.999999999947"
"343.78131874037115","337.999999999943"
"357.9602132935874","360.000000000031"
"392.09604061651567","395.000000000018"
"384.88796308430557","386.00000000001603"
"355.5313876886993","364.999999999949"
"369.5512510197051","371.000000000075"
"391.11767529121363","389.99999999991303"
"447.71081740636237","446.999999999988"
"383.90469413802055","353.000000000071"
"315.81205107062016","318.9999999999928"
"296.25976784760275","296.9999999999983"
"280.11548063858174","280.000000000034"
"270.4437572562166","261.000000000009"
"257.1811085876059","255.00000000007"
"252.3377152185691","255.00000000007"
"252.70891252128285","250.99999999998602"
"250.94737628565434","248.999999999944"
"246.79526948225936","250.99999999998602"
"253.05355628180808","256.000000000091"
"290.61015836370535","298.0000000000006"
"344.40809989813476","345.999999999924"
"433.9108381299312","425.999999999921"
"420.09811981645043","440.00000000002797"
"388.86195757136556","393.999999999997"
"372.49208622436055","365.99999999997"
"364.96591513072406","371.000000000075"
"397.452695356329","388.000000000058"
"390.08679656563766","380.999999999911"
"385.2466435968365","371.000000000075"
"372.19054713469654","372.99999999992997"
"407.1288693168314","398.000000000081"
"457.76298734008856","457.000000000011"
"412.46246556949296","434.000000000089"
"347.04996395262083","342.000000000027"
"331.6614221514803","329.9999999999994"
"291.51116445969114","283.999999999931"
"270.9335279223705","268.99999999999"
"259.5932234529692","255.00000000007"
"250.69286206645356","253.000000000028"
"250.59013565798372","249.99999999996498"
"249.71261615967524","247.000000000089"
"245.78072426627423","247.999999999923"
"249.3128602468661","253.000000000028"
"288.36730436340093","295.999999999996"
"330.2315504350229","326.0000000000089"
"388.43188224498675","383.99999999997397"
"397.1453075012204","388.000000000058"
"335.4903038321086","326.9999999999925"
"315.01921246965344","321.9999999999997"
"326.76758838919125","321.9999999999997"
"321.43435195592","320.9999999999974"
"307.5136572742167","304.999999999998"
"304.32160285022024","308.0000000000049"
"310.67102545293506","304.999999999998"
"310.9874048731117","317.0000000000069"
"324.145762392124","325.0000000000066"
"296.8556856132856","298.0000000000006"
"288.56915943469454","276.999999999971"
"270.55726328992","263.000000000051"
"254.17866730738555","259.999999999988"
"257.24301913645337","254.000000000049"
"244.573915489439","245.000000000047"
"237.32585835387738","236.00000000004502"
"230.1223261206194","229.999999999919"
"229.95425784561792","230.99999999994"
"228.83992268410998","232.99999999998198"
"236.2511496985557","240.999999999963"
"250.10342626985425","250.99999999998602"
"265.03329412940786","277.999999999992"
"287.17314220390665","300.0000000000052"
"316.55988707456976","315.00000000000045"
"299.64903770059186","298.0000000000006"
"281.65726876440215","288.000000000015"
"295.06988897383167","300.0000000000052"
"300.68676228184313","306.0000000000003"
"303.24564658241263","300.0000000000052"
"304.6355915251673","290.000000000057"
"289.4207297215336","291.999999999912"
"301.7057085519177","314.0"
"323.69170942755545","331.0000000000017"
"307.00120410932504","303.9999999999957"
"285.2889435474707","279.000000000013"
"264.0126505120182","272.000000000053"
"271.4760661611622","266.999999999948"
"261.1104249001597","256.000000000091"
"250.06843859873047","250.99999999998602"
"245.01291102329563","236.00000000004502"
"229.34234536049058","235.000000000024"
"235.5714924830628","225.00000000000102"
"230.3839809404648","223.99999999998"
"234.12885868225095","232.99999999998198"
"232.76178029489807","232.99999999998198"
"268.12912346461377","291.999999999912"
"334.8507759826114","341.000000000006"
"368.8379238561393","371.000000000075"
"345.5889538184265","341.000000000006"
"332.88234245907915","329.9999999999994"
"332.4850748167889","336.000000000088"
"331.0551632893156","334.000000000046"
"314.57713260080766","314.0"
"309.5602912698231","304.999999999998"
"311.23112811518206","318.9999999999928"
"326.68821899141074","335.000000000067"
"367.7692061512989","372.99999999992997"
"338.44063876985706","334.000000000046"
"307.76058604993324","291.999999999912"
"265.9599806208575","271.000000000032"
"261.4950539374029","271.000000000032"
"261.36223115096124","262.00000000003"
"250.40187970915036","256.000000000091"
"251.5392980498121","255.00000000007"
"252.58899515262652","252.000000000007"
"249.77835051982944","249.99999999996498"
"249.1186607235125","248.999999999944"
"253.5305933274941","246.00000000006798"
"245.801694125683","246.00000000006798"
"259.15372427669485","246.00000000006798"
"267.41684341644265","252.000000000007"
"255.31712331387064","253.000000000028"
"253.57015426152378","256.000000000091"
"263.8307037641904","256.999999999925"
"262.6585326742345","256.999999999925"
"255.34520214938246","255.00000000007"
"250.05157302280125","250.99999999998602"
"252.36519326075648","247.999999999923"
"257.59875348911123","247.000000000089"
"252.92174855709987","256.000000000091"
"278.0297566921224","273.000000000074"
"267.7742844617234","267.999999999969"
"254.80016211021115","256.000000000091"
"255.73696432664602","252.000000000007"
"244.61975482142003","246.00000000006798"
"242.80220473664772","243.000000000005"
"231.62196216119546","228.000000000064"
"218.3566187750941","220.999999999917"
"205.06654730781156","206.999999999997"
"206.92889930299384","197.999999999995"
"186.6877937931551","195.999999999953"
"204.44173647826247","195.999999999953"
"203.64687608949936","203.999999999934"
"229.90231574009078","212.999999999936"
"219.74877350303967","215.999999999999"
"223.83994443697713","221.99999999993798"
"230.33468125816896","229.999999999919"
"236.4978498705911","235.000000000024"
"238.12899257889927","237.000000000066"
"232.5885249128603","237.000000000066"
"238.70946381178524","235.000000000024"
"238.7481820668038","236.00000000004502"
"235.86759871855764","240.999999999963"
"239.62278864925224","222.99999999995902"
"275.1531265119371","296.9999999999983"
"299.45862304754684","291.000000000078"
"275.6827988764453","275.99999999995"
"265.24141522633425","264.000000000072"
"257.8193953459674","256.000000000091"
"249.10430321781752","253.000000000028"
"245.76505135335142","247.000000000089"
"246.90155090088427","238.000000000087"
"223.98737347953744","232.99999999998198"
"224.7048222763807","229.999999999919"
"227.8388833211407","226.000000000022"
"225.79122085810474","235.000000000024"
"239.9935633733288","235.000000000024"
"302.301548673409","306.0000000000003"
"388.344485963155","387.000000000037"
"410.19056097633273","408.999999999938"
"378.25030924618943","379.000000000056"
"375.3226593987602","377.000000000014"
"379.43624088571164","382.999999999953"
"373.88147426131275","371.999999999909"
"352.6543487026102","355.999999999947"
"350.7214939857851","347.999999999966"
"353.8055939823641","335.000000000067"
"354.5832836672849","353.000000000071"
"413.24937064575516","408.999999999938"
"445.0244957797606","448.000000000009"
"387.7587337405725","386.00000000001603"
"327.72958172278413","321.9999999999997"
"308.87731180930655","301.0000000000075"
"274.21004767313167","275.99999999995"
"264.1949082412089","265.000000000093"
"254.18340651084713","261.000000000009"
"255.56642698973943","254.000000000049"
"250.42539018925993","255.00000000007"
"255.4520934276889","256.000000000091"
"262.9837516231567","261.000000000009"
"273.71990345091604","277.999999999992"
"301.32952471064584","311.9999999999954"
"391.13784872753854","408.999999999938"
"419.5427466826139","407.999999999917"
"410.26054358039175","416.00000000008504"
"415.35935797232924","402.999999999999"
"403.66016098003064","400.999999999957"
"384.2616461072444","392.999999999976"
"395.2035605380956","389.000000000079"
"380.97803005909316","380.999999999911"
"377.77933896932814","379.000000000056"
"410.39639604930886","409.999999999959"
"463.2795292698118","479.99999999993304"
"477.6825528040557","497.999999999937"
"414.4415262730839","408.999999999938"
"314.01752833302635","315.00000000000045"
"305.63705708352165","314.0"
"282.5420869826976","277.999999999992"
"264.5957430270539","268.99999999999"
"267.6515826490737","270.000000000011"
"259.3209228128395","265.000000000093"
"257.1911971825366","264.000000000072"
"262.56408788365223","265.000000000093"
"270.5327810998636","274.999999999929"
"294.5091111372928","286.999999999994"
"322.4396530997819","320.9999999999974"
"434.0457386723316","431.00000000002603"
"443.1123394996861","431.00000000002603"
"412.1733945502861","408.999999999938"
"391.42420308481394","382.999999999953"
"375.65204073419767","372.99999999992997"
"368.21139727019914","353.000000000071"
"330.2748360725683","339.999999999985"
"330.85520255634043","335.000000000067"
"334.6519241628414","335.000000000067"
"343.3427602402263","345.999999999924"
"428.23071295854095","431.00000000002603"
"395.09509279649797","325.0000000000066"
"320.51074070212405","319.9999999999951"
"306.7804673796136","303.9999999999957"
"286.3685970736639","279.000000000013"
"266.91200075049215","268.99999999999"
"261.05503839439996","257.999999999946"
"258.7137004730397","262.00000000003"
"259.1307325449869","259.999999999988"
"256.91838778229726","256.999999999925"
"249.26734635939016","249.99999999996498"
"250.83328225734869","252.000000000007"
"260.7435308643089","265.000000000093"
"277.1619309036534","273.000000000074"
"274.6741715205675","274.999999999929"
"319.30109173020236","326.0000000000089"
"311.01439155291035","327.9999999999948"
"318.8429836511627","323.000000000002"
"296.0425160400339","291.000000000078"
"274.72001350264264","280.000000000034"
"284.14096027518144","279.000000000013"
"278.306251233262","276.999999999971"
"273.7728842627431","273.999999999908"
"272.0989051480497","274.999999999929"
"279.5142816594581","271.000000000032"
"267.05948339475236","276.999999999971"
"273.49617961254023","271.000000000032"
"268.43829812177563","271.000000000032"
"263.20936978796436","265.000000000093"
"263.9933700849428","258.999999999967"
"251.61469020448362","249.99999999996498"
"251.72855943845633","247.000000000089"
"242.18882965214806","245.000000000047"
"239.97008592164752","244.000000000026"
"237.46315658038765","246.00000000006798"
"249.96855447458142","255.00000000007"
"262.5859227209353","263.000000000051"
"289.43494588535856","276.999999999971"
"375.94381858614753","386.00000000001603"
"417.3360453438917","416.00000000008504"
"432.8211299931691","437.999999999986"
"398.6568227284317","408.999999999938"
"396.30231024183274","408.999999999938"
"420.0801897185453","422.000000000024"
"375.46819220451096","377.000000000014"
"361.1373181017438","354.999999999926"
"329.0747369830768","336.999999999922"
"341.7688906398395","342.000000000027"
"437.29169907899035","442.00000000007003"
"439.6448377895213","482.999999999996"
"375.4912196785074","374.999999999972"
"299.5886830462943","285.999999999973"
"286.1800141032239","280.000000000034"
"268.8951236019626","273.000000000074"
"265.61124208103433","268.99999999999"
"257.56237512072676","267.999999999969"
"262.9625523636598","263.000000000051"
"258.50705050999403","262.00000000003"
"258.1503044696342","263.000000000051"
"266.41281726533975","264.000000000072"
"273.0073318143144","266.999999999948"
"288.48466878836587","271.000000000032"
"283.6661507410479","274.999999999929"
"275.6016060002704","275.99999999995"
"277.3307811392592","282.99999999991"
"289.88866388171476","291.000000000078"
"290.85519026193094","290.000000000057"
"285.61310039015075","284.999999999952"
"290.25511905749323","283.999999999931"
"279.1266571183362","282.99999999991"
"287.1511150776312","288.000000000015"
"305.10793481982563","319.9999999999951"
"390.3861014826628","396.000000000039"
"427.07756172850657","449.00000000003"
"313.75068070500924","315.00000000000045"
"291.7363832007367","285.999999999973"
"284.80781467957695","282.000000000076"
"269.1204183096331","279.000000000013"
"264.59249050799446","274.999999999929"
"272.86144394497046","273.000000000074"
"264.3461126393777","268.99999999999"
"260.76200035087373","265.999999999927"
"263.81768778542573","259.999999999988"
"257.49132081975665","248.999999999944"
"247.05260172755368","247.999999999923"
"240.98591739452763","250.99999999998602"
"261.1799247672925","261.000000000009"
"259.0752591874739","266.999999999948"
"265.2706255152725","273.999999999908"
"275.34569123474665","279.000000000013"
"271.1575606892722","276.999999999971"
"282.57963342518667","273.999999999908"
"268.561737016167","272.000000000053"
"277.5022572365739","272.000000000053"
"278.3856726192878","273.000000000074"
"282.01560274772027","282.000000000076"
"289.96726835890354","293.999999999954"
"290.60481882619933","289.000000000036"
"283.56100396925183","283.999999999931"
"271.0216782933948","275.99999999995"
"266.59306950616804","272.000000000053"
"269.0447619224748","266.999999999948"
"255.22931482599483","261.000000000009"
"263.5388609835399","259.999999999988"
"256.93597111605476","254.000000000049"
"247.18097748027293","241.999999999984"
"236.4489248970536","238.000000000087"
"241.81098549277573","244.000000000026"
"252.05798031703156","238.999999999921"
"270.70155753671224","291.999999999912"
"381.1057699221854","371.000000000075"
"421.62613000269084","421.000000000003"
"396.7218806819192","395.000000000018"
"363.0228288858686","362.999999999907"
"339.6971684336182","336.999999999922"
"333.2841206854631","335.000000000067"
"331.93537158852087","334.000000000046"
"332.75205185849006","327.9999999999948"
"329.3337844721094","323.000000000002"
"331.1191425885477","334.000000000046"
"413.1759500142843","409.999999999959"
"362.95699155159997","352.00000000005"
"338.3259759909025","335.000000000067"
"288.7087270231863","289.000000000036"
"288.5076809674898","279.000000000013"
"273.0739005034887","267.999999999969"
"264.45776435855635","263.000000000051"
"271.48459097117063","271.000000000032"
"266.2731642258423","268.99999999999"
"268.519327032522","271.000000000032"
"273.58715678719807","273.000000000074"
"281.04186497759486","274.999999999929"
"282.5147887424567","280.000000000034"
"296.7005177486282","326.9999999999925"
"406.8048968955117","408.999999999938"
"424.2173362416647","452.000000000093"
"446.82798355408033","452.999999999927"
"417.89998455771894","393.999999999997"
"325.59506405577116","336.000000000088"
"333.40518410396555","333.000000000025"
"337.8307010514656","333.000000000025"
"331.2661838142445","326.9999999999925"
"331.13266002042184","326.9999999999925"
"324.47623795244004","336.000000000088"
"428.44298450828853","434.000000000089"
"417.01705723553675","423.000000000045"
"398.49791455922355","371.000000000075"
"330.51045166143757","326.9999999999925"
"292.05375375873643","296.9999999999983"
"278.41293769729873","282.99999999991"
"298.37053349514383","291.999999999912"
"277.25616489432815","288.000000000015"
"284.81843288663856","285.999999999973"
"288.50555106202427","288.000000000015"
"295.4945499567733","296.9999999999983"
"318.32186174929984","323.000000000002"
"334.342488377956","335.000000000067"
"420.8371449514739","416.999999999919"
"427.06251808549797","443.99999999992497"
"447.93573991909875","454.999999999969"
"429.0586006671849","462.99999999995"
"442.5821339059355","441.000000000049"
"435.1674332459757","434.99999999992303"
"412.5050108117137","407.999999999917"
"392.6111638582749","378.000000000035"
"374.4934053340276","365.99999999997"
"373.447973103488","363.999999999928"
"425.65860518647105","424.000000000066"
"428.914102190589","423.000000000045"
"426.5794688319096","382.999999999953"
"351.7536174277738","356.999999999968"
"333.6390470640934","339.999999999985"
"311.08456588809486","310.9999999999931"
"306.21294589997524","311.9999999999954"
"305.3352850488934","300.0000000000052"
"307.3175179773484","295.999999999996"
"304.97122883549986","300.0000000000052"
"308.81440510449585","310.9999999999931"
"319.03832168485997","323.000000000002"
"357.7065532582267","354.000000000092"
"460.6710909908737","482.999999999996"
"437.8181097290649","439.000000000007"
"418.0543003645032","416.999999999919"
"420.63146864584616","423.000000000045"
"409.75580219593905","408.999999999938"
"434.4333453766995","491.99999999999795"
"420.9476290694177","417.99999999994"
"369.98681744438187","368.000000000012"
"327.2497910738996","326.9999999999925"
"343.0468356755764","341.000000000006"
"326.17009052856747","326.0000000000089"
"313.9635509567477","312.99999999999955"
"303.24411892273287","316.0000000000046"
"319.7484113889583","318.9999999999928"
"318.05419327916184","318.9999999999928"
"385.3645766681312","386.00000000001603"
"424.23532728714923","433.000000000068"
"388.8859116342965","404.00000000002"
"395.8878864149678","401.999999999978"
"442.14370284525035","434.000000000089"
"431.6217291495185","431.00000000002603"
"386.2188172500894","377.000000000014"
"393.5957932206353","393.999999999997"
"330.6264075523418","328.9999999999971"
"377.5089426090508","377.000000000014"
"342.104372583764","342.000000000027"
"331.8017049347542","331.0000000000017"
"339.12187029074863","336.000000000088"
"339.9200005323503","339.999999999985"
"330.4383004561707","327.9999999999948"
"319.0276022319766","317.0000000000069"
"331.1270181791576","328.9999999999971"
"347.4604281356483","346.999999999945"
"392.764695402641","393.999999999997"
"395.12807865808657","413.000000000022"
"399.68739086457833","380.999999999911"
"362.79092518358846","357.999999999989"
"333.60866156714343","336.000000000088"
"323.4133303706556","328.9999999999971"
"337.3826713654669","334.000000000046"
"373.30119145176997","378.000000000035"
"461.21289957902957","498.999999999958"
"417.4353463254488","386.00000000001603"
"339.7999632191555","355.999999999947"
"352.0234928921243","352.00000000005"
"322.74970101921224","323.000000000002"
"321.9139921062499","328.9999999999971"
"316.3326994191813","318.9999999999928"
"309.93026767893735","307.0000000000026"
"306.76758191490404","306.0000000000003"
"309.866846340538","307.0000000000026"
"307.625454606379","301.9999999999911"
"296.9525664824455","301.0000000000075"
"307.45204859896364","301.9999999999911"
"303.2608230784175","301.9999999999911"
"321.9248075639337","320.9999999999974"
"315.71142671896007","318.0000000000092"
"324.5419398558539","318.0000000000092"
"300.32916932203966","306.0000000000003"
"295.5870711844849","291.999999999912"
"292.7073873057477","291.000000000078"
"310.1123469430208","309.0000000000072"
"338.9308832938932","321.9999999999997"
"393.83131516208914","386.00000000001603"
"437.35577358969545","437.999999999986"
"387.29523716377537","392.999999999976"
"334.9109952414937","338.999999999964"
"336.77050209788246","335.000000000067"
"339.19375423031266","326.0000000000089"
"321.4410261513309","318.0000000000092"
"311.7996363048029","306.0000000000003"
"295.4667386410977","303.9999999999957"
"301.9233194469839","302.9999999999934"
"299.85577825158924","299.0000000000029"
"313.2052313212618","315.00000000000045"
"322.34212403693425","318.0000000000092"
"433.345386941768","431.00000000002603"
"479.24092989496876","494.00000000004"
"390.83590298464514","392.999999999976"
"330.01836179526725","335.000000000067"
"320.3929625953032","318.0000000000092"
"322.68652893178046","323.000000000002"
"314.3547177695262","319.9999999999951"
"315.8605473342899","319.9999999999951"
"326.9465919542892","323.000000000002"
"333.75183744692464","335.000000000067"
"340.8612610849821","350.000000000008"
"478.48197379355327","496.999999999916"
"398.81364089567376","398.999999999915"
"333.44971780119596","335.000000000067"
"310.43601627834033","316.0000000000046"
"319.27206621458294","323.000000000002"
"317.0407288217653","318.9999999999928"
"308.28294174574944","316.0000000000046"
"313.2937849130638","317.0000000000069"
"328.213968353786","329.9999999999994"
"340.50345832647395","339.999999999985"
"467.2678959307924","481.999999999975"
"373.6359000338849","371.999999999909"
"327.93337708427606","326.9999999999925"
"328.77722928462373","326.0000000000089"
"319.07604899188243","318.9999999999928"
"311.8982422975071","317.0000000000069"
"316.90463379507344","315.00000000000045"
"328.75900138992586","323.000000000002"
"335.7326436548449","335.000000000067"
"474.6222678729474","449.00000000003"
"434.24670289002904","446.999999999988"
"402.9700187598989","410.99999999998"
"369.03935840098023","379.000000000056"
"348.88858626643815","345.00000000009"
"328.4107055222346","327.9999999999948"
"333.3874750929073","332.000000000004"
"323.18118699933086","326.0000000000089"
"330.6285069033123","325.0000000000066"
"332.19735125298905","335.000000000067"
"346.5786846735011","343.000000000048"
"371.5477659812574","368.000000000012"
"478.89871582498944","445.99999999996703"
"445.09872549406646","446.999999999988"
"448.17548978232344","445.99999999996703"
"385.48145769418363","378.000000000035"
"350.4403574686097","351.000000000029"
"327.66985430531656","326.0000000000089"
"342.45579687459605","335.000000000067"
"332.95962805568706","329.9999999999994"
"326.8866680157775","320.9999999999974"
"314.70202786856055","314.0"
"306.0843021523143","312.99999999999955"
"311.5371586972416","311.9999999999954"
"306.9493272586575","300.0000000000052"
"319.01582984805754","310.9999999999931"
"319.49947116472333","323.000000000002"
"333.93699591812805","329.9999999999994"
"333.7297666379358","332.000000000004"
"322.90195961812594","329.9999999999994"
"325.3636966753285","325.0000000000066"
"317.6821564278561","317.0000000000069"
"309.19197304304026","312.99999999999955"
"306.127698598471","316.0000000000046"
"319.68568351700077","325.0000000000066"
"353.35148818324996","346.999999999945"
"343.28188416397495","342.000000000027"
"329.66765028708335","326.0000000000089"
"316.6304046657374","318.9999999999928"
"320.5132206560757","318.0000000000092"
"317.3363623620853","316.0000000000046"
"307.36334161357024","308.0000000000049"
"297.6999541774151","295.999999999996"
"280.3924305131375","291.000000000078"
"291.87496250644347","289.000000000036"
"289.91271676167923","285.999999999973"
"283.7038904665233","285.999999999973"
"291.98686148509216","283.999999999931"
"298.52204241447964","270.000000000011"
"277.10369160907436","267.999999999969"
"274.4968001930513","273.000000000074"
"277.4505551166986","275.99999999995"
"275.8099072425049","281.000000000055"
"282.6707967568433","285.999999999973"
"297.8371516371741","286.999999999994"
"283.8221094478572","274.999999999929"
"278.82104570014735","273.000000000074"
"273.7555331777079","277.999999999992"
"276.92492153615945","273.999999999908"
"325.8138846508858","327.9999999999948"
"325.0879274554202","326.0000000000089"
"318.2233657281707","326.0000000000089"
"315.53852439449446","317.0000000000069"
"311.7955527061019","315.00000000000045"
"311.9263005253034","311.9999999999954"
"296.3181542190593","307.0000000000026"
"312.58699844169735","306.0000000000003"
"303.22300843790265","298.0000000000006"
"303.55535802796607","298.0000000000006"
"298.4059349794221","298.0000000000006"
"308.5463286688011","307.0000000000026"
"323.3268856578769","318.0000000000092"
"405.32330831404596","407.999999999917"
"431.77215962368933","446.999999999988"
"405.2903055620231","391.999999999955"
"381.82221837486634","363.999999999928"
"348.9118493095235","344.000000000069"
"334.1446243422453","345.00000000009"
"331.48633983085597","336.999999999922"
"333.5553386030534","334.000000000046"
"355.52217203072695","346.999999999945"
"421.5288791625934","413.000000000022"
"339.5030021408206","343.000000000048"
"324.10396731162996","325.0000000000066"
"319.00367840080185","317.0000000000069"
"308.0592667553762","311.9999999999954"
"305.4978903160451","308.0000000000049"
"301.618105249505","295.999999999996"
"288.7351772942834","291.000000000078"
"283.44824169982496","284.999999999952"
"279.02392946777826","284.999999999952"
"284.64225704006697","285.999999999973"
"293.3399178919049","294.999999999975"
"302.43831131278193","303.9999999999957"
"306.5745096846354","315.00000000000045"
"349.52399307954636","350.000000000008"
"389.32999522575483","389.99999999991303"
"358.68179361443543","347.999999999966"
"346.97952676074044","338.999999999964"
"325.88273265757715","331.0000000000017"
"317.675119052035","321.9999999999997"
"333.98830446005394","318.9999999999928"
"322.3675918102868","316.0000000000046"
"313.1847643012385","311.9999999999954"
"311.06349381296127","310.9999999999931"
"317.9065848137","317.0000000000069"
"301.7018653471234","314.0"
"303.9383932272388","304.999999999998"
"296.26961536824695","295.999999999996"
"288.19855738378754","288.000000000015"
"283.8275791410766","276.999999999971"
"263.4350875692586","253.000000000028"
"251.34657818682768","248.999999999944"
"235.9319724104521","230.99999999994"
"231.37924926646184","226.000000000022"
"227.05120544760194","229.999999999919"
"239.1469991772629","239.99999999994202"
"259.95599054875646","237.000000000066"
"267.5701722102973","270.000000000011"
"300.55737251058355","300.0000000000052"
"314.70697177980384","310.9999999999931"
"305.6332360422894","301.0000000000075"
"285.59008544342714","294.999999999975"
"295.8301692749507","290.000000000057"
"299.02968057088657","285.999999999973"
"277.3048396546072","282.99999999991"
"282.2153376584054","282.000000000076"
"274.50590655994785","282.99999999991"
"276.99172801303416","285.999999999973"
"306.27366553556516","314.0"
"308.18774553652344","317.0000000000069"
"302.68841511462125","311.9999999999954"
"296.20339168911124","298.0000000000006"
"297.35046446001854","288.000000000015"
"275.8122344367706","283.999999999931"
"279.3305777978974","276.999999999971"
"282.85036397222245","279.000000000013"
"264.19522576502226","279.000000000013"
"286.3475871403902","280.000000000034"
"286.9904375008073","282.99999999991"
"297.23256407522325","299.0000000000029"
"308.80292788069704","318.9999999999928"
"384.6050003417958","379.000000000056"
"470.7075089875507","478.000000000078"
"459.77161935959634","460.999999999908"
"382.05823448348684","379.000000000056"
"367.74854056601424","363.999999999928"
"341.66223156033095","339.999999999985"
"328.02252391943233","328.9999999999971"
"327.87919268675665","316.0000000000046"
"322.42768595181053","326.0000000000089"
"373.4278923311469","373.999999999951"
"337.32532717180027","335.000000000067"
"311.58703515612257","301.0000000000075"
"288.3403288954565","288.000000000015"
"276.2751826570612","282.99999999991"
"275.2939452293356","276.999999999971"
"265.78158163601273","270.000000000011"
"267.258725034681","264.000000000072"
"257.2850918484676","258.999999999967"
"259.6740861982729","256.999999999925"
"256.3352691323784","261.000000000009"
"269.39713900009906","265.000000000093"
"270.2884848606876","271.000000000032"
"277.6468175165127","290.000000000057"
"322.74560956919726","321.9999999999997"
"336.3426646534259","344.000000000069"
"314.80397146694935","314.0"
"297.42528407244254","296.9999999999983"
"299.24201508169193","296.9999999999983"
"294.10856214934336","293.999999999954"
"292.5122978409825","291.999999999912"
"298.2045552676645","293.999999999954"
"303.7235877366602","286.999999999994"
"290.3066562442916","292.999999999933"
"386.20868947852813","391.999999999955"
"323.07776825928016","323.000000000002"
"309.5571334002922","318.0000000000092"
"293.15614278186973","301.0000000000075"
"286.5117206275008","282.000000000076"
"272.7671111468747","276.999999999971"
"263.14630314354366","273.000000000074"
"269.7040291534408","271.000000000032"
"261.60943412155734","264.000000000072"
"263.07289698783114","262.00000000003"
"262.784448841567","261.000000000009"
"260.6900906296273","262.00000000003"
"264.97518362128085","262.00000000003"
"274.9682935827588","261.000000000009"
"262.29430835252356","261.000000000009"
"261.44094375733545","263.000000000051"
"265.31404670555133","265.000000000093"
"269.37116088894805","265.999999999927"
"272.7987110410975","264.000000000072"
"260.79129143383","261.000000000009"
"261.04842566928534","259.999999999988"
"267.63321607565564","257.999999999946"
"262.10413978320446","257.999999999946"
"246.20454528174187","261.000000000009"
"268.14364418801404","266.999999999948"
"277.0817466174352","267.999999999969"
"259.09139190112677","265.000000000093"
"263.9829203483712","262.00000000003"
"250.32189266472025","253.000000000028"
"251.51371890558488","255.00000000007"
"248.81041437319553","243.000000000005"
"232.0577572446002","231.999999999961"
"232.2178623735826","227.000000000043"
"222.16099199900225","221.99999999993798"
"223.58081955136913","223.99999999998"
"225.3527382560012","228.000000000064"
"242.0802360799228","237.000000000066"
"241.89834339108495","237.000000000066"
"233.4232949522806","235.000000000024"
"233.57818149713984","232.99999999998198"
"248.72935827354942","254.000000000049"
"256.8925621281519","261.000000000009"
"251.49343679323783","258.999999999967"
"246.4500793834605","241.999999999984"
"235.3242823086635","222.99999999995902"
"217.45050701290478","210.00000000006"
"216.1606684765896","209.000000000039"
"216.7146341994366","208.000000000018"
"291.8570734529732","311.9999999999954"
"281.45113781196096","274.999999999929"
"265.803843341801","272.000000000053"
"261.5671387501321","267.999999999969"
"266.95096403362413","266.999999999948"
"259.55565191007776","262.00000000003"
"251.59743929741919","256.999999999925"
"248.59791441107558","256.999999999925"
"252.1323515097011","255.00000000007"
"251.5812061760529","256.999999999925"
"250.95161248534345","261.000000000009"
"263.3734937899122","266.999999999948"
"267.9128897415785","273.999999999908"
"287.7953265337643","293.999999999954"
"439.2738830871284","482.999999999996"
"455.15918875857045","452.000000000093"
"386.2145406151441","378.000000000035"
"320.2206899168584","318.9999999999928"
"294.2460613382508","293.999999999954"
"273.0552248141027","283.999999999931"
"280.0978884894833","280.000000000034"
"278.26800605604376","283.999999999931"
"259.92711701262846","263.000000000051"
"235.59229627184902","227.000000000043"
"268.499338538313","326.0000000000089"
"275.89014376006685","279.000000000013"
"275.7352818225504","272.000000000053"
"259.75866330088485","267.999999999969"
"258.7751913366326","263.000000000051"
"251.5802392849135","256.000000000091"
"241.77875676124995","241.999999999984"
"230.63444780629786","229.999999999919"
"224.8676767707168","227.000000000043"
"220.5643628449398","227.000000000043"
"224.4856366392599","229.999999999919"
"239.0704992764392","238.000000000087"
"248.57277250342028","238.999999999921"
"263.24688561638993","259.999999999988"
"269.11028893177735","272.000000000053"
"290.50880727029266","276.999999999971"
"274.7768139208566","275.99999999995"
"272.0509418297204","276.999999999971"
"277.38488531535984","275.99999999995"
"283.5758357539179","274.999999999929"
"271.42940427234083","273.999999999908"
"282.470309181321","273.999999999908"
"285.3235045149323","273.999999999908"
"272.0863451319203","277.999999999992"
"320.6390881485416","327.9999999999948"
"322.70080869496326","334.000000000046"
"302.29394375996594","318.9999999999928"
"283.01911521857727","282.000000000076"
"279.66196881410116","275.99999999995"
"266.7875630776079","267.999999999969"
"259.03283849375316","261.000000000009"
"262.127814247143","243.000000000005"
"239.89060964188337","239.99999999994202"
"234.63695230154207","237.000000000066"
"238.74467263731307","240.999999999963"
"246.25948536806516","247.000000000089"
"247.44847121929368","247.999999999923"
"264.23890793826376","261.000000000009"
"275.5861103206001","270.000000000011"
"268.73496837488904","272.000000000053"
"270.88419320754326","267.999999999969"
"265.0710877527983","266.999999999948"
"267.1860689898667","265.000000000093"
"267.50223509826964","263.000000000051"
"262.7605162802778","262.00000000003"
"267.91379180088603","261.000000000009"
"261.70975490876896","257.999999999946"
"252.5236039712099","256.999999999925"
"269.6697666349871","263.000000000051"
"261.7540061279238","263.000000000051"
"258.09037701467537","258.999999999967"
"257.8583144985351","252.000000000007"
"239.1386596850964","243.000000000005"
"233.04550928075264","229.999999999919"
"217.29583279156583","211.000000000081"
"189.67379907192506","152.999999999985"
"157.69385838025505","154.000000000006"
"205.14652794814936","208.000000000018"
"241.6408645030753","231.999999999961"
"261.67961511486544","247.999999999923"
"252.16034643749404","252.000000000007"
"258.3375335094322","252.000000000007"
"254.8414738013621","252.000000000007"
"248.73982040961954","248.999999999944"
"248.9514176511541","246.00000000006798"
"235.81128760582084","243.000000000005"
"248.26364859399752","243.000000000005"
"253.4561272004673","243.000000000005"
"241.99243716075506","246.00000000006798"
"264.72475505241766","255.00000000007"
"253.43897618201856","256.999999999925"
"255.80813520619233","255.00000000007"
"251.5740512620922","249.99999999996498"
"247.6453448888899","245.000000000047"
"235.47700737539873","238.000000000087"
"222.1758398573955","227.000000000043"
"210.40662142976674","217.00000000002"
"203.5858862099774","219.00000000006202"
"212.53617405125624","213.999999999957"
"210.2938061504825","214.999999999978"
"218.45984994527242","215.999999999999"
"216.70943184709967","226.000000000022"
"223.22851316313796","237.000000000066"
"259.5114706107005","249.99999999996498"
"249.5232037728594","253.000000000028"
"255.73283622996087","250.99999999998602"
"251.01924775463604","248.999999999944"
"243.88565182842282","246.00000000006798"
"236.3631515760277","240.999999999963"
"229.3816116784351","236.00000000004502"
"225.69549873535743","230.99999999994"
"223.09627299484157","229.00000000008498"
"222.10071000911842","229.999999999919"
"253.6516003322983","240.999999999963"
"242.29889657240153","245.000000000047"
"250.71196421374822","243.000000000005"
"237.96345688819048","235.000000000024"
"230.66213550510395","227.000000000043"
"221.81079780706014","221.99999999993798"
"222.58470119915768","220.000000000083"
"215.92377401183526","225.00000000000102"
"217.31003940111813","220.999999999917"
"215.2365477533262","219.00000000006202"
"221.2739632388172","218.00000000004098"
"217.64373996216045","219.00000000006202"
"220.8487118270507","221.99999999993798"
"225.4403708450289","221.99999999993798"
"219.5355707651588","220.999999999917"
"222.7062906768564","222.99999999995902"
"231.45154603085498","226.000000000022"
"226.400710414632","229.999999999919"
"226.65950445235916","228.000000000064"
"217.70535391646263","225.00000000000102"
"220.0587824983687","223.99999999998"
"215.05288097049186","223.99999999998"
"223.2649807911838","227.000000000043"
"223.03216881469243","230.99999999994"
"248.8298283327283","246.00000000006798"
"248.1055859071866","250.99999999998602"
"247.95158746736854","247.999999999923"
"237.06433830627356","239.99999999994202"
"233.00688036203343","241.999999999984"
"235.0958857218529","239.99999999994202"
"240.7577209158157","238.999999999921"
"233.15546887939337","244.000000000026"
"237.52752194931617","234.000000000003"
"229.4294657526134","225.00000000000102"
"226.9302078951639","228.000000000064"
"233.44645983595038","236.00000000004502"
"237.91409889591324","245.000000000047"
"256.6485534151236","237.000000000066"
"233.5084606059147","234.000000000003"
"244.50882919399152","254.000000000049"
"268.871941511282","279.000000000013"
"302.82813203027337","316.0000000000046"
"370.56982302306415","373.999999999951"
"370.85906164926746","380.999999999911"
"342.92131433394087","343.000000000048"
"321.30036504972907","320.9999999999974"
"297.2714614991067","298.0000000000006"
"284.6591342629359","282.99999999991"
"325.54000540308397","319.9999999999951"
"406.1884469796615","408.999999999938"
"477.38531802464473","498.999999999958"
"470.4917617523797","468.000000000055"
"406.14309880935497","410.99999999998"
"326.5047228309437","326.9999999999925"
"321.67999184574245","323.000000000002"
"310.3186167043594","309.0000000000072"
"274.15733735228116","256.000000000091"
"254.01841173411103","252.000000000007"
"257.8333759546394","252.000000000007"
"254.6104390164192","248.999999999944"
"259.26006484350376","262.00000000003"
"330.48864339153647","326.0000000000089"
"430.2752591892213","431.00000000002603"
"445.4406038921103","443.99999999992497"
"411.1433364758909","412.000000000001"
"378.7354618841514","386.00000000001603"
"358.4146581447651","363.999999999928"
"337.7010188985733","332.000000000004"
"357.2691586294185","361.000000000052"
"334.2174447324473","342.000000000027"
"325.6041348627365","334.000000000046"
"326.0731736773402","334.000000000046"
"383.16613421794733","383.99999999997397"
"446.6498156303144","482.999999999996"
"447.4437201290109","486.000000000059"
"414.6012772692503","381.999999999932"
"370.5987405549858","364.999999999949"
"323.46953980134924","324.0000000000043"
"290.6554688117495","291.000000000078"
"245.54849480723385","243.000000000005"
"241.77478786387977","238.999999999921"
"237.41056014599792","237.000000000066"
"237.4365253261113","238.000000000087"
"239.8084563503511","244.000000000026"
"243.6097321209483","246.00000000006798"
"252.94856067249827","249.99999999996498"
"248.7100746752586","257.999999999946"
"253.39560047134592","259.999999999988"
"262.04642651427434","257.999999999946"
"258.38849985411395","255.00000000007"
"267.717236120703","253.000000000028"
"250.52631607100292","253.000000000028"
"250.21434584376692","252.000000000007"
"259.0250969512983","250.99999999998602"
"251.73508825013784","249.99999999996498"
"244.516580316952","249.99999999996498"
"267.4581452241762","256.999999999925"
"272.34439994128405","274.999999999929"
"262.3026664101289","256.999999999925"
"251.74610179505402","253.000000000028"
"248.96956106666568","249.99999999996498"
"244.50289582863343","246.00000000006798"
"232.0160723546781","240.999999999963"
"229.72632750393973","232.99999999998198"
"229.07229399136213","225.00000000000102"
"219.5123989533131","223.99999999998"
"228.69619944351524","239.99999999994202"
"246.49342665920884","246.00000000006798"
"256.7894614421899","247.999999999923"
"265.1164009143855","256.000000000091"
"301.32342164442235","324.0000000000043"
"371.17138959480764","371.000000000075"
"373.0523422074121","383.99999999997397"
"397.45787452086097","390.999999999934"
"392.8587991553147","399.999999999936"
"358.2382214924378","354.999999999926"
"343.74538346142424","342.000000000027"
"314.43679798835495","325.0000000000066"
"346.46968718473727","324.0000000000043"
"329.0413164436753","324.0000000000043"
"374.7654863070159","389.99999999991303"
"438.3594210987972","479.99999999993304"
"355.1536610705179","354.999999999926"
"343.7952564558871","355.999999999947"
"299.13238643400655","301.9999999999911"
"258.2660532066585","263.000000000051"
"249.35475615510182","240.999999999963"
"233.53767820073273","234.000000000003"
"228.09756618256094","229.00000000008498"
"224.29287336195858","227.000000000043"
"230.5451723062726","229.999999999919"
"239.88776675878267","239.99999999994202"
"249.9316973246886","241.999999999984"
"254.00815161745317","249.99999999996498"
"286.01916783033613","316.0000000000046"
"321.5051693833688","320.9999999999974"
"311.6886261264722","317.0000000000069"
"317.938686109328","317.0000000000069"
"317.73933234502385","316.0000000000046"
"301.0708994394618","295.999999999996"
"298.09606864541615","299.0000000000029"
"260.51672651572625","265.000000000093"
"262.558922342357","263.000000000051"
"268.9802204112757","249.99999999996498"
"300.4131497350664","294.999999999975"
"306.09687593519993","316.0000000000046"
"288.51659076040477","285.999999999973"
"258.0419954160649","263.000000000051"
"243.42086010657633","246.00000000006798"
"246.2206585631555","238.999999999921"
"225.7816337678367","231.999999999961"
"230.23991904393785","225.00000000000102"
"220.94205337543002","220.999999999917"
"218.21301509668376","218.00000000004098"
"224.24081972026735","226.000000000022"
"232.6672052054192","235.000000000024"
"243.22683158830358","238.000000000087"
"227.6569920627347","256.999999999925"
"298.07719334363765","309.9999999999908"
"322.83371125945337","312.99999999999955"
"320.7457735457377","315.00000000000045"
"304.90618085136555","312.99999999999955"
"323.06792110720943","311.9999999999954"
"301.45491057037975","312.99999999999955"
"310.03433883182964","309.9999999999908"
"312.4214801601868","309.0000000000072"
"309.12614981417863","309.0000000000072"
"300.9189845530943","309.9999999999908"
"380.53067375078535","386.00000000001603"
"435.3310064178414","449.00000000003"
"425.26294993716385","428.99999999998397"
"310.695853086975","311.9999999999954"
"295.96083416436295","292.999999999933"
"255.34177998883678","238.999999999921"
"233.05620252588693","238.000000000087"
"233.13618827504246","238.000000000087"
"231.81876904545996","235.000000000024"
"231.029548223723","234.000000000003"
"236.23405648802662","234.000000000003"
"238.9402943642657","234.000000000003"
"235.34158548988597","231.999999999961"
"230.8264364353807","229.00000000008498"
"236.3252331986723","230.99999999994"
"242.99092786030445","235.000000000024"
"245.35964627059707","238.999999999921"
"253.45002588115392","238.999999999921"
"243.63214727850476","238.000000000087"
"231.34733430210983","231.999999999961"
"227.72445870589505","226.000000000022"
"230.40326997113357","227.000000000043"
"231.9436666678988","229.00000000008498"
"236.68454498953608","232.99999999998198"
"240.39262806871585","240.999999999963"
"242.48291324068475","245.000000000047"
"244.23451231026053","241.999999999984"
"257.6094676965185","238.000000000087"
"233.25640358880338","237.000000000066"
"226.5395334404992","232.99999999998198"
"224.3568250847887","234.000000000003"
"222.89809408631515","230.99999999994"
"226.3828022053887","226.000000000022"
"220.33574793897492","220.000000000083"
"220.30219278088097","223.99999999998"
"229.06111088002098","223.99999999998"
"230.5744187913117","230.99999999994"
"221.40214851266882","223.99999999998"
"228.26181986043042","225.00000000000102"
"247.19208658522723","236.00000000004502"
"233.5214080736926","238.999999999921"
"238.21668795712787","239.99999999994202"
"235.61037043109934","239.99999999994202"
"238.2844304724697","238.000000000087"
"236.03652624938923","237.000000000066"
"229.82016115844644","236.00000000004502"
"235.6409670900723","236.00000000004502"
"238.76582858229983","238.000000000087"
"246.66405806686464","245.000000000047"
"276.5545667244036","281.000000000055"
"246.35249844482234","253.000000000028"
"243.42702616073575","248.999999999944"
"241.53915660754157","246.00000000006798"
"241.5874442959643","241.999999999984"
"238.79464177020816","238.000000000087"
"229.6178557645084","231.999999999961"
"225.72913218973395","222.99999999995902"
"218.34987850972465","215.999999999999"
"220.1410539803453","203.999999999934"
"212.0559885258781","211.000000000081"
"219.44053434145127","201.00000000005798"
"257.150782547453","264.000000000072"
"298.36586317604133","298.0000000000006"
"367.77982230007655","368.000000000012"
"345.93425018397835","348.999999999987"
"324.9593122780373","327.9999999999948"
"298.62837888171083","298.0000000000006"
"264.519008239103","265.999999999927"
"262.9521016435302","256.000000000091"
"255.05557372995247","254.000000000049"
"252.47758877253136","250.99999999998602"
"242.1811952745539","248.999999999944"
"265.3487209756273","281.000000000055"
"341.02306163170095","351.000000000029"
"289.2654545638173","289.000000000036"
"252.09998977880946","250.99999999998602"
"252.6147058237063","245.000000000047"
"244.95335922349338","239.99999999994202"
"230.1632001589402","237.000000000066"
"231.35326188744125","234.000000000003"
"231.08736727085068","232.99999999998198"
"228.19431666329825","230.99999999994"
"227.00524304189022","234.000000000003"
"242.12689815729485","236.00000000004502"
"236.05118369659064","238.000000000087"
"244.60999082057373","243.000000000005"
"269.3851030491065","292.999999999933"
"317.28567708314375","316.0000000000046"
"294.0988953423826","290.000000000057"
"283.85731836829274","270.000000000011"
"271.5850828807529","256.999999999925"
"253.08236686026544","253.000000000028"
"247.59141946034555","249.99999999996498"
"248.29657706072052","248.999999999944"
"247.39440678044522","248.999999999944"
"254.8239625175476","247.999999999923"
"271.681161438019","254.000000000049"
"275.3615559966782","285.999999999973"
"271.0977228702401","258.999999999967"
"248.54458900691233","249.99999999996498"
"251.60355532277984","245.000000000047"
"240.33007944067867","239.99999999994202"
"229.9533137555211","236.00000000004502"
"227.59289765947872","225.00000000000102"
"220.20552641328652","225.00000000000102"
"220.59602506837706","222.99999999995902"
"218.65772886825164","223.99999999998"
"230.67894070292422","225.00000000000102"
"234.24508911557479","225.00000000000102"
"232.35425906720997","237.000000000066"
"245.8547518759947","247.999999999923"
"266.5432674889863","258.999999999967"
"257.7271307335903","245.000000000047"
"244.1138910280252","243.000000000005"
"236.28440306928138","239.99999999994202"
"233.50513653433683","236.00000000004502"
"232.49349570766276","238.000000000087"
"236.48236011754273","232.99999999998198"
"235.87664369750377","230.99999999994"
"226.7521340410076","236.00000000004502"
"249.24450611824224","238.999999999921"
"257.90595932031476","241.999999999984"
"235.2775988717667","240.999999999963"
"244.21426907074755","238.999999999921"
"241.31178983225197","236.00000000004502"
"228.45123167542044","229.999999999919"
"219.7917844693941","225.00000000000102"
"220.369172494481","220.000000000083"
"212.21233717479492","217.00000000002"
"211.22003125183966","214.999999999978"
"218.8196851659867","218.00000000004098"
"223.31900986759314","222.99999999995902"
"232.59350790378278","226.000000000022"
"232.1381834355399","238.000000000087"
"260.55708610082104","247.999999999923"
"273.71016729168224","275.99999999995"
"267.21445935495905","270.000000000011"
"269.271075310754","262.00000000003"
"262.3237445644557","250.99999999998602"
"245.50655911281711","247.999999999923"
"242.63291926437591","247.000000000089"
"247.97449997875867","244.000000000026"
"249.3624172329815","241.999999999984"
"247.987484715702","241.999999999984"
"252.8676044180081","247.999999999923"
"304.7831457118218","309.9999999999908"
"280.82539861307123","279.000000000013"
"263.9865587018968","248.999999999944"
"248.03094679371117","243.000000000005"
"235.6757875996812","238.000000000087"
"232.32710319322183","234.000000000003"
"227.05706895212614","229.00000000008498"
"216.81901488114397","226.000000000022"
"221.5863852616568","225.00000000000102"
"216.33336555249554","225.00000000000102"
"226.99898979871526","226.000000000022"
"229.38192314502976","228.000000000064"
"243.3281247211812","238.000000000087"
"254.31222586458009","250.99999999998602"
"266.9131544596972","256.999999999925"
"251.52820048460703","249.99999999996498"
"250.98212281015532","244.000000000026"
"237.65613502048848","239.99999999994202"
"235.00617488711768","236.00000000004502"
"227.65038915891142","231.999999999961"
"227.48266655333987","229.999999999919"
"226.16171834922523","225.00000000000102"
"219.26142553368067","223.99999999998"
"236.52767091723516","229.999999999919"
"234.86876028030983","234.000000000003"
"229.2391747350663","231.999999999961"
"233.7722220386005","227.000000000043"
"225.79495282997715","220.999999999917"
"218.05447288958385","213.999999999957"
"201.08681033848296","210.00000000006"
"207.8656337277741","214.999999999978"
"201.91881171149817","208.000000000018"
"206.87612913123522","206.999999999997"
"205.72747172518856","206.999999999997"
"212.93131218002918","210.00000000006"
"221.7723395301644","215.999999999999"
"205.12541322602297","217.00000000002"
"205.3201667814294","220.999999999917"
"239.63571405127067","222.99999999995902"
"235.92489094514218","227.000000000043"
"233.49510078536048","225.00000000000102"
"225.49886165794788","221.99999999993798"
"220.1895948330033","213.999999999957"
"210.6776056917268","206.999999999997"
"207.93793781110597","202.999999999913"
"211.78343847158743","202.000000000079"
"219.06006394912376","204.99999999995498"
"218.7430570164227","213.999999999957"
"226.0933984906485","225.00000000000102"
"221.86231765391545","223.99999999998"
"216.03229524237508","215.999999999999"
"209.78740577573504","210.00000000006"
"207.88804599008043","202.999999999913"
"204.0782053278887","201.00000000005798"
"205.73033308984395","184.999999999909"
"153.67693844456477","147.00000000004601"
"133.17982950241407","129.000000000042"
"137.52606021137177","154.000000000006"
"154.68026707149156","167.000000000092"
"179.785453221589","175.00000000007302"
"196.59620627359004","175.00000000007302"
"186.8235363206099","178.99999999997"
"202.8086141931488","202.999999999913"
"220.95031698448986","220.000000000083"
"229.45171572947328","222.99999999995902"
"225.79127175303182","221.99999999993798"
"220.2785383836857","215.999999999999"
"215.03941172883572","211.000000000081"
"211.2108049977961","202.999999999913"
"213.61441539690043","201.00000000005798"
"226.8682950028459","205.999999999976"
"217.59275881366264","215.999999999999"
"221.84954805452037","229.999999999919"
"230.78051755012257","229.00000000008498"
"223.01696352999957","222.99999999995902"
"215.7127734746731","213.999999999957"
"206.5567107810566","205.999999999976"
"191.06954330517834","202.000000000079"
"209.9652136097088","195.999999999953"
"185.65526729312754","193.99999999991098"
"193.06213046351917","193.000000000077"
"175.6467861318548","188.999999999993"
"204.04185588784657","194.99999999993202"
"212.81694008101675","213.999999999957"
"219.34088706586488","226.000000000022"
"243.08179862390006","244.000000000026"
"248.9387977572717","247.000000000089"
"239.08125284324723","244.000000000026"
