"DataEntries: 8756, TestEntries: 24, Epochs: 3000, UseTestData: true, LimitEntries: true, Firstlayer#: 5, SecondLayer: true, SecondLayer#: 15, Predict: true, Curvebehaviour: false, Stacksize: 6, useLastXDays: false, Max: 632.0, Min: 61.0, Curve behaviour: false, Historical: true, Skewness: true"
"Actual","Ideal"
"343.9088434775815","338.9736379613424"
"317.8469581351416","335.9630931458565"
"313.453676782679","313.8857644990455"
"284.98668461347626","309.8717047451785"
"294.640371761842","310.87521968378803"
"304.52181401050353","302.8471001757685"
"291.0985758480655","291.80843585249147"
"287.36937570365654","290.80492091388203"
"281.7093298085337","283.780316344472"
"280.1408401253218","280.769771528929"
"278.07178121500476","277.7592267136715"
"276.30466965561124","277.7592267136715"
"285.6042986282649","275.7521968364525"
"285.72967914702554","282.7768014058625"
"320.7379157321183","286.79086116001497"
"288.7275109510921","293.815465729425"
"284.91377583843257","311.878734622112"
"308.3522232317628","316.8963093145885"
"309.15674630240454","316.8963093145885"
"318.44302395960904","320.9103690685412"
"304.92269194585634","311.878734622112"
"303.3056264320216","314.889279437655"
"308.39791578579513","315.892794375979"
"329.407637882324","343.99121265377886"
"365.42892489493113","349.00878734622114"
"334.94012583379754","339.9771528998377"
"309.5064264346032","322.9173989455318"
"293.01751072691695","311.878734622112"
"298.9377187273965","312.8822495607215"
"304.1799439422687","307.864674868245"
"294.80081110018364","292.8119507908155"
"288.8393786811667","283.780316344472"
"275.41715253207747","275.7521968364525"
"274.6891245916153","262.706502636242"
"261.16117688863244","259.695957820699"
"262.2630302440922","276.75571177506197"
"288.855930621231","290.80492091388203"
"296.3021650646223","364.06151142355355"
"409.67830977881556","432.3005272406915"
"383.48897240141883","383.1282952548215"
"332.2670808106964","357.0369068541435"
"345.4953445994925","357.0369068541435"
"338.9792192448674","371.0861159929635"
"365.3423697726283","422.265377856024"
"397.79200883123974","389.149384885622"
"382.15829060339445","380.1177504392785"
"399.2054622424493","409.219683655528"
"438.74106833519244","496.525483303991"
"497.47374174398044","513.585237258354"
"415.24778355189653","362.05448154656295"
"322.0239964832976","316.8963093145885"
"291.7347915277427","307.864674868245"
"298.19124407913864","302.8471001757685"
"293.9267396522842","300.84007029883503"
"288.3863797779453","289.8014059752725"
"282.8669609409998","289.8014059752725"
"276.2403859326272","285.7873462214055"
"278.1009128842824","287.794376098339"
"279.1478661961966","283.780316344472"
"282.54328498990515","288.7978910369485"
"296.2382329676997","305.85764499131153"
"306.08650870101417","338.9736379613424"
"387.05946413855133","409.219683655528"
"396.65230773389595","368.0755711775062"
"323.4023207819605","352.0193321616956"
"344.3359976262664","342.987697715295"
"331.2559967410109","353.0228471001623"
"349.4637041237274","360.0474516696009"
"339.70754848998854","353.0228471001623"
"346.0982833635955","347.0017574692448"
"363.163106288252","365.06502636204885"
"395.46669661715066","429.289982425434"
"464.21943711248116","456.3848857644645"
"394.81284711663767","357.0369068541435"
"316.4615541222295","344.9947275922685"
"302.1950379264678","319.9068541300459"
"302.8740718261647","318.9033391915506"
"306.90524820099205","306.8611599296355"
"292.3456076525235","295.82249560635853"
"288.0744238573785","295.82249560635853"
"281.3819167262769","288.7978910369485"
"283.0767245935636","289.8014059752725"
"286.006277801279","291.80843585249147"
"292.90870748813995","297.829525483292"
"303.29357170766946","311.878734622112"
"310.9041343080436","342.987697715295"
"385.6234075419914","373.0931458699541"
"364.3444104681794","379.1142355009545"
"363.4307783793778","365.06502636204885"
"353.3704490248023","362.05448154656295"
"344.30701550932974","366.0685413005156"
"361.01583155394627","363.05799648505825"
"343.10588435781324","359.0439367311056"
"350.2673662889388","358.0404217926103"
"369.2536080715987","369.0790861160015"
"395.3731644970688","409.219683655528"
"450.1298756890507","484.4833040421045"
"404.3076895090836","360.0474516696009"
"316.9539902273923","336.9666080843518"
"298.1648672706999","318.9033391915506"
"300.84248737730286","322.9173989455318"
"309.8356248790198","319.9068541300459"
"303.16210310862243","300.84007029883503"
"294.47858939110495","304.854130052702"
"291.9108311738173","296.8260105446825"
"292.4692763122052","297.829525483292"
"295.85527378083646","299.8365553602255"
"299.81837496884236","308.868189806569"
"312.2148626019825","320.9103690685412"
"317.03810996334505","344.9947275922685"
"389.6362609467184","410.2231985941375"
"395.9738518675837","334.9595782073897"
"306.8377491229398","323.9209138839985"
"317.6414810420375","319.9068541300459"
"315.42828147888537","330.94551845343705"
"330.65288411663937","368.0755711775062"
"343.43690029221335","345.9982425307552"
"333.1031714895091","350.012302284705"
"358.07852552735545","373.0931458699541"
"402.3935309527037","430.293497363758"
"465.2485654177532","508.5676625658775"
"412.75036397103014","382.12478031621197"
"327.9345821333096","324.9244288224938"
"293.275133489113","317.899824253198"
"299.86823219176205","319.9068541300459"
"308.4991613238122","313.8857644990455"
"299.6917033979056","303.850615114378"
"298.14272999196453","305.85764499131153"
"293.22846529288637","296.8260105446825"
"293.5765578811912","295.82249560635853"
"295.5990208510306","297.829525483292"
"299.2162363802413","293.815465729425"
"305.0667787208722","307.864674868245"
"303.49384639165794","335.9630931458565"
"374.5337298640657","378.110720562345"
"351.6721946312827","336.9666080843518"
"302.81008351216224","332.9525483303991"
"317.004851931407","328.93848857644645"
"313.3534126079467","336.9666080843518"
"323.4112796409219","334.9595782073897"
"306.07612512907093","329.94200351494175"
"307.98115806104835","327.93497363795115"
"308.97018123389734","329.94200351494175"
"341.7900709883372","364.06151142355355"
"372.06296290354936","385.135325131755"
"347.89553097707426","344.9947275922685"
"303.47544095598096","321.9138840070365"
"283.4237418865901","319.9068541300459"
"293.861924119036","317.899824253198"
"304.9148235698003","312.8822495607215"
"297.5495022137616","303.850615114378"
"297.96835053891374","304.854130052702"
"292.4792628133184","293.815465729425"
"291.82201012743144","280.769771528929"
"283.9867470373689","277.7592267136715"
"282.4598812271968","281.77328646753847"
"294.33064122276954","288.7978910369485"
"284.8811675033801","298.8330404219015"
"325.9090312619086","311.878734622112"
"317.30724531938125","317.899824253198"
"289.30746464744016","318.9033391915506"
"303.810222217638","318.9033391915506"
"305.8317399313093","318.9033391915506"
"310.6655320044548","312.8822495607215"
"296.1766740984411","311.878734622112"
"301.2989251012655","313.8857644990455"
"307.5545536700571","318.9033391915506"
"322.4127116425956","330.94551845343705"
"353.81771302180204","334.9595782073897"
"329.1746543736321","328.93848857644645"
"307.33297825903855","319.9068541300459"
"294.8050245765688","316.8963093145885"
"305.52953708540286","320.9103690685412"
"316.3397479867456","321.9138840070365"
"308.2148766468718","313.8857644990455"
"308.70766220647886","318.9033391915506"
"306.1098221692924","307.864674868245"
"304.64176030084786","292.8119507908155"
"295.74217224512296","291.80843585249147"
"296.14791435948916","293.815465729425"
"304.1636700433739","293.815465729425"
"306.5606919307296","288.7978910369485"
"316.42371862138293","290.80492091388203"
"295.89097423408987","298.8330404219015"
"291.9564162303832","319.9068541300459"
"321.41097722108884","327.93497363795115"
"324.8603165948039","325.9279437609891"
"334.7214458669636","323.9209138839985"
"315.7436669408419","320.9103690685412"
"317.2650083078638","318.9033391915506"
"321.52995214551663","322.9173989455318"
"327.84130097277824","345.9982425307552"
"379.4867294591376","350.012302284705"
"344.3886387124701","341.9841827767997"
"318.1033117048662","332.9525483303991"
"303.94105704086286","326.9314586994844"
"315.15549103709907","329.94200351494175"
"307.8570696869464","321.9138840070365"
"309.20482746408686","307.864674868245"
"305.12517549591234","309.8717047451785"
"300.41984762303196","300.84007029883503"
"299.6291301878681","289.8014059752725"
"292.9656733984655","289.8014059752725"
"296.2630981916068","296.8260105446825"
"309.39837298598997","318.9033391915506"
"333.4884957782473","344.9947275922685"
"408.6741586872367","366.0685413005156"
"347.60901944967657","333.9560632688944"
"315.2498584851082","325.9279437609891"
"333.063123286182","326.9314586994844"
"328.708427917441","333.9560632688944"
"345.6286704562868","341.9841827767997"
"339.4781304477773","345.9982425307552"
"352.62256948126003","350.012302284705"
"381.763983191979","347.0017574692448"
"386.85950022261306","352.0193321616956"
"385.4032735032278","348.0052724077315"
"343.9949412080399","331.9490333919038"
"313.472533955725","318.9033391915506"
"299.81680412629424","314.889279437655"
"309.18489198025645","329.94200351494175"
"325.45219064470473","324.9244288224938"
"310.49729267974226","314.889279437655"
"309.17640024051923","315.892794375979"
"303.9209848817758","313.8857644990455"
"308.2346757664541","312.8822495607215"
"308.0513823823705","308.868189806569"
"309.63712927505287","312.8822495607215"
"317.24981554564783","326.9314586994844"
"335.671389249885","368.0755711775062"
"426.2293209664292","410.2231985941375"
"333.0877446031267","329.94200351494175"
"304.4521871787469","324.9244288224938"
"328.80154400978176","324.9244288224938"
"324.2189539452283","327.93497363795115"
"335.8505410297857","374.0966608084494"
"363.00141154151214","376.1036906854115"
"377.40170196145715","363.05799648505825"
"391.5328392354456","385.135325131755"
"427.016536563205","439.32513181010154"
"476.96017442394805","465.416520210808"
"404.2488438861371","379.1142355009545"
"344.7764643597612","344.9947275922685"
"311.0143922638275","333.9560632688944"
"317.6027738641122","337.9701230228471"
"327.1374926763066","327.93497363795115"
"311.6288465405907","316.8963093145885"
"310.09130080408954","316.8963093145885"
"304.863235090227","311.878734622112"
"308.3797620512538","310.87521968378803"
"310.1462497426575","303.850615114378"
"307.54041345257417","308.868189806569"
"316.40147145351614","329.94200351494175"
"339.8344033503715","360.0474516696009"
"419.4384658705045","379.1142355009545"
"380.4236399181915","364.06151142355355"
"346.96026863714206","344.9947275922685"
"344.407691792664","343.99121265377886"
"336.13509792708777","340.9806678383044"
"340.5804393439071","342.987697715295"
"326.79657053456","339.9771528998377"
"331.94757312323645","338.9736379613424"
"354.77290984765324","351.0158172232003"
"383.514757886486","377.107205624021"
"427.5285653888642","409.219683655528"
"375.62200692779646","343.99121265377886"
"315.88419163147773","338.9736379613424"
"304.743065439338","323.9209138839985"
"308.74845041062144","329.94200351494175"
"323.1343648920404","326.9314586994844"
"312.2917171090861","317.899824253198"
"311.6825883836292","317.899824253198"
"306.9146649291986","315.892794375979"
"312.39264922710896","315.892794375979"
"314.7862507854751","314.889279437655"
"316.12402071755815","319.9068541300459"
"323.6834781891546","326.9314586994844"
"344.58445303195526","365.06502636204885"
"428.9528053765487","352.0193321616956"
"360.1308069600566","352.0193321616956"
"322.1109031420748","343.99121265377886"
"349.9757142622141","342.987697715295"
"339.3147164253834","343.99121265377886"
"354.7998396607349","348.0052724077315"
"342.94707070204015","347.0017574692448"
"353.33202220080847","353.0228471001623"
"382.9481785696391","408.2161687169185"
"448.8971100333432","438.3216168717775"
"477.3621091735935","520.6098418277641"
"419.4043041739095","456.3848857644645"
"421.7421550519925","409.219683655528"
"338.8417812812757","340.9806678383044"
"321.900859041415","339.9771528998377"
"318.35504263813544","331.9490333919038"
"315.28181832787743","325.9279437609891"
"316.7868462661416","319.9068541300459"
"308.17188455200613","315.892794375979"
"311.6815006732983","311.878734622112"
"311.27850053019205","307.864674868245"
"309.306779269773","305.85764499131153"
"314.4540762877181","323.9209138839985"
"328.67650669761235","373.0931458699541"
"424.548298016759","433.304042179301"
"417.6276711397593","409.219683655528"
"360.7906795119074","355.0298769771529"
"346.9490693525047","354.0263620386576"
"337.7771731815302","355.0298769771529"
"349.178096175236","345.9982425307552"
"324.63424352232687","336.9666080843518"
"321.14583382649374","332.9525483303991"
"340.3083828763365","339.9771528998377"
"360.6799002472226","353.0228471001623"
"389.2234293767496","387.14235500868847"
"354.7348048664348","332.9525483303991"
"317.6302001557674","323.9209138839985"
"289.28805069585025","316.8963093145885"
"296.54633701324116","315.892794375979"
"306.39676123179385","312.8822495607215"
"299.8221677022733","308.868189806569"
"303.6363163429012","304.854130052702"
"294.7650164743948","301.843585237159"
"298.9935665147101","299.8365553602255"
"300.28625742696823","298.8330404219015"
"299.87143676399023","300.84007029883503"
"307.7103273989539","304.854130052702"
"300.1553753341167","310.87521968378803"
"341.3380737092746","310.87521968378803"
"301.2131107176525","312.8822495607215"
"291.30233988394684","312.8822495607215"
"304.6516431536006","315.892794375979"
"308.0587548748298","315.892794375979"
"314.1525024797548","314.889279437655"
"299.27063102775026","313.8857644990455"
"304.76625968277904","313.8857644990455"
"307.70968517456726","316.8963093145885"
"319.9011524447922","331.9490333919038"
"353.794608044549","336.9666080843518"
"329.762292660782","326.9314586994844"
"304.3685076690897","317.899824253198"
"292.16451382380706","315.892794375979"
"302.88392768070867","314.889279437655"
"309.54360255018827","314.889279437655"
"303.8435553206824","312.8822495607215"
"308.4171651699335","311.878734622112"
"301.4768340606147","306.8611599296355"
"302.7085645920103","304.854130052702"
"303.72803159277214","304.854130052702"
"304.8802753509108","297.829525483292"
"305.467262416011","293.815465729425"
"299.216360388866","303.850615114378"
"344.0054238333158","304.854130052702"
"301.536161794746","309.8717047451785"
"294.21672779531315","311.878734622112"
"310.1486910945154","312.8822495607215"
"311.05877326684464","314.889279437655"
"320.56953916816303","314.889279437655"
"307.71322740686196","313.8857644990455"
"312.6023964154413","314.889279437655"
"318.8208442080598","316.8963093145885"
"324.6438624237388","317.899824253198"
"314.2488532498713","317.899824253198"
"322.4877825454867","317.899824253198"
"304.4750878792571","316.8963093145885"
"296.70098890418194","315.892794375979"
"307.6048728640038","315.892794375979"
"317.2836714257889","314.889279437655"
"304.9414125048532","311.878734622112"
"308.6348778218961","299.8365553602255"
"294.11941718896026","295.82249560635853"
"297.66896296513676","295.82249560635853"
"300.0147586802373","296.8260105446825"
"301.250387093565","297.829525483292"
"309.55566276602013","312.8822495607215"
"323.5294708052123","331.9490333919038"
"392.0727769649353","323.9209138839985"
"331.55838744100345","319.9068541300459"
"308.57268459186986","316.8963093145885"
"326.6229694122921","319.9068541300459"
"324.53305724442134","323.9209138839985"
"338.10289035904","331.9490333919038"
"328.09021058057476","324.9244288224938"
"329.3898623238419","322.9173989455318"
"334.7168566567361","361.0509666080962"
"405.78626834136","484.4833040421045"
"498.1775175563996","518.6028119508305"
"419.40056782745387","366.0685413005156"
"330.29416786416067","316.8963093145885"
"297.598646120278","312.8822495607215"
"306.29890369536935","312.8822495607215"
"312.3657017135459","309.8717047451785"
"301.3222508402266","305.85764499131153"
"304.10273163182677","300.84007029883503"
"295.2919492484121","297.829525483292"
"299.49408202101","296.8260105446825"
"300.57031278421334","298.8330404219015"
"303.8605287144065","300.84007029883503"
"311.8380425954601","315.892794375979"
"324.5499607198378","329.94200351494175"
"386.3946310617376","320.9103690685412"
"327.2842281631171","320.9103690685412"
"307.5213307335209","314.889279437655"
"321.348493547848","313.8857644990455"
"316.4590350897815","316.8963093145885"
"325.18917544787104","316.8963093145885"
"310.71576808946094","313.8857644990455"
"316.20823548565977","311.878734622112"
"336.779916003772","327.93497363795115"
"366.8072988664593","402.19507908611797"
"451.96060104358776","402.19507908611797"
"373.390123400518","323.9209138839985"
"307.56910209207325","310.87521968378803"
"292.867003879865","306.8611599296355"
"303.06763116270736","305.85764499131153"
"302.72735382091184","302.8471001757685"
"295.4597565697595","298.8330404219015"
"298.198862636665","297.829525483292"
"291.29295011932413","290.80492091388203"
"293.52144595255174","290.80492091388203"
"295.5472586873827","293.815465729425"
"299.83219921387865","297.829525483292"
"309.88380839304824","308.868189806569"
"314.49473158921535","313.8857644990455"
"366.79006907461763","313.8857644990455"
"317.35306191908165","312.8822495607215"
"298.9812441370216","305.85764499131153"
"310.39445872140016","304.854130052702"
"311.4702666054819","305.85764499131153"
"317.89598575070033","304.854130052702"
"303.4641948767755","304.854130052702"
"306.22871974544313","304.854130052702"
"306.9806871991287","315.892794375979"
"346.0821095128819","319.9068541300459"
"337.1395309068898","315.892794375979"
"310.96849007712757","307.864674868245"
"291.0476952122265","303.850615114378"
"281.45618548006456","298.8330404219015"
"288.06565362790815","292.8119507908155"
"289.3551265465767","289.8014059752725"
"281.22993820771194","281.77328646753847"
"281.0910635984225","274.7486818981285"
"268.0425799300309","269.731107205652"
"272.4044349281983","268.7275922670425"
"274.98391391079366","270.734622143976"
"279.8190942010582","274.7486818981285"
"293.03978956399897","282.7768014058625"
"288.14891842910293","295.82249560635853"
"337.0099955191997","304.854130052702"
"303.9796143390844","304.854130052702"
"291.9967612490782","299.8365553602255"
"301.6379641709797","298.8330404219015"
"301.9184754543338","300.84007029883503"
"304.5204313944057","300.84007029883503"
"292.00643288641203","299.8365553602255"
"294.87733048403544","303.850615114378"
"295.35953183680977","320.9103690685412"
"340.7632569702637","309.8717047451785"
"315.1995786387878","314.889279437655"
"303.8575679147677","304.854130052702"
"281.30657080399214","300.84007029883503"
"277.9346010165178","295.82249560635853"
"281.20677424903306","291.80843585249147"
"286.3258208627543","287.794376098339"
"276.6872111370616","277.7592267136715"
"274.6004994047585","262.706502636242"
"253.22959381357953","253.6748681898985"
"252.95025656597386","249.660808435746"
"251.38871295543333","252.67135325128902"
"258.04731167212435","260.6994727593085"
"276.78590838646704","266.72056239010897"
"268.2333160495902","283.780316344472"
"300.7096827789894","290.80492091388203"
"276.9871332082554","289.8014059752725"
"272.71556795739434","287.794376098339"
"280.04269640597056","287.794376098339"
"279.2283459678333","288.7978910369485"
"289.32743638422016","288.7978910369485"
"278.66246236398774","289.8014059752725"
"282.0476763207116","289.8014059752725"
"276.30790826270345","291.80843585249147"
"303.0515523174436","297.829525483292"
"300.71929457478745","299.8365553602255"
"282.657678548547","292.8119507908155"
"269.49426262274295","285.7873462214055"
"264.83782749315475","277.7592267136715"
"267.69987482343384","272.741652021195"
"267.75369503080094","270.734622143976"
"259.1981682905034","261.7029876976325"
"258.9911517349218","251.667838312965"
"241.04226793208642","237.61862917385952"
"236.0988094326894","230.5940246044495"
"231.4589651111019","228.58699472751601"
"233.8852920968751","233.60456941999252"
"251.3348330049953","242.63620386633602"
"253.88032428164263","254.6783831282225"
"262.87653564160337","255.681898066832"
"255.70041907255256","259.695957820699"
"258.90678034581595","264.7135325131755"
"264.26921029861626","267.7240773287185"
"264.1605092704744","268.7275922670425"
"270.8867409226121","264.7135325131755"
"265.52839711395274","262.706502636242"
"261.1217317737585","264.7135325131755"
"262.1535780194358","274.7486818981285"
"277.2336095655551","280.769771528929"
"282.23949842388953","283.780316344472"
"273.6205908011875","279.766256590605"
"251.42131241337802","271.7381370825855"
"251.62466309081236","264.7135325131755"
"232.5995073304307","261.7029876976325"
"252.76618258198317","256.68541300515597"
"241.84731592260425","239.6256590510785"
"232.43987728949133","223.5694200350395"
"208.6730100533584","194.4674868190755"
"174.11231446615207","161.351493848959"
"152.5332651760875","150.3128295253965"
"148.3118788753149","185.4358523724465"
"189.247595599345","171.3866432336265"
"179.51340338014174","180.4182776802555"
"186.34338241399425","189.44991212659897"
"178.5269575211761","224.572934973649"
"240.0164210798656","255.681898066832"
"235.49721652342885","259.695957820699"
"240.9331576859876","262.706502636242"
"242.39698450923797","264.7135325131755"
"230.09431485951202","258.692442882375"
"205.5605784098594","255.681898066832"
"227.511132663392","262.706502636242"
"236.60445110793654","281.77328646753847"
"289.8914468232184","286.79086116001497"
"253.93571099825823","282.7768014058625"
"278.5938849321037","278.7627416519955"
"242.5750247944652","274.7486818981285"
"251.15370285024034","267.7240773287185"
"257.31984810543577","258.692442882375"
"243.4108660246833","252.67135325128902"
"246.28815559703546","195.47100175739948"
"172.85198820587567","197.478031634333"
"182.88697793880786","241.632688928012"
"239.24178773244026","247.65377855881252"
"253.09737851518332","252.67135325128902"
"269.61433377850034","262.706502636242"
"276.0334831010613","278.7627416519955"
"299.0937522303704","303.850615114378"
"305.18282437710997","303.850615114378"
"290.6682644163042","304.854130052702"
"303.87673613461607","302.8471001757685"
"300.79284211244044","310.87521968378803"
"311.81033822980555","316.8963093145885"
"303.78790380347453","302.8471001757685"
"292.6543431064993","317.899824253198"
"323.5347713600236","333.9560632688944"
"327.1968754258205","372.0896309314588"
"390.2739620175327","419.254833040481"
"373.9275742776605","312.8822495607215"
"286.23216392582077","294.818980667749"
"276.4514474004434","282.7768014058625"
"277.30189545627854","277.7592267136715"
"274.33741721735686","268.7275922670425"
"259.46221376393555","256.68541300515597"
"252.86858184280882","256.68541300515597"
"246.69793814988313","248.65729349742202"
"249.9796344620965","247.65377855881252"
"250.2250871321975","249.660808435746"
"257.5731554661863","253.6748681898985"
"273.93335054988916","261.7029876976325"
"259.6394451388255","282.7768014058625"
"295.35311996060295","300.84007029883503"
"292.22067817837166","293.815465729425"
"280.2563739982002","284.7838312830815"
"283.49085765581395","286.79086116001497"
"287.44065919081993","287.794376098339"
"289.02772439443004","287.794376098339"
"279.5624283470452","287.794376098339"
"282.18371896532574","289.8014059752725"
"293.1987653886124","302.8471001757685"
"315.8899076004739","306.8611599296355"
"304.26097806137676","304.854130052702"
"285.0799266154808","289.8014059752725"
"266.88030230894526","281.77328646753847"
"265.5795714056788","271.7381370825855"
"265.7492683571848","266.72056239010897"
"260.73298599639145","257.6889279437655"
"244.48131695506677","244.6432337432695"
"238.4703695708461","235.611599296926"
"221.7313872215529","207.513181019286"
"203.9013743119723","199.485061511552"
"195.7295144793511","212.5307557117625"
"218.11170948154106","234.608084358602"
"254.1293774925237","252.67135325128902"
"267.35007621702835","263.710017574566"
"277.9454230057812","277.7592267136715"
"277.8290280420194","278.7627416519955"
"270.9690066123579","277.7592267136715"
"277.4877656413571","276.75571177506197"
"276.25039044411676","275.7521968364525"
"282.74212563092","277.7592267136715"
"275.6609310565179","277.7592267136715"
"276.7081596558355","279.766256590605"
"294.84754704661344","284.7838312830815"
"301.5181707754427","288.7978910369485"
"307.32740931675346","293.815465729425"
"289.34727913622504","283.780316344472"
"271.89354271976015","277.7592267136715"
"271.7354254786423","271.7381370825855"
"254.98490949299855","267.7240773287185"
"265.0688308401743","261.7029876976325"
"250.82258714859066","251.667838312965"
"247.4263023277366","241.632688928012"
"228.23875420423133","218.55184534284848"
"212.46680548435282","215.54130052730548"
"212.3314994647739","220.558875219782"
"224.25016171445964","233.60456941999252"
"251.25801612450334","253.6748681898985"
"263.95085185379924","264.7135325131755"
"271.5808585009803","277.7592267136715"
"269.20558972915666","277.7592267136715"
"264.78867122167907","274.7486818981285"
"269.5319537098489","273.745166959519"
"265.38113374138584","274.7486818981285"
"276.07995548839324","273.745166959519"
"270.2717366233437","273.745166959519"
"273.04266299347523","275.7521968364525"
"279.4669076040425","283.780316344472"
"298.4045994933136","288.7978910369485"
"307.1907690685074","289.8014059752725"
"288.0332509941075","281.77328646753847"
"271.83089079062705","277.7592267136715"
"274.730694532857","273.745166959519"
"282.53383493708253","271.7381370825855"
"272.6211791280207","268.7275922670425"
"263.74539363543715","259.695957820699"
"262.3547844144263","255.681898066832"
"250.8279770260583","252.67135325128902"
"256.47164510173326","252.67135325128902"
"260.1579143326418","256.68541300515597"
"267.3557232817849","260.6994727593085"
"282.89075685350576","271.7381370825855"
"290.96179593844926","275.7521968364525"
"313.760081170159","289.8014059752725"
"306.3728604758454","290.80492091388203"
"290.45089782115315","288.7978910369485"
"301.4532956473198","287.794376098339"
"301.11955212491273","288.7978910369485"
"301.8292491283681","288.7978910369485"
"284.6874458319606","289.8014059752725"
"286.3487487898164","292.8119507908155"
"305.2819641758329","297.829525483292"
"310.6118657991787","296.8260105446825"
"320.8525526331256","293.815465729425"
"290.94489852615345","290.80492091388203"
"285.4271800633225","287.794376098339"
"278.32144234471264","282.7768014058625"
"283.5585779894957","278.7627416519955"
"275.98278693842894","272.741652021195"
"262.82912360828175","264.7135325131755"
"261.1789792340143","263.710017574566"
"252.7167002935797","256.68541300515597"
"253.04073693970923","253.6748681898985"
"251.20318353714822","248.65729349742202"
"249.7714341840149","242.63620386633602"
"254.23778926786434","246.6502636204885"
"243.7714781916752","251.667838312965"
"250.79269005955132","255.681898066832"
"244.76681716363606","256.68541300515597"
"240.58945782285525","260.6994727593085"
"267.6115521268966","263.710017574566"
"260.90623407528295","263.710017574566"
"266.4716561599369","262.706502636242"
"267.1370078948445","260.6994727593085"
"261.82456186796236","261.7029876976325"
"264.0576293853424","267.7240773287185"
"275.7908469499904","276.75571177506197"
"279.33239275899166","280.769771528929"
"271.44058661934537","276.75571177506197"
"255.62006274727648","267.7240773287185"
"256.13587132779475","258.692442882375"
"238.48862207290864","256.68541300515597"
"248.8750539187222","250.6643233743555"
"236.84222066095276","244.6432337432695"
"238.66420337411762","237.61862917385952"
"224.11452572347633","176.404217926103"
"171.20397957901164","147.302284710139"
"140.1389206940179","140.277680140729"
"143.0558843724923","123.21792618636601"
"136.29825644900103","104.15114235506948"
"121.88729995647739","143.28822495598652"
"188.01549597899734","198.4815465729425"
"217.9816244840265","229.5905096661255"
"239.1955930287321","252.67135325128902"
"257.2086089272092","257.6889279437655"
"256.6888815694237","260.6994727593085"
"259.53670195737635","260.6994727593085"
"258.87051406523227","262.706502636242"
"256.96980074786507","265.717047451785"
"273.303846099549","272.741652021195"
"288.06852541725374","279.766256590605"
"296.2885585968658","283.780316344472"
"277.2365564569272","282.7768014058625"
"267.95344073136016","280.769771528929"
"272.3389368842861","275.7521968364525"
"267.31786331148123","273.745166959519"
"268.8642483883255","267.7240773287185"
"256.5174459924847","257.6889279437655"
"252.23697549006243","265.717047451785"
"250.66047484649982","253.6748681898985"
"249.16269269878188","217.548330404239"
"201.3461707890454","221.56239015810598"
"224.38427651486893","233.60456941999252"
"248.8464379829424","265.717047451785"
"265.15888164175396","282.7768014058625"
"281.09939891817294","295.82249560635853"
"292.70377554002727","293.815465729425"
"279.9754545188581","291.80843585249147"
"292.3018521414502","293.815465729425"
"290.27375331554924","293.815465729425"
"288.0362907992666","291.80843585249147"
"279.96262861971275","291.80843585249147"
"280.2688901753995","295.82249560635853"
"323.21055230180593","324.9244288224938"
"320.70025560206614","303.850615114378"
"316.92155824507995","306.8611599296355"
"294.0855931010567","294.818980667749"
"275.4475230725333","289.8014059752725"
"277.8483037671725","283.780316344472"
"282.3868350587677","281.77328646753847"
"278.32865593037593","273.745166959519"
"265.54139358729384","268.7275922670425"
"269.5899660597954","266.72056239010897"
"261.3475320792149","262.706502636242"
"265.4451377245328","263.710017574566"
"267.5983767342688","258.692442882375"
"268.0732381629683","259.695957820699"
"280.0780987855943","270.734622143976"
"284.14241091895923","280.769771528929"
"305.0895450518973","293.815465729425"
"299.60322155788543","293.815465729425"
"284.6669783062955","288.7978910369485"
"299.5793852295772","288.7978910369485"
"294.56627060097054","294.818980667749"
"301.26475722513186","293.815465729425"
"285.76874639388484","294.818980667749"
"287.85554942333385","294.818980667749"
"306.9485699134385","297.829525483292"
"306.88770153729314","300.84007029883503"
"303.23678760434996","300.84007029883503"
"291.9794958751139","294.818980667749"
"272.60201162847477","287.794376098339"
"270.8035576872113","281.77328646753847"
"275.5371440366458","280.769771528929"
"273.5031357310943","276.75571177506197"
"264.1702327400821","268.7275922670425"
"264.24343452479843","262.706502636242"
"251.45651923840535","259.695957820699"
"258.4837579438109","259.695957820699"
"261.2707310334902","257.6889279437655"
"264.5096398342495","259.695957820699"
"279.5925974764151","273.745166959519"
"284.7552573393982","286.79086116001497"
"313.9915212026723","322.9173989455318"
"319.10307380665296","323.9209138839985"
"303.6570170516567","301.843585237159"
"308.6578158236125","296.8260105446825"
"309.974986514012","312.8822495607215"
"310.98097986419504","308.868189806569"
"299.76375946567555","308.868189806569"
"305.15349938366046","316.8963093145885"
"344.60802581812953","335.9630931458565"
"343.9310161586103","365.06502636204885"
"340.821972833678","379.1142355009545"
"364.4764118898942","319.9068541300459"
"312.2645488190612","295.82249560635853"
"288.893115636993","290.80492091388203"
"294.41061143397843","288.7978910369485"
"288.7214771562622","282.7768014058625"
"277.8124134222485","273.745166959519"
"276.01399908375527","259.695957820699"
"255.31827222137582","259.695957820699"
"264.69656281368015","249.660808435746"
"258.50347522039704","245.646748681879"
"258.6407121694747","255.681898066832"
"279.5153692098189","272.741652021195"
"296.22677023883534","291.80843585249147"
"331.8038178214446","342.987697715295"
"347.4270661196104","345.9982425307552"
"314.38635167633197","319.9068541300459"
"323.10716529658697","314.889279437655"
"316.4939367418778","325.9279437609891"
"328.96101973287233","333.9560632688944"
"314.3889119454388","334.9595782073897"
"315.44557813541235","327.93497363795115"
"304.7457506491226","322.9173989455318"
"310.05016811772674","329.94200351494175"
"321.2653436094367","317.899824253198"
"282.92586140405723","293.815465729425"
"260.062112787419","284.7838312830815"
"261.61260149142186","277.7592267136715"
"266.5015482364986","274.7486818981285"
"269.02843589062707","267.7240773287185"
"255.5522329792653","258.692442882375"
"251.81204364360207","226.5799648505825"
"210.13474398952565","200.488576449876"
"189.48601244530937","197.478031634333"
"186.62899748064027","212.5307557117625"
"208.53369427134587","222.56590509671548"
"232.2458011404326","255.681898066832"
"239.47708565653636","270.734622143976"
"260.30382789483656","284.7838312830815"
"261.065916396817","287.794376098339"
"259.5356499797562","286.79086116001497"
"277.58068826532445","285.7873462214055"
"259.75980591063666","284.7838312830815"
"281.8848082851008","282.7768014058625"
"266.2294695060302","278.7627416519955"
"257.45506991227927","280.769771528929"
"262.14803307282426","284.7838312830815"
"276.5275836264965","286.79086116001497"
"275.0307540167272","285.7873462214055"
"268.40984124043626","279.766256590605"
"246.7040075450515","271.7381370825855"
"248.85596342224198","266.72056239010897"
"233.79799119634447","263.710017574566"
"251.70909816377807","260.6994727593085"
"242.64902918303432","255.681898066832"
"247.2568819114955","249.660808435746"
"232.07633101638893","232.60105448166848"
"221.21000806619173","225.5764499122585"
"218.44062214535765","224.572934973649"
"223.3603700728807","233.60456941999252"
"245.2043871865747","240.6291739894025"
"246.71288455330063","244.6432337432695"
"252.32422314040213","249.660808435746"
"249.45963167499235","251.667838312965"
"250.36473495016125","255.681898066832"
"267.4776191720048","258.692442882375"
"253.18886598847507","259.695957820699"
"261.79349733683307","258.692442882375"
"248.3927555791242","257.6889279437655"
"243.42128639214823","259.695957820699"
"254.6852759387627","266.72056239010897"
"268.68444541622034","271.7381370825855"
"272.2767784045164","275.7521968364525"
"262.934169221258","270.734622143976"
"251.24165542325454","266.72056239010897"
"254.97546953838406","261.7029876976325"
"240.45896079940331","259.695957820699"
"251.40681639815114","255.681898066832"
"242.4962465511004","253.6748681898985"
"249.60813389719635","254.6783831282225"
"240.43411992904186","251.667838312965"
"245.15269105920828","242.63620386633602"
"226.06875956702876","238.62214411246902"
"237.38675859519117","252.67135325128902"
"261.2860565713012","250.6643233743555"
"264.2427882339468","258.692442882375"
"278.3192201690887","260.6994727593085"
"272.93277539469165","261.7029876976325"
"268.9619347452001","263.710017574566"
"273.09192873344995","267.7240773287185"
"271.0794592018583","270.734622143976"
"276.47401557871734","270.734622143976"
"266.6891888342003","271.7381370825855"
"265.56850583199355","273.745166959519"
"281.04548803115006","282.7768014058625"
"290.5240873053302","286.79086116001497"
"296.20789652152985","286.79086116001497"
"275.10096763238266","283.780316344472"
"263.80637735400836","277.7592267136715"
"264.2109440616488","272.741652021195"
"262.4325156497279","269.731107205652"
"263.50516652052863","262.706502636242"
"251.5097665024142","257.6889279437655"
"254.2714041570577","255.681898066832"
"245.0154747903627","252.67135325128902"
"250.10974787182755","251.667838312965"
"252.44067916937254","230.5940246044495"
"236.93195186986435","239.6256590510785"
"259.94271082232217","263.710017574566"
"275.50689167583954","308.868189806569"
"344.5061654825136","376.1036906854115"
"353.3865707108264","291.80843585249147"
"284.39251723660834","289.8014059752725"
"294.41231330538733","288.7978910369485"
"290.0803053985153","289.8014059752725"
"293.69454136966266","288.7978910369485"
"284.55259212971464","288.7978910369485"
"282.92944452585704","299.8365553602255"
"312.604042583181","408.2161687169185"
"377.2498996137034","376.1036906854115"
"402.8738861088852","334.9595782073897"
"315.0440330758996","289.8014059752725"
"274.29393421981774","283.780316344472"
"276.5023093586003","275.7521968364525"
"257.93761257901474","270.734622143976"
"268.61147000139306","263.710017574566"
"255.3043456956501","255.681898066832"
"254.0584904110062","254.6783831282225"
"246.54562710659928","249.660808435746"
"250.13101296280274","240.6291739894025"
"240.85188863235294","213.534270650372"
"216.25868911826976","215.54130052730548"
"230.81858047757112","277.7592267136715"
"270.58378616681773","299.8365553602255"
"309.2330473564195","342.987697715295"
"308.1142286059409","283.780316344472"
"266.2172585856389","276.75571177506197"
"267.6454263122892","277.7592267136715"
"265.41447103313516","274.7486818981285"
"273.31752656923413","299.8365553602255"
"280.68183453431004","289.8014059752725"
"279.5465206158951","304.854130052702"
"288.84183086686716","348.0052724077315"
"329.4895000069183","349.00878734622114"
"346.539716101332","284.7838312830815"
"273.75658976050454","278.7627416519955"
"259.6275062515849","273.745166959519"
"260.43250017227285","267.7240773287185"
"244.34429673986529","265.717047451785"
"257.9965102988388","257.6889279437655"
"242.85531293037542","245.646748681879"
"237.12971930823966","233.60456941999252"
"217.9881431562533","196.47451669600898"
"185.45474539605775","201.4920913884855"
"192.5267305073119","175.40070298777897"
"173.88180204460258","208.51669595789548"
"226.0905998739815","250.6643233743555"
"263.23174238008716","262.706502636242"
"270.13613036270203","274.7486818981285"
"270.5723667654551","276.75571177506197"
"269.193169156645","272.741652021195"
"272.90009640705506","273.745166959519"
"268.70879559803313","273.745166959519"
"279.4231913024801","272.741652021195"
"270.3475475017827","277.7592267136715"
"276.3363323043386","284.7838312830815"
"290.98208171633047","287.794376098339"
"296.526289960646","288.7978910369485"
"302.56612625207237","288.7978910369485"
"278.8580699796945","282.7768014058625"
"264.74616099111256","272.741652021195"
"264.6480128936889","264.7135325131755"
"247.3386514118676","261.7029876976325"
"255.90473618078732","255.681898066832"
"241.7089730366565","245.646748681879"
"238.2019560484561","242.63620386633602"
"228.37605109174808","206.509666080962"
"200.16352877100363","202.49560632680948"
"184.6727480594223","180.4182776802555"
"182.0377710909003","198.4815465729425"
"216.6211940932765","252.67135325128902"
"270.71239269577404","265.717047451785"
"280.64356625446703","276.75571177506197"
"279.79917507504706","283.780316344472"
"277.6332425994535","278.7627416519955"
"282.03840079600707","278.7627416519955"
"277.464465980991","279.766256590605"
"284.55490524434475","280.769771528929"
"277.06180158900565","281.77328646753847"
"278.7586425422615","283.780316344472"
"290.033805081628","291.80843585249147"
"305.5789616455581","308.868189806569"
"307.6360646768908","295.82249560635853"
"287.52684003508926","290.80492091388203"
"281.03420781665835","279.766256590605"
"276.39834957203396","271.7381370825855"
"261.6698027422194","272.741652021195"
"271.3336999496506","264.7135325131755"
"258.29539914911095","258.692442882375"
"257.87318659419736","250.6643233743555"
"240.97324398566917","248.65729349742202"
"248.39275192625732","248.65729349742202"
"239.40919775177815","253.6748681898985"
"260.85028003025093","256.68541300515597"
"278.40227667276076","262.706502636242"
"287.73848888385004","278.7627416519955"
"314.48770368948175","294.818980667749"
"307.86827547412497","299.8365553602255"
"297.6144304240766","290.80492091388203"
"295.7689531217686","288.7978910369485"
"304.58819208248576","287.794376098339"
"293.19724909283184","293.815465729425"
"286.5537620749004","290.80492091388203"
"284.64391432080873","291.80843585249147"
"302.43618692544743","292.8119507908155"
"306.86773723335205","294.818980667749"
"300.2477717008289","292.8119507908155"
"288.80814633667586","286.79086116001497"
"273.54188099309863","280.769771528929"
"273.1950332690718","270.734622143976"
"255.95102810810528","267.7240773287185"
"262.82275109620065","262.706502636242"
"252.2365294064755","256.68541300515597"
"252.24064034687535","227.58347978919198"
"213.37577879578063","192.460456942142"
"187.62888674968298","171.3866432336265"
"163.5664354873068","167.3725834797595"
"169.2868649127399","170.3831282953025"
"183.2824773995018","185.4358523724465"
"202.83853638742025","228.58699472751601"
"259.71947507615187","237.61862917385952"
"257.72701389047063","251.667838312965"
"263.89851759505916","261.7029876976325"
"272.9364120277054","263.710017574566"
"268.3522416870017","263.710017574566"
"274.8073512030043","260.6994727593085"
"263.6746672590226","259.695957820699"
"262.40870609368636","262.706502636242"
"278.39216082542475","266.72056239010897"
"286.8385347747601","271.7381370825855"
"288.2305556858739","273.745166959519"
"274.04076307214456","269.731107205652"
"263.1584412759378","262.706502636242"
"263.04328974953967","257.6889279437655"
"247.79476622837458","251.667838312965"
"245.1858458980908","247.65377855881252"
"235.1372924543374","234.608084358602"
"228.12747460491846","226.5799648505825"
"211.83485536951696","183.428822495513"
"173.9465016547063","157.3374340948065"
"140.3465629943669","135.26010544825252"
"138.71649036682234","136.26362038657652"
"145.43492131317637","149.30931458707252"
"161.67551555641157","159.34446397174"
"216.45242632418643","170.3831282953025"
"208.78653056056268","207.513181019286"
"237.0073842085139","249.660808435746"
"265.05129508506604","252.67135325128902"
"262.5713960386281","255.681898066832"
"268.088348287976","252.67135325128902"
"260.3088419322223","250.6643233743555"
"256.040465124639","252.67135325128902"
"249.1251990753301","259.695957820699"
"283.90686915799733","267.7240773287185"
"283.7958961589414","271.7381370825855"
"273.0397147032209","267.7240773287185"
"261.85896471463303","262.706502636242"
"262.96546456018444","256.68541300515597"
"247.03707149133996","251.667838312965"
"244.43030021190603","247.65377855881252"
"233.56189212721392","235.611599296926"
"225.39551054985475","245.646748681879"
"227.57658610464415","244.6432337432695"
"235.8110201662672","245.646748681879"
"227.48971127819289","246.6502636204885"
"244.0107679451462","249.660808435746"
"261.0485548037652","257.6889279437655"
"252.44244381189793","269.731107205652"
"302.5581393451167","281.77328646753847"
"283.3344965570682","285.7873462214055"
"278.6825860999621","282.7768014058625"
"282.44247389309885","283.780316344472"
"277.86891548999154","283.780316344472"
"282.1229277616654","282.7768014058625"
"274.2869661307451","282.7768014058625"
"276.4297146217592","283.780316344472"
"292.6291654430873","288.7978910369485"
"300.6036043704052","292.8119507908155"
"296.90274807625667","292.8119507908155"
"289.29955229114574","285.7873462214055"
"273.1832851312556","276.75571177506197"
"272.9103601767773","268.7275922670425"
"255.0528236381083","261.7029876976325"
"256.90414175254705","258.692442882375"
"246.78037053756313","248.65729349742202"
"245.1900477895467","245.646748681879"
"235.4428346301239","242.63620386633602"
"242.254665910241","242.63620386633602"
"243.18810753935878","244.6432337432695"
"249.32072220443843","247.65377855881252"
"267.6281000769594","255.681898066832"
"282.7088586383969","272.741652021195"
"297.9706098222114","288.7978910369485"
"297.6206565752258","294.818980667749"
"289.49376404696045","287.794376098339"
"298.21748646644977","285.7873462214055"
"297.8039405596759","285.7873462214055"
"297.07928026041964","285.7873462214055"
"286.84996597674933","285.7873462214055"
"289.32902274429057","289.8014059752725"
"317.6350873864749","305.85764499131153"
"324.6238464016564","304.854130052702"
"314.90647859648067","299.8365553602255"
"306.88763150762054","289.8014059752725"
"286.9242730941198","282.7768014058625"
"284.5202812627634","272.741652021195"
"289.23179776609436","267.7240773287185"
"266.08440401403845","261.7029876976325"
"252.98067750207156","249.660808435746"
"247.19533449794102","248.65729349742202"
"235.1756775088712","245.646748681879"
"242.79101394914915","245.646748681879"
"244.562347773153","246.6502636204885"
"251.50347250958373","248.65729349742202"
"267.68220865442566","256.68541300515597"
"278.9588505720286","270.734622143976"
"300.542205488073","289.8014059752725"
"302.6980869473232","297.829525483292"
"293.7437524859898","288.7978910369485"
"300.87655328798786","286.79086116001497"
"301.21342110194917","288.7978910369485"
"304.786153465924","288.7978910369485"
"286.74441497101026","286.79086116001497"
"289.5097009638272","289.8014059752725"
"315.76942505829646","299.8365553602255"
"320.2613656056451","304.854130052702"
"339.5639958651175","299.8365553602255"
"310.6481388819731","288.7978910369485"
"291.8458760339943","282.7768014058625"
"286.9779642876268","273.745166959519"
"291.54899414550306","266.72056239010897"
"267.16443590221104","258.692442882375"
"252.15176227215997","251.667838312965"
"251.64099440671214","250.6643233743555"
"241.3240057591193","246.6502636204885"
"246.11849644000128","246.6502636204885"
"246.94292324423986","246.6502636204885"
"251.47095948262677","248.65729349742202"
"266.86218704327973","257.6889279437655"
"279.31218326212877","274.7486818981285"
"296.82320701734056","285.7873462214055"
"293.2938197342221","288.7978910369485"
"284.4600237510589","282.7768014058625"
"292.6102742622636","280.769771528929"
"290.5382707727142","279.766256590605"
"297.52035685407316","280.769771528929"
"284.71304911688276","281.77328646753847"
"283.5219347360923","280.769771528929"
"303.75305510533326","281.77328646753847"
"304.2810201165808","283.780316344472"
"315.3784781895987","281.77328646753847"
"288.2047085782769","276.75571177506197"
"273.98675950185367","270.734622143976"
"273.59154609925054","260.6994727593085"
"256.07445278017053","253.6748681898985"
"249.84218443031892","247.65377855881252"
"236.5286643357354","238.62214411246902"
"234.8563324492031","238.62214411246902"
"227.23235756883173","234.608084358602"
"233.05232304199285","230.5940246044495"
"230.79454711992616","232.60105448166848"
"237.91709524767265","233.60456941999252"
"251.18678094495155","237.61862917385952"
"262.3093768883006","243.6397188049455"
"267.6561839115818","250.6643233743555"
"263.8094178078034","253.6748681898985"
"263.76317837437483","250.6643233743555"
"266.1442870025595","248.65729349742202"
"261.1838351749659","247.65377855881252"
"264.12471872137303","246.6502636204885"
"255.77683738417488","244.6432337432695"
"249.89538191993904","244.6432337432695"
"261.5314234808676","245.646748681879"
"273.9214789019188","248.65729349742202"
"276.7562723036515","249.660808435746"
"277.4780776252886","246.6502636204885"
"251.56676593847448","239.6256590510785"
"253.79457134150198","234.608084358602"
"238.26240692673858","234.608084358602"
"226.62619205847858","229.5905096661255"
"214.68076591674534","218.55184534284848"
"210.4908243755478","180.4182776802555"
"157.78765363973372","141.28119507905302"
"126.15358890782309","126.22847100162349"
"119.62490563461046","95.119507908726"
"120.03755275160066","95.119507908726"
"117.27804680691847","90.1019332162495"
"117.20240125445622","104.15114235506948"
"159.6862777255939","166.3690685414355"
"198.8382196855169","205.5061511423525"
"213.99588280698103","230.5940246044495"
"240.02439491491293","236.6151142355355"
"249.8708614356084","237.61862917385952"
"243.30727211841307","236.6151142355355"
"235.21194322500847","234.608084358602"
"243.48071622361527","234.608084358602"
"238.73554325407133","234.608084358602"
"261.24500167056203","244.6432337432695"
"270.5387826299549","244.6432337432695"
"281.84066729703903","237.61862917385952"
"244.52197541662156","230.5940246044495"
"241.4728598190048","227.58347978919198"
"221.58599151447066","223.5694200350395"
"206.44669029237286","221.56239015810598"
"196.6842895503322","205.5061511423525"
"185.21106809031093","145.29525483292"
"122.95656878303203","97.12653778565948"
"110.5689087925949","93.11247803150701"
"132.6801861853839","101.14059753952651"
"131.9442448693645","125.22495606329949"
"151.33719771051514","169.37961335669303"
"206.3286070765727","194.4674868190755"
"212.62424221655903","184.4323374341225"
"188.45446467843067","165.365553602826"
"147.49112194962748","145.29525483292"
"152.16495344976008","154.326889279549"
"176.447566166571","172.390158172236"
"210.23081979280298","216.5448154656295"
"217.45171328119469","212.5307557117625"
"202.19792077765896","192.460456942142"
"189.38318937965494","166.3690685414355"
"162.4342823848621","159.34446397174"
"142.948300744104","125.22495606329949"
"176.43654633201578","88.09490333931598"
"125.90493755115332","92.10896309318298"
"121.71829795105091","144.291739894596"
"161.56514385592064","162.35500878728303"
"196.07007108220466","173.3936731108455"
"198.68922447639355","168.376098418369"
"170.32777921515245","170.3831282953025"
"149.196020715383","178.4112478030365"
"205.87645537761378","204.502636203743"
"220.0279572711942","219.5553602811725"
"232.1876220402761","216.5448154656295"
"204.63090267806075","204.502636203743"
"207.49713919620115","177.4077328647125"
"185.78380681013314","159.34446397174"
"151.1173472610652","151.316344464006"
"135.77619611041737","129.23901581716652"
"111.22019105197165","94.11599297011651"
"100.32161640649704","126.22847100162349"
"119.57113178971048","94.11599297011651"
"104.6367019469877","82.07381370822998"
"99.33935805120768","86.08787346209704"
"119.97605152333531","115.18980667834651"
"132.1224947492909","151.316344464006"
"136.07304807984184","193.463971880466"
"215.5739490436367","211.527240773153"
"218.61060576389676","220.558875219782"
"222.3495606718169","229.5905096661255"
"238.36742801926474","232.60105448166848"
"251.55650644632368","233.60456941999252"
"244.74418840674252","234.608084358602"
"236.84629350820524","236.6151142355355"
"248.0977975216693","239.6256590510785"
"264.8781581529415","248.65729349742202"
"278.15498143369143","253.6748681898985"
"270.41058961539727","252.67135325128902"
"270.34508874225054","249.660808435746"
"259.06604275106855","244.6432337432695"
"261.68618927316686","238.62214411246902"
"247.0794207657781","236.6151142355355"
"228.95266115740185","229.5905096661255"
"214.71119479308697","209.5202108962195"
"203.8904797374294","221.56239015810598"
"209.91675670347183","212.5307557117625"
"193.34986951301914","205.5061511423525"
"192.1605542674289","204.502636203743"
"209.29933386642028","214.537785588696"
"232.39535372055684","222.56590509671548"
"230.82980850207136","231.59753954305899"
"234.63480296201953","237.61862917385952"
"249.1820174613443","243.6397188049455"
"239.08109357456158","244.6432337432695"
"242.31502974294432","244.6432337432695"
"252.06050276639888","243.6397188049455"
"242.80705199991215","238.62214411246902"
"227.8207487681838","235.611599296926"
"222.63181091055444","237.61862917385952"
"240.0281529542701","241.632688928012"
"254.2710618376709","243.6397188049455"
"247.11136722643204","242.63620386633602"
"248.19410838284455","238.62214411246902"
"230.90939887634522","231.59753954305899"
"229.91293996180283","220.558875219782"
"212.22973448426998","209.5202108962195"
"191.07448286180758","185.4358523724465"
"160.83268525611624","161.351493848959"
"147.25469904953246","160.3479789103495"
"139.5320416525426","116.19332161695601"
"96.72439311671815","97.12653778565948"
"105.71797743339403","90.1019332162495"
"119.89635756428456","92.10896309318298"
"117.2004231963358","134.25659050964302"
"127.4852846829618","167.3725834797595"
"190.92627355219506","207.513181019286"
"210.08528607820259","220.558875219782"
"203.78174028671197","225.5764499122585"
"226.21254580330566","227.58347978919198"
"230.1609375842898","227.58347978919198"
"223.6079157263235","225.5764499122585"
"210.54970492009173","223.5694200350395"
"207.7158625326305","224.572934973649"
"216.9152387918267","231.59753954305899"
"251.04299393945072","235.611599296926"
"249.04033608044597","237.61862917385952"
"247.12205658769403","235.611599296926"
"244.2527372596748","230.5940246044495"
"248.77882267010384","226.5799648505825"
"241.5307789584686","222.56590509671548"
"215.19801006272056","211.527240773153"
"197.4849584612369","184.4323374341225"
"178.43512540086536","154.326889279549"
"141.56710079753165","148.30579964846302"
"131.45756574091263","146.2987697715295"
"137.06777469986957","147.302284710139"
"151.03714552586234","148.30579964846302"
"162.11263581656192","188.4463971879895"
"203.83070133323278","228.58699472751601"
"250.54411750237944","237.61862917385952"
"251.66837661831633","242.63620386633602"
"241.68121956088743","244.6432337432695"
"249.17808446585238","248.65729349742202"
"259.5412269757134","247.65377855881252"
"253.2803234508052","246.6502636204885"
"246.68088025758968","244.6432337432695"
"255.31347419527648","245.646748681879"
"269.3693288984328","254.6783831282225"
"276.5716624585078","260.6994727593085"
"280.7057207412004","264.7135325131755"
"277.4668883433917","260.6994727593085"
"266.2580283644219","254.6783831282225"
"267.36272493130946","246.6502636204885"
"251.14158219142894","243.6397188049455"
"240.08937355373916","241.632688928012"
"232.570275331691","234.608084358602"
"231.67956962424142","246.6502636204885"
"238.1473736681711","228.58699472751601"
"229.85457482862307","209.5202108962195"
"200.32447305622662","201.4920913884855"
"208.46230264090818","204.502636203743"
"224.79915305809243","212.5307557117625"
"228.43349660463014","212.5307557117625"
"265.1673195777138","229.5905096661255"
"259.4266622249603","245.646748681879"
"265.85526181431493","249.660808435746"
"271.16987490322333","254.6783831282225"
"270.1527482272489","255.681898066832"
"274.8349468166949","256.68541300515597"
"267.17704444000435","256.68541300515597"
"265.8724504498484","258.692442882375"
"275.65824536043897","278.7627416519955"
"318.9826446782248","332.9525483303991"
"311.12441372760804","333.9560632688944"
"310.50542571636214","283.780316344472"
"268.4852791169404","256.68541300515597"
"259.0511366237813","247.65377855881252"
"239.89854218551886","244.6432337432695"
"231.48757690477862","240.6291739894025"
"233.41644857477309","186.439367311056"
"166.23211641970795","175.40070298777897"
"215.123181870619","215.54130052730548"
"211.85118917989936","211.527240773153"
"212.80989684721118","205.5061511423525"
"218.3593215506896","205.5061511423525"
"221.89565392086496","192.460456942142"
"234.30620539740045","192.460456942142"
"222.31749886232168","180.4182776802555"
"199.62403624174976","180.4182776802555"
"207.18006858789803","198.4815465729425"
"233.01285919138786","215.54130052730548"
"236.50306767325173","217.548330404239"
"229.28555171521577","215.54130052730548"
"228.0951262914379","216.5448154656295"
"232.69077892429934","222.56590509671548"
"230.05735572909603","230.5940246044495"
"255.85671567085825","244.6432337432695"
"247.81976667133014","250.6643233743555"
"256.9908438265394","245.646748681879"
"257.31646643116864","229.5905096661255"
"235.33853038352515","217.548330404239"
"199.01827793356034","208.51669595789548"
"185.0573231753695","182.42530755718897"
"167.22452134211926","218.55184534284848"
"200.64795373118935","212.5307557117625"
"208.35488064966563","205.5061511423525"
"191.1977622515508","206.509666080962"
"208.39873316212194","214.537785588696"
"227.7221624558465","211.527240773153"
"208.08912130195137","207.513181019286"
"284.2448848214393","284.7838312830815"
"285.63414025645085","285.7873462214055"
"276.2559970666222","281.77328646753847"
"277.84439044397595","288.7978910369485"
"288.0909290504966","300.84007029883503"
"288.3483207759971","260.6994727593085"
"258.53812119414937","263.710017574566"
"273.1011901092388","268.7275922670425"
"276.1097216007093","278.7627416519955"
"286.46151920649476","279.766256590605"
"280.030494742066","281.77328646753847"
"282.53273110373846","265.717047451785"
"265.43915859244476","259.695957820699"
"266.6948442646608","252.67135325128902"
"251.87681470244792","247.65377855881252"
"236.02144284955259","237.61862917385952"
"217.70880893156485","218.55184534284848"
"206.73257168337298","215.54130052730548"
"199.30292828949098","189.44991212659897"
"169.14794557388493","161.351493848959"
"144.2686794738903","146.2987697715295"
"146.71503894299204","141.28119507905302"
"156.96953642162515","180.4182776802555"
"210.13177781715905","246.6502636204885"
"275.74867246743514","274.7486818981285"
"280.1444283623464","249.660808435746"
"255.14096890058917","248.65729349742202"
"262.17952252076293","248.65729349742202"
"257.205893475419","247.65377855881252"
"258.4301439326878","247.65377855881252"
"233.77255186330993","248.65729349742202"
"239.31620296840111","248.65729349742202"
"250.51817855208174","250.6643233743555"
"249.55203254339887","251.667838312965"
"259.0710416667698","250.6643233743555"
"257.5110705197209","249.660808435746"
"239.1479903618192","245.646748681879"
"237.6269811925012","250.6643233743555"
"220.73802931935447","214.537785588696"
"190.8912881853448","214.537785588696"
"184.16945498012484","118.20035149388949"
"125.71733014026572","73.04217926188653"
"104.59629836567794","81.070298769906"
"104.19062098401696","153.3233743409395"
"201.95692557739963","294.818980667749"
"285.30957851165914","244.6432337432695"
"244.26145707029514","243.6397188049455"
"246.95404031503384","246.6502636204885"
"259.83416033305286","246.6502636204885"
"253.3694308647023","245.646748681879"
"241.9083401307372","245.646748681879"
"257.2362300767564","247.65377855881252"
"268.6838397852768","248.65729349742202"
"270.9333745456275","251.667838312965"
"260.650119295198","251.667838312965"
"248.0013728501514","250.6643233743555"
"252.87559723161795","246.6502636204885"
"255.4945271082288","241.632688928012"
"256.07651926381664","233.60456941999252"
"219.66732734225673","226.5799648505825"
"209.49569780765296","201.4920913884855"
"200.07742425938744","125.22495606329949"
"183.98963820153872","264.7135325131755"
"276.3355835666816","260.6994727593085"
"258.4798921823656","261.7029876976325"
"264.28173239166017","264.7135325131755"
"276.2520169831115","264.7135325131755"
"268.3412093642368","260.6994727593085"
"267.56594760674426","258.692442882375"
"254.9962236837316","261.7029876976325"
"271.6419785722138","268.7275922670425"
"271.9037334283796","278.7627416519955"
"275.1825814801009","284.7838312830815"
"280.2172374618159","259.695957820699"
"258.57390524105364","251.667838312965"
"260.0014181266527","245.646748681879"
"252.76371888771575","231.59753954305899"
"222.88409780514087","219.5553602811725"
"204.4959473464939","140.277680140729"
"135.98754008242335","213.534270650372"
"199.4938138821615","155.33040421787302"
"144.37545758284736","118.20035149388949"
"116.55476837195758","121.21089630943251"
"131.03995285601465","153.3233743409395"
"165.3998493348715","159.34446397174"
"175.968893419391","173.3936731108455"
"248.7531295853854","270.734622143976"
"285.98132964398167","289.8014059752725"
"287.18122521079516","287.794376098339"
"291.1776887957767","290.80492091388203"
"294.9677456401937","331.9490333919038"
"314.4647593905968","300.84007029883503"
"289.09806927905083","274.7486818981285"
"280.27174945561165","259.695957820699"
"258.8838944205027","263.710017574566"
"294.07075081909005","327.93497363795115"
"348.27226887027194","390.1528998242315"
"356.965471897671","364.06151142355355"
"313.80354839216176","331.9490333919038"
"296.96699562301376","254.6783831282225"
"260.5925409602058","248.65729349742202"
"238.66437288238595","240.6291739894025"
"220.69623291567916","232.60105448166848"
"223.83589024188788","244.6432337432695"
"229.02873263625617","227.58347978919198"
"197.45220179318363","209.5202108962195"
"190.99346886608086","148.30579964846302"
"149.7970154531839","132.2495606327095"
"145.3137445400767","111.17574692447948"
"134.20227902274064","204.502636203743"
"202.95602851380568","198.4815465729425"
"234.3081797550295","259.695957820699"
"267.285857276281","247.65377855881252"
"267.3436586856193","249.660808435746"
"262.9358527248864","248.65729349742202"
"266.6690733093658","246.6502636204885"
"251.51807206224777","242.63620386633602"
"252.68563884814586","245.646748681879"
"271.51020154379233","246.6502636204885"
"278.8748400623023","253.6748681898985"
"285.7876082830296","273.745166959519"
"276.65325303700627","264.7135325131755"
"262.5949764489187","254.6783831282225"
"262.1193219374232","252.67135325128902"
"247.09395155427967","234.608084358602"
"225.15623212162225","233.60456941999252"
"218.73007165360832","216.5448154656295"
"206.6326149548212","201.4920913884855"
"200.27446233183346","73.04217926188653"
"106.47181497467685","193.463971880466"
"221.6457586333608","209.5202108962195"
"256.50939827747413","212.5307557117625"
"227.48384076016214","219.5553602811725"
"228.68974494949384","197.478031634333"
"221.1885463548849","250.6643233743555"
"264.7885653067607","282.7768014058625"
"284.11937402288174","260.6994727593085"
"268.0458638247308","259.695957820699"
"264.6384164679186","246.6502636204885"
"248.27784817984377","246.6502636204885"
"270.43591788355894","277.7592267136715"
"292.46949852365543","341.9841827767997"
"324.234791316333","404.2021089630515"
"345.95998247048806","409.219683655528"
"339.66535925703823","345.9982425307552"
"325.87421140071615","296.8260105446825"
"286.79414968124047","279.766256590605"
"268.3461108986287","252.67135325128902"
"249.83250505304983","259.695957820699"
"250.32981344195332","247.65377855881252"
"246.63972832084463","242.63620386633602"
"229.86041493697545","240.6291739894025"
"234.43055493060365","241.632688928012"
"252.19678100931472","268.7275922670425"
"282.0633919252842","319.9068541300459"
"381.33594344596725","439.32513181010154"
"467.7127867178897","479.46572934962796"
"439.56198396419364","436.31458699484403"
"424.63682429739015","419.254833040481"
"419.58005924862675","416.24428822493803"
"411.37576122675137","414.2372583480045"
"391.61304652903664","407.2126537785945"
"363.9405999128198","389.149384885622"
"403.8997484613875","377.107205624021"
"364.99146180141645","385.135325131755"
"438.61546175988957","424.2724077329575"
"388.13571163168035","455.3813708261405"
"423.0303238009004","390.1528998242315"
"330.207802088379","299.8365553602255"
"296.7135356022674","268.7275922670425"
"263.59934971882456","249.660808435746"
"240.70862580969114","241.632688928012"
"241.5252932861455","235.611599296926"
"226.9267922402031","230.5940246044495"
"230.44745324066923","227.58347978919198"
"229.9251690688326","208.51669595789548"
"216.21010594634782","226.5799648505825"
"249.10591548980102","250.6643233743555"
"283.08838023861017","295.82249560635853"
"357.7206606093273","357.0369068541435"
"368.42194580401605","394.1669595780985"
"381.94258490312205","381.121265377888"
"377.32210243890506","379.1142355009545"
"361.42175806185577","394.1669595780985"
"395.5393498052719","388.145869947298"
"382.2633683434209","394.1669595780985"
"403.71943700478266","387.14235500868847"
"408.2459128619449","386.1388400703645"
"371.43825387862506","409.219683655528"
"462.65297837333594","455.3813708261405"
"401.23373280484407","454.377855887531"
"364.1854898814277","303.850615114378"
"286.15591704608283","266.72056239010897"
"277.71662019490924","258.692442882375"
"253.73524692388202","245.646748681879"
"233.4051893826234","237.61862917385952"
"233.12438452183983","228.58699472751601"
"217.36065914823368","227.58347978919198"
"226.04702659856173","225.5764499122585"
"224.19279525991976","218.55184534284848"
"222.56214690964873","223.5694200350395"
"240.0993904373804","242.63620386633602"
"276.08042053872316","253.6748681898985"
"302.65780051539343","278.7627416519955"
"287.8054194169755","309.8717047451785"
"289.42901330580236","294.818980667749"
"299.59279812813793","282.7768014058625"
"294.9324596386866","291.80843585249147"
"302.89025338875535","296.8260105446825"
"297.5025766298519","299.8365553602255"
"303.8724291685923","299.8365553602255"
"320.5937817303845","315.892794375979"
"321.05034402868677","339.9771528998377"
"365.3220472466178","351.0158172232003"
"339.29201516887986","306.8611599296355"
"285.2473676058953","280.769771528929"
"275.2328346154408","262.706502636242"
"275.85478597958513","253.6748681898985"
"247.04945536044443","243.6397188049455"
"230.70404636712175","233.60456941999252"
"227.62638893009392","232.60105448166848"
"220.3155224067258","227.58347978919198"
"214.81901661537313","219.5553602811725"
"214.8143959536754","214.537785588696"
"212.8527337586857","216.5448154656295"
"226.97675219751125","237.61862917385952"
"241.5966261736417","249.660808435746"
"261.64843059256043","256.68541300515597"
"261.61844087061604","262.706502636242"
"249.1850060995994","256.68541300515597"
"259.5751186697754","256.68541300515597"
"258.8923663265375","255.681898066832"
"263.74570420435805","255.681898066832"
"253.51456295261974","256.68541300515597"
"252.53883370103443","256.68541300515597"
"258.36899949063286","255.681898066832"
"269.5599979045485","257.6889279437655"
"265.5683371757565","265.717047451785"
"272.1824416610493","262.706502636242"
"259.00840807345713","256.68541300515597"
"260.7631748041541","253.6748681898985"
"267.1856863970095","250.6643233743555"
"241.76551270421942","245.646748681879"
"231.06573202664424","232.60105448166848"
"224.28869792168945","181.4217926185795"
"158.61641333868621","137.267135325186"
"117.2151771895405","121.21089630943251"
"117.5317373814475","121.21089630943251"
"127.13498759388673","136.26362038657652"
"141.50386112834488","191.4569420035325"
"218.93893926968357","249.660808435746"
"277.068985167557","278.7627416519955"
"284.43409363880403","282.7768014058625"
"270.5298424427881","265.717047451785"
"269.182980679853","255.681898066832"
"266.88860293692414","252.67135325128902"
"258.68483951195566","251.667838312965"
"248.73193146530315","250.6643233743555"
"253.13652234368092","249.660808435746"
"269.36492755806887","249.660808435746"
"238.99400097643687","251.667838312965"
"262.70916391132266","263.710017574566"
"272.2238135008205","259.695957820699"
"257.704644019389","250.6643233743555"
"257.0593525919395","245.646748681879"
"262.02899167770477","244.6432337432695"
"241.89017707484402","237.61862917385952"
"224.7868527097204","222.56590509671548"
"214.13953667353834","223.5694200350395"
"207.78411818685638","212.5307557117625"
"182.14013884355836","207.513181019286"
"189.750530420232","215.54130052730548"
"214.25131215367998","218.55184534284848"
"230.1605769169592","228.58699472751601"
"263.3856171384849","231.59753954305899"
"268.5945807065166","238.62214411246902"
"265.0413647242971","243.6397188049455"
"263.71370815775117","247.65377855881252"
"270.0800842164895","257.6889279437655"
"271.0949232960179","262.706502636242"
"278.68803177930124","262.706502636242"
"269.94648534796306","251.667838312965"
"262.60003309044305","251.667838312965"
"273.675325739399","261.7029876976325"
"291.0785583757173","286.79086116001497"
"297.5569060131378","307.864674868245"
"301.7955237848492","291.80843585249147"
"279.9513625178162","268.7275922670425"
"274.24114857532396","258.692442882375"
"275.91024435392285","254.6783831282225"
"249.61941423614803","253.6748681898985"
"243.0416640664209","250.6643233743555"
"247.48817654444866","253.6748681898985"
"244.5896624024295","250.6643233743555"
"249.9047927760558","249.660808435746"
"247.83533253676728","248.65729349742202"
"240.6181908557644","242.63620386633602"
"250.56841331898323","248.65729349742202"
"269.9002139161878","245.646748681879"
"276.1257685516448","251.667838312965"
"269.7899131927548","253.6748681898985"
"268.3131024568089","259.695957820699"
"274.68506597394065","268.7275922670425"
"278.0852250387404","271.7381370825855"
"282.2249129822403","271.7381370825855"
"273.85476894123826","267.7240773287185"
"272.3439968659812","272.741652021195"
"289.81199927528223","284.7838312830815"
"301.386705704083","293.815465729425"
"309.7358559812917","347.0017574692448"
"334.0019732946007","342.987697715295"
"312.9963235677059","299.8365553602255"
"284.3574542474657","291.80843585249147"
"291.59646969023885","292.8119507908155"
"284.3539331407655","265.717047451785"
"253.22148687739258","255.681898066832"
"252.10984093564156","252.67135325128902"
"242.42436773724717","249.660808435746"
"247.85702231641858","247.65377855881252"
"244.84310852087935","249.660808435746"
"246.57475028714504","248.65729349742202"
"257.98965444135234","267.7240773287185"
"286.3630669796228","313.8857644990455"
"362.18918735193114","431.2970123023675"
"454.36717543195897","452.3708260105975"
"418.42687648165565","356.0333919156482"
"331.1482501655309","337.9701230228471"
"322.404175700301","360.0474516696009"
"351.5034280858133","395.170474516708"
"376.27468246167456","386.1388400703645"
"380.29051634515247","365.06502636204885"
"373.5719360528994","371.0861159929635"
"357.6956789468197","390.1528998242315"
"442.7585152947375","447.353251318121"
"394.5403971681077","353.0228471001623"
"313.64798318635627","318.9033391915506"
"291.4710124805514","296.8260105446825"
"289.6942176851377","279.766256590605"
"266.1996936184728","260.6994727593085"
"244.57863467889248","254.6783831282225"
"247.92591456127627","254.6783831282225"
"241.88456574943834","250.6643233743555"
"247.72105249645267","248.65729349742202"
"247.5225793297011","250.6643233743555"
"254.04392702621513","255.681898066832"
"272.4977357494416","297.829525483292"
"312.8369889360682","345.9982425307552"
"406.1158651492365","426.27943760989103"
"446.5173856192263","440.328646748711"
"421.5526914002391","394.1669595780985"
"398.8207880957392","366.0685413005156"
"371.2033389346854","371.0861159929635"
"381.2761158343652","388.145869947298"
"384.00807101596945","381.121265377888"
"390.4419118559401","371.0861159929635"
"409.3040440372183","373.0931458699541"
"401.7858267731714","398.181019332251"
"456.36906911452206","457.388400703074"
"403.66488033750915","434.307557117625"
"361.10538310210603","341.9841827767997"
"309.64149327447416","329.94200351494175"
"318.8956602410932","283.780316344472"
"278.4519551009086","268.7275922670425"
"259.9293332195797","254.6783831282225"
"250.61553555489746","252.67135325128902"
"242.74873522261976","249.660808435746"
"248.6258134718723","246.6502636204885"
"248.03425427134306","247.65377855881252"
"253.05929126331438","252.67135325128902"
"271.8141272794428","295.82249560635853"
"304.0508424948214","325.9279437609891"
"376.1357466843144","384.131810193431"
"392.79778231585385","388.145869947298"
"366.71978602114734","326.9314586994844"
"317.73627736777456","321.9138840070365"
"315.7525085309852","321.9138840070365"
"324.4938090110675","320.9103690685412"
"307.749188972655","304.854130052702"
"302.46527935646355","307.864674868245"
"302.16887931487315","304.854130052702"
"329.4945964228383","316.8963093145885"
"358.78171595891314","324.9244288224938"
"316.5278459427614","297.829525483292"
"280.38366017056245","276.75571177506197"
"272.58988366722525","262.706502636242"
"251.87008906204528","259.695957820699"
"252.2405598802203","253.6748681898985"
"240.344593083659","244.6432337432695"
"239.89695946462467","235.611599296926"
"223.43823002200236","229.5905096661255"
"226.73635767864647","230.5940246044495"
"230.02896467987978","232.60105448166848"
"237.59995362315527","240.6291739894025"
"259.139332108739","250.6643233743555"
"262.9620045765846","277.7592267136715"
"322.5236772659866","299.8365553602255"
"312.8309067661463","314.889279437655"
"288.7638874287399","297.829525483292"
"300.25562974887464","287.794376098339"
"291.1075550652693","299.8365553602255"
"303.8574621229923","305.85764499131153"
"295.39192976035935","299.8365553602255"
"292.3608703287682","289.8014059752725"
"288.0147778647018","291.80843585249147"
"301.2634928640462","313.8857644990455"
"333.0696060171337","330.94551845343705"
"306.013955457031","303.850615114378"
"280.3384146737367","278.7627416519955"
"273.84156245973577","271.7381370825855"
"280.260079697272","266.72056239010897"
"258.4959133538786","255.681898066832"
"241.95548448781256","250.6643233743555"
"242.41243394549446","235.611599296926"
"217.57409296685702","234.608084358602"
"224.5968523985341","224.572934973649"
"205.203037215467","223.5694200350395"
"221.26967066971685","232.60105448166848"
"245.07061020370043","232.60105448166848"
"267.0738174499543","291.80843585249147"
"348.15171437033746","340.9806678383044"
"334.809485116619","371.0861159929635"
"358.34791843532855","340.9806678383044"
"340.2426253717558","329.94200351494175"
"326.5924779982199","335.9630931458565"
"341.3826828349735","333.9560632688944"
"321.2286236771896","313.8857644990455"
"309.56901653997454","304.854130052702"
"308.301625005754","318.9033391915506"
"325.7735304399682","334.9595782073897"
"365.53547071997286","373.0931458699541"
"353.35783075556077","333.9560632688944"
"306.95971654013397","291.80843585249147"
"283.12019379470905","270.734622143976"
"260.44732393369736","270.734622143976"
"266.24576432705226","261.7029876976325"
"251.32297314443355","255.681898066832"
"253.46327721236472","254.6783831282225"
"245.11580540362868","251.667838312965"
"251.0389988028462","249.660808435746"
"251.23780001481123","248.65729349742202"
"252.2185601649033","245.646748681879"
"259.5338685976748","245.646748681879"
"271.07441223475496","245.646748681879"
"287.9602741734643","251.667838312965"
"264.33096735747955","252.67135325128902"
"262.79204892155605","255.681898066832"
"271.0086181221262","256.68541300515597"
"265.96469758831313","256.68541300515597"
"275.18901020437806","254.6783831282225"
"256.1621931838952","250.6643233743555"
"264.6482178949144","247.65377855881252"
"258.6112737365388","246.6502636204885"
"275.7158861604049","255.681898066832"
"273.55172822249637","272.741652021195"
"272.5990036257868","267.7240773287185"
"262.14679695902913","255.681898066832"
"262.4977728231885","251.667838312965"
"268.3772952271487","245.646748681879"
"237.81964163637713","242.63620386633602"
"228.51278498907485","227.58347978919198"
"222.21470404746313","220.558875219782"
"209.09770366359908","206.509666080962"
"205.52612033333483","197.478031634333"
"193.20032506901723","195.47100175739948"
"193.26998494801293","195.47100175739948"
"207.74915269601053","203.49912126541898"
"228.94576277347196","212.5307557117625"
"267.09453312967884","215.54130052730548"
"240.59048811001082","221.56239015810598"
"227.1534055659552","229.5905096661255"
"249.52118074410527","234.608084358602"
"251.41407029056768","236.6151142355355"
"246.565434809305","236.6151142355355"
"247.07642905016917","234.608084358602"
"242.35885432863932","235.611599296926"
"237.83958666928447","240.6291739894025"
"260.5935072644805","222.56590509671548"
"294.2916704345305","296.8260105446825"
"284.5966140071201","290.80492091388203"
"273.3244086501916","275.7521968364525"
"271.47771207847524","263.710017574566"
"275.7868001126776","255.681898066832"
"246.37139980977398","252.67135325128902"
"238.8101758172227","246.6502636204885"
"242.5355653316492","237.61862917385952"
"226.0384386006212","232.60105448166848"
"229.3162850049544","229.5905096661255"
"225.6487364218693","225.5764499122585"
"225.96830367228767","234.608084358602"
"249.1797720189444","234.608084358602"
"272.7252823944636","305.85764499131153"
"365.388407964486","387.14235500868847"
"413.48019484709585","409.219683655528"
"390.49603677345874","379.1142355009545"
"375.3600769354212","377.107205624021"
"383.4412124459023","383.1282952548215"
"384.5117819531188","372.0896309314588"
"364.7477659793978","356.0333919156482"
"359.3873548855698","348.0052724077315"
"361.45751654301927","334.9595782073897"
"338.31623199908563","353.0228471001623"
"410.31939532939947","409.219683655528"
"381.0116462398333","448.3567662567305"
"419.5513697728141","386.1388400703645"
"331.64780768774585","321.9138840070365"
"310.3592079663917","300.84007029883503"
"288.352315428675","275.7521968364525"
"264.42964224137626","264.7135325131755"
"262.1521959466361","260.6994727593085"
"251.1278488777","253.6748681898985"
"254.2846572628008","254.6783831282225"
"257.900314443688","255.681898066832"
"263.77786604310324","260.6994727593085"
"280.9294053579656","277.7592267136715"
"297.5244848572023","311.878734622112"
"378.7020704201158","409.219683655528"
"437.285974665131","408.2161687169185"
"396.72047155397513","416.24428822493803"
"421.68181833671474","403.1985940247275"
"414.9658440358091","401.19156414750853"
"405.6263262390184","393.1634446397745"
"402.8200723080581","389.149384885622"
"402.79925100271976","381.121265377888"
"401.82367474115404","379.1142355009545"
"427.8871432076265","410.2231985941375"
"462.899815771712","480.4692442882375"
"490.54050834259067","498.5325131809245"
"442.6028080729684","409.219683655528"
"345.1338049566767","314.889279437655"
"311.2262270563506","313.8857644990455"
"303.6326840316999","277.7592267136715"
"270.1713506805786","268.7275922670425"
"269.6152717816567","269.731107205652"
"265.2201616028061","264.7135325131755"
"269.1724171239399","263.710017574566"
"271.60067899243785","264.7135325131755"
"275.43662596896155","274.7486818981285"
"293.1982136055725","286.79086116001497"
"312.5449630041911","320.9103690685412"
"394.2679223816641","431.2970123023675"
"457.57532455927134","431.2970123023675"
"414.64551263030046","409.219683655528"
"406.47370655736967","383.1282952548215"
"395.7388866900193","373.0931458699541"
"386.2029620835901","353.0228471001623"
"346.73090617237483","339.9771528998377"
"347.0186719935937","334.9595782073897"
"352.4283555454158","334.9595782073897"
"380.859754577445","345.9982425307552"
"408.9946083619859","431.2970123023675"
"465.25211703780064","324.9244288224938"
"333.8670691263084","319.9068541300459"
"297.9636433566912","303.850615114378"
"298.4825933911487","278.7627416519955"
"272.3708264058488","268.7275922670425"
"258.19889288633794","257.6889279437655"
"254.9252325264453","261.7029876976325"
"252.84118095456307","259.695957820699"
"261.16366838484925","256.68541300515597"
"259.6863897581361","249.660808435746"
"256.92707264528616","251.667838312965"
"269.79322876070745","264.7135325131755"
"283.4430723512486","272.741652021195"
"316.2538691707463","274.7486818981285"
"324.62948002445944","325.9279437609891"
"316.04992108982054","327.93497363795115"
"318.73501462827073","322.9173989455318"
"323.63454680836946","290.80492091388203"
"293.33232832051704","279.766256590605"
"277.41059702978214","278.7627416519955"
"283.88246595975534","276.75571177506197"
"273.2583545877506","273.745166959519"
"278.4799280520206","274.7486818981285"
"309.50620180440717","270.734622143976"
"273.159116816472","276.75571177506197"
"272.63249889174966","270.734622143976"
"269.1972044394695","270.734622143976"
"278.4600544612704","264.7135325131755"
"255.96846786026126","258.692442882375"
"245.5224248437887","249.660808435746"
"242.90747356154037","246.6502636204885"
"232.90264235199368","244.6432337432695"
"233.9854797305701","243.6397188049455"
"239.71030388869409","245.646748681879"
"244.59148425293301","254.6783831282225"
"263.64566322628355","262.706502636242"
"274.6243110161602","276.75571177506197"
"318.4108237250942","386.1388400703645"
"394.24293965731397","416.24428822493803"
"384.6817793685326","438.3216168717775"
"421.3738351844192","409.219683655528"
"405.6997430511519","409.219683655528"
"403.8936293656262","422.265377856024"
"375.62197563181115","377.107205624021"
"363.6928558735956","355.0298769771529"
"351.36833251099455","336.9666080843518"
"331.93409250773243","341.9841827767997"
"384.76881909772453","442.3356766256445"
"380.1556375585046","483.4797891037805"
"430.70590654189937","375.100175746802"
"320.53197519202143","285.7873462214055"
"287.27406881552696","279.766256590605"
"276.1790523011666","272.741652021195"
"261.29456338264026","268.7275922670425"
"266.59227749740836","267.7240773287185"
"259.9167610688836","262.706502636242"
"263.6846410748919","261.7029876976325"
"264.59246612457395","262.706502636242"
"267.72371441327846","263.710017574566"
"277.3096282678122","266.72056239010897"
"283.0056075187675","270.734622143976"
"309.55095568317324","274.7486818981285"
"283.1493446080696","275.7521968364525"
"276.0624343776458","282.7768014058625"
"289.18773101323995","290.80492091388203"
"297.4102593846349","289.8014059752725"
"298.90172324968773","284.7838312830815"
"284.25236324070363","283.780316344472"
"286.617138375007","282.7768014058625"
"284.18972345688593","287.794376098339"
"301.01862963555567","319.9068541300459"
"340.5903685087197","396.1739894553175"
"422.9327487793312","449.36028119505454"
"412.80743383339757","314.889279437655"
"292.4690786133339","285.7873462214055"
"289.38080923493163","281.77328646753847"
"275.06567308715165","278.7627416519955"
"267.34745572926045","274.7486818981285"
"271.37555784124885","272.741652021195"
"263.4677993776455","268.7275922670425"
"267.23410228573425","265.717047451785"
"266.12364313352396","259.695957820699"
"257.54625290239477","248.65729349742202"
"263.3748897355685","247.65377855881252"
"273.14201715585966","250.6643233743555"
"261.21089787022106","260.6994727593085"
"272.84874402622887","266.72056239010897"
"272.40696607655775","273.745166959519"
"283.4507009185421","278.7627416519955"
"281.73581607393055","276.75571177506197"
"289.20704535693784","273.745166959519"
"277.13299001262436","271.7381370825855"
"276.3612088490802","271.7381370825855"
"272.7798408215322","272.741652021195"
"293.11071214974606","281.77328646753847"
"292.09717486553956","293.815465729425"
"303.6182144106225","288.7978910369485"
"277.7884798731659","283.780316344472"
"279.95971663834024","275.7521968364525"
"282.1094919461976","271.7381370825855"
"266.51724868736613","266.72056239010897"
"256.7959290035085","260.6994727593085"
"259.2677550434812","259.695957820699"
"252.00201253417077","253.6748681898985"
"254.8032450513195","241.632688928012"
"243.16503217671925","237.61862917385952"
"243.31838386007064","243.6397188049455"
"262.3234680008982","238.62214411246902"
"273.28936911162907","291.80843585249147"
"341.14067995358675","371.0861159929635"
"373.3897105433703","421.2618629174145"
"398.3672625803179","395.170474516708"
"391.03375245506527","363.05799648505825"
"365.53668606078634","336.9666080843518"
"338.95313504192507","334.9595782073897"
"324.1684594497626","333.9560632688944"
"332.0250304635017","327.93497363795115"
"327.0862048548254","322.9173989455318"
"348.95740289255735","333.9560632688944"
"385.0327738051609","410.2231985941375"
"372.069017323813","352.0193321616956"
"351.2583761614346","334.9595782073897"
"303.5829328675695","288.7978910369485"
"292.14596454823476","278.7627416519955"
"275.93759227868287","267.7240773287185"
"261.0381826322403","262.706502636242"
"263.84746782292154","270.734622143976"
"263.81317227355197","268.7275922670425"
"270.464960406966","270.734622143976"
"274.5342550202039","272.741652021195"
"280.5261101992037","274.7486818981285"
"290.9032640226245","279.766256590605"
"296.50308822439564","326.9314586994844"
"386.33294131008086","409.219683655528"
"424.89769910576797","452.3708260105975"
"426.57496116246205","453.3743409489215"
"394.6127202577641","394.1669595780985"
"401.39004054534394","335.9630931458565"
"340.75524885335807","332.9525483303991"
"322.3194991325552","332.9525483303991"
"333.653039135671","326.9314586994844"
"332.2625408183681","326.9314586994844"
"367.58886879019684","335.9630931458565"
"390.39654545075393","434.307557117625"
"462.36755266624107","527.634446397174"
"446.91521229296103","423.268892794348"
"347.9361626410472","371.0861159929635"
"344.20675316739175","326.9314586994844"
"312.1530775156466","296.8260105446825"
"286.6611033585864","282.7768014058625"
"282.36108003511055","291.80843585249147"
"284.84846066708644","287.794376098339"
"289.5549829738143","285.7873462214055"
"290.10842943425604","287.794376098339"
"294.8758245132819","296.8260105446825"
"307.65486906804773","322.9173989455318"
"340.74632344593545","334.9595782073897"
"395.44346864071696","417.2478031635475"
"433.9215524043707","444.342706502578"
"421.0647721563429","455.3813708261405"
"451.6557825119861","463.4094903338745"
"459.732827872296","441.332161687035"
"447.5621048461379","435.3110720562345"
"435.1285017489421","408.2161687169185"
"413.1096682713072","378.110720562345"
"394.7234574161424","366.0685413005156"
"361.6631201938087","364.06151142355355"
"422.8985797758231","424.2724077329575"
"460.4578184858585","587.8453427066065"
"458.0759927487741","423.268892794348"
"383.0775892648814","383.1282952548215"
"355.8365468788811","357.0369068541435"
"331.93709247412176","339.9771528998377"
"318.38527695852093","310.87521968378803"
"304.8845731940865","311.878734622112"
"300.9525268430171","299.8365553602255"
"299.08574648110704","295.82249560635853"
"297.8478953141361","299.8365553602255"
"304.31006882370735","310.87521968378803"
"316.51495866272285","322.9173989455318"
"344.5150845439209","354.0263620386576"
"425.55010742954096","584.8347978910635"
"553.7634222368962","543.6906854129275"
"503.46300267700576","543.6906854129275"
"551.0314134958238","542.6871704746035"
"493.86142395690683","483.4797891037805"
"471.0901393152459","439.32513181010154"
"453.43373262524244","417.2478031635475"
"454.20850523906006","423.268892794348"
"466.8387954368577","409.219683655528"
"467.9831049179543","557.7398945517475"
"460.24516935601304","492.511423550124"
"418.23294118480237","418.2513181018715"
"358.80528670373434","368.0755711775062"
"338.1524903106294","326.9314586994844"
"319.4231528467217","340.9806678383044"
"321.62680051632384","325.9279437609891"
"316.1724512785097","312.8822495607215"
"308.00382506739874","315.892794375979"
"321.969896831776","318.9033391915506"
"318.9605282978214","318.9033391915506"
"336.03046230614723","386.1388400703645"
"396.6600302693157","594.8699472760165"
"591.902399691445","630.9964850613906"
"514.2002124515496","503.550087873401"
"494.89603268148824","433.304042179301"
"443.3794925112357","404.2021089630515"
"440.26722173024876","402.19507908611797"
"449.5183927209439","434.307557117625"
"417.1437062962806","559.746924428681"
"464.92850205823754","431.2970123023675"
"384.9547699034088","377.107205624021"
"348.78315946272704","394.1669595780985"
"357.02597726904156","328.93848857644645"
"336.30895508856895","377.107205624021"
"353.50971658256447","341.9841827767997"
"338.28809203866354","330.94551845343705"
"335.97670095076353","335.9630931458565"
"334.1305965896924","339.9771528998377"
"330.0197345978611","327.93497363795115"
"349.3887015804143","316.8963093145885"
"379.8809160483513","328.93848857644645"
"336.10333317855043","347.0017574692448"
"354.07544072667054","394.1669595780985"
"404.6681268060951","413.233743409395"
"424.5365396896623","381.121265377888"
"400.8613232703103","358.0404217926103"
"361.9262052667833","335.9630931458565"
"350.0457321738329","328.93848857644645"
"333.886744699145","333.9560632688944"
"388.2678375545769","378.110720562345"
"449.38658218331483","508.5676625658775"
"446.1207900214415","499.53602811953397"
"386.3008096172995","386.1388400703645"
"365.4354185881735","356.0333919156482"
"334.60821773374516","352.0193321616956"
"330.2317834287516","322.9173989455318"
"317.42855549172555","328.93848857644645"
"319.2132090755007","318.9033391915506"
"320.4259023413721","306.8611599296355"
"315.6941112303268","305.85764499131153"
"316.6487116243694","306.8611599296355"
"314.75633009092604","301.843585237159"
"314.54578779540526","300.84007029883503"
"352.92415427734267","301.843585237159"
"307.45719631817417","301.843585237159"
"288.4913866353686","320.9103690685412"
"325.38989192628054","317.899824253198"
"312.05202634875843","317.899824253198"
"323.24982620575605","305.85764499131153"
"300.4847814774207","291.80843585249147"
"297.1657864315615","290.80492091388203"
"299.5854228856392","308.868189806569"
"321.81146711295975","321.9138840070365"
"382.32157903256467","386.1388400703645"
"430.8826506533403","438.3216168717775"
"417.2234324719716","393.1634446397745"
"337.20975506156066","338.9736379613424"
"327.00967788934065","334.9595782073897"
"321.21482978102637","325.9279437609891"
"311.65439854172365","317.899824253198"
"312.0552342896467","305.85764499131153"
"300.4904076427383","303.850615114378"
"309.4744074898568","302.8471001757685"
"312.27873404204445","298.8330404219015"
"308.8206633656781","314.889279437655"
"320.7283762062954","317.899824253198"
"341.0270889670424","431.2970123023675"
"431.3721707152007","594.8699472760165"
"513.5838052552143","592.862917399083"
"511.91288427895734","549.7117750440135"
