"DataEntries: 8756, TestEntries: 24, Epochs: 3000, UseTestData: true, LimitEntries: true, Firstlayer#: 5, SecondLayer: true, SecondLayer#: 15, Predict: true, Curvebehaviour: false, Stacksize: 6, useLastXDays: false, Max: 632.0, Min: 61.0, Curve behaviour: false, Historical: true, Skewness: false"
"Actual","Ideal"
"357.89187233894677","338.9736379613424"
"326.31448388705195","335.9630931458565"
"321.5478338348389","313.8857644990455"
"291.2955456839615","309.8717047451785"
"293.2573842330694","310.87521968378803"
"301.1960361066464","302.8471001757685"
"294.95325071950447","291.80843585249147"
"295.6569605267282","290.80492091388203"
"288.0164329255459","283.780316344472"
"274.02357071525125","280.769771528929"
"277.95672711135757","277.7592267136715"
"280.50024640508343","277.7592267136715"
"283.79847124184346","275.7521968364525"
"298.89726510621676","282.7768014058625"
"286.4314599614078","286.79086116001497"
"289.0362357445489","293.815465729425"
"305.66108836999854","311.878734622112"
"306.6260872746034","316.8963093145885"
"305.1479354466893","316.8963093145885"
"317.1075518750534","320.9103690685412"
"308.5674209614957","311.878734622112"
"303.3520445298779","314.889279437655"
"316.53872345673733","315.892794375979"
"331.64037897085177","343.99121265377886"
"383.261296454472","349.00878734622114"
"325.3500098766683","339.9771528998377"
"319.2858104701446","322.9173989455318"
"308.41519176269446","311.878734622112"
"317.4986730144701","312.8822495607215"
"307.13706919611485","307.864674868245"
"299.077824470438","292.8119507908155"
"288.3660547041296","283.780316344472"
"276.8609978560935","275.7521968364525"
"269.7046990113204","262.706502636242"
"265.84227773380854","259.695957820699"
"268.60535121730845","276.75571177506197"
"294.60873735953794","290.80492091388203"
"326.2516189368438","364.06151142355355"
"413.1399761516559","432.3005272406915"
"372.93153407592337","383.1282952548215"
"351.13167856997677","357.0369068541435"
"336.0453647081731","357.0369068541435"
"342.7847907878601","371.0861159929635"
"379.0437199257857","422.265377856024"
"404.6798698845212","389.149384885622"
"376.1177130075822","380.1177504392785"
"393.30361313514334","409.219683655528"
"418.6836243091152","496.525483303991"
"491.6831124176799","513.585237258354"
"393.3878296666603","362.05448154656295"
"327.6926196009316","316.8963093145885"
"302.17747299600285","307.864674868245"
"307.58612194922455","302.8471001757685"
"294.6222117938966","300.84007029883503"
"293.5895054549935","289.8014059752725"
"287.79694448097587","289.8014059752725"
"272.21421665969234","285.7873462214055"
"286.02874900759707","287.794376098339"
"282.1594316520182","283.780316344472"
"289.1799227823691","288.7978910369485"
"295.00992562700213","305.85764499131153"
"323.28225566436157","338.9736379613424"
"363.4958841712192","409.219683655528"
"378.4035689342476","368.0755711775062"
"344.84145698284505","352.0193321616956"
"346.03379884323635","342.987697715295"
"341.6182363234015","353.0228471001623"
"346.75725972193175","360.0474516696009"
"346.08120794172623","353.0228471001623"
"343.90627867919727","347.0017574692448"
"352.51387704203114","365.06502636204885"
"457.48701036647515","429.289982425434"
"485.0605389272057","456.3848857644645"
"356.983756411884","357.0369068541435"
"325.2011599764094","344.9947275922685"
"329.11114359989983","319.9068541300459"
"314.6180106193805","318.9033391915506"
"309.65245583015485","306.8611599296355"
"297.0843887549379","295.82249560635853"
"282.95790038734594","295.82249560635853"
"291.55335739130845","288.7978910369485"
"279.74417468396035","289.8014059752725"
"286.8458822340241","291.80843585249147"
"292.30130601671215","297.829525483292"
"302.88804212204207","311.878734622112"
"332.46303833196635","342.987697715295"
"369.1968757519946","373.0931458699541"
"356.1589453905136","379.1142355009545"
"350.0009680907345","365.06502636204885"
"366.4390954684998","362.05448154656295"
"364.2171107029019","366.0685413005156"
"369.24688905539506","363.05799648505825"
"352.5772979960008","359.0439367311056"
"350.80269817144296","358.0404217926103"
"362.91502703735887","369.0790861160015"
"404.5227599194989","409.219683655528"
"473.6767337752759","484.4833040421045"
"368.33990053562786","360.0474516696009"
"324.754028321333","336.9666080843518"
"320.6636849223518","318.9033391915506"
"312.3900447673864","322.9173989455318"
"311.98225949989245","319.9068541300459"
"306.1722954111368","300.84007029883503"
"303.85989262990995","304.854130052702"
"298.42072692617285","296.8260105446825"
"282.6178790084203","297.829525483292"
"288.1930544390747","299.8365553602255"
"307.56009949845316","308.868189806569"
"308.8951209176134","320.9103690685412"
"345.16945386673046","344.9947275922685"
"375.2282220740875","410.2231985941375"
"373.943740500192","334.9595782073897"
"327.9017886736044","323.9209138839985"
"324.48489372499034","319.9068541300459"
"322.7692502858933","330.94551845343705"
"332.9818509140882","368.0755711775062"
"355.1139658041662","345.9982425307552"
"339.30204139610987","350.012302284705"
"351.0219282633298","373.0931458699541"
"407.5492481655062","430.293497363758"
"497.3917776296781","508.5676625658775"
"382.02761612779597","382.12478031621197"
"335.7705525913688","324.9244288224938"
"316.38430198921475","317.899824253198"
"309.9644015842559","319.9068541300459"
"309.3500959166979","313.8857644990455"
"299.25137872948073","303.850615114378"
"291.2264941557279","305.85764499131153"
"296.5483560102913","296.8260105446825"
"299.06012651581","295.82249560635853"
"283.3896397939459","297.829525483292"
"306.3899095638022","293.815465729425"
"308.5359631084437","307.864674868245"
"337.8728399341395","335.9630931458565"
"365.04134976476286","378.110720562345"
"356.52417230377165","336.9666080843518"
"325.54076724385044","332.9525483303991"
"318.5930758206274","328.93848857644645"
"327.6588249786259","336.9666080843518"
"343.30798857628855","334.9595782073897"
"326.6003035753476","329.94200351494175"
"324.61158382156856","327.93497363795115"
"334.16760535854723","329.94200351494175"
"353.2408254947799","364.06151142355355"
"379.10295444525616","385.135325131755"
"343.69310869062843","344.9947275922685"
"315.6642613691871","321.9138840070365"
"308.48419404326825","319.9068541300459"
"311.0727999643679","317.899824253198"
"306.17318243052165","312.8822495607215"
"297.8228973410866","303.850615114378"
"291.8655479955498","304.854130052702"
"295.94753121875954","293.815465729425"
"280.23432388293065","280.769771528929"
"271.521395158602","277.7592267136715"
"289.1696278250013","281.77328646753847"
"288.410226295051","288.7978910369485"
"297.7175864858401","298.8330404219015"
"294.8498180881349","311.878734622112"
"309.83192193549553","317.899824253198"
"310.9316979814889","318.9033391915506"
"312.1520986853812","318.9033391915506"
"317.42017477876954","318.9033391915506"
"312.22044840863845","312.8822495607215"
"309.03666173032747","311.878734622112"
"314.2920639209412","313.8857644990455"
"328.8637764804058","318.9033391915506"
"327.5969225423226","330.94551845343705"
"344.4028751906684","334.9595782073897"
"309.2622897601103","328.93848857644645"
"312.94827088497067","319.9068541300459"
"311.75111520133277","316.8963093145885"
"316.2779543224153","320.9103690685412"
"315.4211067771761","321.9138840070365"
"310.5533423139161","313.8857644990455"
"323.87692146240624","318.9033391915506"
"317.57458126083736","307.864674868245"
"301.27448022071087","292.8119507908155"
"295.38539332025306","291.80843585249147"
"286.3018168297661","293.815465729425"
"311.92653342143706","293.815465729425"
"301.13381005081175","288.7978910369485"
"292.5455836368254","290.80492091388203"
"300.81566796741413","298.8330404219015"
"303.7868465490224","319.9068541300459"
"313.6709417961901","327.93497363795115"
"341.2344081732799","325.9279437609891"
"320.60054711097405","323.9209138839985"
"317.37175098939764","320.9103690685412"
"316.70676307588803","318.9033391915506"
"317.58120566127775","322.9173989455318"
"343.17880700476974","345.9982425307552"
"350.0034857528003","350.012302284705"
"324.4293586688264","341.9841827767997"
"322.6642175760726","332.9525483303991"
"321.2671165399501","326.9314586994844"
"324.68880280537917","329.94200351494175"
"324.11032503797725","321.9138840070365"
"308.21584146712775","307.864674868245"
"309.07850406665153","309.8717047451785"
"303.83466684394955","300.84007029883503"
"287.1221544977084","289.8014059752725"
"283.7391789043581","289.8014059752725"
"302.12371202603657","296.8260105446825"
"300.3287613402615","318.9033391915506"
"323.43038928117784","344.9947275922685"
"379.8636030939869","366.0685413005156"
"357.3353206835296","333.9560632688944"
"329.5444909702366","325.9279437609891"
"304.1409420142719","326.9314586994844"
"346.70828542205817","333.9560632688944"
"323.65610563258053","341.9841827767997"
"340.0042781167768","345.9982425307552"
"348.05255856219907","350.012302284705"
"350.0939492312773","347.0017574692448"
"360.3043434489341","352.0193321616956"
"353.1788593289839","348.0052724077315"
"324.1269950738188","331.9490333919038"
"313.067186323974","318.9033391915506"
"306.91920458024924","314.889279437655"
"311.12747947216155","329.94200351494175"
"322.500185179834","324.9244288224938"
"309.9249587381097","314.889279437655"
"316.97152707361437","315.892794375979"
"312.08808761052154","313.8857644990455"
"302.9881846687968","312.8822495607215"
"310.610080172161","308.868189806569"
"305.7150118915464","312.8822495607215"
"311.1518868420077","326.9314586994844"
"356.25203681952377","368.0755711775062"
"438.0401379017601","410.2231985941375"
"376.81427345645955","329.94200351494175"
"323.0853993126349","324.9244288224938"
"327.101036735449","324.9244288224938"
"325.8128519768938","327.93497363795115"
"334.30162731368205","374.0966608084494"
"365.6753899697122","376.1036906854115"
"366.3533583876749","363.05799648505825"
"374.74265077693497","385.135325131755"
"459.11234071608635","439.32513181010154"
"513.9888801473235","465.416520210808"
"379.5913599878809","379.1142355009545"
"340.46231047035246","344.9947275922685"
"327.1430987535028","333.9560632688944"
"326.0602318833302","337.9701230228471"
"327.52491001405434","327.93497363795115"
"312.10991097716953","316.8963093145885"
"313.1139609645354","316.8963093145885"
"311.0569849899962","311.878734622112"
"314.66396749137243","310.87521968378803"
"303.4065697125896","303.850615114378"
"313.8582064824811","308.868189806569"
"323.77705108754583","329.94200351494175"
"357.30165387358124","360.0474516696009"
"406.19233751125216","379.1142355009545"
"362.5052019516333","364.06151142355355"
"344.1380855738927","344.9947275922685"
"348.1903838257412","343.99121265377886"
"344.2077699930231","340.9806678383044"
"341.0252420600081","342.987697715295"
"333.5911448030094","339.9771528998377"
"334.5690941334533","338.9736379613424"
"343.0196686251631","351.0158172232003"
"367.2302681383245","377.107205624021"
"429.6790797710005","409.219683655528"
"337.7637568989186","343.99121265377886"
"316.46603422156164","338.9736379613424"
"319.49838139619317","323.9209138839985"
"316.205406184374","329.94200351494175"
"320.0572979167688","326.9314586994844"
"308.9720323989594","317.899824253198"
"315.1623639053841","317.899824253198"
"312.4505218853587","315.892794375979"
"318.53514918098085","315.892794375979"
"309.686799627389","314.889279437655"
"317.42899157839594","319.9068541300459"
"331.02581922629423","326.9314586994844"
"367.52493621286584","365.06502636204885"
"406.0264728607321","352.0193321616956"
"350.5447873657675","352.0193321616956"
"341.62195801070607","343.99121265377886"
"344.5932144801616","342.987697715295"
"349.3738143353453","343.99121265377886"
"354.2313743895928","348.0052724077315"
"346.0737182027905","347.0017574692448"
"345.5109428396714","353.0228471001623"
"368.43871042287134","408.2161687169185"
"432.2870896157723","438.3216168717775"
"503.51059931230714","520.6098418277641"
"411.1659562767336","456.3848857644645"
"342.47421150833327","409.219683655528"
"345.74050826151364","340.9806678383044"
"333.9685464667194","339.9771528998377"
"328.4527947406431","331.9490333919038"
"311.98659228306354","325.9279437609891"
"322.41850936210216","319.9068541300459"
"312.9483046557472","315.892794375979"
"316.18932436336934","311.878734622112"
"313.29391026675063","307.864674868245"
"315.5076708233191","305.85764499131153"
"318.352448167187","323.9209138839985"
"355.46659862929454","373.0931458699541"
"410.97325679262775","433.304042179301"
"391.304455081877","409.219683655528"
"365.0760219271305","355.0298769771529"
"346.69010097446795","354.0263620386576"
"362.5049105551019","355.0298769771529"
"356.25030422077475","345.9982425307552"
"336.4354941000721","336.9666080843518"
"331.5136950252937","332.9525483303991"
"335.9937845013199","339.9771528998377"
"369.3293365327561","353.0228471001623"
"359.3046795989085","387.14235500868847"
"340.75032549128855","332.9525483303991"
"312.47057711422303","323.9209138839985"
"310.06448371100436","316.8963093145885"
"310.60692765302","315.892794375979"
"306.1124571576831","312.8822495607215"
"296.4782607254874","308.868189806569"
"299.53504045549533","304.854130052702"
"294.31097610893016","301.843585237159"
"303.8166927672204","299.8365553602255"
"288.8358245945499","298.8330404219015"
"308.30290617050156","300.84007029883503"
"301.75245022896786","304.854130052702"
"314.6985022684819","310.87521968378803"
"326.0865080771377","310.87521968378803"
"310.26972767061716","312.8822495607215"
"306.8464818822267","312.8822495607215"
"303.7577189913202","315.892794375979"
"316.64216942932865","315.892794375979"
"316.601366308958","314.889279437655"
"309.3730818913018","313.8857644990455"
"315.4217548263193","313.8857644990455"
"328.14782493390106","316.8963093145885"
"339.0363762841964","331.9490333919038"
"324.0935143385916","336.9666080843518"
"314.9484019118423","326.9314586994844"
"312.7976557447264","317.899824253198"
"311.6861951887724","315.892794375979"
"316.37221894034184","314.889279437655"
"309.31607492444516","314.889279437655"
"303.2157823914949","312.8822495607215"
"313.37093417892436","311.878734622112"
"308.0757986772611","306.8611599296355"
"296.27940234185644","304.854130052702"
"302.6356297934163","304.854130052702"
"298.5175306614257","297.829525483292"
"309.39623863710375","293.815465729425"
"303.5203547748462","303.850615114378"
"301.57395497341855","304.854130052702"
"314.25576830692455","309.8717047451785"
"314.62260828127387","311.878734622112"
"311.14118875525304","312.8822495607215"
"323.9362539908825","314.889279437655"
"305.5620149414386","314.889279437655"
"315.97684041995444","313.8857644990455"
"320.52643952302407","314.889279437655"
"315.878173048543","316.8963093145885"
"337.51849537608473","317.899824253198"
"312.66550753469016","317.899824253198"
"303.1045036447807","317.899824253198"
"306.94907102580197","316.8963093145885"
"311.31953625333614","315.892794375979"
"317.1417871781131","315.892794375979"
"311.68049300789573","314.889279437655"
"301.92201012746085","311.878734622112"
"315.69493439905796","299.8365553602255"
"294.0590212486768","295.82249560635853"
"302.6131346195101","295.82249560635853"
"290.9149638334784","296.8260105446825"
"301.57727116581776","297.829525483292"
"305.37072837294454","312.8822495607215"
"344.2024636479632","331.9490333919038"
"356.27552364597864","323.9209138839985"
"326.53133235028594","319.9068541300459"
"317.9209226580023","316.8963093145885"
"317.420438006819","319.9068541300459"
"324.5396337839459","323.9209138839985"
"328.8342790097863","331.9490333919038"
"329.23309428735274","324.9244288224938"
"327.3113232001367","322.9173989455318"
"338.93265645564674","361.0509666080962"
"441.33057319753016","484.4833040421045"
"562.7830561204339","518.6028119508305"
"412.6859555542685","366.0685413005156"
"332.3326800164814","316.8963093145885"
"305.7873016222887","312.8822495607215"
"310.63391473785566","312.8822495607215"
"308.3515515694651","309.8717047451785"
"296.26520085652896","305.85764499131153"
"305.5406348055753","300.84007029883503"
"296.6523357789501","297.829525483292"
"293.17569259179936","296.8260105446825"
"291.08990773359767","298.8330404219015"
"310.686601203535","300.84007029883503"
"300.39574861679193","315.892794375979"
"344.7331531133728","329.94200351494175"
"358.0735009805673","320.9103690685412"
"324.3346269084385","320.9103690685412"
"318.14200079982663","314.889279437655"
"314.04281432647707","313.8857644990455"
"315.50944795754197","316.8963093145885"
"322.1659870678349","316.8963093145885"
"315.95773819045075","313.8857644990455"
"317.6897694273726","311.878734622112"
"326.2534706201298","327.93497363795115"
"357.1037641793622","402.19507908611797"
"435.4907930036232","402.19507908611797"
"336.74729661955905","323.9209138839985"
"304.70450098278434","310.87521968378803"
"300.9560475235758","306.8611599296355"
"305.8007630713723","305.85764499131153"
"300.7318293011422","302.8471001757685"
"289.8025222414051","298.8330404219015"
"294.3874800013235","297.829525483292"
"290.1903315431433","290.80492091388203"
"296.22120330602195","290.80492091388203"
"289.0384564975564","293.815465729425"
"304.1342488567031","297.829525483292"
"305.88079376245213","308.868189806569"
"339.086639300273","313.8857644990455"
"338.30282562224613","313.8857644990455"
"316.84563876577346","312.8822495607215"
"309.4197482395797","305.85764499131153"
"304.8094544416531","304.854130052702"
"308.403654408878","305.85764499131153"
"311.17294493243","304.854130052702"
"305.11833036976185","304.854130052702"
"309.54171166163763","304.854130052702"
"319.6571618549966","315.892794375979"
"354.1734482498947","319.9068541300459"
"336.67086340689616","315.892794375979"
"309.8982685316513","307.864674868245"
"292.0773710407758","303.850615114378"
"294.4698763971484","298.8330404219015"
"296.07235330887636","292.8119507908155"
"287.04423676436227","289.8014059752725"
"278.6849703385189","281.77328646753847"
"277.18281976892047","274.7486818981285"
"264.50372046127063","269.731107205652"
"275.79802473345205","268.7275922670425"
"278.05893154108065","270.734622143976"
"280.6716767527742","274.7486818981285"
"295.66962516386303","282.7768014058625"
"299.97298496400424","295.82249560635853"
"305.91091557961926","304.854130052702"
"307.4623961019687","304.854130052702"
"301.8114751466623","299.8365553602255"
"299.8563712353557","298.8330404219015"
"298.4626964993142","300.84007029883503"
"303.0295052288717","300.84007029883503"
"299.97759910287954","299.8365553602255"
"303.94841479019215","303.850615114378"
"316.6925953913668","320.9103690685412"
"336.0494190162211","309.8717047451785"
"314.09126560970196","314.889279437655"
"301.73935773313485","304.854130052702"
"292.58797340978674","300.84007029883503"
"292.94960079908174","295.82249560635853"
"293.90999747476826","291.80843585249147"
"284.6799583164117","287.794376098339"
"281.5812082887004","277.7592267136715"
"273.46935419265503","262.706502636242"
"253.87528840062043","253.6748681898985"
"252.23784416658134","249.660808435746"
"242.81823476732666","252.67135325128902"
"264.56430914894986","260.6994727593085"
"271.30779056103216","266.72056239010897"
"281.179213459667","283.780316344472"
"304.34776310975315","290.80492091388203"
"289.0120376290265","289.8014059752725"
"285.28800887145786","287.794376098339"
"289.6215027329083","287.794376098339"
"285.8885995921912","288.7978910369485"
"291.10674723829766","288.7978910369485"
"286.9889101154555","289.8014059752725"
"292.32308256890235","289.8014059752725"
"301.0832165228015","291.80843585249147"
"304.9711749936814","297.829525483292"
"291.93211723914163","299.8365553602255"
"283.748225243773","292.8119507908155"
"282.584960962159","285.7873462214055"
"282.61426195763727","277.7592267136715"
"278.5986405265223","272.741652021195"
"268.1830320721777","270.734622143976"
"258.27583424270665","261.7029876976325"
"250.83529832081655","251.667838312965"
"244.70517532955546","237.61862917385952"
"233.974679322355","230.5940246044495"
"229.04644578599428","228.58699472751601"
"239.82725435065797","233.60456941999252"
"243.1653498753418","242.63620386633602"
"253.00057006324573","254.6783831282225"
"256.8573305900726","255.681898066832"
"262.77636121223094","259.695957820699"
"266.2111668186704","264.7135325131755"
"276.07279777179644","267.7240773287185"
"275.9651370151613","268.7275922670425"
"260.75004459949184","264.7135325131755"
"267.6475040404057","262.706502636242"
"268.6333326947098","264.7135325131755"
"278.92149241813087","274.7486818981285"
"279.38736283498065","280.769771528929"
"279.6887032246567","283.780316344472"
"277.64884094201733","279.766256590605"
"279.43161464067396","271.7381370825855"
"256.70970708776923","264.7135325131755"
"260.91640281127246","261.7029876976325"
"257.8100166642789","256.68541300515597"
"245.7123083028897","239.6256590510785"
"237.68811099970407","223.5694200350395"
"209.59822142204547","194.4674868190755"
"187.87067384557702","161.351493848959"
"139.89835914573615","150.3128295253965"
"142.7293713977875","185.4358523724465"
"178.41245448762004","171.3866432336265"
"176.74659604613294","180.4182776802555"
"176.50406260893877","189.44991212659897"
"215.57854614531155","224.572934973649"
"245.33057147400575","255.681898066832"
"276.09403497376087","259.695957820699"
"263.16681578454035","262.706502636242"
"260.7248905714529","264.7135325131755"
"255.53183573492367","258.692442882375"
"259.5161480454791","255.681898066832"
"267.61775385382066","262.706502636242"
"249.19072186511767","281.77328646753847"
"293.4457534378449","286.79086116001497"
"278.4387793359726","282.7768014058625"
"275.1817915453258","278.7627416519955"
"262.4011297823542","274.7486818981285"
"261.4606865001599","267.7240773287185"
"263.5690242041318","258.692442882375"
"251.93619002183817","252.67135325128902"
"227.18373654763946","195.47100175739948"
"177.57689315806007","197.478031634333"
"194.93244932574","241.632688928012"
"240.00117153235425","247.65377855881252"
"247.548386358495","252.67135325128902"
"268.6186336202062","262.706502636242"
"306.72088785916833","278.7627416519955"
"299.19457468086875","303.850615114378"
"312.1001773004349","303.850615114378"
"303.60773662939675","304.854130052702"
"302.8833920085606","302.8471001757685"
"302.64109996568783","310.87521968378803"
"322.3008114365638","316.8963093145885"
"321.72878469439223","302.8471001757685"
"311.49853435851753","317.899824253198"
"323.12052907025827","333.9560632688944"
"333.79501695999863","372.0896309314588"
"373.24263022050167","419.254833040481"
"341.69055050154026","312.8822495607215"
"298.27944648286154","294.818980667749"
"289.732178515476","282.7768014058625"
"284.6019889010976","277.7592267136715"
"274.27824889678936","268.7275922670425"
"253.99277060732095","256.68541300515597"
"226.06398909187476","256.68541300515597"
"248.80837194567596","248.65729349742202"
"245.55813435486914","247.65377855881252"
"246.98834000167096","249.660808435746"
"252.5509343185759","253.6748681898985"
"267.92826212651113","261.7029876976325"
"274.8476821437726","282.7768014058625"
"293.667674420682","300.84007029883503"
"299.4163408595032","293.815465729425"
"290.8631806692069","284.7838312830815"
"281.8308248721145","286.79086116001497"
"286.49404974154174","287.794376098339"
"285.89713792623314","287.794376098339"
"285.79598215001334","287.794376098339"
"291.19713713574083","289.8014059752725"
"302.01003070907063","302.8471001757685"
"328.35469080137966","306.8611599296355"
"294.1942968372217","304.854130052702"
"294.0414585976706","289.8014059752725"
"276.9452969641121","281.77328646753847"
"275.8495217326714","271.7381370825855"
"271.52275368208893","266.72056239010897"
"262.7469747235681","257.6889279437655"
"242.61118305691457","244.6432337432695"
"235.87363532598062","235.611599296926"
"220.61387763512914","207.513181019286"
"209.635712652592","199.485061511552"
"205.08396600815473","212.5307557117625"
"217.39215481193145","234.608084358602"
"246.98350357922112","252.67135325128902"
"262.3841861898776","263.710017574566"
"275.39099008574584","277.7592267136715"
"283.09981293031836","278.7627416519955"
"278.0781785132412","277.7592267136715"
"279.2400854218309","276.75571177506197"
"279.48735903477336","275.7521968364525"
"274.87342835802144","277.7592267136715"
"277.26182445563035","277.7592267136715"
"283.41602800626316","279.766256590605"
"289.4790012661429","284.7838312830815"
"295.607755266096","288.7978910369485"
"285.5149190034499","293.815465729425"
"292.9473001209559","283.780316344472"
"275.75633745776054","277.7592267136715"
"273.0579417724399","271.7381370825855"
"271.0080359440411","267.7240773287185"
"265.4299442834886","261.7029876976325"
"247.57841319890497","251.667838312965"
"241.018884185367","241.632688928012"
"240.7943257482985","218.55184534284848"
"220.63616068707546","215.54130052730548"
"215.7668496957587","220.558875219782"
"229.833668096434","233.60456941999252"
"245.453077619392","253.6748681898985"
"264.8442196705631","264.7135325131755"
"276.8749628877853","277.7592267136715"
"276.1888860854079","277.7592267136715"
"273.8165603861119","274.7486818981285"
"276.19610057922455","273.745166959519"
"273.0117776309022","274.7486818981285"
"275.45096268310675","273.745166959519"
"272.6905473286675","273.745166959519"
"278.7630912127805","275.7521968364525"
"294.9152544292983","283.780316344472"
"293.8666623058823","288.7978910369485"
"280.95173225291205","289.8014059752725"
"279.976326840278","281.77328646753847"
"276.67146696130715","277.7592267136715"
"273.80824579346597","273.745166959519"
"275.25309857689206","271.7381370825855"
"270.65858206033107","268.7275922670425"
"265.28437809143855","259.695957820699"
"260.4514807668519","255.681898066832"
"255.3851061516375","252.67135325128902"
"250.5643361761162","252.67135325128902"
"254.67583603530528","256.68541300515597"
"248.04519396442402","260.6994727593085"
"271.7494461871015","271.7381370825855"
"280.33377689285413","275.7521968364525"
"294.2774577285954","289.8014059752725"
"299.30216259303046","290.80492091388203"
"292.95437283667167","288.7978910369485"
"284.09139427861373","287.794376098339"
"294.0452176120807","288.7978910369485"
"292.23352749401016","288.7978910369485"
"288.7045723043451","289.8014059752725"
"295.87118001852184","292.8119507908155"
"311.1153838695957","297.829525483292"
"305.76622376691535","296.8260105446825"
"292.10738841215164","293.815465729425"
"299.29454477664603","290.80492091388203"
"284.4188873557622","287.794376098339"
"283.3084227130396","282.7768014058625"
"284.0954378510695","278.7627416519955"
"275.6125729134559","272.741652021195"
"267.2075262387305","264.7135325131755"
"252.8729089509821","263.710017574566"
"253.83250886484623","256.68541300515597"
"263.13310713983026","253.6748681898985"
"248.87624739939068","248.65729349742202"
"254.6625882513809","242.63620386633602"
"250.5098679257623","246.6502636204885"
"254.24899929976155","251.667838312965"
"253.6104749112319","255.681898066832"
"256.8614157456415","256.68541300515597"
"257.9249233751235","260.6994727593085"
"266.1894825471411","263.710017574566"
"269.16177021329503","263.710017574566"
"265.1275184515937","262.706502636242"
"259.8434215585573","260.6994727593085"
"262.7588052501151","261.7029876976325"
"272.1411820669334","267.7240773287185"
"266.61472937578026","276.75571177506197"
"286.97189242133675","280.769771528929"
"267.4596674483796","276.75571177506197"
"271.9322737905875","267.7240773287185"
"265.7700531248844","258.692442882375"
"258.9590806475257","256.68541300515597"
"254.06323091339044","250.6643233743555"
"244.30003347262942","244.6432337432695"
"237.4665984126753","237.61862917385952"
"218.64331434485422","176.404217926103"
"159.11194000992035","147.302284710139"
"138.39048568151347","140.277680140729"
"140.08897041228673","123.21792618636601"
"138.45369862309968","104.15114235506948"
"154.53709160523687","143.28822495598652"
"199.29351132763372","198.4815465729425"
"223.19459073678138","229.5905096661255"
"243.15054012839988","252.67135325128902"
"250.99103626164282","257.6889279437655"
"264.60285196802977","260.6994727593085"
"266.88314736424763","260.6994727593085"
"261.3675409345858","262.706502636242"
"267.38558428560583","265.717047451785"
"277.225698408101","272.741652021195"
"276.80253822539396","279.766256590605"
"274.99770795204995","283.780316344472"
"277.12080941467775","282.7768014058625"
"278.85536224953063","280.769771528929"
"279.0034015035331","275.7521968364525"
"278.08864581323115","273.745166959519"
"268.80143576729995","267.7240773287185"
"253.07074049425677","257.6889279437655"
"249.71956495244615","265.717047451785"
"255.19468198408646","253.6748681898985"
"249.4239106287299","217.548330404239"
"215.0170633022633","221.56239015810598"
"229.1889179987918","233.60456941999252"
"249.22678482245098","265.717047451785"
"285.66790801848487","282.7768014058625"
"298.5640075610453","295.82249560635853"
"298.55863991865203","293.815465729425"
"291.36509678875603","291.80843585249147"
"286.9314495802509","293.815465729425"
"294.58734781307754","293.815465729425"
"288.70722199215015","291.80843585249147"
"291.00045794318703","291.80843585249147"
"299.6210573150084","295.82249560635853"
"308.06278366931576","324.9244288224938"
"327.5575768236883","303.850615114378"
"282.49307259901786","306.8611599296355"
"307.056373379859","294.818980667749"
"281.17036644460586","289.8014059752725"
"281.36618945354354","283.780316344472"
"280.7567804308585","281.77328646753847"
"277.4710446354359","273.745166959519"
"269.0220269216015","268.7275922670425"
"261.3580519606845","266.72056239010897"
"259.72803337863473","262.706502636242"
"254.84380200789002","263.710017574566"
"262.10908081084267","258.692442882375"
"257.3379672044658","259.695957820699"
"283.0388002665195","270.734622143976"
"296.7465348930731","280.769771528929"
"306.82137699432496","293.815465729425"
"299.5688707799833","293.815465729425"
"291.895563575554","288.7978910369485"
"281.1893209265871","288.7978910369485"
"290.49206867306725","294.818980667749"
"299.5473192237799","293.815465729425"
"299.14686744242897","294.818980667749"
"303.4278869305382","294.818980667749"
"327.026460708811","297.829525483292"
"308.79223654355985","300.84007029883503"
"286.9789323813228","300.84007029883503"
"298.48250222679013","294.818980667749"
"279.17647320067533","287.794376098339"
"277.7051158849046","281.77328646753847"
"276.652076740784","280.769771528929"
"274.64609948110564","276.75571177506197"
"267.0513133979855","268.7275922670425"
"253.41889518169904","262.706502636242"
"250.6758041435333","259.695957820699"
"259.6686532312493","259.695957820699"
"264.13316151650565","257.6889279437655"
"258.36052839690603","259.695957820699"
"280.46648909687275","273.745166959519"
"293.3374904133214","286.79086116001497"
"313.49961844261253","322.9173989455318"
"324.4085492895805","323.9209138839985"
"316.89242144553884","301.843585237159"
"312.11204922485","296.8260105446825"
"315.81584499851175","312.8822495607215"
"309.24701921304546","308.868189806569"
"313.8304630163141","308.868189806569"
"323.72460404416944","316.8963093145885"
"321.77332359193343","335.9630931458565"
"350.85558765905864","365.06502636204885"
"365.6639965455362","379.1142355009545"
"339.4990359185968","319.9068541300459"
"303.30521717745347","295.82249560635853"
"290.23277927967445","290.80492091388203"
"284.34926066166724","288.7978910369485"
"292.89658416314523","282.7768014058625"
"273.8930047659522","273.745166959519"
"272.1650270514574","259.695957820699"
"251.11201221705107","259.695957820699"
"259.1381843158418","249.660808435746"
"251.25049228478647","245.646748681879"
"262.87754765087845","255.681898066832"
"277.6181340405452","272.741652021195"
"289.56050661834513","291.80843585249147"
"324.4642371616633","342.987697715295"
"341.7934740524726","345.9982425307552"
"333.62459724770565","319.9068541300459"
"326.429350090285","314.889279437655"
"317.11829893827314","325.9279437609891"
"334.8108085967839","333.9560632688944"
"332.6548007751182","334.9595782073897"
"331.96640785776634","327.93497363795115"
"335.0307317668552","322.9173989455318"
"322.0020143152031","329.94200351494175"
"295.1646914567108","317.899824253198"
"305.35486525923096","293.815465729425"
"273.79716409060813","284.7838312830815"
"273.8354723611047","277.7592267136715"
"272.21329154463325","274.7486818981285"
"270.349358066509","267.7240773287185"
"258.45623906161416","258.692442882375"
"240.66197936096643","226.5799648505825"
"205.8362062050012","200.488576449876"
"196.29871883411525","197.478031634333"
"197.10703487098138","212.5307557117625"
"212.25675815869783","222.56590509671548"
"247.97773373793905","255.681898066832"
"271.970361858264","270.734622143976"
"283.51643298787377","284.7838312830815"
"286.5027997937772","287.794376098339"
"280.049244152229","286.79086116001497"
"287.6118831919764","285.7873462214055"
"275.3172942047886","284.7838312830815"
"279.35492051682075","282.7768014058625"
"277.8772921698056","278.7627416519955"
"278.5727468188707","280.769771528929"
"284.3409843291066","284.7838312830815"
"277.3985671899804","286.79086116001497"
"284.51214822137183","285.7873462214055"
"286.3046737356373","279.766256590605"
"266.76788771606994","271.7381370825855"
"265.5503170014225","266.72056239010897"
"263.5422947497294","263.710017574566"
"257.20201506812947","260.6994727593085"
"245.49876944487295","255.681898066832"
"239.8410829148208","249.660808435746"
"236.0296480627185","232.60105448166848"
"235.03126159674173","225.5764499122585"
"225.29649968405008","224.572934973649"
"225.94208554804197","233.60456941999252"
"246.55005344301873","240.6291739894025"
"242.50555371946734","244.6432337432695"
"252.07447369948167","249.660808435746"
"253.8178568820415","251.667838312965"
"255.4832226257048","255.681898066832"
"254.0353567821314","258.692442882375"
"261.3977373512925","259.695957820699"
"264.5859960837086","258.692442882375"
"259.12296120277466","257.6889279437655"
"261.44601767142683","259.695957820699"
"266.4300452754314","266.72056239010897"
"259.97466158453494","271.7381370825855"
"276.9993243110815","275.7521968364525"
"270.52829032103375","270.734622143976"
"267.23977985230806","266.72056239010897"
"263.4601018873219","261.7029876976325"
"260.2659797368029","259.695957820699"
"249.69489913288976","255.681898066832"
"241.94930780385744","253.6748681898985"
"244.14282365978698","254.6783831282225"
"241.41485180743354","251.667838312965"
"241.78215250112777","242.63620386633602"
"238.14015157983914","238.62214411246902"
"257.7210243019345","252.67135325128902"
"265.3702674239278","250.6643233743555"
"268.9061477226604","258.692442882375"
"268.86304530677","260.6994727593085"
"276.01514550768434","261.7029876976325"
"273.4419036818602","263.710017574566"
"256.0611343944261","267.7240773287185"
"271.4030918224371","270.734622143976"
"262.4526144602454","270.734622143976"
"270.3597329489005","271.7381370825855"
"278.07215898490483","273.745166959519"
"292.1002052310263","282.7768014058625"
"285.3342266683303","286.79086116001497"
"287.3520559851215","286.79086116001497"
"285.6802944182599","283.780316344472"
"279.5227651914768","277.7592267136715"
"256.14895007380574","272.741652021195"
"274.916505654356","269.731107205652"
"261.00542444836384","262.706502636242"
"249.02025946806612","257.6889279437655"
"248.23580748948808","255.681898066832"
"250.80661438730124","252.67135325128902"
"253.2615346937951","251.667838312965"
"243.18948753117644","230.5940246044495"
"237.74718886756563","239.6256590510785"
"253.20495420205728","263.710017574566"
"280.0977958563742","308.868189806569"
"326.6323432955485","376.1036906854115"
"340.858483237423","291.80843585249147"
"289.95491717140857","289.8014059752725"
"289.9197268818582","288.7978910369485"
"288.2850670881941","289.8014059752725"
"291.77549286318094","288.7978910369485"
"288.6004948462201","288.7978910369485"
"293.17335118284615","299.8365553602255"
"334.5093969995684","408.2161687169185"
"408.95418416771315","376.1036906854115"
"362.2322971124547","334.9595782073897"
"317.540679110738","289.8014059752725"
"277.84360539929264","283.780316344472"
"274.76340292276257","275.7521968364525"
"273.61998526498894","270.734622143976"
"264.4363146781716","263.710017574566"
"260.3954374555638","255.681898066832"
"246.10617129101996","254.6783831282225"
"245.92769547748236","249.660808435746"
"252.41533621907791","240.6291739894025"
"232.52341509687028","213.534270650372"
"215.97675637859265","215.54130052730548"
"244.8452316038431","277.7592267136715"
"281.94513994150293","299.8365553602255"
"301.39829333830113","342.987697715295"
"322.9374355449608","283.780316344472"
"276.448795317201","276.75571177506197"
"278.56876154826006","277.7592267136715"
"271.39358968155295","274.7486818981285"
"267.9156041572968","299.8365553602255"
"295.63927366050365","289.8014059752725"
"291.2138716958651","304.854130052702"
"335.71285210836186","348.0052724077315"
"340.8679109016261","349.00878734622114"
"315.8351784260959","284.7838312830815"
"284.5871818246041","278.7627416519955"
"267.07701965164796","273.745166959519"
"264.2095876300784","267.7240773287185"
"260.28945175433586","265.717047451785"
"257.6212862164364","257.6889279437655"
"242.6225622910872","245.646748681879"
"230.39497088349358","233.60456941999252"
"218.4519282187201","196.47451669600898"
"188.37120042551658","201.4920913884855"
"191.85062445286795","175.40070298777897"
"181.57348324110947","208.51669595789548"
"239.07771424225956","250.6643233743555"
"237.31022624585384","262.706502636242"
"274.4138964413369","274.7486818981285"
"274.48610837092747","276.75571177506197"
"274.14246746213007","272.741652021195"
"265.8229029754631","273.745166959519"
"270.6002421873701","273.745166959519"
"270.62768990533124","272.741652021195"
"269.6259844509425","277.7592267136715"
"280.9156180367528","284.7838312830815"
"306.0630845047211","287.794376098339"
"292.8296120015815","288.7978910369485"
"282.7978571188541","288.7978910369485"
"282.2646222139565","282.7768014058625"
"272.19781040956104","272.741652021195"
"264.35855751554936","264.7135325131755"
"259.6808632167091","261.7029876976325"
"252.50401867398412","255.681898066832"
"242.20340662728094","245.646748681879"
"234.17406266014444","242.63620386633602"
"228.0060843692732","206.509666080962"
"197.64162350076404","202.49560632680948"
"185.37900321221073","180.4182776802555"
"197.0365661003337","198.4815465729425"
"235.57632952974623","252.67135325128902"
"268.40241441389475","265.717047451785"
"277.86679361360837","276.75571177506197"
"279.51723036516205","283.780316344472"
"282.73992181260724","278.7627416519955"
"277.4253566739935","278.7627416519955"
"276.4468641415064","279.766256590605"
"280.28619790725486","280.769771528929"
"277.6969650779737","281.77328646753847"
"285.35001725885957","283.780316344472"
"291.28958484652753","291.80843585249147"
"301.85736478443744","308.868189806569"
"305.4540746034833","295.82249560635853"
"296.37097768107003","290.80492091388203"
"281.0985985518655","279.766256590605"
"271.1998464907483","271.7381370825855"
"264.684569982355","272.741652021195"
"265.01900548733494","264.7135325131755"
"252.51722127152607","258.692442882375"
"260.22836169157443","250.6643233743555"
"237.85307329118572","248.65729349742202"
"233.7383171634674","248.65729349742202"
"230.05899512297756","253.6748681898985"
"256.34983828975334","256.68541300515597"
"267.4568316866015","262.706502636242"
"274.2563450039737","278.7627416519955"
"300.94749699612123","294.818980667749"
"305.08189421616606","299.8365553602255"
"301.41465760913036","290.80492091388203"
"301.77996404829537","288.7978910369485"
"286.385817220448","287.794376098339"
"287.5781165797848","293.815465729425"
"289.45909551873496","290.80492091388203"
"293.10869182207085","291.80843585249147"
"317.7704693849848","292.8119507908155"
"302.0183369862383","294.818980667749"
"299.75534399975817","292.8119507908155"
"280.8208127314655","286.79086116001497"
"278.51957820779694","280.769771528929"
"274.31072391722864","270.734622143976"
"268.95014494398214","267.7240773287185"
"259.0225096739207","262.706502636242"
"246.3387467056665","256.68541300515597"
"249.980103132373","227.58347978919198"
"204.6147167805272","192.460456942142"
"175.89931708291874","171.3866432336265"
"158.66630449252793","167.3725834797595"
"173.80242466835526","170.3831282953025"
"189.1198074353056","185.4358523724465"
"200.8529638669735","228.58699472751601"
"249.99897589894817","237.61862917385952"
"247.202647406445","251.667838312965"
"257.2742113194049","261.7029876976325"
"255.2972690815351","263.710017574566"
"269.1574896304372","263.710017574566"
"261.45402608030156","260.6994727593085"
"254.872819059763","259.695957820699"
"259.22286995849066","262.706502636242"
"264.0950174622759","266.72056239010897"
"274.1916955699","271.7381370825855"
"271.30555031268943","273.745166959519"
"268.0329757434457","269.731107205652"
"269.75899806735754","262.706502636242"
"259.402761282219","257.6889279437655"
"260.4814257404454","251.667838312965"
"238.18614517697978","247.65377855881252"
"232.62857362106928","234.608084358602"
"232.99969113316723","226.5799648505825"
"198.31278060664584","183.428822495513"
"154.56634769589445","157.3374340948065"
"140.2554664006364","135.26010544825252"
"138.71281583655048","136.26362038657652"
"144.15166788309372","149.30931458707252"
"184.4104574421226","159.34446397174"
"209.18941196564307","170.3831282953025"
"197.64533716294522","207.513181019286"
"229.65629007413688","249.660808435746"
"262.43502386104024","252.67135325128902"
"260.529865636292","255.681898066832"
"248.0351057305027","252.67135325128902"
"253.48153166732743","250.6643233743555"
"255.7647644280371","252.67135325128902"
"242.54071124074798","259.695957820699"
"270.61865942395934","267.7240773287185"
"277.2015383914843","271.7381370825855"
"266.81257459590927","267.7240773287185"
"269.37208808374123","262.706502636242"
"255.0262888145648","256.68541300515597"
"246.95468260350634","251.667838312965"
"239.57505664295257","247.65377855881252"
"239.09015497903232","235.611599296926"
"231.95028031954618","245.646748681879"
"233.18223136801026","244.6432337432695"
"244.65162954755777","245.646748681879"
"240.2773700046181","246.6502636204885"
"249.8931014980535","249.660808435746"
"263.29920148805013","257.6889279437655"
"283.0829611193524","269.731107205652"
"286.11435458095656","281.77328646753847"
"292.15396339555275","285.7873462214055"
"285.7721251215811","282.7768014058625"
"281.8864544008146","283.780316344472"
"281.0696689825204","283.780316344472"
"288.080863374251","282.7768014058625"
"282.97979008071485","282.7768014058625"
"288.8883820981547","283.780316344472"
"285.1824467567446","288.7978910369485"
"295.69971861492155","292.8119507908155"
"289.73728699908554","292.8119507908155"
"284.351968692657","285.7873462214055"
"277.5337662659564","276.75571177506197"
"269.7273696901361","268.7275922670425"
"267.8534932095702","261.7029876976325"
"251.62064371814645","258.692442882375"
"245.6617310714908","248.65729349742202"
"243.1545872831502","245.646748681879"
"233.57657709864753","242.63620386633602"
"244.83518049482933","242.63620386633602"
"247.1421503004211","244.6432337432695"
"256.2001940356371","247.65377855881252"
"258.28095454423993","255.681898066832"
"268.13030086793486","272.741652021195"
"288.373589593558","288.7978910369485"
"293.09632500977983","294.818980667749"
"292.8529577307926","287.794376098339"
"284.21247397269326","285.7873462214055"
"288.93483991594405","285.7873462214055"
"287.5394638930518","285.7873462214055"
"284.25752616845347","285.7873462214055"
"291.39027969278914","289.8014059752725"
"325.92529568008365","305.85764499131153"
"328.4700596018715","304.854130052702"
"311.4152256375256","299.8365553602255"
"295.655086838919","289.8014059752725"
"281.42962035904924","282.7768014058625"
"277.36676996835826","272.741652021195"
"269.1871881004426","267.7240773287185"
"259.5987143507788","261.7029876976325"
"245.0989034844185","249.660808435746"
"250.51131869374967","248.65729349742202"
"233.2295045746306","245.646748681879"
"245.7748091171096","245.646748681879"
"247.93673198035594","246.6502636204885"
"272.74549054047105","248.65729349742202"
"258.11423521942316","256.68541300515597"
"260.53838802962576","270.734622143976"
"285.69620822165126","289.8014059752725"
"296.0502766036181","297.829525483292"
"296.8660491502499","288.7978910369485"
"282.73669918461763","286.79086116001497"
"293.3840903716968","288.7978910369485"
"290.53079725563947","288.7978910369485"
"286.41414415369843","286.79086116001497"
"290.77616961584874","289.8014059752725"
"308.20845083884814","299.8365553602255"
"317.66769831088595","304.854130052702"
"310.7635486922887","299.8365553602255"
"305.60388694981475","288.7978910369485"
"281.2752438867203","282.7768014058625"
"276.60338578599806","273.745166959519"
"273.7570617319366","266.72056239010897"
"260.5934973138183","258.692442882375"
"243.4038981530149","251.667838312965"
"256.6066004663919","250.6643233743555"
"238.4767729960961","246.6502636204885"
"247.28450233172208","246.6502636204885"
"252.09874211841083","246.6502636204885"
"254.56756365642678","248.65729349742202"
"260.62426735191116","257.6889279437655"
"259.0852570133855","274.7486818981285"
"282.54563334721735","285.7873462214055"
"289.30611089342324","288.7978910369485"
"286.58527032354374","282.7768014058625"
"280.35474503507527","280.769771528929"
"286.6047417094836","279.766256590605"
"279.7017886689111","280.769771528929"
"277.1881159937159","281.77328646753847"
"284.32421659022174","280.769771528929"
"292.11303843779","281.77328646753847"
"295.00757497474603","283.780316344472"
"294.4689284047151","281.77328646753847"
"272.99247237771294","276.75571177506197"
"271.6644046508731","270.734622143976"
"264.73720236001867","260.6994727593085"
"259.99782265412347","253.6748681898985"
"246.21131117155346","247.65377855881252"
"235.59130796124623","238.62214411246902"
"236.8816527152856","238.62214411246902"
"232.33597705874453","234.608084358602"
"229.47778565870286","230.5940246044495"
"230.72653930126637","232.60105448166848"
"228.97292603878327","233.60456941999252"
"236.3649481624323","237.61862917385952"
"238.69228406828853","243.6397188049455"
"257.351397977373","250.6643233743555"
"257.1991952353014","253.6748681898985"
"258.4720738901459","250.6643233743555"
"256.7434072623257","248.65729349742202"
"259.3124121285958","247.65377855881252"
"251.43026405377475","246.6502636204885"
"245.34620613685246","244.6432337432695"
"248.2872372600413","244.6432337432695"
"253.72492864818878","245.646748681879"
"252.5530930402507","248.65729349742202"
"263.3529177099241","249.660808435746"
"246.75944587105766","246.6502636204885"
"252.10105766069051","239.6256590510785"
"240.18244323663242","234.608084358602"
"235.32100374519405","234.608084358602"
"227.7577542833793","229.5905096661255"
"220.6577171757448","218.55184534284848"
"217.89066453356665","180.4182776802555"
"143.89930055498482","141.28119507905302"
"120.59906181797328","126.22847100162349"
"114.94051043710479","95.119507908726"
"104.71659312018338","95.119507908726"
"120.0256058023626","90.1019332162495"
"143.43509723200054","104.15114235506948"
"158.1379266548932","166.3690685414355"
"194.32726479809315","205.5061511423525"
"227.62840992045676","230.5940246044495"
"241.39149368951658","236.6151142355355"
"236.80373955043845","237.61862917385952"
"244.26394606271566","236.6151142355355"
"237.80187784603203","234.608084358602"
"234.3812673537837","234.608084358602"
"238.5244098266033","234.608084358602"
"246.5715248353741","244.6432337432695"
"261.958940322609","244.6432337432695"
"241.40343440055543","237.61862917385952"
"225.01412629762984","230.5940246044495"
"231.26482484057192","227.58347978919198"
"226.11512015343203","223.5694200350395"
"217.67556852029847","221.56239015810598"
"210.1353600587579","205.5061511423525"
"176.66157909018435","145.29525483292"
"104.82340330949913","97.12653778565948"
"116.34075862203218","93.11247803150701"
"124.2908533829131","101.14059753952651"
"122.82848913648499","125.22495606329949"
"157.1315390676586","169.37961335669303"
"182.54458474638693","194.4674868190755"
"187.54617380413305","184.4323374341225"
"161.8002698710275","165.365553602826"
"148.7034029816213","145.29525483292"
"140.68142962557783","154.326889279549"
"183.00693229361826","172.390158172236"
"200.87508119389346","216.5448154656295"
"202.52383723104202","212.5307557117625"
"199.46600420466845","192.460456942142"
"182.751141748676","166.3690685414355"
"158.1565047692508","159.34446397174"
"140.77447938549","125.22495606329949"
"169.91479555120736","88.09490333931598"
"110.85958325793791","92.10896309318298"
"113.32726437774531","144.291739894596"
"161.56966102254134","162.35500878728303"
"194.9506037381703","173.3936731108455"
"150.5308560688643","168.376098418369"
"161.7039026597894","170.3831282953025"
"168.9926131301112","178.4112478030365"
"188.44782601356366","204.502636203743"
"240.71521910953885","219.5553602811725"
"215.15431013916805","216.5448154656295"
"209.3482959747698","204.502636203743"
"196.94017077584815","177.4077328647125"
"165.89553022559338","159.34446397174"
"138.15175818941808","151.316344464006"
"121.06274401921223","129.23901581716652"
"118.6079751459647","94.11599297011651"
"135.24331747880376","126.22847100162349"
"103.18930669721783","94.11599297011651"
"89.99112987203188","82.07381370822998"
"88.22442906937431","86.08787346209704"
"92.71354199598716","115.18980667834651"
"124.90420387743742","151.316344464006"
"177.26524357352292","193.463971880466"
"197.46743932250493","211.527240773153"
"213.88674265462024","220.558875219782"
"213.94563033308123","229.5905096661255"
"246.68677001191327","232.60105448166848"
"230.66742029238947","233.60456941999252"
"239.36683166023704","234.608084358602"
"233.25167425496113","236.6151142355355"
"236.0322728117286","239.6256590510785"
"223.41695173221174","248.65729349742202"
"260.3147037386291","253.6748681898985"
"280.35708553085135","252.67135325128902"
"252.84022889706313","249.660808435746"
"237.60359519889423","244.6432337432695"
"240.20988991376288","238.62214411246902"
"245.3413730773492","236.6151142355355"
"215.1440654850368","229.5905096661255"
"213.6811725371429","209.5202108962195"
"213.63574838581306","221.56239015810598"
"218.32005899681437","212.5307557117625"
"205.81919474496954","205.5061511423525"
"211.12171631502162","204.502636203743"
"214.57263387335058","214.537785588696"
"225.79380226266403","222.56590509671548"
"233.39759632167733","231.59753954305899"
"245.30128910471953","237.61862917385952"
"236.07372538446427","243.6397188049455"
"240.38614828689106","244.6432337432695"
"251.5226506944096","244.6432337432695"
"253.21027256569678","243.6397188049455"
"249.87664447200433","238.62214411246902"
"234.45300283507112","235.611599296926"
"234.64421637780487","237.61862917385952"
"238.31131713186102","241.632688928012"
"232.27564255531877","243.6397188049455"
"261.1016191965007","242.63620386633602"
"234.39893970213046","238.62214411246902"
"231.05990918173362","231.59753954305899"
"225.2971460204597","220.558875219782"
"215.31256890434656","209.5202108962195"
"201.18216035076276","185.4358523724465"
"163.65340195386696","161.351493848959"
"175.85526828549843","160.3479789103495"
"128.1204538876799","116.19332161695601"
"102.0678501584762","97.12653778565948"
"95.50822894817995","90.1019332162495"
"88.79014738179842","92.10896309318298"
"122.40583968803432","134.25659050964302"
"141.0969527331925","167.3725834797595"
"205.3215322533852","207.513181019286"
"225.4832926433835","220.558875219782"
"236.22105209075914","225.5764499122585"
"253.8849535861008","227.58347978919198"
"236.86484895627484","227.58347978919198"
"229.93888394870194","225.5764499122585"
"228.06122334084824","223.5694200350395"
"221.0704906737219","224.572934973649"
"227.58837299690234","231.59753954305899"
"226.95060917105235","235.611599296926"
"240.85677926999847","237.61862917385952"
"231.75930547373852","235.611599296926"
"231.0276427193475","230.5940246044495"
"221.73820275992665","226.5799648505825"
"225.34120359811425","222.56590509671548"
"216.76920292163962","211.527240773153"
"207.3645232128865","184.4323374341225"
"171.64556222877383","154.326889279549"
"120.2764471956799","148.30579964846302"
"150.4592002219629","146.2987697715295"
"155.97573365938948","147.302284710139"
"165.49002868766257","148.30579964846302"
"163.2456766118952","188.4463971879895"
"210.95132527811836","228.58699472751601"
"244.16540816637428","237.61862917385952"
"236.58036711920698","242.63620386633602"
"240.2825713898088","244.6432337432695"
"245.45292224894996","248.65729349742202"
"252.73461314160397","247.65377855881252"
"254.61606532504953","246.6502636204885"
"247.25534546704677","244.6432337432695"
"246.25229836750776","245.646748681879"
"252.95959732665233","254.6783831282225"
"268.3737931986352","260.6994727593085"
"283.7952796306378","264.7135325131755"
"257.89832530092957","260.6994727593085"
"250.9698256000861","254.6783831282225"
"244.15215682664854","246.6502636204885"
"239.77006007672082","243.6397188049455"
"236.4336113942403","241.632688928012"
"240.51203702941132","234.608084358602"
"227.18653848765103","246.6502636204885"
"236.7439620120481","228.58699472751601"
"219.43759230116245","209.5202108962195"
"201.97547497357124","201.4920913884855"
"205.0489119652782","204.502636203743"
"213.59084245109852","212.5307557117625"
"230.355322170362","212.5307557117625"
"242.2282923086607","229.5905096661255"
"246.33764897600952","245.646748681879"
"260.1962031364693","249.660808435746"
"251.74282900204946","254.6783831282225"
"265.2659778265497","255.681898066832"
"251.49028548231314","256.68541300515597"
"255.67032621874284","256.68541300515597"
"252.69890737823567","258.692442882375"
"264.65832840234515","278.7627416519955"
"305.4372102334182","332.9525483303991"
"372.55891268102454","333.9560632688944"
"337.63288739255654","283.780316344472"
"260.9659587934759","256.68541300515597"
"240.32459608044888","247.65377855881252"
"235.95774532081597","244.6432337432695"
"239.0165463394705","240.6291739894025"
"231.64472054513467","186.439367311056"
"151.62375512137694","175.40070298777897"
"161.24074378460185","215.54130052730548"
"210.546432117438","211.527240773153"
"219.9108011467522","205.5061511423525"
"206.46173795092977","205.5061511423525"
"216.0752232995359","192.460456942142"
"231.0945394558863","192.460456942142"
"214.8698949336669","180.4182776802555"
"211.46537878701977","180.4182776802555"
"184.5749285055668","198.4815465729425"
"222.29842472017722","215.54130052730548"
"213.46527239976382","217.548330404239"
"205.47054585141706","215.54130052730548"
"203.65820761353064","216.5448154656295"
"213.07997653051157","222.56590509671548"
"222.20585528333604","230.5940246044495"
"235.68268205814138","244.6432337432695"
"256.1723493115928","250.6643233743555"
"245.2857383472043","245.646748681879"
"232.89696472180458","229.5905096661255"
"213.8501213423038","217.548330404239"
"201.31232028653193","208.51669595789548"
"176.76619295745604","182.42530755718897"
"190.40321342635403","218.55184534284848"
"208.9402498488478","212.5307557117625"
"201.18856075402158","205.5061511423525"
"197.75258128376854","206.509666080962"
"216.3032786072935","214.537785588696"
"221.88873836734103","211.527240773153"
"245.54590359421275","207.513181019286"
"244.40744338834088","284.7838312830815"
"283.5759329063152","285.7873462214055"
"277.04372859612363","281.77328646753847"
"277.9664659793794","288.7978910369485"
"284.3455507464259","300.84007029883503"
"297.4191658187441","260.6994727593085"
"259.09790413107146","263.710017574566"
"263.592790055568","268.7275922670425"
"276.297141339369","278.7627416519955"
"304.8725918044608","279.766256590605"
"289.00578900222587","281.77328646753847"
"271.7035780929241","265.717047451785"
"259.11168012189466","259.695957820699"
"247.5915352086023","252.67135325128902"
"250.62935354462155","247.65377855881252"
"232.05234683612946","237.61862917385952"
"213.56999909335067","218.55184534284848"
"228.367606337996","215.54130052730548"
"190.45751736800744","189.44991212659897"
"165.22584626275903","161.351493848959"
"142.3633571804658","146.2987697715295"
"166.90701011967963","141.28119507905302"
"190.64156231904144","180.4182776802555"
"226.23061450648646","246.6502636204885"
"277.82050991582213","274.7486818981285"
"278.68726703087293","249.660808435746"
"256.4615621713177","248.65729349742202"
"255.37251087478177","248.65729349742202"
"255.67175269722438","247.65377855881252"
"241.9806369770344","247.65377855881252"
"242.78785395727675","248.65729349742202"
"249.84626391325315","248.65729349742202"
"254.66951072439537","250.6643233743555"
"250.07547059366016","251.667838312965"
"252.46501127468298","250.6643233743555"
"256.3527641205087","249.660808435746"
"239.56778276361138","245.646748681879"
"234.2063789880154","250.6643233743555"
"243.64165524208124","214.537785588696"
"208.943439581914","214.537785588696"
"174.16392862636403","118.20035149388949"
"109.13766515821379","73.04217926188653"
"110.96981916981451","81.070298769906"
"136.69545799551062","153.3233743409395"
"214.0012195832272","294.818980667749"
"278.92694074617043","244.6432337432695"
"247.72803428155123","243.6397188049455"
"252.4299781813006","246.6502636204885"
"256.12896051850777","246.6502636204885"
"243.6108592430723","245.646748681879"
"243.87131217436485","245.646748681879"
"248.61421809688778","247.65377855881252"
"249.1490969034","248.65729349742202"
"247.77362849684874","251.667838312965"
"242.4240966818432","251.667838312965"
"260.63915471261237","250.6643233743555"
"240.02484341136278","246.6502636204885"
"233.34571968244023","241.632688928012"
"232.87191008490274","233.60456941999252"
"228.76044400109538","226.5799648505825"
"204.16351128017786","201.4920913884855"
"196.44771416302186","125.22495606329949"
"210.40480009345424","264.7135325131755"
"266.4683258494689","260.6994727593085"
"253.73172475858505","261.7029876976325"
"280.0543716032472","264.7135325131755"
"250.14318063050172","264.7135325131755"
"258.57910853430883","260.6994727593085"
"251.25872289784178","258.692442882375"
"250.07494731338107","261.7029876976325"
"273.5089172291814","268.7275922670425"
"272.4866673290765","278.7627416519955"
"273.550240145703","284.7838312830815"
"288.06934081507353","259.695957820699"
"251.61163869731973","251.667838312965"
"241.3895393449053","245.646748681879"
"236.67386148113178","231.59753954305899"
"222.42705483795913","219.5553602811725"
"186.20186709675372","140.277680140729"
"176.18043629188818","213.534270650372"
"182.24899121768675","155.33040421787302"
"135.39617898652915","118.20035149388949"
"109.49218875022012","121.21089630943251"
"110.31775525085914","153.3233743409395"
"168.1112707264479","159.34446397174"
"179.3580533228871","173.3936731108455"
"238.0115716887049","270.734622143976"
"277.75919784294706","289.8014059752725"
"291.6466097282701","287.794376098339"
"294.88867147691127","290.80492091388203"
"318.3492860874378","331.9490333919038"
"331.9657913876939","300.84007029883503"
"284.8193285928875","274.7486818981285"
"267.2653592614767","259.695957820699"
"271.9554211433279","263.710017574566"
"279.4322575920281","327.93497363795115"
"351.87316004901624","390.1528998242315"
"361.017285265183","364.06151142355355"
"323.01648740194037","331.9490333919038"
"303.7740377589533","254.6783831282225"
"241.03666517485914","248.65729349742202"
"240.49974965061602","240.6291739894025"
"231.5560377628924","232.60105448166848"
"220.82087082443599","244.6432337432695"
"239.13634887176957","227.58347978919198"
"223.10246165288987","209.5202108962195"
"202.8937642113303","148.30579964846302"
"137.33870882071915","132.2495606327095"
"136.29705548814496","111.17574692447948"
"164.2558044571058","204.502636203743"
"242.33393506198053","198.4815465729425"
"227.9253718815943","259.695957820699"
"261.7106542481512","247.65377855881252"
"243.15202569535927","249.660808435746"
"261.96838071545756","248.65729349742202"
"243.88837707406148","246.6502636204885"
"242.60909451416137","242.63620386633602"
"242.63176353455015","245.646748681879"
"239.46784833155556","246.6502636204885"
"264.04939263364804","253.6748681898985"
"227.3217365455088","273.745166959519"
"260.1258262972676","264.7135325131755"
"259.19202505617557","254.6783831282225"
"245.55537827230495","252.67135325128902"
"247.6788520057714","234.608084358602"
"228.21283894286802","233.60456941999252"
"211.82753148071066","216.5448154656295"
"209.8784965578616","201.4920913884855"
"183.2075956633232","73.04217926188653"
"114.71715015895478","193.463971880466"
"207.5750878454158","209.5202108962195"
"205.94613822569033","212.5307557117625"
"236.44714969526052","219.5553602811725"
"211.84627261911012","197.478031634333"
"214.89185082748298","250.6643233743555"
"260.06164068291287","282.7768014058625"
"287.9198617529994","260.6994727593085"
"262.80031142537376","259.695957820699"
"250.37382488708914","246.6502636204885"
"245.10598342376363","246.6502636204885"
"269.7869412815559","277.7592267136715"
"307.45147309145267","341.9841827767997"
"350.081837298702","404.2021089630515"
"360.0116178554221","409.219683655528"
"343.72280606975426","345.9982425307552"
"305.9292551783593","296.8260105446825"
"293.77273841342657","279.766256590605"
"263.3522074632816","252.67135325128902"
"264.583381759736","259.695957820699"
"249.07565899839165","247.65377855881252"
"243.53502537334822","242.63620386633602"
"230.37826216587848","240.6291739894025"
"239.96090019501696","241.632688928012"
"255.05697312516645","268.7275922670425"
"301.37268378768124","319.9068541300459"
"415.0061984317534","439.32513181010154"
"444.38541486320395","479.46572934962796"
"434.6158929861896","436.31458699484403"
"435.4642119436361","419.254833040481"
"429.3073029185853","416.24428822493803"
"424.2130251845022","414.2372583480045"
"398.0480004830257","407.2126537785945"
"386.2734985706619","389.149384885622"
"387.3862698385197","377.107205624021"
"420.3162066971804","385.135325131755"
"438.62625761360636","424.2724077329575"
"428.4783907235669","455.3813708261405"
"383.9622462881397","390.1528998242315"
"335.2283686780795","299.8365553602255"
"276.76729944193346","268.7275922670425"
"257.30180024016033","249.660808435746"
"236.9198583235045","241.632688928012"
"235.33360200816193","235.611599296926"
"223.7244931040607","230.5940246044495"
"227.30344829182923","227.58347978919198"
"217.5460301130968","208.51669595789548"
"206.79314543656164","226.5799648505825"
"252.96544689256447","250.6643233743555"
"275.81000870644596","295.82249560635853"
"346.72847512070393","357.0369068541435"
"366.3844770169824","394.1669595780985"
"371.2829078507574","381.121265377888"
"373.31399432166427","379.1142355009545"
"369.7089755028914","394.1669595780985"
"408.16532068689895","388.145869947298"
"390.2197568446126","394.1669595780985"
"386.7671483744565","387.14235500868847"
"373.69206422161614","386.1388400703645"
"410.6998954259366","409.219683655528"
"453.5074956047895","455.3813708261405"
"441.3386140983931","454.377855887531"
"368.10519383957006","303.850615114378"
"280.93144215086295","266.72056239010897"
"256.3457548252989","258.692442882375"
"249.08470865429337","245.646748681879"
"235.61224850735195","237.61862917385952"
"230.09899537497162","228.58699472751601"
"210.90441573060664","227.58347978919198"
"225.65727774022548","225.5764499122585"
"229.90855724579797","218.55184534284848"
"211.72215546125798","223.5694200350395"
"245.15330716189914","242.63620386633602"
"271.7943952256711","253.6748681898985"
"310.3145026730061","278.7627416519955"
"299.35181727821345","309.8717047451785"
"314.7023228109985","294.818980667749"
"295.11756338752474","282.7768014058625"
"291.45035388077025","291.80843585249147"
"292.12084886455136","296.8260105446825"
"299.2199979923399","299.8365553602255"
"304.304141884724","299.8365553602255"
"327.4612525828558","315.892794375979"
"321.81724489558144","339.9771528998377"
"367.49731587888374","351.0158172232003"
"324.07659958109633","306.8611599296355"
"285.94780324006416","280.769771528929"
"266.1446859397066","262.706502636242"
"251.34234501787617","253.6748681898985"
"249.7329689717841","243.6397188049455"
"221.7779405010844","233.60456941999252"
"225.0390857066075","232.60105448166848"
"218.8244951255208","227.58347978919198"
"222.7964297297873","219.5553602811725"
"216.6323430722918","214.537785588696"
"215.6748046621422","216.5448154656295"
"237.59498426403024","237.61862917385952"
"265.92032813502374","249.660808435746"
"262.41505980179085","256.68541300515597"
"265.5949186148778","262.706502636242"
"266.6121723696434","256.68541300515597"
"267.85601900109236","256.68541300515597"
"254.0402481119059","255.681898066832"
"255.95597389755278","255.681898066832"
"259.0596227546359","256.68541300515597"
"262.67314150667477","256.68541300515597"
"255.84183089974664","255.681898066832"
"260.908474923233","257.6889279437655"
"269.8510358112176","265.717047451785"
"272.1616762980692","262.706502636242"
"246.23372361635228","256.68541300515597"
"236.3727218933391","253.6748681898985"
"240.21058605700972","250.6643233743555"
"246.80283486421553","245.646748681879"
"222.2195240684577","232.60105448166848"
"223.19866657630953","181.4217926185795"
"154.99542693922493","137.267135325186"
"133.71311690951592","121.21089630943251"
"128.03904735236108","121.21089630943251"
"116.85155554598788","136.26362038657652"
"160.81588613112558","191.4569420035325"
"220.29731281193614","249.660808435746"
"284.7313169156772","278.7627416519955"
"277.8869129499311","282.7768014058625"
"276.2692775357151","265.717047451785"
"272.08169047588365","255.681898066832"
"254.8998066740197","252.67135325128902"
"255.29868498495028","251.667838312965"
"252.71320251444746","250.6643233743555"
"255.01694291062938","249.660808435746"
"236.371369315695","249.660808435746"
"246.82743116420477","251.667838312965"
"253.91738397280926","263.710017574566"
"261.6920662228749","259.695957820699"
"249.08498548149208","250.6643233743555"
"244.82190262521493","245.646748681879"
"242.0192141317368","244.6432337432695"
"241.76490283533332","237.61862917385952"
"222.75199757733412","222.56590509671548"
"216.95627741225283","223.5694200350395"
"209.26542949739041","212.5307557117625"
"203.07417852721406","207.513181019286"
"198.53573207660534","215.54130052730548"
"220.30783657904135","218.55184534284848"
"219.79580577811225","228.58699472751601"
"226.12696233890568","231.59753954305899"
"256.035280191572","238.62214411246902"
"246.61468012806353","243.6397188049455"
"251.90891295737345","247.65377855881252"
"246.71627441611923","257.6889279437655"
"264.70742476004455","262.706502636242"
"260.76853203756315","262.706502636242"
"252.96385284894183","251.667838312965"
"245.32276411632768","251.667838312965"
"268.0305613892393","261.7029876976325"
"281.7881199154941","286.79086116001497"
"321.5597149151801","307.864674868245"
"305.61114937136654","291.80843585249147"
"283.96852552349753","268.7275922670425"
"258.3212980841283","258.692442882375"
"247.86302422990678","254.6783831282225"
"247.88941443928485","253.6748681898985"
"249.93555750690652","250.6643233743555"
"249.1325841694173","253.6748681898985"
"243.38662785474932","250.6643233743555"
"253.00795914989132","249.660808435746"
"246.53428888226142","248.65729349742202"
"246.7347644042443","242.63620386633602"
"245.2494319117589","248.65729349742202"
"262.42679743803586","245.646748681879"
"253.27775047787324","251.667838312965"
"240.75409185302613","253.6748681898985"
"239.10803749928226","259.695957820699"
"272.34490159569475","268.7275922670425"
"273.3526113102208","271.7381370825855"
"277.03997885685277","271.7381370825855"
"270.59606275582985","267.7240773287185"
"268.27877332549855","272.741652021195"
"284.9335722430749","284.7838312830815"
"304.00141861172466","293.815465729425"
"322.449600109777","347.0017574692448"
"345.6724131542206","342.987697715295"
"312.71977558661774","299.8365553602255"
"292.01342830043893","291.80843585249147"
"287.7916184906621","292.8119507908155"
"271.5792001451739","265.717047451785"
"255.91766377370163","255.681898066832"
"254.1438506008924","252.67135325128902"
"250.02458189750885","249.660808435746"
"247.65203153166863","247.65377855881252"
"249.9902594634949","249.660808435746"
"249.69431702157772","248.65729349742202"
"265.770948115653","267.7240773287185"
"301.115008248807","313.8857644990455"
"414.0315290765937","431.2970123023675"
"441.1133829685819","452.3708260105975"
"384.50531137491043","356.0333919156482"
"364.9290364129567","337.9701230228471"
"330.01241470678667","360.0474516696009"
"367.71991808074955","395.170474516708"
"383.8046889709727","386.1388400703645"
"371.18668763156614","365.06502636204885"
"362.6555305877938","371.0861159929635"
"392.05131969131907","390.1528998242315"
"466.7634622100612","447.353251318121"
"372.48081009085325","353.0228471001623"
"322.51873965418406","318.9033391915506"
"290.26135845674304","296.8260105446825"
"279.7869860235114","279.766256590605"
"269.905602612513","260.6994727593085"
"244.49031339469894","254.6783831282225"
"249.5465853355426","254.6783831282225"
"244.59785951888955","250.6643233743555"
"243.0947680393202","248.65729349742202"
"244.30516709154097","250.6643233743555"
"243.50011965210945","255.681898066832"
"264.9248247679242","297.829525483292"
"327.0887858595776","345.9982425307552"
"459.23087525914576","426.27943760989103"
"434.60280467955494","440.328646748711"
"390.02683753086785","394.1669595780985"
"397.1922681370084","366.0685413005156"
"376.79285668519174","371.0861159929635"
"386.94369154282833","388.145869947298"
"384.1891729673481","381.121265377888"
"380.0074364986922","371.0861159929635"
"396.39900917699026","373.0931458699541"
"408.23456816576044","398.181019332251"
"475.51171863946956","457.388400703074"
"412.16137433245757","434.307557117625"
"354.98079200558493","341.9841827767997"
"321.7941113199935","329.94200351494175"
"304.5786421609739","283.780316344472"
"275.9340793732518","268.7275922670425"
"260.26676344475794","254.6783831282225"
"254.8836805184763","252.67135325128902"
"243.21407873082842","249.660808435746"
"240.11562396016518","246.6502636204885"
"239.86410003840524","247.65377855881252"
"257.0071774613256","252.67135325128902"
"268.87737811049857","295.82249560635853"
"321.48394141757916","325.9279437609891"
"409.4037300555364","384.131810193431"
"387.0671393928349","388.145869947298"
"360.59827428705574","326.9314586994844"
"325.28885776330407","321.9138840070365"
"311.0301965131427","321.9138840070365"
"328.8887853903577","320.9103690685412"
"320.26091325726287","304.854130052702"
"305.0479480623226","307.864674868245"
"307.8414020322626","304.854130052702"
"321.8983430761553","316.8963093145885"
"349.88867898475473","324.9244288224938"
"295.729085737932","297.829525483292"
"279.6551540177545","276.75571177506197"
"267.1002967891757","262.706502636242"
"258.3811427793297","259.695957820699"
"251.42862920410852","253.6748681898985"
"234.53190590907002","244.6432337432695"
"238.98088689493937","235.611599296926"
"216.7736992670484","229.5905096661255"
"228.86046311629886","230.5940246044495"
"234.6326051018224","232.60105448166848"
"227.56171609087085","240.6291739894025"
"255.33928559184434","250.6643233743555"
"273.4229256700901","277.7592267136715"
"309.76220593792385","299.8365553602255"
"307.18726361106945","314.889279437655"
"304.82428196976645","297.829525483292"
"294.2721989187022","287.794376098339"
"288.2766972800687","299.8365553602255"
"297.60021732953203","305.85764499131153"
"298.8199078400152","299.8365553602255"
"295.2497611364312","289.8014059752725"
"297.0216096329119","291.80843585249147"
"300.23446090837604","313.8857644990455"
"329.0316136279037","330.94551845343705"
"315.09196468320135","303.850615114378"
"283.1861605383608","278.7627416519955"
"263.54776134402715","271.7381370825855"
"261.7724550831581","266.72056239010897"
"258.1346339716355","255.681898066832"
"237.26113004430005","250.6643233743555"
"247.36319433285013","235.611599296926"
"216.33902570573974","234.608084358602"
"218.2108489599876","224.572934973649"
"222.08120122005496","223.5694200350395"
"228.87427577210497","232.60105448166848"
"232.83686208032333","232.60105448166848"
"264.2581022623385","291.80843585249147"
"326.11561492863353","340.9806678383044"
"342.7296412682715","371.0861159929635"
"336.02078949815194","340.9806678383044"
"342.1476253288246","329.94200351494175"
"334.486469231281","335.9630931458565"
"346.13604391900213","333.9560632688944"
"328.817562018865","313.8857644990455"
"310.13997071244745","304.854130052702"
"317.9253998835704","318.9033391915506"
"332.70119050671826","334.9595782073897"
"367.4913761712033","373.0931458699541"
"349.2321809154609","333.9560632688944"
"301.11236247853003","291.80843585249147"
"288.9522746255834","270.734622143976"
"270.42336539653104","270.734622143976"
"267.3349414461995","261.7029876976325"
"248.68655704502885","255.681898066832"
"264.26775333279505","254.6783831282225"
"249.14307337704645","251.667838312965"
"240.24845978399696","249.660808435746"
"243.32414576663015","248.65729349742202"
"242.6918404580581","245.646748681879"
"257.8736296924226","245.646748681879"
"262.42168333412747","245.646748681879"
"273.70836132750367","251.667838312965"
"264.7758280260555","252.67135325128902"
"262.10551122057234","255.681898066832"
"263.0393664538369","256.68541300515597"
"264.27317003445137","256.68541300515597"
"251.65476788664427","254.6783831282225"
"249.2021215767994","250.6643233743555"
"252.43558333739702","247.65377855881252"
"259.6332728028709","246.6502636204885"
"251.6956766119025","255.681898066832"
"282.2924971302615","272.741652021195"
"276.188029165202","267.7240773287185"
"258.77791298172843","255.681898066832"
"248.8667510467468","251.667838312965"
"249.87551168163776","245.646748681879"
"241.75789621460922","242.63620386633602"
"221.97701152611228","227.58347978919198"
"222.38175916276182","220.558875219782"
"198.55240730850807","206.509666080962"
"204.55746950733482","197.478031634333"
"200.4046648627785","195.47100175739948"
"196.38310012888493","195.47100175739948"
"201.74748205162606","203.49912126541898"
"230.81694398067359","212.5307557117625"
"213.5220756881946","215.54130052730548"
"209.92504141612378","221.56239015810598"
"218.56525847259644","229.5905096661255"
"259.33227009921745","234.608084358602"
"239.25011725348676","236.6151142355355"
"235.8099800981092","236.6151142355355"
"242.9050228547821","234.608084358602"
"235.7167469085025","235.611599296926"
"248.28759147370505","240.6291739894025"
"228.15009540362416","222.56590509671548"
"271.10810706919443","296.8260105446825"
"299.064999298158","290.80492091388203"
"295.86191839733607","275.7521968364525"
"274.43230149785074","263.710017574566"
"266.8424157566333","255.681898066832"
"255.18339301594602","252.67135325128902"
"245.81657268842454","246.6502636204885"
"235.57750560271643","237.61862917385952"
"229.97240353429655","232.60105448166848"
"230.9832982429482","229.5905096661255"
"227.76699464583834","225.5764499122585"
"233.78527264364357","234.608084358602"
"234.89967381362663","234.608084358602"
"272.548402557352","305.85764499131153"
"396.22418318830387","387.14235500868847"
"392.0177909124538","409.219683655528"
"369.33694234665325","379.1142355009545"
"376.3325218962557","377.107205624021"
"373.4090148608554","383.1282952548215"
"381.305238269999","372.0896309314588"
"363.5271798436166","356.0333919156482"
"350.3763185907994","348.0052724077315"
"354.8373835884157","334.9595782073897"
"354.2013151241775","353.0228471001623"
"398.83525975639554","409.219683655528"
"444.23739234772614","448.3567662567305"
"400.1511442237024","386.1388400703645"
"341.909155094966","321.9138840070365"
"311.2486135914594","300.84007029883503"
"280.47425873559206","275.7521968364525"
"262.1714796567743","264.7135325131755"
"256.02033893600264","260.6994727593085"
"262.5541145706927","253.6748681898985"
"249.23761072190848","254.6783831282225"
"254.8251526973845","255.681898066832"
"253.18531270070574","260.6994727593085"
"281.9963031857489","277.7592267136715"
"308.09791664759234","311.878734622112"
"388.07961557987414","409.219683655528"
"417.60895236610486","408.2161687169185"
"409.0044900432801","416.24428822493803"
"419.75299863381326","403.1985940247275"
"397.8608157610338","401.19156414750853"
"416.45962859320053","393.1634446397745"
"385.3730541141557","389.149384885622"
"380.87257151675936","381.121265377888"
"380.3792351635029","379.1142355009545"
"429.6026399814407","410.2231985941375"
"467.2094983910569","480.4692442882375"
"502.9779134275998","498.5325131809245"
"451.95441478216736","409.219683655528"
"349.3010668893143","314.889279437655"
"310.033528471098","313.8857644990455"
"308.29567483880464","277.7592267136715"
"272.0742665642178","268.7275922670425"
"273.5938129409868","269.731107205652"
"264.2853595196316","264.7135325131755"
"264.3807222425641","263.710017574566"
"270.8049546004045","264.7135325131755"
"263.04816782254005","274.7486818981285"
"298.4125867122226","286.79086116001497"
"328.959580611765","320.9103690685412"
"428.1492317669915","431.2970123023675"
"448.18429278019323","431.2970123023675"
"431.47164151766424","409.219683655528"
"409.33849475185707","383.1282952548215"
"370.96378299132704","373.0931458699541"
"380.51004189767133","353.0228471001623"
"340.2932339340011","339.9771528998377"
"330.6951736649566","334.9595782073897"
"339.0214387014029","334.9595782073897"
"360.1737805830476","345.9982425307552"
"390.19082078580084","431.2970123023675"
"444.9110707842836","324.9244288224938"
"331.6959373805528","319.9068541300459"
"292.91664549060334","303.850615114378"
"289.8433388840608","278.7627416519955"
"271.18935112435184","268.7275922670425"
"256.96209350051964","257.6889279437655"
"249.04079937834126","261.7029876976325"
"254.0265138752165","259.695957820699"
"255.65955480946226","256.68541300515597"
"255.4271371970572","249.660808435746"
"252.5660773114231","251.667838312965"
"263.8865288607692","264.7135325131755"
"297.2040262099449","272.741652021195"
"331.5038223162328","274.7486818981285"
"317.0573068253786","325.9279437609891"
"336.0996561200582","327.93497363795115"
"331.5405057680927","322.9173989455318"
"306.19199275790214","290.80492091388203"
"291.35152340331354","279.766256590605"
"281.2698839877763","278.7627416519955"
"281.79549955090596","276.75571177506197"
"276.45723543196834","273.745166959519"
"279.1079330689848","274.7486818981285"
"294.292311809945","270.734622143976"
"277.0600997248308","276.75571177506197"
"260.5811366718506","270.734622143976"
"254.3016938455943","270.734622143976"
"259.0018774781346","264.7135325131755"
"260.29878958258286","258.692442882375"
"239.73884391324833","249.660808435746"
"235.64089631616014","246.6502636204885"
"237.02041324963312","244.6432337432695"
"233.00654668110138","243.6397188049455"
"238.94579174943487","245.646748681879"
"236.7920146215509","254.6783831282225"
"264.9666385179906","262.706502636242"
"282.4143154957295","276.75571177506197"
"342.7598784835034","386.1388400703645"
"414.0545216684426","416.24428822493803"
"412.6755745508465","438.3216168717775"
"431.40082234028273","409.219683655528"
"410.0431875028679","409.219683655528"
"412.40205528744633","422.265377856024"
"398.8157518208078","377.107205624021"
"352.29385153144307","355.0298769771529"
"343.7134119660768","336.9666080843518"
"358.7297703677983","341.9841827767997"
"403.9643940573267","442.3356766256445"
"463.6872576749748","483.4797891037805"
"355.3120293379168","375.100175746802"
"317.2042280672426","285.7873462214055"
"276.38593157773926","279.766256590605"
"273.4719111521889","272.741652021195"
"261.4029270190825","268.7275922670425"
"260.82809402086366","267.7240773287185"
"259.4678008376931","262.706502636242"
"261.01957869040365","261.7029876976325"
"266.7164934792355","262.706502636242"
"268.98566777345775","263.710017574566"
"266.9361784429092","266.72056239010897"
"273.76855302766774","270.734622143976"
"278.9469336529898","274.7486818981285"
"282.0913872616908","275.7521968364525"
"289.35350044861354","282.7768014058625"
"273.0178493697148","290.80492091388203"
"294.0296328556756","289.8014059752725"
"281.10414950733775","284.7838312830815"
"276.93221954495755","283.780316344472"
"282.4895561123722","282.7768014058625"
"293.6397151989293","287.794376098339"
"291.9457614294082","319.9068541300459"
"353.90660238689713","396.1739894553175"
"412.7740966670752","449.36028119505454"
"348.28323990930676","314.889279437655"
"283.1300385447089","285.7873462214055"
"282.33231340188775","281.77328646753847"
"275.1987645593576","278.7627416519955"
"269.6194937111939","274.7486818981285"
"271.0086689456908","272.741652021195"
"261.841784128324","268.7275922670425"
"264.7300286916471","265.717047451785"
"268.20853482420273","259.695957820699"
"253.3011309007042","248.65729349742202"
"265.0096976195061","247.65377855881252"
"261.2690110756854","250.6643233743555"
"260.6689405648354","260.6994727593085"
"265.03188327022747","266.72056239010897"
"267.7768017234995","273.745166959519"
"278.3278695105584","278.7627416519955"
"282.3774907000973","276.75571177506197"
"282.2544537489239","273.745166959519"
"273.8294640291356","271.7381370825855"
"273.70038268316546","271.7381370825855"
"281.7944545947724","272.741652021195"
"265.6449219782747","281.77328646753847"
"302.76658732791134","293.815465729425"
"288.5671963510398","288.7978910369485"
"280.2662456116","283.780316344472"
"269.7882860682877","275.7521968364525"
"267.78019030067605","271.7381370825855"
"266.99016519206407","266.72056239010897"
"253.92225703713325","260.6994727593085"
"252.54133649810245","259.695957820699"
"251.1699208774719","253.6748681898985"
"250.96382369848624","241.632688928012"
"243.79211393497454","237.61862917385952"
"237.51510792066318","243.6397188049455"
"260.45480939554983","238.62214411246902"
"271.0442609122626","291.80843585249147"
"369.3759963904293","371.0861159929635"
"368.63313818982107","421.2618629174145"
"378.4751006159472","395.170474516708"
"411.4093154573027","363.05799648505825"
"344.3204851113272","336.9666080843518"
"349.9726510790446","334.9595782073897"
"337.56443191826384","333.9560632688944"
"333.65376153129154","327.93497363795115"
"326.88145169233474","322.9173989455318"
"330.7029211539633","333.9560632688944"
"416.6793995027934","410.2231985941375"
"371.7245868333497","352.0193321616956"
"334.7839800753528","334.9595782073897"
"305.66654088974934","288.7978910369485"
"278.12053289980764","278.7627416519955"
"273.32937865799704","267.7240773287185"
"255.2856413954502","262.706502636242"
"260.4072869521847","270.734622143976"
"261.33997233634386","268.7275922670425"
"264.2011568281148","270.734622143976"
"271.5997844324877","272.741652021195"
"272.63861757416345","274.7486818981285"
"290.5528276696606","279.766256590605"
"314.5519279461081","326.9314586994844"
"420.3325425001308","409.219683655528"
"427.5706378473921","452.3708260105975"
"447.2212443646623","453.3743409489215"
"440.7808995271632","394.1669595780985"
"372.8950199663737","335.9630931458565"
"343.787694534561","332.9525483303991"
"333.8060719533369","332.9525483303991"
"332.45412697869733","326.9314586994844"
"328.69238982447547","326.9314586994844"
"337.4519358372875","335.9630931458565"
"391.33346268572086","434.307557117625"
"478.326418171727","527.634446397174"
"408.2844686320973","423.268892794348"
"353.2564571984101","371.0861159929635"
"335.6812103047936","326.9314586994844"
"316.01401542958473","296.8260105446825"
"284.7900961529016","282.7768014058625"
"280.39793726633235","291.80843585249147"
"284.86855377647987","287.794376098339"
"285.2506164651581","285.7873462214055"
"289.9399627890474","287.794376098339"
"295.3342869283905","296.8260105446825"
"309.58939620264283","322.9173989455318"
"358.73035458483815","334.9595782073897"
"408.702027162339","417.2478031635475"
"426.2132079701502","444.342706502578"
"460.4844683350659","455.3813708261405"
"451.65792770410076","463.4094903338745"
"454.9647233469726","441.332161687035"
"442.35285651009303","435.3110720562345"
"408.0631494370251","408.2161687169185"
"381.50406513699465","378.110720562345"
"387.7672216845202","366.0685413005156"
"372.37238726774484","364.06151142355355"
"442.3127794191947","424.2724077329575"
"501.5949129345445","587.8453427066065"
"436.32121346899703","423.268892794348"
"368.6439588517077","383.1282952548215"
"363.120858051713","357.0369068541435"
"343.3443237980149","339.9771528998377"
"316.2986275831338","310.87521968378803"
"317.23287588119797","311.878734622112"
"307.5666466200803","299.8365553602255"
"296.8889277214402","295.82249560635853"
"301.3168297404633","299.8365553602255"
"309.5981217314935","310.87521968378803"
"318.88672826117244","322.9173989455318"
"363.2118809273373","354.0263620386576"
"480.101653773423","584.8347978910635"
"550.8941957662722","543.6906854129275"
"508.7285366420453","543.6906854129275"
"518.5909230622387","542.6871704746035"
"516.7906481495675","483.4797891037805"
"444.58716620099335","439.32513181010154"
"412.10310383500786","417.2478031635475"
"429.20424872714915","423.268892794348"
"450.6243177792762","409.219683655528"
"516.7645384714361","557.7398945517475"
"462.0687172745484","492.511423550124"
"407.78536497219386","418.2513181018715"
"378.5207916178325","368.0755711775062"
"336.9333742299859","326.9314586994844"
"333.2018987127255","340.9806678383044"
"332.8105694264266","325.9279437609891"
"314.90573818732753","312.8822495607215"
"314.5746625623668","315.892794375979"
"317.47251762941136","318.9033391915506"
"312.31664701020605","318.9033391915506"
"363.9550877731907","386.1388400703645"
"420.5407427926425","594.8699472760165"
"575.7188595151573","630.9964850613906"
"580.3032714024746","503.550087873401"
"417.2042367084046","433.304042179301"
"383.404556583977","404.2021089630515"
"382.03375865967286","402.19507908611797"
"419.0214711640671","434.307557117625"
"462.38948616752714","559.746924428681"
"440.59720919301895","431.2970123023675"
"391.1242510021671","377.107205624021"
"357.20269505263764","394.1669595780985"
"355.2886421976578","328.93848857644645"
"382.61053337855475","377.107205624021"
"357.6829500815382","341.9841827767997"
"331.3982548778836","330.94551845343705"
"333.94120524406037","335.9630931458565"
"327.6042651323549","339.9771528998377"
"340.133190041732","327.93497363795115"
"362.9550734067993","316.8963093145885"
"351.2107536737047","328.93848857644645"
"333.229754990998","347.0017574692448"
"339.8351873709123","394.1669595780985"
"428.9577955596553","413.233743409395"
"416.41894838345513","381.121265377888"
"372.1510958771679","358.0404217926103"
"349.3556198234661","335.9630931458565"
"332.65865999538113","328.93848857644645"
"335.76857481823663","333.9560632688944"
"363.56580468334704","378.110720562345"
"484.3242939927314","508.5676625658775"
"494.3812639127192","499.53602811953397"
"393.10430491927025","386.1388400703645"
"357.48201920921446","356.0333919156482"
"341.8007112662446","352.0193321616956"
"324.7977703006524","322.9173989455318"
"321.99710546634776","328.93848857644645"
"325.99142562393484","318.9033391915506"
"312.12890006347254","306.8611599296355"
"310.54658096038116","305.85764499131153"
"312.94965933719976","306.8611599296355"
"312.3120770912684","301.843585237159"
"340.70017539426135","300.84007029883503"
"328.18139762359453","301.843585237159"
"302.610311862834","301.843585237159"
"301.96946420033726","320.9103690685412"
"327.09281222096604","317.899824253198"
"311.27537985201326","317.899824253198"
"322.142431171113","305.85764499131153"
"303.70349076362606","291.80843585249147"
"292.7406269607519","290.80492091388203"
"297.48097045214956","308.868189806569"
"325.33193943998555","321.9138840070365"
"395.2971215079422","386.1388400703645"
"438.0887549959359","438.3216168717775"
"444.3874636404609","393.1634446397745"
"342.79732674932","338.9736379613424"
"318.4140433779727","334.9595782073897"
"322.5002571362993","325.9279437609891"
"307.63283509742996","317.899824253198"
"309.02123421776605","305.85764499131153"
"302.1047667991394","303.850615114378"
"305.45438442867186","302.8471001757685"
"312.87604131134145","298.8330404219015"
"301.2535090587964","314.889279437655"
"322.1487115902966","317.899824253198"
"431.0880155448006","431.2970123023675"
"464.9243216650202","594.8699472760165"
"563.4426383344676","592.862917399083"
"555.3770203913728","549.7117750440135"
