"DataEntries: 8756, TestEntries: 5, Epochs: 200, UseTestData: true, LimitEntries: true, Firstlayer#: 16, SecondLayer: true, SecondLayer#: 23, Predict: true, Curvebehaviour: false, Stacksize: 6, useLastXDays: false, Max: 632.0, Min: 61.0, Curve behaviour: false, Historical: true, useAverage: false, priceStack24, Skewness: false, SkewStack: 12",", useNewMethod: false"
"Range: 6567 to 8756"
"Actual","Ideal"
"349.7849937200728","338.9736379613424"
"313.64995479866786","335.9630931458565"
"307.6649741429479","313.8857644990455"
"302.55072947838283","309.8717047451785"
"306.3744084184766","310.87521968378803"
"308.6925166560565","302.8471001757685"
"298.97774490763237","291.80843585249147"
"291.0376639206661","290.80492091388203"
"285.4328500365626","283.780316344472"
"278.3004450909806","280.769771528929"
"287.0863863630815","277.7592267136715"
"283.4207187981369","277.7592267136715"
"279.49092882938","275.7521968364525"
"291.1358965964907","282.7768014058625"
"265.4716334140454","286.79086116001497"
"294.6661872390377","293.815465729425"
"305.74644211735233","311.878734622112"
"318.63241760262775","316.8963093145885"
"301.88905030762777","316.8963093145885"
"317.29654779806333","320.9103690685412"
"317.12998322620484","311.878734622112"
"309.5290759359105","314.889279437655"
"308.58182017985416","315.892794375979"
"326.16351453323534","343.99121265377886"
"375.9112834964226","349.00878734622114"
"315.4683361366716","339.9771528998377"
"314.6477366252526","322.9173989455318"
"309.0398471112253","311.878734622112"
"314.2592882778594","312.8822495607215"
"310.31460810451324","307.864674868245"
"301.68489249673115","292.8119507908155"
"287.92379037089364","283.780316344472"
"277.53754024692455","275.7521968364525"
"273.8907644954238","262.706502636242"
"271.33303715712105","259.695957820699"
"276.58933075529126","276.75571177506197"
"286.8132184897635","290.80492091388203"
"329.71731720843917","364.06151142355355"
"419.71386879831914","432.3005272406915"
"387.79916214847486","383.1282952548215"
"357.14429919487037","357.0369068541435"
"357.25147120454506","357.0369068541435"
"347.7139296990926","371.0861159929635"
"385.12549990212153","422.265377856024"
"396.4735848173399","389.149384885622"
"385.07950188081423","380.1177504392785"
"400.1820846625709","409.219683655528"
"421.8827360371529","496.525483303991"
"515.8708627116358","513.585237258354"
"375.5541768149248","362.05448154656295"
"345.53680925030847","316.8963093145885"
"308.3528218178896","307.864674868245"
"312.56751104018736","302.8471001757685"
"291.7858723269228","300.84007029883503"
"296.5610908311776","289.8014059752725"
"290.8853660665987","289.8014059752725"
"285.54301386337505","285.7873462214055"
"281.5629159021637","287.794376098339"
"287.7221364966398","283.780316344472"
"290.83845772749595","288.7978910369485"
"294.0616787859655","305.85764499131153"
"326.57187761328095","338.9736379613424"
"387.98248404920713","409.219683655528"
"372.8248274916987","368.0755711775062"
"345.4334781470424","352.0193321616956"
"335.37107044556757","342.987697715295"
"336.9346297205064","353.0228471001623"
"360.1172117476084","360.0474516696009"
"363.0011875723742","353.0228471001623"
"354.3849253846172","347.0017574692448"
"368.02268125356477","365.06502636204885"
"412.8620672505011","429.289982425434"
"480.8952786044153","456.3848857644645"
"343.88979997566213","357.0369068541435"
"326.4704065104856","344.9947275922685"
"324.66251041862427","319.9068541300459"
"317.5785034147819","318.9033391915506"
"306.69715553449134","306.8611599296355"
"296.0484320673751","295.82249560635853"
"291.47603359628107","295.82249560635853"
"290.4409934937171","288.7978910369485"
"286.41799050382673","289.8014059752725"
"294.35191862210047","291.80843585249147"
"298.9656175237943","297.829525483292"
"299.9981316460566","311.878734622112"
"323.23307893579494","342.987697715295"
"371.90596692987435","373.0931458699541"
"352.43232083278554","379.1142355009545"
"346.60480906411516","365.06502636204885"
"340.743531332852","362.05448154656295"
"352.1537872829632","366.0685413005156"
"366.95323214598704","363.05799648505825"
"358.6286715100294","359.0439367311056"
"358.19935739070905","358.0404217926103"
"379.70594581730757","369.0790861160015"
"401.9788151614921","409.219683655528"
"462.87050881252947","484.4833040421045"
"360.87444107109127","360.0474516696009"
"330.48585863815237","336.9666080843518"
"321.9196609594798","318.9033391915506"
"320.4905679052513","322.9173989455318"
"308.39226540071706","319.9068541300459"
"301.7056501746381","300.84007029883503"
"296.0224433153073","304.854130052702"
"297.6961169340521","296.8260105446825"
"292.8286887085879","297.829525483292"
"294.5947105096701","299.8365553602255"
"301.026273922227","308.868189806569"
"307.8102552414749","320.9103690685412"
"345.2499819109708","344.9947275922685"
"392.3567752810095","410.2231985941375"
"376.9811571607876","334.9595782073897"
"338.01579730580823","323.9209138839985"
"322.72586726584905","319.9068541300459"
"319.3494070551157","330.94551845343705"
"344.6912291597143","368.0755711775062"
"362.3850248062811","345.9982425307552"
"346.4313328279224","350.012302284705"
"371.30083724474963","373.0931458699541"
"400.6354845788007","430.293497363758"
"484.2190171764016","508.5676625658775"
"391.3469318757251","382.12478031621197"
"345.6763560399521","324.9244288224938"
"312.19717804289235","317.899824253198"
"317.1373736875313","319.9068541300459"
"308.0415262181662","313.8857644990455"
"300.63968519859714","303.850615114378"
"298.5165296422017","305.85764499131153"
"297.96987199044185","296.8260105446825"
"294.8729569158816","295.82249560635853"
"294.3864032790656","297.829525483292"
"300.14421697311104","293.815465729425"
"303.0203983958873","307.864674868245"
"344.14418083045416","335.9630931458565"
"374.8639941350718","378.110720562345"
"359.17077454346855","336.9666080843518"
"333.58907053312373","332.9525483303991"
"320.7102405995098","328.93848857644645"
"318.03001250037426","336.9666080843518"
"332.3985217848184","334.9595782073897"
"319.0517142966725","329.94200351494175"
"326.63785949127293","327.93497363795115"
"337.19708911083467","329.94200351494175"
"361.50164831662124","364.06151142355355"
"381.1966090820067","385.135325131755"
"352.32808166348946","344.9947275922685"
"319.33452546341164","321.9138840070365"
"304.2810525617139","319.9068541300459"
"311.70526929509316","317.899824253198"
"303.9988730222472","312.8822495607215"
"297.0331427362117","303.850615114378"
"298.0232161228565","304.854130052702"
"295.0628599754573","293.815465729425"
"291.5578567123568","280.769771528929"
"280.8887909877798","277.7592267136715"
"284.2803906374444","281.77328646753847"
"293.3252114361052","288.7978910369485"
"302.674925272919","298.8330404219015"
"306.4411680316206","311.878734622112"
"310.5603695137592","317.899824253198"
"316.2422549184058","318.9033391915506"
"314.6458374160798","318.9033391915506"
"316.8991306565598","318.9033391915506"
"313.04349133432515","312.8822495607215"
"307.62270170570673","311.878734622112"
"316.2648410493293","313.8857644990455"
"318.91905776628573","318.9033391915506"
"338.23057380469675","330.94551845343705"
"331.3384287344035","334.9595782073897"
"314.501763936559","328.93848857644645"
"314.0234762610957","319.9068541300459"
"308.872439272431","316.8963093145885"
"316.61070979492064","320.9103690685412"
"316.1980907804563","321.9138840070365"
"312.61884848768284","313.8857644990455"
"312.2832298516299","318.9033391915506"
"312.9912573511901","307.864674868245"
"299.22604340152964","292.8119507908155"
"302.16504947227406","291.80843585249147"
"294.8339247213937","293.815465729425"
"294.94183993999127","293.815465729425"
"310.1160135767195","288.7978910369485"
"288.5448257357779","290.80492091388203"
"302.7282535492736","298.8330404219015"
"312.7966980456724","319.9068541300459"
"325.1171984182143","327.93497363795115"
"328.84058123023243","325.9279437609891"
"330.45308848462633","323.9209138839985"
"321.44172377428873","320.9103690685412"
"323.5799647266912","318.9033391915506"
"324.06445264793547","322.9173989455318"
"339.47951057332114","345.9982425307552"
"344.783233460641","350.012302284705"
"332.4947343277954","341.9841827767997"
"321.4572124958057","332.9525483303991"
"317.6378457524034","326.9314586994844"
"325.4933892644243","329.94200351494175"
"325.22768055965633","321.9138840070365"
"314.8616093915949","307.864674868245"
"309.4806401206417","309.8717047451785"
"306.2859274959102","300.84007029883503"
"294.8101499217684","289.8014059752725"
"291.7145955988069","289.8014059752725"
"296.9191017327725","296.8260105446825"
"311.4343458772777","318.9033391915506"
"351.52592301034963","344.9947275922685"
"363.6508151609072","366.0685413005156"
"343.82541925499373","333.9560632688944"
"331.4776672836475","325.9279437609891"
"326.3956988615669","326.9314586994844"
"346.44774854902664","333.9560632688944"
"362.6494504505794","341.9841827767997"
"339.0576856954744","345.9982425307552"
"350.8138736244928","350.012302284705"
"370.1678597703646","347.0017574692448"
"386.76276443023835","352.0193321616956"
"338.5642042604621","348.0052724077315"
"321.90329503000856","331.9490333919038"
"319.94023872041856","318.9033391915506"
"309.20023028660904","314.889279437655"
"317.4302114611064","329.94200351494175"
"323.02424344166275","324.9244288224938"
"312.98270797677594","314.889279437655"
"312.5428999748292","315.892794375979"
"308.99575034651764","313.8857644990455"
"307.37707645065666","312.8822495607215"
"305.2582329858308","308.868189806569"
"312.22919953952396","312.8822495607215"
"317.98938137837035","326.9314586994844"
"342.5400504520904","368.0755711775062"
"401.8829259626766","410.2231985941375"
"380.03841083088867","329.94200351494175"
"328.56286331315613","324.9244288224938"
"324.9243182011447","324.9244288224938"
"326.74859779698295","327.93497363795115"
"334.05638687855776","374.0966608084494"
"352.78652130204586","376.1036906854115"
"361.8998411971282","363.05799648505825"
"374.73943241182565","385.135325131755"
"426.7610216742031","439.32513181010154"
"469.5554240453265","465.416520210808"
"362.9672523442978","379.1142355009545"
"337.304426808846","344.9947275922685"
"322.6752216417185","333.9560632688944"
"330.5897704151308","337.9701230228471"
"326.94821440724644","327.93497363795115"
"311.459457168579","316.8963093145885"
"313.62799503783293","316.8963093145885"
"308.95199233623833","311.878734622112"
"309.33881153232267","310.87521968378803"
"306.97018883573367","303.850615114378"
"307.6478097861905","308.868189806569"
"317.86473760683225","329.94200351494175"
"358.99973697620186","360.0474516696009"
"389.2228013795559","379.1142355009545"
"339.95559893953305","364.06151142355355"
"349.27626563072414","344.9947275922685"
"333.87050017699073","343.99121265377886"
"332.2533577631112","340.9806678383044"
"334.696854891635","342.987697715295"
"327.4984709639384","339.9771528998377"
"337.63471133469636","338.9736379613424"
"353.05944942201546","351.0158172232003"
"392.9401965853508","377.107205624021"
"412.2304360568504","409.219683655528"
"340.8802237509532","343.99121265377886"
"321.70869335472725","338.9736379613424"
"317.61078077396286","323.9209138839985"
"324.6950464437754","329.94200351494175"
"325.90267460919495","326.9314586994844"
"310.20180812194565","317.899824253198"
"314.79893051926956","317.899824253198"
"310.08886317785704","315.892794375979"
"312.86254312356124","315.892794375979"
"312.9089644100872","314.889279437655"
"318.8235006583282","319.9068541300459"
"330.90903965725954","326.9314586994844"
"359.01582735801094","365.06502636204885"
"382.7479971219536","352.0193321616956"
"343.4100914733019","352.0193321616956"
"343.400683967013","343.99121265377886"
"338.3704656773558","342.987697715295"
"348.3132661956497","343.99121265377886"
"354.0178130925961","348.0052724077315"
"346.02884765919435","347.0017574692448"
"350.07634087534973","353.0228471001623"
"376.49071971519123","408.2161687169185"
"473.77838293034193","438.3216168717775"
"496.2451755064634","520.6098418277641"
"417.34661782237634","456.3848857644645"
"390.98504768938545","409.219683655528"
"367.23982004560736","340.9806678383044"
"340.7321923229165","339.9771528998377"
"332.9471690297992","331.9490333919038"
"313.49969786481574","325.9279437609891"
"320.96638440609934","319.9068541300459"
"309.08380601847097","315.892794375979"
"312.67737241534127","311.878734622112"
"304.8271143183897","307.864674868245"
"308.13843329195333","305.85764499131153"
"316.13990042704927","323.9209138839985"
"363.9125197755997","373.0931458699541"
"417.09956673926155","433.304042179301"
"388.41665223449263","409.219683655528"
"367.2093900677934","355.0298769771529"
"338.09920155158557","354.0263620386576"
"345.1413112470119","355.0298769771529"
"355.2242142399505","345.9982425307552"
"337.9722492724181","336.9666080843518"
"336.91200692787123","332.9525483303991"
"350.1843584235626","339.9771528998377"
"363.57437820729086","353.0228471001623"
"374.3095546127396","387.14235500868847"
"362.639275008281","332.9525483303991"
"314.33973121330666","323.9209138839985"
"310.9618817312934","316.8963093145885"
"316.5272514838931","315.892794375979"
"308.0745973896152","312.8822495607215"
"301.41592385034744","308.868189806569"
"307.74579570154265","304.854130052702"
"296.2490233156522","301.843585237159"
"300.8175517912743","299.8365553602255"
"296.6614763046168","298.8330404219015"
"300.9652655027614","300.84007029883503"
"308.2854628461263","304.854130052702"
"318.3785041781754","310.87521968378803"
"336.21719975900714","310.87521968378803"
"317.65068648716857","312.8822495607215"
"320.7068923878477","312.8822495607215"
"316.75213589150917","315.892794375979"
"318.86194354718225","315.892794375979"
"315.7126087768792","314.889279437655"
"310.7985825360805","313.8857644990455"
"318.9665885526827","313.8857644990455"
"322.9812443837129","316.8963093145885"
"332.4182262332573","331.9490333919038"
"332.9993407718347","336.9666080843518"
"314.86947338296363","326.9314586994844"
"310.20562468879467","317.899824253198"
"308.4559581840719","315.892794375979"
"318.705064438136","314.889279437655"
"311.54764357770136","314.889279437655"
"304.4768537942848","312.8822495607215"
"307.18040790420446","311.878734622112"
"303.6211367676548","306.8611599296355"
"302.942672673768","304.854130052702"
"304.53431966418617","304.854130052702"
"310.1013954409568","297.829525483292"
"305.9721320289119","293.815465729425"
"305.4485662376018","303.850615114378"
"302.57076945466116","304.854130052702"
"310.1292920133328","309.8717047451785"
"316.10842363981567","311.878734622112"
"317.7057397762359","312.8822495607215"
"313.5121208406524","314.889279437655"
"317.2370476601077","314.889279437655"
"313.6937565586021","313.8857644990455"
"319.24857903691554","314.889279437655"
"324.0071989933859","316.8963093145885"
"322.31560054410824","317.899824253198"
"315.6765091087833","317.899824253198"
"309.4337167429075","317.899824253198"
"305.5322604085176","316.8963093145885"
"308.5331584120772","315.892794375979"
"319.5811935130266","315.892794375979"
"315.8817342191697","314.889279437655"
"308.3859024775279","311.878734622112"
"310.8647236439997","299.8365553602255"
"297.51966712605497","295.82249560635853"
"297.5756189386746","295.82249560635853"
"298.711483737067","296.8260105446825"
"303.69078399325315","297.829525483292"
"312.041626257297","312.8822495607215"
"310.81134592789476","331.9490333919038"
"340.9932047700197","323.9209138839985"
"318.989291405892","319.9068541300459"
"317.29175601365785","316.8963093145885"
"319.88882389849357","319.9068541300459"
"334.8257374288655","323.9209138839985"
"317.7156196778488","331.9490333919038"
"326.1594673667607","324.9244288224938"
"327.4937808942311","322.9173989455318"
"344.49325704232507","361.0509666080962"
"427.5030228657479","484.4833040421045"
"517.341740131169","518.6028119508305"
"379.3220074891769","366.0685413005156"
"331.54616897453013","316.8963093145885"
"307.35591058584674","312.8822495607215"
"317.6685746419158","312.8822495607215"
"315.0902015791809","309.8717047451785"
"301.7521789184306","305.85764499131153"
"304.96187135817195","300.84007029883503"
"295.526897109959","297.829525483292"
"297.03217742010133","296.8260105446825"
"295.6398561813696","298.8330404219015"
"305.61410189692447","300.84007029883503"
"314.8210298408803","315.892794375979"
"334.912744955762","329.94200351494175"
"323.3487717747234","320.9103690685412"
"316.45750011471864","320.9103690685412"
"320.1842906908659","314.889279437655"
"317.134520282283","313.8857644990455"
"322.73497708456466","316.8963093145885"
"328.90897536973483","316.8963093145885"
"314.725821377633","313.8857644990455"
"320.2134556092267","311.878734622112"
"331.0508544826751","327.93497363795115"
"375.0457877718567","402.19507908611797"
"437.18345520556653","402.19507908611797"
"337.2793783290306","323.9209138839985"
"310.1720274630202","310.87521968378803"
"301.7275462378607","306.8611599296355"
"313.63272982811094","305.85764499131153"
"306.3939273638951","302.8471001757685"
"295.0642632096576","298.8330404219015"
"300.3597766390309","297.829525483292"
"292.5596751344311","290.80492091388203"
"291.2087999927004","290.80492091388203"
"289.3770907649287","293.815465729425"
"300.1877536883076","297.829525483292"
"310.5965612026903","308.868189806569"
"327.3248737210016","313.8857644990455"
"329.41200185827495","313.8857644990455"
"311.2944013477387","312.8822495607215"
"313.37251900352095","305.85764499131153"
"309.2239581332932","304.854130052702"
"317.0286958002302","305.85764499131153"
"318.97387142912186","304.854130052702"
"312.6098096901563","304.854130052702"
"311.78941781880206","304.854130052702"
"327.8718845787462","315.892794375979"
"333.1609476966453","319.9068541300459"
"324.508531869655","315.892794375979"
"311.08598700987875","307.864674868245"
"296.8713504238511","303.850615114378"
"293.4952842102501","298.8330404219015"
"303.11332111278307","292.8119507908155"
"291.59979056019495","289.8014059752725"
"281.9290700857962","281.77328646753847"
"285.0423428071653","274.7486818981285"
"271.51236533739853","269.731107205652"
"270.055908664235","268.7275922670425"
"270.3683122632805","270.734622143976"
"282.0562703137808","274.7486818981285"
"293.1719364693069","282.7768014058625"
"309.7920949700312","295.82249560635853"
"317.83494160868713","304.854130052702"
"303.39612206016557","304.854130052702"
"302.6705879709379","299.8365553602255"
"301.43002941877836","298.8330404219015"
"305.7194509700708","300.84007029883503"
"309.80680523160424","300.84007029883503"
"304.3132697280324","299.8365553602255"
"304.69818573937977","303.850615114378"
"323.6723992073595","320.9103690685412"
"325.747655702823","309.8717047451785"
"284.2229688521587","314.889279437655"
"304.02013172252504","304.854130052702"
"305.4406585332795","300.84007029883503"
"289.8267941609876","295.82249560635853"
"294.688537491603","291.80843585249147"
"287.5265733211635","287.794376098339"
"275.7326494834517","277.7592267136715"
"276.01554881894316","262.706502636242"
"256.56762585012916","253.6748681898985"
"248.13849783025884","249.660808435746"
"251.57216157110958","252.67135325128902"
"262.7920287522719","260.6994727593085"
"278.4204414362288","266.72056239010897"
"298.8456038171018","283.780316344472"
"293.8454553612426","290.80492091388203"
"295.8944653783172","289.8014059752725"
"293.3524440596442","287.794376098339"
"288.2716382262564","287.794376098339"
"290.9253386378607","288.7978910369485"
"292.8854577873535","288.7978910369485"
"289.11528823556375","289.8014059752725"
"293.2256159999684","289.8014059752725"
"298.8659336860822","291.80843585249147"
"296.5285379924961","297.829525483292"
"290.0591187017345","299.8365553602255"
"293.26497608164493","292.8119507908155"
"285.9708194403499","285.7873462214055"
"281.0508393537057","277.7592267136715"
"278.5047125006278","272.741652021195"
"270.4123500450022","270.734622143976"
"264.34613135436905","261.7029876976325"
"259.979571617245","251.667838312965"
"241.19985949500926","237.61862917385952"
"230.71981778186853","230.5940246044495"
"229.0287861268714","228.58699472751601"
"238.83492490164514","233.60456941999252"
"250.25262809225651","242.63620386633602"
"259.8732433774868","254.6783831282225"
"248.18328309255938","255.681898066832"
"265.73004714565377","259.695957820699"
"271.50907053167737","264.7135325131755"
"274.13280920755506","267.7240773287185"
"265.4765321406777","268.7275922670425"
"269.75589587534773","264.7135325131755"
"265.9550098369834","262.706502636242"
"268.13646405367695","264.7135325131755"
"271.5245628273047","274.7486818981285"
"276.19838266724946","280.769771528929"
"277.46336425680016","283.780316344472"
"280.29715316396204","279.766256590605"
"273.70834614906397","271.7381370825855"
"271.50638296828345","264.7135325131755"
"265.17716167171545","261.7029876976325"
"257.1551591670835","256.68541300515597"
"248.8300697084925","239.6256590510785"
"235.47276955169247","223.5694200350395"
"206.5408243688763","194.4674868190755"
"181.5288302592603","161.351493848959"
"149.28612989694167","150.3128295253965"
"163.62048604904587","185.4358523724465"
"204.69876501937148","171.3866432336265"
"183.41528676988935","180.4182776802555"
"199.60117976455962","189.44991212659897"
"206.9075124888561","224.572934973649"
"243.55254295969692","255.681898066832"
"255.86924648526139","259.695957820699"
"259.4046778237009","262.706502636242"
"263.3901819974806","264.7135325131755"
"266.38037671389566","258.692442882375"
"261.0398256696334","255.681898066832"
"260.4826539961044","262.706502636242"
"273.25259935748807","281.77328646753847"
"263.05099784466887","286.79086116001497"
"274.9506794749519","282.7768014058625"
"275.8823842936909","278.7627416519955"
"269.7901581281578","274.7486818981285"
"266.1671637413805","267.7240773287185"
"260.23848119620936","258.692442882375"
"246.70896738261894","252.67135325128902"
"240.11879993135787","195.47100175739948"
"174.37935227066507","197.478031634333"
"192.17258425199103","241.632688928012"
"237.30456833759553","247.65377855881252"
"248.32798484447858","252.67135325128902"
"262.0996242900719","262.706502636242"
"290.9483743608459","278.7627416519955"
"305.42818936265576","303.850615114378"
"295.87845672406775","303.850615114378"
"292.44628310163904","304.854130052702"
"298.1737898075347","302.8471001757685"
"309.69100830821196","310.87521968378803"
"310.50859521524535","316.8963093145885"
"311.1055466554461","302.8471001757685"
"304.5543076004202","317.899824253198"
"333.31920295807674","333.9560632688944"
"335.0156270534094","372.0896309314588"
"423.12368294308453","419.254833040481"
"334.6211739160502","312.8822495607215"
"297.3248092947777","294.818980667749"
"284.80557905960126","282.7768014058625"
"282.7468594658083","277.7592267136715"
"274.05612342853055","268.7275922670425"
"264.86825347684663","256.68541300515597"
"251.39726234775236","256.68541300515597"
"243.41584127593882","248.65729349742202"
"242.7304593270257","247.65377855881252"
"253.18531568263768","249.660808435746"
"261.37660413040163","253.6748681898985"
"272.9293174669367","261.7029876976325"
"289.6213623905665","282.7768014058625"
"302.05542821827663","300.84007029883503"
"294.67588672675464","293.815465729425"
"293.5027660450771","284.7838312830815"
"286.2393359801708","286.79086116001497"
"292.9236411890464","287.794376098339"
"294.3897847029569","287.794376098339"
"292.96596393620905","287.794376098339"
"295.23565036773164","289.8014059752725"
"309.61547676403404","302.8471001757685"
"315.3454153845667","306.8611599296355"
"328.85164976263746","304.854130052702"
"296.241110019195","289.8014059752725"
"285.1234955213883","281.77328646753847"
"276.73770150580253","271.7381370825855"
"275.2766875673944","266.72056239010897"
"263.5777169429529","257.6889279437655"
"251.45814174594278","244.6432337432695"
"241.5024729683974","235.611599296926"
"221.9549053664242","207.513181019286"
"204.35072499377654","199.485061511552"
"197.69451496068157","212.5307557117625"
"226.64340705568878","234.608084358602"
"256.938403879919","252.67135325128902"
"281.9367880294231","263.710017574566"
"273.80161027712757","277.7592267136715"
"283.1404028891765","278.7627416519955"
"281.1551217577545","277.7592267136715"
"279.83111034027104","276.75571177506197"
"282.52431876820845","275.7521968364525"
"278.7853112020052","277.7592267136715"
"281.5283192662763","277.7592267136715"
"285.787851971789","279.766256590605"
"297.01024651120673","284.7838312830815"
"288.1334004943826","288.7978910369485"
"288.05430851185133","293.815465729425"
"291.1222989670021","283.780316344472"
"280.84269779908254","277.7592267136715"
"272.7492393689324","271.7381370825855"
"272.3612425874884","267.7240773287185"
"263.5955857182193","261.7029876976325"
"255.43169570062736","251.667838312965"
"241.82476492251408","241.632688928012"
"222.44709746514667","218.55184534284848"
"210.57697066273525","215.54130052730548"
"219.27424664897464","220.558875219782"
"229.17715528224764","233.60456941999252"
"251.08689490711055","253.6748681898985"
"276.9919088544006","264.7135325131755"
"274.22897246493494","277.7592267136715"
"277.01287109044927","277.7592267136715"
"274.22349822971","274.7486818981285"
"271.0217310814629","273.745166959519"
"272.38229258141166","274.7486818981285"
"276.2362748560182","273.745166959519"
"277.0190545313267","273.745166959519"
"280.8607841005595","275.7521968364525"
"297.5195782628662","283.780316344472"
"284.7111485971598","288.7978910369485"
"288.8601563329501","289.8014059752725"
"296.2598531896208","281.77328646753847"
"280.25830621299224","277.7592267136715"
"273.05670821876174","273.745166959519"
"275.5348004407601","271.7381370825855"
"268.92058189892475","268.7275922670425"
"269.98410502812294","259.695957820699"
"259.0368833945377","255.681898066832"
"246.81149277960515","252.67135325128902"
"248.45961552693998","252.67135325128902"
"255.0911344176236","256.68541300515597"
"262.2842583006284","260.6994727593085"
"275.1281313019161","271.7381370825855"
"292.39567662220566","275.7521968364525"
"298.35650737284055","289.8014059752725"
"294.7927884080598","290.80492091388203"
"286.75232712527065","288.7978910369485"
"287.23823948467196","287.794376098339"
"294.7447207791752","288.7978910369485"
"287.81063854027616","288.7978910369485"
"288.1105020779442","289.8014059752725"
"291.0263687532517","292.8119507908155"
"301.03275840213803","297.829525483292"
"306.33647314602234","296.8260105446825"
"296.65832228151334","293.815465729425"
"288.8054131553365","290.80492091388203"
"289.64687083771287","287.794376098339"
"278.9597778192624","282.7768014058625"
"279.11320923023476","278.7627416519955"
"273.7119369471215","272.741652021195"
"268.1013088856886","264.7135325131755"
"249.9980309886065","263.710017574566"
"247.22759149658415","256.68541300515597"
"242.6573180859969","253.6748681898985"
"251.1951425211618","248.65729349742202"
"248.05875156822623","242.63620386633602"
"252.2454165871901","246.6502636204885"
"247.16570940032938","251.667838312965"
"246.76089924853434","255.681898066832"
"259.690663982624","256.68541300515597"
"259.5575029484537","260.6994727593085"
"262.74084737106296","263.710017574566"
"261.8763969489272","263.710017574566"
"264.2436784608531","262.706502636242"
"263.0456253328168","260.6994727593085"
"262.54635987416754","261.7029876976325"
"268.3404049749391","267.7240773287185"
"275.2716040100345","276.75571177506197"
"278.09884383594743","280.769771528929"
"274.5480143035446","276.75571177506197"
"273.13449040131263","267.7240773287185"
"262.87569834034707","258.692442882375"
"254.99386156511582","256.68541300515597"
"249.2356979713374","250.6643233743555"
"239.6906878988044","244.6432337432695"
"224.77390496153862","237.61862917385952"
"217.15003221090743","176.404217926103"
"163.64403577169017","147.302284710139"
"137.0164747957549","140.277680140729"
"134.65884942402073","123.21792618636601"
"133.6697682534895","104.15114235506948"
"137.8945824992472","143.28822495598652"
"176.71938122096668","198.4815465729425"
"220.95221743612518","229.5905096661255"
"239.43044262323411","252.67135325128902"
"256.2919838229841","257.6889279437655"
"256.6193781393073","260.6994727593085"
"263.0246308198173","260.6994727593085"
"261.74388082870166","262.706502636242"
"260.8426485889076","265.717047451785"
"270.0178334305681","272.741652021195"
"284.12169851492206","279.766256590605"
"291.82301189929666","283.780316344472"
"279.2282578158054","282.7768014058625"
"279.30211318633746","280.769771528929"
"270.61041337394715","275.7521968364525"
"268.0459807884656","273.745166959519"
"265.5746910410024","267.7240773287185"
"256.4366890738349","257.6889279437655"
"233.6400617442942","265.717047451785"
"238.69859864325747","253.6748681898985"
"236.12445040885999","217.548330404239"
"220.05464441023685","221.56239015810598"
"224.0800326005679","233.60456941999252"
"250.13452137008207","265.717047451785"
"275.4571650078434","282.7768014058625"
"309.8377291327339","295.82249560635853"
"288.6564137318842","293.815465729425"
"280.9802299660348","291.80843585249147"
"284.3044211689874","293.815465729425"
"297.4547433902607","293.815465729425"
"288.464671850542","291.80843585249147"
"290.4284655308233","291.80843585249147"
"295.5170309322038","295.82249560635853"
"315.4682003737871","324.9244288224938"
"318.73678466827454","303.850615114378"
"302.24247644647784","306.8611599296355"
"299.3635178901104","294.818980667749"
"286.30924013875745","289.8014059752725"
"279.2276292449746","283.780316344472"
"279.0527372384985","281.77328646753847"
"276.73190726197777","273.745166959519"
"268.77408045467683","268.7275922670425"
"262.9845725150477","266.72056239010897"
"257.7983720361193","262.706502636242"
"253.6857319036516","263.710017574566"
"262.89256730377775","258.692442882375"
"262.94695584089436","259.695957820699"
"272.55885687866834","270.734622143976"
"295.4573539404996","280.769771528929"
"302.8004346899733","293.815465729425"
"295.9854162140018","293.815465729425"
"286.79854335030376","288.7978910369485"
"288.52800452059057","288.7978910369485"
"293.48114219188705","294.818980667749"
"291.63153877307377","293.815465729425"
"293.9716644890541","294.818980667749"
"298.878320028684","294.818980667749"
"311.29308314389226","297.829525483292"
"298.9633082068986","300.84007029883503"
"293.44347264557103","300.84007029883503"
"290.97976999655543","294.818980667749"
"288.6134369693821","287.794376098339"
"278.15148333044823","281.77328646753847"
"276.2228167372185","280.769771528929"
"272.9233366631346","276.75571177506197"
"263.79040968113327","268.7275922670425"
"249.7463963420131","262.706502636242"
"246.79296901022116","259.695957820699"
"251.5621992195582","259.695957820699"
"260.2160072711696","257.6889279437655"
"261.25737183467413","259.695957820699"
"272.32783652534494","273.745166959519"
"291.4352456210792","286.79086116001497"
"311.09308974380843","322.9173989455318"
"313.3141593903652","323.9209138839985"
"305.98996467775623","301.843585237159"
"296.9487638933818","296.8260105446825"
"306.9095678335388","312.8822495607215"
"311.22075879937256","308.868189806569"
"311.0131112917141","308.868189806569"
"312.2629317664442","316.8963093145885"
"334.06179125628773","335.9630931458565"
"345.14581330809983","365.06502636204885"
"350.01504246535916","379.1142355009545"
"354.25157072328875","319.9068541300459"
"312.7405426474601","295.82249560635853"
"286.1288073124765","290.80492091388203"
"287.58070554184906","288.7978910369485"
"286.89327433356925","282.7768014058625"
"283.4827784063725","273.745166959519"
"270.34702410141875","259.695957820699"
"255.03616738254362","259.695957820699"
"261.31143503546883","249.660808435746"
"256.13176632258984","245.646748681879"
"255.83350230381654","255.681898066832"
"272.57040510552565","272.741652021195"
"298.16606252876556","291.80843585249147"
"324.30538892605864","342.987697715295"
"330.92407670185315","345.9982425307552"
"322.62351635720836","319.9068541300459"
"310.16608246813655","314.889279437655"
"320.22065983660684","325.9279437609891"
"318.6204223262735","333.9560632688944"
"320.3788148212469","334.9595782073897"
"324.4424167929462","327.93497363795115"
"336.8866526873108","322.9173989455318"
"329.70270594360437","329.94200351494175"
"313.81102291033864","317.899824253198"
"295.22757424736994","293.815465729425"
"283.9463293069731","284.7838312830815"
"275.7667613134038","277.7592267136715"
"275.0626201885519","274.7486818981285"
"269.7325467567766","267.7240773287185"
"260.076558712272","258.692442882375"
"239.49462172197667","226.5799648505825"
"210.88323813039852","200.488576449876"
"196.25749613378858","197.478031634333"
"187.76536801287472","212.5307557117625"
"222.6259525982397","222.56590509671548"
"246.98784451301864","255.681898066832"
"269.54817468037663","270.734622143976"
"287.5103902073346","284.7838312830815"
"283.69566198423905","287.794376098339"
"286.98129334708995","286.79086116001497"
"274.5205438378464","285.7873462214055"
"278.5388232263326","284.7838312830815"
"278.71219803599877","282.7768014058625"
"279.2299987027811","278.7627416519955"
"282.824874293657","280.769771528929"
"284.02523238427665","284.7838312830815"
"283.2351201995233","286.79086116001497"
"278.94727153949236","285.7873462214055"
"273.8543416818861","279.766256590605"
"272.6953863915061","271.7381370825855"
"264.7823452681788","266.72056239010897"
"257.19458358099996","263.710017574566"
"253.37802069438834","260.6994727593085"
"239.82901319503705","255.681898066832"
"230.398756826663","249.660808435746"
"223.17112659263586","232.60105448166848"
"219.11078017958437","225.5764499122585"
"216.23677142334154","224.572934973649"
"221.8384123127076","233.60456941999252"
"242.88460282138954","240.6291739894025"
"241.02625424949656","244.6432337432695"
"247.91946218311494","249.660808435746"
"260.8180801667169","251.667838312965"
"257.2659179097295","255.681898066832"
"262.153047994469","258.692442882375"
"257.53257190532304","259.695957820699"
"262.8241214882614","258.692442882375"
"260.5280266779716","257.6889279437655"
"258.081320170909","259.695957820699"
"264.83485469539403","266.72056239010897"
"278.055122124033","271.7381370825855"
"275.69105990622324","275.7521968364525"
"269.42021510197605","270.734622143976"
"264.4563501409601","266.72056239010897"
"257.9485683133461","261.7029876976325"
"252.2104188708431","259.695957820699"
"250.98315137568287","255.681898066832"
"240.67823515749842","253.6748681898985"
"237.4017940470137","254.6783831282225"
"233.87607626147775","251.667838312965"
"236.32907037301175","242.63620386633602"
"226.81173710799067","238.62214411246902"
"231.29046131622528","252.67135325128902"
"247.36081929120803","250.6643233743555"
"253.35067385647324","258.692442882375"
"268.35459928068906","260.6994727593085"
"269.76615165184467","261.7029876976325"
"262.73993603451396","263.710017574566"
"266.80399340300767","267.7240773287185"
"272.28363703671164","270.734622143976"
"272.1535671472469","270.734622143976"
"270.7844304667617","271.7381370825855"
"269.0242197721079","273.745166959519"
"275.6569131787575","282.7768014058625"
"291.9521655532641","286.79086116001497"
"295.4919102755736","286.79086116001497"
"277.20795199286096","283.780316344472"
"277.35828433179887","277.7592267136715"
"267.42668820706433","272.741652021195"
"263.8684550487833","269.731107205652"
"261.239513769162","262.706502636242"
"253.85290567037646","257.6889279437655"
"244.9944012333612","255.681898066832"
"238.75547414858045","252.67135325128902"
"243.15055657318908","251.667838312965"
"248.04380339657786","230.5940246044495"
"231.82102435716345","239.6256590510785"
"251.9946717623595","263.710017574566"
"279.5581801603117","308.868189806569"
"345.1776451667085","376.1036906854115"
"344.08361245617914","291.80843585249147"
"282.0074573930169","289.8014059752725"
"283.261891922597","288.7978910369485"
"290.2359915504462","289.8014059752725"
"285.9273278602149","288.7978910369485"
"287.64736508516273","288.7978910369485"
"290.3095060914232","299.8365553602255"
"313.8847625461773","408.2161687169185"
"407.43501700004754","376.1036906854115"
"377.61970215591543","334.9595782073897"
"310.7309023586298","289.8014059752725"
"281.47231451507906","283.780316344472"
"274.69167412052036","275.7521968364525"
"272.09857941200255","270.734622143976"
"265.5528639369042","263.710017574566"
"260.7984793391957","255.681898066832"
"247.27600059074814","254.6783831282225"
"243.80253300787933","249.660808435746"
"244.5681617053685","240.6291739894025"
"236.13298921542534","213.534270650372"
"219.40686065649155","215.54130052730548"
"236.1636934690422","277.7592267136715"
"288.9326576275965","299.8365553602255"
"325.6629372234189","342.987697715295"
"308.4162395095793","283.780316344472"
"276.7476658375913","276.75571177506197"
"269.7899554860122","277.7592267136715"
"271.2670327724194","274.7486818981285"
"271.17962980783193","299.8365553602255"
"289.51941933150965","289.8014059752725"
"290.98116221935135","304.854130052702"
"322.961303925303","348.0052724077315"
"363.7724595110709","349.00878734622114"
"324.68222709566766","284.7838312830815"
"276.9087107421938","278.7627416519955"
"273.1973288569898","273.745166959519"
"265.18251122671137","267.7240773287185"
"261.05981172313375","265.717047451785"
"257.9755223148214","257.6889279437655"
"243.94282093166413","245.646748681879"
"226.05848501138718","233.60456941999252"
"215.15832372328333","196.47451669600898"
"190.56611499041298","201.4920913884855"
"185.28399410866115","175.40070298777897"
"181.68729609060586","208.51669595789548"
"229.68210246910942","250.6643233743555"
"269.4380031212393","262.706502636242"
"270.9913365995034","274.7486818981285"
"277.6937742046714","276.75571177506197"
"272.6715595247487","272.741652021195"
"270.0103963113546","273.745166959519"
"272.33732394925283","273.745166959519"
"273.4053035411772","272.741652021195"
"273.2121461411855","277.7592267136715"
"284.03632573810785","284.7838312830815"
"298.300694086903","287.794376098339"
"291.2712379222384","288.7978910369485"
"284.90695638709445","288.7978910369485"
"281.793873595584","282.7768014058625"
"275.3810582256545","272.741652021195"
"263.79535113270686","264.7135325131755"
"259.2188139321619","261.7029876976325"
"254.36620924310915","255.681898066832"
"240.46896970144937","245.646748681879"
"225.93960735229703","242.63620386633602"
"222.55408476173653","206.509666080962"
"203.48239070004774","202.49560632680948"
"194.5197204991964","180.4182776802555"
"179.76019813201987","198.4815465729425"
"217.75817081733356","252.67135325128902"
"267.0715738395441","265.717047451785"
"274.3155525197882","276.75571177506197"
"281.48471747053094","283.780316344472"
"279.2468911261757","278.7627416519955"
"276.5020353626056","278.7627416519955"
"280.4180863264537","279.766256590605"
"277.4590897823695","280.769771528929"
"280.6800620237088","281.77328646753847"
"286.46634937104585","283.780316344472"
"299.7552458673569","291.80843585249147"
"300.63927329872564","308.868189806569"
"310.5915481182921","295.82249560635853"
"293.2333930683284","290.80492091388203"
"290.7079122479392","279.766256590605"
"269.21501623514257","271.7381370825855"
"266.2769711258275","272.741652021195"
"266.94825952258816","264.7135325131755"
"256.5955360809077","258.692442882375"
"249.10320632059316","250.6643233743555"
"244.3429129101428","248.65729349742202"
"246.86139467261947","248.65729349742202"
"248.43960660812832","253.6748681898985"
"258.1678457241841","256.68541300515597"
"275.1188051519097","262.706502636242"
"275.2127185908828","278.7627416519955"
"311.59585737183005","294.818980667749"
"303.81656586313136","299.8365553602255"
"290.987290086761","290.80492091388203"
"285.9039741022111","288.7978910369485"
"296.02367684443914","287.794376098339"
"284.01196058746865","293.815465729425"
"291.22634642255616","290.80492091388203"
"289.7730819981308","291.80843585249147"
"298.7808580670379","292.8119507908155"
"305.3790999221477","294.818980667749"
"304.8166103797561","292.8119507908155"
"283.2233780985749","286.79086116001497"
"281.65428239249246","280.769771528929"
"267.7637538782823","270.734622143976"
"264.6501838219745","267.7240773287185"
"260.87616832853155","262.706502636242"
"253.5272829788448","256.68541300515597"
"242.30311664155806","227.58347978919198"
"209.78700525821762","192.460456942142"
"186.5422882441276","171.3866432336265"
"160.1326641953982","167.3725834797595"
"160.3700357822042","170.3831282953025"
"177.10344503469182","185.4358523724465"
"212.87945917261345","228.58699472751601"
"251.8356690940002","237.61862917385952"
"256.41848471695187","251.667838312965"
"257.75426736393547","261.7029876976325"
"266.7109249227465","263.710017574566"
"268.9418199370414","263.710017574566"
"262.83453476683235","260.6994727593085"
"258.5764538588364","259.695957820699"
"260.1989369202613","262.706502636242"
"268.09063885532885","266.72056239010897"
"279.54621816673045","271.7381370825855"
"292.66339572979825","273.745166959519"
"270.013631719185","269.731107205652"
"263.33212241741234","262.706502636242"
"252.14125506058414","257.6889279437655"
"252.4536374767078","251.667838312965"
"245.8910761468865","247.65377855881252"
"230.32011156276263","234.608084358602"
"226.82618439123294","226.5799648505825"
"205.50325782580447","183.428822495513"
"159.67993014475024","157.3374340948065"
"135.88382295169737","135.26010544825252"
"130.5023950120108","136.26362038657652"
"142.3844292195331","149.30931458707252"
"183.57175077820358","159.34446397174"
"181.04836235930878","170.3831282953025"
"195.91788544868623","207.513181019286"
"227.80315142733048","249.660808435746"
"254.77123827653907","252.67135325128902"
"260.60020996906366","255.681898066832"
"255.52732530353776","252.67135325128902"
"249.69506067879388","250.6643233743555"
"249.22398288498886","252.67135325128902"
"258.5222961421728","259.695957820699"
"270.17964075813205","267.7240773287185"
"289.5565118333384","271.7381370825855"
"269.06334572899266","267.7240773287185"
"259.57667414416585","262.706502636242"
"251.46079187834948","256.68541300515597"
"248.40772066395772","251.667838312965"
"243.05439470598847","247.65377855881252"
"225.573000763177","235.611599296926"
"219.03028849144346","245.646748681879"
"213.8045601468445","244.6432337432695"
"223.50372030895943","245.646748681879"
"230.5958945575264","246.6502636204885"
"232.17259655297863","249.660808435746"
"253.1444581647321","257.6889279437655"
"269.6682621992021","269.731107205652"
"294.54922558460436","281.77328646753847"
"274.8366679170882","285.7873462214055"
"274.53267295132576","282.7768014058625"
"273.43671258247457","283.780316344472"
"279.3924959840226","283.780316344472"
"276.962763693882","282.7768014058625"
"278.2920791293219","282.7768014058625"
"281.6323802167816","283.780316344472"
"305.5796746120235","288.7978910369485"
"281.7267793775406","292.8119507908155"
"292.9492459635886","292.8119507908155"
"284.69132708933404","285.7873462214055"
"277.06776620878304","276.75571177506197"
"264.83130735181714","268.7275922670425"
"259.55270665382545","261.7029876976325"
"253.80602025379358","258.692442882375"
"242.88493195889316","248.65729349742202"
"237.52150152935414","245.646748681879"
"230.10415826050638","242.63620386633602"
"238.55698849023008","242.63620386633602"
"241.40707862686708","244.6432337432695"
"241.9690362362865","247.65377855881252"
"259.39410615823135","255.681898066832"
"276.4115336323141","272.741652021195"
"285.13993190546825","288.7978910369485"
"292.019946693045","294.818980667749"
"285.51055613796547","287.794376098339"
"282.08622074066477","285.7873462214055"
"290.33948464762364","285.7873462214055"
"282.45592212462844","285.7873462214055"
"285.09551987358196","285.7873462214055"
"286.62890090214773","289.8014059752725"
"305.86600116320517","305.85764499131153"
"318.04440239905125","304.854130052702"
"318.2194682590135","299.8365553602255"
"294.6695234092075","289.8014059752725"
"284.9470587945822","282.7768014058625"
"274.8892742519083","272.741652021195"
"267.7577235133906","267.7240773287185"
"262.36442411905205","261.7029876976325"
"253.01838350583117","249.660808435746"
"243.58650963483092","248.65729349742202"
"234.1786956963643","245.646748681879"
"241.42903592247083","245.646748681879"
"244.24257505050528","246.6502636204885"
"246.31820242628896","248.65729349742202"
"261.87581255632824","256.68541300515597"
"268.3822404507283","270.734622143976"
"290.5452025580201","289.8014059752725"
"294.37778128492374","297.829525483292"
"290.1565540446021","288.7978910369485"
"283.7947625020438","286.79086116001497"
"290.86887590736904","288.7978910369485"
"284.6472396079633","288.7978910369485"
"286.8585289868812","286.79086116001497"
"286.0263573805629","289.8014059752725"
"301.92127980231635","299.8365553602255"
"324.90245829697665","304.854130052702"
"317.3301005325492","299.8365553602255"
"296.74392165730995","288.7978910369485"
"285.28643105391643","282.7768014058625"
"277.2871518772549","273.745166959519"
"269.5665955303273","266.72056239010897"
"263.5950235315786","258.692442882375"
"256.41706061588354","251.667838312965"
"251.6805160062367","250.6643233743555"
"244.53723339776747","246.6502636204885"
"246.75954250596288","246.6502636204885"
"246.91302329645976","246.6502636204885"
"248.1831680573507","248.65729349742202"
"259.17746850851006","257.6889279437655"
"269.49152373788957","274.7486818981285"
"287.3049676907755","285.7873462214055"
"289.0255891528319","288.7978910369485"
"282.2783046779624","282.7768014058625"
"278.67534658362985","280.769771528929"
"284.09898581096087","279.766256590605"
"276.9599116285722","280.769771528929"
"279.3147130262828","281.77328646753847"
"281.86239870871213","280.769771528929"
"290.72479974365183","281.77328646753847"
"296.74535389975676","283.780316344472"
"298.68559950364835","281.77328646753847"
"276.2953293142413","276.75571177506197"
"272.1654945333044","270.734622143976"
"263.7615100006369","260.6994727593085"
"258.95986164652203","253.6748681898985"
"248.6339760409993","247.65377855881252"
"242.49570814180083","238.62214411246902"
"238.085402515893","238.62214411246902"
"224.04428003874762","234.608084358602"
"231.9133920892558","230.5940246044495"
"219.75986755968916","232.60105448166848"
"230.459907376376","233.60456941999252"
"241.88685498183622","237.61862917385952"
"248.66674898084915","243.6397188049455"
"252.68684117994025","250.6643233743555"
"263.2632371689675","253.6748681898985"
"261.14006337980203","250.6643233743555"
"258.202915810646","248.65729349742202"
"256.83132798449424","247.65377855881252"
"251.49967712154802","246.6502636204885"
"249.045288123256","244.6432337432695"
"249.34364820719313","244.6432337432695"
"252.71920348901247","245.646748681879"
"257.2325149350554","248.65729349742202"
"270.207819355317","249.660808435746"
"250.24706390202266","246.6502636204885"
"241.409609885308","239.6256590510785"
"238.3513728682641","234.608084358602"
"237.58905403554127","234.608084358602"
"229.4235850780757","229.5905096661255"
"219.98268721697133","218.55184534284848"
"221.4199983913026","180.4182776802555"
"143.0862959228701","141.28119507905302"
"117.8706563369746","126.22847100162349"
"111.77981021558935","95.119507908726"
"103.2686451776525","95.119507908726"
"116.24139524126792","90.1019332162495"
"122.03842705127704","104.15114235506948"
"118.67265958685303","166.3690685414355"
"182.9707534539688","205.5061511423525"
"219.5000642875197","230.5940246044495"
"239.0378812370375","236.6151142355355"
"238.92311453166872","237.61862917385952"
"236.16179276841717","236.6151142355355"
"230.8882045450648","234.608084358602"
"233.3309317155174","234.608084358602"
"244.4008818324349","234.608084358602"
"245.2151245668174","244.6432337432695"
"272.74039248557204","244.6432337432695"
"246.91319167972205","237.61862917385952"
"219.7551451519555","230.5940246044495"
"219.06602564743383","227.58347978919198"
"222.07931785741278","223.5694200350395"
"206.28480692357286","221.56239015810598"
"182.96627253071966","205.5061511423525"
"191.8326007608407","145.29525483292"
"88.19028455286121","97.12653778565948"
"105.58942552949972","93.11247803150701"
"101.10666214223576","101.14059753952651"
"121.88603176069998","125.22495606329949"
"166.4995104533447","169.37961335669303"
"186.29216728984244","194.4674868190755"
"187.50203303747583","184.4323374341225"
"172.94246338299445","165.365553602826"
"159.73993735508574","145.29525483292"
"156.08900515896755","154.326889279549"
"148.02632618839513","172.390158172236"
"198.36062477185197","216.5448154656295"
"224.21417190900868","212.5307557117625"
"192.1232486686484","192.460456942142"
"176.26254739855193","166.3690685414355"
"152.93608227849623","159.34446397174"
"130.88655990565746","125.22495606329949"
"140.36184358423748","88.09490333931598"
"103.7237304292997","92.10896309318298"
"129.98039231209705","144.291739894596"
"175.22575612472534","162.35500878728303"
"161.5058105813985","173.3936731108455"
"178.29091319151146","168.376098418369"
"165.2389488646927","170.3831282953025"
"173.48546705754524","178.4112478030365"
"188.1021917822013","204.502636203743"
"221.40233532796856","219.5553602811725"
"233.98926862467619","216.5448154656295"
"217.59031382610448","204.502636203743"
"189.18811775270208","177.4077328647125"
"173.4656276922256","159.34446397174"
"152.63755635978168","151.316344464006"
"131.05438964919767","129.23901581716652"
"96.24762731471714","94.11599297011651"
"101.70060805911709","126.22847100162349"
"83.60850281131644","94.11599297011651"
"78.19404552479875","82.07381370822998"
"81.34423235951294","86.08787346209704"
"101.93141297051923","115.18980667834651"
"128.94113139653805","151.316344464006"
"182.26633403001398","193.463971880466"
"230.56333382878813","211.527240773153"
"222.54541033811773","220.558875219782"
"227.22233486501148","229.5905096661255"
"232.43396862201183","232.60105448166848"
"240.9036584983348","233.60456941999252"
"231.69731554707818","234.608084358602"
"229.50469876171798","236.6151142355355"
"232.22493213732557","239.6256590510785"
"247.15666538304623","248.65729349742202"
"264.4245027683795","253.6748681898985"
"282.2521385232984","252.67135325128902"
"255.5586465839619","249.660808435746"
"239.63522627455748","244.6432337432695"
"243.74580453479","238.62214411246902"
"236.28785783825276","236.6151142355355"
"229.112466890392","229.5905096661255"
"215.7528013448384","209.5202108962195"
"212.69946678024394","221.56239015810598"
"208.8627170512967","212.5307557117625"
"203.89850184547626","205.5061511423525"
"207.99796364989723","204.502636203743"
"207.79730217895795","214.537785588696"
"229.68563018735733","222.56590509671548"
"232.16309598302985","231.59753954305899"
"246.9130244782723","237.61862917385952"
"244.53531958571136","243.6397188049455"
"245.23473095181282","244.6432337432695"
"245.12774190197186","244.6432337432695"
"246.5839057762576","243.6397188049455"
"241.7900763773485","238.62214411246902"
"234.69763860901446","235.611599296926"
"233.46828488571225","237.61862917385952"
"240.51614128928216","241.632688928012"
"236.3787286743394","243.6397188049455"
"254.0241184287001","242.63620386633602"
"242.90795446771602","238.62214411246902"
"229.21866421638182","231.59753954305899"
"232.56225307820108","220.558875219782"
"216.20755478266858","209.5202108962195"
"191.7132442609045","185.4358523724465"
"154.29231025299455","161.351493848959"
"162.2569664046132","160.3479789103495"
"118.82186936179119","116.19332161695601"
"93.87345548340733","97.12653778565948"
"89.54939643543327","90.1019332162495"
"111.48561336316072","92.10896309318298"
"124.88584828567411","134.25659050964302"
"150.4323769929331","167.3725834797595"
"202.38302478445462","207.513181019286"
"218.70341924282985","220.558875219782"
"231.13780155349974","225.5764499122585"
"228.17771323307733","227.58347978919198"
"223.71046532933644","227.58347978919198"
"230.37117619328518","225.5764499122585"
"221.19450827179242","223.5694200350395"
"218.45201048373397","224.572934973649"
"229.60890658701666","231.59753954305899"
"224.2360585621248","235.611599296926"
"254.16238416359937","237.61862917385952"
"237.7693259733436","235.611599296926"
"226.3088750676435","230.5940246044495"
"230.91481089463912","226.5799648505825"
"228.53632504849008","222.56590509671548"
"215.9841043187963","211.527240773153"
"203.15200228130797","184.4323374341225"
"200.15367752463186","154.326889279549"
"135.15598863311314","148.30579964846302"
"145.11157476171067","146.2987697715295"
"144.41477413296113","147.302284710139"
"149.92119137034672","148.30579964846302"
"163.8129124652119","188.4463971879895"
"210.27467112060634","228.58699472751601"
"246.21178682915644","237.61862917385952"
"244.23936942177477","242.63620386633602"
"243.1289429878184","244.6432337432695"
"245.24974910101747","248.65729349742202"
"255.21631089588954","247.65377855881252"
"243.34136504016791","246.6502636204885"
"240.1788532525308","244.6432337432695"
"242.0898554567819","245.646748681879"
"256.1935430010958","254.6783831282225"
"273.3102720172464","260.6994727593085"
"289.217036275265","264.7135325131755"
"264.37784246810315","260.6994727593085"
"252.01294369874404","254.6783831282225"
"249.84169756692432","246.6502636204885"
"244.1214740521749","243.6397188049455"
"241.12964907999503","241.632688928012"
"233.7484841618211","234.608084358602"
"227.66903580257556","246.6502636204885"
"236.17666195264914","228.58699472751601"
"226.60405605120295","209.5202108962195"
"212.6521723561722","201.4920913884855"
"209.8770291186546","204.502636203743"
"224.15810831705704","212.5307557117625"
"230.37687225891608","212.5307557117625"
"241.74710033699074","229.5905096661255"
"249.30281288967956","245.646748681879"
"250.41116115876696","249.660808435746"
"256.97435498023185","254.6783831282225"
"272.91204148899675","255.681898066832"
"252.13456721401093","256.68541300515597"
"254.77808553222815","256.68541300515597"
"251.50104241299212","258.692442882375"
"264.40678920466866","278.7627416519955"
"313.8372949558394","332.9525483303991"
"311.97563680521216","333.9560632688944"
"303.6549465558295","283.780316344472"
"259.9179403849897","256.68541300515597"
"241.81709084539125","247.65377855881252"
"239.7795603759318","244.6432337432695"
"234.07431805254407","240.6291739894025"
"225.38624657906826","186.439367311056"
"164.66166168394213","175.40070298777897"
"172.9150429578317","215.54130052730548"
"213.96874695503183","211.527240773153"
"208.3107277966824","205.5061511423525"
"224.54518081625346","205.5061511423525"
"221.71821164628676","192.460456942142"
"231.7959738131632","192.460456942142"
"223.1937098707541","180.4182776802555"
"209.20333185966314","180.4182776802555"
"216.9768379931617","198.4815465729425"
"220.35769090988907","215.54130052730548"
"221.8360475487778","217.548330404239"
"220.5213538026274","215.54130052730548"
"222.43222276516752","216.5448154656295"
"232.4408740642674","222.56590509671548"
"244.49228780785438","230.5940246044495"
"246.68702594533124","244.6432337432695"
"249.02172914553552","250.6643233743555"
"228.75878450803418","245.646748681879"
"230.70713731845092","229.5905096661255"
"231.81366179050445","217.548330404239"
"205.43477682732032","208.51669595789548"
"169.97648084287576","182.42530755718897"
"202.81215406372286","218.55184534284848"
"184.8823599636954","212.5307557117625"
"199.14693306147242","205.5061511423525"
"195.8093597677024","206.509666080962"
"197.5869691677228","214.537785588696"
"223.55712455966184","211.527240773153"
"235.38791080008286","207.513181019286"
"260.4957219076538","284.7838312830815"
"274.62639643724424","285.7873462214055"
"267.29150536561804","281.77328646753847"
"268.40109818013997","288.7978910369485"
"291.7036756210644","300.84007029883503"
"279.3511641287653","260.6994727593085"
"261.66366468544464","263.710017574566"
"264.62830831203075","268.7275922670425"
"272.61676485679993","278.7627416519955"
"286.2762605184927","279.766256590605"
"289.87102123899075","281.77328646753847"
"268.1168767298925","265.717047451785"
"257.8541073800991","259.695957820699"
"256.09963619615064","252.67135325128902"
"244.23767453055646","247.65377855881252"
"247.0541464479101","237.61862917385952"
"202.87755708763635","218.55184534284848"
"220.63462501138503","215.54130052730548"
"202.79356654085336","189.44991212659897"
"176.8926842510131","161.351493848959"
"152.5462601896754","146.2987697715295"
"141.5195493831026","141.28119507905302"
"188.41479748565416","180.4182776802555"
"220.5878170884004","246.6502636204885"
"278.5379543254542","274.7486818981285"
"273.55799525715634","249.660808435746"
"250.12941293222474","248.65729349742202"
"245.59463208672202","248.65729349742202"
"252.27644279037418","247.65377855881252"
"239.8251850617547","247.65377855881252"
"240.4890996180057","248.65729349742202"
"249.30447915044942","248.65729349742202"
"250.97255599047605","250.6643233743555"
"256.333343944905","251.667838312965"
"246.11542638574173","250.6643233743555"
"234.11879544841588","249.660808435746"
"242.95772006474442","245.646748681879"
"234.4081977696501","250.6643233743555"
"226.92777387228494","214.537785588696"
"202.2013582304489","214.537785588696"
"163.78631410983874","118.20035149388949"
"130.70334415480087","73.04217926188653"
"122.00402128283235","81.070298769906"
"148.91299323930005","153.3233743409395"
"253.59724700516676","294.818980667749"
"267.47299040679906","244.6432337432695"
"243.60669042272013","243.6397188049455"
"237.49667890499023","246.6502636204885"
"253.30433161974122","246.6502636204885"
"237.66763011329306","245.646748681879"
"242.08516909604842","245.646748681879"
"248.41220058309088","247.65377855881252"
"251.57485885183291","248.65729349742202"
"261.1752472846201","251.667838312965"
"254.51335813950186","251.667838312965"
"236.5753970745455","250.6643233743555"
"241.51649942692765","246.6502636204885"
"236.93627995651073","241.632688928012"
"223.49598067227794","233.60456941999252"
"226.3369774766429","226.5799648505825"
"195.96776421326132","201.4920913884855"
"214.4796674206347","125.22495606329949"
"228.02631488236446","264.7135325131755"
"261.53997129926296","260.6994727593085"
"267.3292879443201","261.7029876976325"
"262.00832793492907","264.7135325131755"
"288.5086875414803","264.7135325131755"
"264.60920583194945","260.6994727593085"
"266.76893952004025","258.692442882375"
"261.5761737133747","261.7029876976325"
"265.2177735517529","268.7275922670425"
"287.5498189529139","278.7627416519955"
"276.7191705037293","284.7838312830815"
"262.9094716137249","259.695957820699"
"252.73152847065015","251.667838312965"
"246.86182295946276","245.646748681879"
"240.90276681672188","231.59753954305899"
"233.92383618378727","219.5553602811725"
"201.48992880940605","140.277680140729"
"181.56160385251096","213.534270650372"
"190.56278426540402","155.33040421787302"
"138.56912771193896","118.20035149388949"
"112.52252519026487","121.21089630943251"
"120.00763127765921","153.3233743409395"
"163.6549797623834","159.34446397174"
"213.41780714642584","173.3936731108455"
"234.51037054210082","270.734622143976"
"275.33549643201746","289.8014059752725"
"272.6044917442545","287.794376098339"
"276.42765767300693","290.80492091388203"
"305.4239485860021","331.9490333919038"
"307.57280378099694","300.84007029883503"
"289.51510918774704","274.7486818981285"
"273.13696235185523","259.695957820699"
"273.3145294998254","263.710017574566"
"289.81173942486464","327.93497363795115"
"353.21027275533424","390.1528998242315"
"380.48765745096773","364.06151142355355"
"336.05274889030954","331.9490333919038"
"294.8407569010954","254.6783831282225"
"245.91941507903442","248.65729349742202"
"240.4367088789354","240.6291739894025"
"216.19315911218484","232.60105448166848"
"223.42205373652547","244.6432337432695"
"231.9030967494483","227.58347978919198"
"224.6592158534609","209.5202108962195"
"209.14028880607876","148.30579964846302"
"153.3534337946466","132.2495606327095"
"154.20377417997852","111.17574692447948"
"170.82750494078797","204.502636203743"
"235.6559946830085","198.4815465729425"
"233.19922998225687","259.695957820699"
"260.6102626991689","247.65377855881252"
"255.57227810960882","249.660808435746"
"263.59200910729294","248.65729349742202"
"250.02415342299804","246.6502636204885"
"249.56493224031004","242.63620386633602"
"251.82220920593016","245.646748681879"
"258.07611588542727","246.6502636204885"
"265.2383918016043","253.6748681898985"
"273.7208882622295","273.745166959519"
"267.83259118461274","264.7135325131755"
"264.632611619591","254.6783831282225"
"247.51628577115858","252.67135325128902"
"244.2462008163687","234.608084358602"
"229.7310959143481","233.60456941999252"
"212.48745042383234","216.5448154656295"
"217.99997681555573","201.4920913884855"
"184.14547081395384","73.04217926188653"
"115.41163376757194","193.463971880466"
"214.88766401141427","209.5202108962195"
"213.95849703692147","212.5307557117625"
"222.02122196568797","219.5553602811725"
"220.42178622004008","197.478031634333"
"228.3906204173024","250.6643233743555"
"260.4400101065932","282.7768014058625"
"269.1706014093937","260.6994727593085"
"256.8504658329678","259.695957820699"
"254.27855223583472","246.6502636204885"
"254.78897411334682","246.6502636204885"
"267.044191604753","277.7592267136715"
"306.60592121776176","341.9841827767997"
"326.55120700449754","404.2021089630515"
"372.42411711216675","409.219683655528"
"349.46088412823565","345.9982425307552"
"310.7910266826942","296.8260105446825"
"278.671867365602","279.766256590605"
"266.6767981550755","252.67135325128902"
"250.86789169793576","259.695957820699"
"247.20767626646636","247.65377855881252"
"242.12290060183813","242.63620386633602"
"236.8570107596481","240.6291739894025"
"236.25889954323083","241.632688928012"
"254.37562724944627","268.7275922670425"
"283.85636612454","319.9068541300459"
"426.3841287353973","439.32513181010154"
"476.2384286332532","479.46572934962796"
"449.31416177388485","436.31458699484403"
"443.1369669787715","419.254833040481"
"400.61827128738975","416.24428822493803"
"444.51005235315415","414.2372583480045"
"398.6191989650648","407.2126537785945"
"397.9251965849193","389.149384885622"
"379.47954043487067","377.107205624021"
"385.01092652406084","385.135325131755"
"450.288165253051","424.2724077329575"
"477.9233947417366","455.3813708261405"
"374.150670083111","390.1528998242315"
"318.9885492937241","299.8365553602255"
"274.98674839985415","268.7275922670425"
"266.0790590582782","249.660808435746"
"245.10697863419423","241.632688928012"
"254.72389037553785","235.611599296926"
"241.30086213402905","230.5940246044495"
"242.92119408068098","227.58347978919198"
"218.37174409634528","208.51669595789548"
"221.95494308695282","226.5799648505825"
"253.80119940780676","250.6643233743555"
"286.4957496160854","295.82249560635853"
"330.7945478014986","357.0369068541435"
"388.07545334070426","394.1669595780985"
"368.74234007534625","381.121265377888"
"363.61720310943565","379.1142355009545"
"381.9314695013829","394.1669595780985"
"418.264167671793","388.145869947298"
"391.7874581671597","394.1669595780985"
"389.1916223629049","387.14235500868847"
"380.3403230508636","386.1388400703645"
"399.5539375444856","409.219683655528"
"449.68077735554414","455.3813708261405"
"418.7055660936239","454.377855887531"
"308.65753425851887","303.850615114378"
"289.55698547933184","266.72056239010897"
"264.30696910446574","258.692442882375"
"250.83354849774895","245.646748681879"
"241.52420901670024","237.61862917385952"
"239.68398867891125","228.58699472751601"
"229.7040530420877","227.58347978919198"
"236.96061389796358","225.5764499122585"
"227.6414646369559","218.55184534284848"
"228.94116872131838","223.5694200350395"
"247.37112116340361","242.63620386633602"
"266.19278581655","253.6748681898985"
"271.3880487902725","278.7627416519955"
"295.13309225508897","309.8717047451785"
"310.98116470012553","294.818980667749"
"305.3266235159314","282.7768014058625"
"297.51308357215504","291.80843585249147"
"294.5508576187551","296.8260105446825"
"302.2020936428698","299.8365553602255"
"307.3030801714002","299.8365553602255"
"315.4610694641337","315.892794375979"
"340.2222256510241","339.9771528998377"
"371.0802761074967","351.0158172232003"
"315.60866780142385","306.8611599296355"
"303.0840252732911","280.769771528929"
"269.33996750737117","262.706502636242"
"255.71225009105405","253.6748681898985"
"244.68509995026824","243.6397188049455"
"229.05436352280736","233.60456941999252"
"228.14059146865222","232.60105448166848"
"223.8268164611817","227.58347978919198"
"224.93415812154092","219.5553602811725"
"213.2924417695289","214.537785588696"
"222.03303425392036","216.5448154656295"
"235.36630048278346","237.61862917385952"
"247.68812231444815","249.660808435746"
"256.40897080928244","256.68541300515597"
"253.64996686720878","262.706502636242"
"255.51858558979785","256.68541300515597"
"249.3278100008411","256.68541300515597"
"252.5086266196318","255.681898066832"
"248.4634224276923","255.681898066832"
"248.68783083909892","256.68541300515597"
"262.2331641669085","256.68541300515597"
"265.75050737152293","255.681898066832"
"269.26036421059916","257.6889279437655"
"269.3207852003909","265.717047451785"
"244.6746253541919","262.706502636242"
"250.80000281773118","256.68541300515597"
"251.88181451177897","253.6748681898985"
"241.2369992431589","250.6643233743555"
"238.95747993595043","245.646748681879"
"220.7164679449647","232.60105448166848"
"218.13705831534293","181.4217926185795"
"171.6852684674745","137.267135325186"
"130.35815603205742","121.21089630943251"
"123.19818764969497","121.21089630943251"
"123.22736139832264","136.26362038657652"
"160.36300850870578","191.4569420035325"
"225.3532513012294","249.660808435746"
"281.40650629121325","278.7627416519955"
"272.6146358867127","282.7768014058625"
"267.69937564942865","265.717047451785"
"258.2977350598445","255.681898066832"
"262.1184663872867","252.67135325128902"
"247.65914451145085","251.667838312965"
"248.53111382038472","250.6643233743555"
"253.59995182912428","249.660808435746"
"256.4320056955321","249.660808435746"
"264.5574726185228","251.667838312965"
"267.06039322931116","263.710017574566"
"247.45558248344273","259.695957820699"
"246.3648565782401","250.6643233743555"
"255.9532420362837","245.646748681879"
"253.3704168418688","244.6432337432695"
"239.4084264737619","237.61862917385952"
"216.59028880181413","222.56590509671548"
"213.63008858524876","223.5694200350395"
"211.87364398217397","212.5307557117625"
"206.53621523039192","207.513181019286"
"207.39767479035694","215.54130052730548"
"212.22479739999318","218.55184534284848"
"229.03406010145767","228.58699472751601"
"244.11778346447372","231.59753954305899"
"262.64223221642783","238.62214411246902"
"259.8666529586676","243.6397188049455"
"249.55155777900984","247.65377855881252"
"258.93698900559406","257.6889279437655"
"273.1295317491107","262.706502636242"
"258.2651977849731","262.706502636242"
"258.05163745960334","251.667838312965"
"251.52334628120371","251.667838312965"
"261.9303782499471","261.7029876976325"
"281.5301821164792","286.79086116001497"
"320.1105945639208","307.864674868245"
"298.5760278817937","291.80843585249147"
"275.4383778464355","268.7275922670425"
"258.9990915765726","258.692442882375"
"256.6118541044516","254.6783831282225"
"248.74027783038528","253.6748681898985"
"247.56503974488498","250.6643233743555"
"245.57247552294143","253.6748681898985"
"242.16955193976833","250.6643233743555"
"244.007834605796","249.660808435746"
"242.69219927026234","248.65729349742202"
"248.69331442457957","242.63620386633602"
"255.9855583334891","248.65729349742202"
"257.6896714360406","245.646748681879"
"238.91859755397522","251.667838312965"
"255.52953393601322","253.6748681898985"
"245.95606253356596","259.695957820699"
"264.8459819636596","268.7275922670425"
"274.94986183603623","271.7381370825855"
"262.772697606318","271.7381370825855"
"264.0801489072593","267.7240773287185"
"262.7752866425179","272.741652021195"
"270.8714285695794","284.7838312830815"
"282.16283508961004","293.815465729425"
"316.8845232372522","347.0017574692448"
"336.5232066483668","342.987697715295"
"309.1486398691599","299.8365553602255"
"281.34555111084086","291.80843585249147"
"280.65061349590883","292.8119507908155"
"276.3807611324325","265.717047451785"
"256.1615134466498","255.681898066832"
"253.49028757356","252.67135325128902"
"238.98102250551352","249.660808435746"
"244.34996303678298","247.65377855881252"
"239.75138319220895","249.660808435746"
"241.75553103900756","248.65729349742202"
"254.6923499246153","267.7240773287185"
"299.7839479722846","313.8857644990455"
"441.97417352471257","431.2970123023675"
"455.25994199964094","452.3708260105975"
"385.9442175850622","356.0333919156482"
"360.8444233881488","337.9701230228471"
"336.4730143911948","360.0474516696009"
"368.6855025209751","395.170474516708"
"372.98146294795646","386.1388400703645"
"368.49601797764285","365.06502636204885"
"357.0159392453403","371.0861159929635"
"373.6791486331072","390.1528998242315"
"474.8372785577346","447.353251318121"
"358.95770178634484","353.0228471001623"
"306.810254191381","318.9033391915506"
"290.62286692425283","296.8260105446825"
"281.26508766671054","279.766256590605"
"263.287965234491","260.6994727593085"
"250.5063401976752","254.6783831282225"
"251.61211454654","254.6783831282225"
"245.9046260317785","250.6643233743555"
"250.8296880822939","248.65729349742202"
"253.21580598312698","250.6643233743555"
"254.19677761438297","255.681898066832"
"269.3513893109057","297.829525483292"
"322.06412129229136","345.9982425307552"
"440.4877327684047","426.27943760989103"
"414.5835609013634","440.328646748711"
"407.9897215851304","394.1669595780985"
"375.34532861832605","366.0685413005156"
"354.6391229273454","371.0861159929635"
"374.72311457213243","388.145869947298"
"370.33356086610183","381.121265377888"
"362.9467111544027","371.0861159929635"
"368.37526623059273","373.0931458699541"
"394.9167179530922","398.181019332251"
"478.268091131368","457.388400703074"
"431.48027378645367","434.307557117625"
"357.18561012149223","341.9841827767997"
"311.8618496595788","329.94200351494175"
"308.61292931439567","283.780316344472"
"272.9352127947754","268.7275922670425"
"266.96355812371763","254.6783831282225"
"255.3073744220331","252.67135325128902"
"248.88583385847045","249.660808435746"
"253.19105801543367","246.6502636204885"
"252.89527623689472","247.65377855881252"
"253.6703578127635","252.67135325128902"
"268.6680028991119","295.82249560635853"
"315.93439758584884","325.9279437609891"
"399.88393971050306","384.131810193431"
"406.24992944417266","388.145869947298"
"368.69672210649236","326.9314586994844"
"320.88232193689015","321.9138840070365"
"318.8226539051609","321.9138840070365"
"319.00458066068353","320.9103690685412"
"305.40838488194595","304.854130052702"
"299.41768142675267","307.864674868245"
"300.93445647491734","304.854130052702"
"330.6111967780134","316.8963093145885"
"340.6151799949613","324.9244288224938"
"304.61756517443206","297.829525483292"
"291.35057590946536","276.75571177506197"
"268.4177591764646","262.706502636242"
"260.6697576887129","259.695957820699"
"254.44086699506406","253.6748681898985"
"245.06370253227803","244.6432337432695"
"240.39378496808018","235.611599296926"
"228.68012498583715","229.5905096661255"
"235.855087577271","230.5940246044495"
"237.7835085266288","232.60105448166848"
"239.0150192273842","240.6291739894025"
"257.8464277722545","250.6643233743555"
"267.35527166024264","277.7592267136715"
"288.6229132852651","299.8365553602255"
"316.6736521986247","314.889279437655"
"309.7484645854159","297.829525483292"
"291.12202095422407","287.794376098339"
"287.4468768874557","299.8365553602255"
"289.7297095583375","305.85764499131153"
"292.22489126739276","299.8365553602255"
"290.26291165140196","289.8014059752725"
"286.7747663531642","291.80843585249147"
"302.637612815234","313.8857644990455"
"331.1351920752547","330.94551845343705"
"305.7346332077495","303.850615114378"
"275.23158987922125","278.7627416519955"
"261.6484839709559","271.7381370825855"
"256.57158251810046","266.72056239010897"
"255.55539918568033","255.681898066832"
"237.75494948749895","250.6643233743555"
"240.64572926291072","235.611599296926"
"219.17026651056233","234.608084358602"
"216.86750706125886","224.572934973649"
"213.56145360851386","223.5694200350395"
"218.98250708238777","232.60105448166848"
"234.8181728890437","232.60105448166848"
"246.2630602339673","291.80843585249147"
"318.50306096125087","340.9806678383044"
"344.5612382946112","371.0861159929635"
"356.86753827732304","340.9806678383044"
"322.8985969179878","329.94200351494175"
"322.83803085050556","335.9630931458565"
"334.0022863741234","333.9560632688944"
"329.2469551300644","313.8857644990455"
"302.5265709955816","304.854130052702"
"302.0625463053619","318.9033391915506"
"338.23361952409795","334.9595782073897"
"371.36010642061655","373.0931458699541"
"368.7957162060587","333.9560632688944"
"313.4307244690164","291.80843585249147"
"277.9675672446898","270.734622143976"
"265.8898111025364","270.734622143976"
"262.3007592381666","261.7029876976325"
"260.0099852376985","255.681898066832"
"253.56063580885913","254.6783831282225"
"248.96846445253234","251.667838312965"
"253.02056084059774","249.660808435746"
"252.37904222296146","248.65729349742202"
"249.3444425128335","245.646748681879"
"257.84563677556264","245.646748681879"
"257.01997689861275","245.646748681879"
"250.5112381359109","251.667838312965"
"270.8844987196587","252.67135325128902"
"260.11597574121606","255.681898066832"
"261.2714486162115","256.68541300515597"
"262.2276018334842","256.68541300515597"
"255.09972283801136","254.6783831282225"
"249.90830503776257","250.6643233743555"
"256.22411930704635","247.65377855881252"
"256.8762717305955","246.6502636204885"
"253.56819994849303","255.681898066832"
"268.3489299389038","272.741652021195"
"265.051039896927","267.7240773287185"
"256.0714459222877","255.681898066832"
"247.32910829629205","251.667838312965"
"246.74402635203506","245.646748681879"
"240.23334725507593","242.63620386633602"
"231.93586396973134","227.58347978919198"
"228.28551365979175","220.558875219782"
"209.11442954748608","206.509666080962"
"212.03570465583408","197.478031634333"
"179.47398021689818","195.47100175739948"
"183.27921416195107","195.47100175739948"
"203.4162660675938","203.49912126541898"
"223.26654578640608","212.5307557117625"
"202.84868248267406","215.54130052730548"
"228.7736904727028","221.56239015810598"
"228.52300400118958","229.5905096661255"
"245.20646137963948","234.608084358602"
"237.13016607578768","236.6151142355355"
"233.80648221130966","236.6151142355355"
"229.06542369767317","234.608084358602"
"233.5909404125151","235.611599296926"
"241.92983815392728","240.6291739894025"
"227.9998507232752","222.56590509671548"
"248.54695477689518","296.8260105446825"
"296.9208533787833","290.80492091388203"
"269.19821547581944","275.7521968364525"
"261.22539909722605","263.710017574566"
"256.9809364520157","255.681898066832"
"244.6372235488684","252.67135325128902"
"243.10156922024584","246.6502636204885"
"244.64916166645216","237.61862917385952"
"224.9936197129307","232.60105448166848"
"226.7084395646085","229.5905096661255"
"228.42178170707027","225.5764499122585"
"231.05664598770284","234.608084358602"
"246.54223118063948","234.608084358602"
"259.4113731196521","305.85764499131153"
"403.9433423666354","387.14235500868847"
"399.33552367388677","409.219683655528"
"376.91748055847347","379.1142355009545"
"363.32393236314147","377.107205624021"
"397.1701225412553","383.1282952548215"
"387.3014392170446","372.0896309314588"
"368.0744008894348","356.0333919156482"
"335.255617372085","348.0052724077315"
"354.3495101452455","334.9595782073897"
"355.82920082252656","353.0228471001623"
"396.3757993257123","409.219683655528"
"445.6857539886495","448.3567662567305"
"393.1905924431337","386.1388400703645"
"328.25322459692984","321.9138840070365"
"300.03880314065293","300.84007029883503"
"281.9533159612305","275.7521968364525"
"282.7777240426153","264.7135325131755"
"266.9891300408797","260.6994727593085"
"255.77996737498262","253.6748681898985"
"254.7197791396816","254.6783831282225"
"254.69095413403898","255.681898066832"
"262.0065534814701","260.6994727593085"
"273.58817846202476","277.7592267136715"
"320.08930411813037","311.878734622112"
"380.73685541286335","409.219683655528"
"414.6841698998549","408.2161687169185"
"403.102609511558","416.24428822493803"
"426.76273416372635","403.1985940247275"
"405.33348856889137","401.19156414750853"
"392.4554201201156","393.1634446397745"
"379.3610333417847","389.149384885622"
"368.0569786864919","381.121265377888"
"375.6506809534051","379.1142355009545"
"406.9899488436615","410.2231985941375"
"514.8457095293434","480.4692442882375"
"475.3815038480417","498.5325131809245"
"427.2217816075594","409.219683655528"
"349.0975656963964","314.889279437655"
"305.5430374267613","313.8857644990455"
"297.8354598942694","277.7592267136715"
"282.0341240106261","268.7275922670425"
"279.5433532045725","269.731107205652"
"272.6090557305646","264.7135325131755"
"267.6621863222495","263.710017574566"
"273.80231697438705","264.7135325131755"
"274.40402880520105","274.7486818981285"
"289.15891211650137","286.79086116001497"
"343.62491565477745","320.9103690685412"
"445.0974003300317","431.2970123023675"
"426.02648029115653","431.2970123023675"
"423.35562713858707","409.219683655528"
"407.98718008975885","383.1282952548215"
"363.420580056099","373.0931458699541"
"378.8924716767249","353.0228471001623"
"356.7084516002619","339.9771528998377"
"332.57093648917754","334.9595782073897"
"341.48142275055","334.9595782073897"
"352.046866996603","345.9982425307552"
"422.3072373624791","431.2970123023675"
"397.2601028770455","324.9244288224938"
"315.1163541768454","319.9068541300459"
"293.5001567000609","303.850615114378"
"287.5306596797267","278.7627416519955"
"266.60567714315516","268.7275922670425"
"257.9803057975367","257.6889279437655"
"256.62701307554323","261.7029876976325"
"257.46060443997567","259.695957820699"
"258.00723706261044","256.68541300515597"
"251.38580303129135","249.660808435746"
"256.9179486830288","251.667838312965"
"266.2105195476865","264.7135325131755"
"296.1072310060302","272.741652021195"
"302.0098306434147","274.7486818981285"
"299.10749181539165","325.9279437609891"
"331.87949769080814","327.93497363795115"
"335.9112930853025","322.9173989455318"
"304.6573340418862","290.80492091388203"
"290.9805559789741","279.766256590605"
"279.0053313205634","278.7627416519955"
"277.9797184422784","276.75571177506197"
"275.57338194824797","273.745166959519"
"284.4294141404446","274.7486818981285"
"287.76343790632336","270.734622143976"
"270.7988788086849","276.75571177506197"
"255.44868935654392","270.734622143976"
"256.93032005566624","270.734622143976"
"254.10522522108087","264.7135325131755"
"249.60062232850808","258.692442882375"
"237.41979322638872","249.660808435746"
"236.02000902225691","246.6502636204885"
"239.24504347892739","244.6432337432695"
"241.6262042605615","243.6397188049455"
"227.90729994064895","245.646748681879"
"243.99172688148332","254.6783831282225"
"266.28098239944205","262.706502636242"
"283.5157255438099","276.75571177506197"
"358.4975798118797","386.1388400703645"
"391.38618816814096","416.24428822493803"
"393.37720572857233","438.3216168717775"
"402.72215056193323","409.219683655528"
"404.94536851281663","409.219683655528"
"437.43017425857863","422.265377856024"
"397.9369174106011","377.107205624021"
"352.5318997846568","355.0298769771529"
"335.8930278063673","336.9666080843518"
"346.92393155228217","341.9841827767997"
"412.04546646214254","442.3356766256445"
"470.48725216597586","483.4797891037805"
"381.86065912463397","375.100175746802"
"311.7306839090486","285.7873462214055"
"279.1557158772412","279.766256590605"
"271.2760617619107","272.741652021195"
"262.6406696943775","268.7275922670425"
"266.97715145555276","267.7240773287185"
"265.2017026294974","262.706502636242"
"260.93428127957685","261.7029876976325"
"257.0372264287382","262.706502636242"
"263.56546638238984","263.710017574566"
"272.8432587278281","266.72056239010897"
"278.418178368345","270.734622143976"
"270.5061144303063","274.7486818981285"
"289.7307467219396","275.7521968364525"
"307.4630156004754","282.7768014058625"
"303.06433211990975","290.80492091388203"
"297.7170120596109","289.8014059752725"
"299.5263314272779","284.7838312830815"
"281.1965307410102","283.780316344472"
"289.5781043172006","282.7768014058625"
"284.4257832484751","287.794376098339"
"296.68740348658486","319.9068541300459"
"345.05427060797234","396.1739894553175"
"386.5482621157129","449.36028119505454"
"323.47944510944956","314.889279437655"
"294.26230555566246","285.7873462214055"
"277.2207990496751","281.77328646753847"
"271.1576518616642","278.7627416519955"
"270.8347523012461","274.7486818981285"
"267.51824777368256","272.741652021195"
"265.0480126823924","268.7275922670425"
"263.75080195585724","265.717047451785"
"266.7463402637103","259.695957820699"
"262.0752913758507","248.65729349742202"
"270.3403336434457","247.65377855881252"
"253.0953245015007","250.6643233743555"
"278.9258298928241","260.6994727593085"
"269.5529724747017","266.72056239010897"
"264.17583086394154","273.745166959519"
"273.61953583905597","278.7627416519955"
"278.81422441858524","276.75571177506197"
"270.13996951992453","273.745166959519"
"266.6921735897025","271.7381370825855"
"268.71751912066986","271.7381370825855"
"268.7151772541588","272.741652021195"
"280.95567229059304","281.77328646753847"
"293.60112652969275","293.815465729425"
"316.3154251237749","288.7978910369485"
"280.89780713865855","283.780316344472"
"276.861659774889","275.7521968364525"
"268.41920165570605","271.7381370825855"
"261.17600352208945","266.72056239010897"
"256.1479964607121","260.6994727593085"
"257.27366724114006","259.695957820699"
"253.98490623625884","253.6748681898985"
"251.58688747127923","241.632688928012"
"243.56449895955058","237.61862917385952"
"241.37798863739766","243.6397188049455"
"261.301456905255","238.62214411246902"
"282.1503855289169","291.80843585249147"
"347.2765519994336","371.0861159929635"
"376.96977669499375","421.2618629174145"
"373.10840406281056","395.170474516708"
"357.0283877347685","363.05799648505825"
"331.9084462825973","336.9666080843518"
"349.08303440217486","334.9595782073897"
"336.7937458917375","333.9560632688944"
"326.1068941138033","327.93497363795115"
"334.3526995050651","322.9173989455318"
"322.05646577907123","333.9560632688944"
"408.092106241275","410.2231985941375"
"363.5486058815592","352.0193321616956"
"344.1339927279295","334.9595782073897"
"296.59820432861636","288.7978910369485"
"279.6394876394757","278.7627416519955"
"268.6052864752146","267.7240773287185"
"256.1208913343614","262.706502636242"
"264.08708584319004","270.734622143976"
"265.8365068102748","268.7275922670425"
"260.4831691710139","270.734622143976"
"266.1150365968384","272.741652021195"
"275.91306964294097","274.7486818981285"
"284.7732275655661","279.766256590605"
"314.03611378456486","326.9314586994844"
"412.5696517393604","409.219683655528"
"434.77959904750674","452.3708260105975"
"449.2600422277411","453.3743409489215"
"405.87076669359845","394.1669595780985"
"347.0739021634394","335.9630931458565"
"352.8538182725556","332.9525483303991"
"335.1504000231292","332.9525483303991"
"321.4593760332579","326.9314586994844"
"323.39621839031037","326.9314586994844"
"340.6767728880136","335.9630931458565"
"422.5974181791169","434.307557117625"
"519.4235194631169","527.634446397174"
"439.3521949522857","423.268892794348"
"365.27902542240673","371.0861159929635"
"333.8610159197966","326.9314586994844"
"305.6319059261981","296.8260105446825"
"287.50338469544715","282.7768014058625"
"288.11587897786745","291.80843585249147"
"290.3587421565936","287.794376098339"
"281.3050871875881","285.7873462214055"
"282.8908880608877","287.794376098339"
"291.9826575585994","296.8260105446825"
"307.84040735593646","322.9173989455318"
"341.7584564061784","334.9595782073897"
"418.9405258362807","417.2478031635475"
"447.1564995533824","444.342706502578"
"452.2603865510649","455.3813708261405"
"435.4675279377599","463.4094903338745"
"442.68665085913574","441.332161687035"
"433.0582808782449","435.3110720562345"
"397.7973032269463","408.2161687169185"
"386.98557685111257","378.110720562345"
"373.08023295977716","366.0685413005156"
"383.5135137472773","364.06151142355355"
"446.83487220036875","424.2724077329575"
"540.5867105031136","587.8453427066065"
"425.5826639960811","423.268892794348"
"366.2021119334584","383.1282952548215"
"352.5063799371486","357.0369068541435"
"329.336226797432","339.9771528998377"
"321.84859808284295","310.87521968378803"
"310.67483155332394","311.878734622112"
"309.7732494685154","299.8365553602255"
"293.23927157294986","295.82249560635853"
"296.19774469530967","299.8365553602255"
"303.20444061481805","310.87521968378803"
"318.2738062722078","322.9173989455318"
"357.26837086442754","354.0263620386576"
"533.1130939939212","584.8347978910635"
"548.7431109010739","543.6906854129275"
"554.3336022450696","543.6906854129275"
"543.2078124048613","542.6871704746035"
"481.96152366151296","483.4797891037805"
"443.56754422512677","439.32513181010154"
"417.10672401169455","417.2478031635475"
"437.94618606353254","423.268892794348"
"451.1840086636472","409.219683655528"
"521.1164437268671","557.7398945517475"
"475.930230514689","492.511423550124"
"421.6408733760203","418.2513181018715"
"388.0515181358427","368.0755711775062"
"340.0172229642636","326.9314586994844"
"341.4597577934202","340.9806678383044"
"330.6982118489184","325.9279437609891"
"307.0390442383102","312.8822495607215"
"304.18387146961646","315.892794375979"
"317.23975555695637","318.9033391915506"
"311.0339075945049","318.9033391915506"
"402.4775598026885","386.1388400703645"
"530.9106102740378","594.8699472760165"
"623.5115591220756","630.9964850613906"
"507.6847612118884","503.550087873401"
"431.719472196783","433.304042179301"
"405.1976379365796","404.2021089630515"
"401.5192210159291","402.19507908611797"
"451.74744233496455","434.307557117625"
"560.5534347728048","559.746924428681"
"435.39115168291204","431.2970123023675"
"369.82341653303337","377.107205624021"
"391.26809985403213","394.1669595780985"
"324.9893707624871","328.93848857644645"
"373.1062754251322","377.107205624021"
"343.90460784332157","341.9841827767997"
"331.3159754431974","330.94551845343705"
"332.2854175076142","335.9630931458565"
"339.8320561981365","339.9771528998377"
"345.2995141217145","327.93497363795115"
"360.26931222206133","316.8963093145885"
"384.5724145312166","328.93848857644645"
"334.97367766897145","347.0017574692448"
"354.8702070368521","394.1669595780985"
"439.841032300626","413.233743409395"
"408.0190394446559","381.121265377888"
"361.5433882073522","358.0404217926103"
"333.2819795807602","335.9630931458565"
"335.6035095679033","328.93848857644645"
"328.6120420071739","333.9560632688944"
"371.32332105846007","378.110720562345"
"474.0105718946213","508.5676625658775"
"456.3440448774006","499.53602811953397"
"382.0747124156686","386.1388400703645"
"360.402233261683","356.0333919156482"
"343.15947795558463","352.0193321616956"
"323.3967278202597","322.9173989455318"
"330.14205606342847","328.93848857644645"
"315.01283253709335","318.9033391915506"
"310.6502052450155","306.8611599296355"
"309.9149561290419","305.85764499131153"
"306.5078476529405","306.8611599296355"
"312.8632521849772","301.843585237159"
"339.49146035807036","300.84007029883503"
"331.7739639881685","301.843585237159"
"307.49083233308494","301.843585237159"
"306.2186421646469","320.9103690685412"
"336.86977160151076","317.899824253198"
"320.1563448624004","317.899824253198"
"320.2060733769419","305.85764499131153"
"302.85464569559787","291.80843585249147"
"292.44554370193555","290.80492091388203"
"289.1846810991062","308.868189806569"
"326.59480993926354","321.9138840070365"
"362.3423440729723","386.1388400703645"
"430.26568442093344","438.3216168717775"
"398.7253805413883","393.1634446397745"
"334.19133003612797","338.9736379613424"
"310.64977685626553","334.9595782073897"
"316.60057259515236","325.9279437609891"
"303.8922568136081","317.899824253198"
"316.37832043982036","305.85764499131153"
"303.4297279395884","303.850615114378"
"294.0265403900911","302.8471001757685"
"302.1693683441749","298.8330404219015"
"309.16236306022745","314.889279437655"
"321.95861692835865","317.899824253198"
"370.0262802507509","431.2970123023675"
"539.1075814893657","594.8699472760165"
"587.364795915269","592.862917399083"
"550.9883119219521","549.7117750440135"
