"DataEntries: 8756, TestEntries: 24, Epochs: 3000, UseTestData: true, LimitEntries: true, Firstlayer#: 7, SecondLayer: true, SecondLayer#: 17, Predict: true, Curvebehaviour: false, Stacksize: 6, useLastXDays: false, Max: 1561.0, Min: 1.0, Curve behaviour: false, Historical: true, useAverage: false, priceStack24, Skewness: false, SkewStack: 12",", useNewMethod: false"
"Range: 6567 to 8756"
"Actual","Ideal"
"286.76746636855256","288.00000000022"
"268.5438269193477","281.99999999967997"
"274.00470304264223","279.99999999976"
"260.98455147744335","274.99999999996"
"273.0405011136706","279.99999999976"
"257.35239176574896","263.99999999962006"
"236.51167422408946","219.99999999981992"
"225.0890731581169","217.99999999989996"
"170.9878664322939","215.99999999998"
"230.18200436379266","222.99999999969998"
"207.29139678751073","237.99999999987995"
"226.33495166113357","256.99999999990007"
"265.3224679536935","274.0"
"261.9457644386349","277.99999999984004"
"241.9643562850531","279.99999999976"
"266.4912906090948","279.99999999976"
"241.1767224960895","277.99999999984004"
"244.71204946498256","275.99999999991996"
"258.1694479039087","277.99999999984004"
"331.3789028192319","278.9999999998"
"301.87373760557944","284.00000000038"
"339.00155885356634","291.00000000010004"
"275.1024896734699","293.00000000002"
"287.1423488735372","290.00000000014006"
"285.61596867346793","286.0000000003"
"292.00382432626446","280.99999999972"
"291.59768967665275","279.99999999976"
"265.2488390266228","270.00000000016"
"270.8632462384416","269.00000000020003"
"239.56291828494773","265.00000000036005"
"256.61585585441424","268.00000000024"
"225.0890731581169","273.00000000004"
"265.439917882818","277.99999999984004"
"297.95420535349103","287.00000000026"
"316.05911112601285","313.99999999996"
"302.80491937303503","343.00000000036"
"331.67997285419267","343.00000000036"
"337.21405569014377","346.00000000024005"
"345.23335377111783","340.99999999966"
"366.3861624551918","335.99999999986"
"294.47418965206606","319.99999999972005"
"302.7798599353339","312.00000000004"
"318.1932815119642","319.99999999972005"
"347.6055283434185","319.99999999972005"
"330.6041999174066","349.00000000012"
"425.97191295757773","409.00000000005997"
"371.8674573401606","408.0000000001"
"359.00554166606","346.00000000024005"
"328.4692832090175","302.99999999962"
"309.00305519708826","297.99999999982003"
"272.4802073307493","291.00000000010004"
"290.0807787059546","277.99999999984004"
"277.9914321237817","278.9999999998"
"279.39738915473566","275.99999999991996"
"255.4795378689896","259.99999999978"
"225.0890731581169","240.99999999976"
"233.39525833539642","255.9999999999401"
"292.71162592461536","275.99999999991996"
"287.3840872983948","312.00000000004"
"312.89303171579974","333.99999999994003"
"345.2545583528171","333.99999999994003"
"324.18319062855494","343.00000000036"
"330.1305142175588","336.99999999982"
"314.4825731933428","339.99999999970004"
"295.99735385473605","337.99999999977996"
"306.36719157987045","327.00000000022"
"313.64486001788913","320.99999999968"
"295.2950098804479","317.99999999979997"
"328.2950802188707","340.99999999966"
"366.39868288088223","365.00000000025994"
"337.3347425562384","348.00000000016"
"347.1171501609726","339.99999999970004"
"323.9794199934639","313.99999999996"
"311.9949674230654","306.00000000028"
"277.1843094790007","290.00000000014006"
"279.4349163020781","276.99999999988006"
"281.5373440578109","265.00000000036005"
"271.7911753162821","254.99999999998"
"237.10797304102255","258.99999999982003"
"225.0890731581169","259.99999999978"
"270.513618625152","274.0"
"297.82553365419324","285.00000000034004"
"312.5003926932482","323.00000000038"
"327.90681213900115","369.0000000001"
"338.30983812480525","341.99999999962"
"327.0059557813653","323.00000000038"
"329.2980861295637","318.99999999976"
"320.0942833427444","328.00000000018"
"296.27857399891866","341.99999999962"
"316.06849438877634","337.99999999977996"
"353.1466424711006","341.99999999962"
"357.7990759265975","345.00000000027995"
"341.03180622128684","356.99999999979997"
"394.1494882470028","395.99999999979997"
"370.16582277961135","371.00000000002"
"325.6357764651744","327.00000000022"
"315.0084266943266","313.0"
"311.23592127824935","313.0"
"292.4661157131277","292.00000000006"
"275.3880208469947","280.99999999972"
"271.79521884756184","269.00000000020003"
"253.66512513332634","261.9999999997"
"256.3116924632087","260.99999999974"
"225.0890731581169","261.9999999997"
"268.6885170997382","270.00000000016"
"276.59667255556764","281.99999999967997"
"293.48059994018877","315.99999999988"
"318.56469622450516","337.99999999977996"
"346.2280497379216","337.99999999977996"
"324.0436966075632","334.9999999999"
"327.3583646355922","328.00000000018"
"324.92311761337226","334.9999999999"
"293.5338236992977","334.9999999999"
"302.9484234916496","334.9999999999"
"330.2526849718317","335.99999999986"
"345.4272028892245","336.99999999982"
"328.6101507596305","353.99999999992"
"387.9299773433961","393.99999999988"
"367.9774916098863","350.00000000008"
"337.25398932687307","334.9999999999"
"308.0361374030994","313.99999999996"
"303.4497851747538","292.00000000006"
"266.6614100183384","288.00000000022"
"274.01696920368556","274.99999999996"
"266.29062387830663","270.00000000016"
"250.26689052551603","256.99999999990007"
"238.46451803658988","252.00000000010004"
"225.0890731581169","254.99999999998"
"250.76447757215453","266.00000000032003"
"284.217310044773","279.99999999976"
"330.71921891980105","306.00000000028"
"316.9446175238468","309.00000000015996"
"312.8045751253339","316.99999999984"
"321.67793844119456","318.99999999976"
"265.24421885357833","313.99999999996"
"322.3550653320583","313.99999999996"
"280.0493137829584","313.99999999996"
"300.16809843451864","310.00000000011994"
"302.7381328648693","298.99999999978"
"304.3200468809373","301.99999999965996"
"323.74966259274055","317.99999999979997"
"341.24074035967897","380.99999999961994"
"361.8393258737343","359.99999999967997"
"341.1701080030722","332.00000000002007"
"308.9262802026711","299.99999999974"
"306.4743874630408","276.99999999988006"
"262.7001352693428","285.00000000034004"
"285.4418692990557","277.99999999984004"
"280.12392770464186","289.00000000017997"
"281.2958529392223","282.99999999963995"
"258.02536464070056","282.99999999963995"
"225.0890731581169","286.0000000003"
"262.0655982328293","279.99999999976"
"282.4277971970933","284.00000000038"
"295.3515632063118","297.99999999982003"
"280.32702821450823","299.99999999974"
"287.339437768533","304.00000000036005"
"278.6369905864967","304.00000000036005"
"292.2686515423519","305.00000000032003"
"284.05797679347995","304.00000000036005"
"286.0328481034872","304.00000000036005"
"302.03436305174324","300.9999999997"
"296.65081971913736","299.99999999974"
"277.27201213733326","306.00000000028"
"320.9465061878954","332.00000000002007"
"339.2862650583238","338.99999999973994"
"308.466300088489","335.99999999986"
"301.5074876097573","313.99999999996"
"294.3588749719911","310.00000000011994"
"300.0407446980699","311.00000000008004"
"276.1966833450254","302.99999999962"
"292.7255158749167","292.00000000006"
"281.195977222125","291.00000000010004"
"281.095357411005","284.00000000038"
"259.1501239418649","280.99999999972"
"225.0890731581169","277.99999999984004"
"261.24518441495525","277.99999999984004"
"294.3657558118373","275.99999999991996"
"317.2526092618543","282.99999999963995"
"276.04868972089594","287.00000000026"
"285.32840311153296","293.99999999998"
"276.2604996702278","312.00000000004"
"304.19481257666934","316.99999999984"
"309.39458715399815","316.99999999984"
"295.7929350674953","320.99999999968"
"306.27505353836403","312.00000000004"
"269.00301790972725","314.99999999992"
"332.605763525061","315.99999999988"
"323.55255250770585","344.00000000032"
"355.7365895801138","349.00000000012"
"334.4971724663013","339.99999999970004"
"306.88419025228404","323.00000000038"
"300.5503429760537","312.00000000004"
"307.7439109407378","313.0"
"312.112250993949","308.0000000002"
"290.24892316532805","293.00000000002"
"278.97872517569226","284.00000000038"
"277.04707974613876","275.99999999991996"
"256.0379078807557","262.9999999996601"
"225.0890731581169","259.99999999978"
"243.86303029788735","276.99999999988006"
"288.94680117290665","291.00000000010004"
"345.7513393772804","364.00000000029996"
"338.078363196323","431.99999999992"
"362.4656015627844","383.00000000032003"
"376.430463043533","356.99999999979997"
"363.2522538459469","356.99999999979997"
"367.0290425481242","371.00000000002"
"296.44860101568514","422.00000000032"
"388.9358487342986","389.00000000008004"
"386.8103304259577","379.99999999965996"
"392.2895954008788","409.00000000005997"
"405.3845885838783","495.9999999997"
"462.3541448054273","512.9999999998"
"406.9244294049508","362.00000000038"
"323.10729625753976","316.99999999984"
"304.57467875317656","308.0000000002"
"308.89056333349623","302.99999999962"
"276.3760316866029","300.9999999997"
"291.297765254289","290.00000000014006"
"281.24431209545173","290.00000000014006"
"279.80343809743607","286.0000000003"
"258.5206242543113","288.00000000022"
"225.0890731581169","284.00000000038"
"262.15682647360256","289.00000000017997"
"296.75704519565846","306.00000000028"
"341.57233086872543","338.99999999973994"
"331.5955449729547","409.00000000005997"
"346.48648955179675","368.00000000014"
"368.462880788144","351.99999999999994"
"337.8117074660746","343.00000000036"
"365.2585230717296","352.99999999996004"
"296.3155657915484","359.99999999967997"
"323.81389323171777","352.99999999996004"
"330.85702262186004","347.00000000020003"
"351.86844871269966","365.00000000025994"
"394.4304967011077","429.00000000004"
"441.9824921504171","455.99999999974"
"373.55816761370727","356.99999999979997"
"343.8144382018806","345.00000000027995"
"313.4789205237591","319.99999999972005"
"310.28627216718365","318.99999999976"
"324.8662650895933","307.00000000024"
"289.14028864928645","295.99999999989996"
"279.90704054455915","295.99999999989996"
"279.40239470523954","289.00000000017997"
"261.02501496805337","290.00000000014006"
"225.0890731581169","292.00000000006"
"291.2935286097354","297.99999999982003"
"297.2109961889321","312.00000000004"
"315.1643844537095","343.00000000036"
"329.2324457315767","372.99999999994"
"336.4685302114706","378.9999999997"
"374.828126491921","365.00000000025994"
"348.8831219370146","362.00000000038"
"366.8473976758511","366.00000000022"
"296.41042564208465","363.00000000034"
"308.9416030365284","358.99999999972"
"332.1237880858607","357.99999999976"
"351.69134843123715","369.0000000001"
"391.82404144020427","409.00000000005997"
"442.1424757635274","484.00000000018"
"379.42689665050256","359.99999999967997"
"339.0629834672591","336.99999999982"
"309.94236386093223","318.99999999976"
"308.7051657538731","323.00000000038"
"322.9207768063931","319.99999999972005"
"291.0268855084173","300.9999999997"
"280.40005091281233","305.00000000032003"
"278.7525256258784","296.99999999985994"
"287.4795630385339","297.99999999982003"
"225.0890731581169","299.99999999974"
"285.0704480968267","309.00000000015996"
"285.3735753693157","320.99999999968"
"369.33816508739386","345.00000000027995"
"329.8681694975454","410.00000000001995"
"345.54401163992765","334.9999999999"
"325.1654803634408","324.00000000034"
"327.1550806110135","319.99999999972005"
"327.8344411734471","331.00000000005997"
"295.8546435497597","368.00000000014"
"324.62863054870553","346.00000000024005"
"365.3587869605662","350.00000000008"
"350.2314416079773","372.99999999994"
"393.5608073486938","430.0"
"457.01776193715597","508.0"
"402.0075918962082","382.00000000036"
"324.5384696261077","325.0000000003"
"305.262983783172","317.99999999979997"
"308.87346331451255","319.99999999972005"
"306.69789727955566","313.99999999996"
"287.7446123570947","304.00000000036005"
"278.26385060000575","306.00000000028"
"273.68852790629654","296.99999999985994"
"288.3287205918912","295.99999999989996"
"225.0890731581169","297.99999999982003"
"279.3040342141706","293.99999999998"
"256.5517353985226","308.0000000002"
"307.3397686848505","335.99999999986"
"327.18304820407155","377.99999999974"
"337.14037285616774","336.99999999982"
"324.100767690877","332.99999999998005"
"324.9523933464713","329.00000000014"
"323.97296835366524","336.99999999982"
"288.42067788021416","334.9999999999"
"301.36786269602095","330.0000000001"
"306.1242582178116","328.00000000018"
"305.1003663965134","330.0000000001"
"330.16692022923644","364.00000000029996"
"360.78486798605746","385.00000000024"
"330.7844533548893","345.00000000027995"
"307.4693869830182","321.99999999964"
"293.18022274751326","319.99999999972005"
"318.7043760941298","317.99999999979997"
"287.45757707396615","313.0"
"284.60112780171073","304.00000000036005"
"272.97030285455264","305.00000000032003"
"261.8922613635091","293.99999999998"
"287.826966041427","280.99999999972"
"225.0890731581169","277.99999999984004"
"281.46808265486135","281.99999999967997"
"234.8325199992904","289.00000000017997"
"243.02277650793724","298.99999999978"
"323.7043840643086","312.00000000004"
"299.30650350382905","317.99999999979997"
"284.58874714974144","318.99999999976"
"298.7017904181871","318.99999999976"
"318.3346676033106","318.99999999976"
"286.7109499496767","313.0"
"299.7327574413559","312.00000000004"
"307.364699462388","313.99999999996"
"333.9744251003356","318.99999999976"
"328.31341903892087","331.00000000005997"
"436.74433015425655","334.9999999999"
"373.09743378141957","329.00000000014"
"303.99229306077547","319.99999999972005"
"303.7817899886324","316.99999999984"
"312.59397757244324","320.99999999968"
"332.43560940536395","321.99999999964"
"307.7850969899722","313.99999999996"
"304.6755088711417","318.99999999976"
"304.58046105767556","308.0000000002"
"293.19471555684015","293.00000000002"
"225.08907315811678","292.00000000006"
"299.7119824787712","293.99999999998"
"297.63737902994524","293.99999999998"
"313.0595033702452","289.00000000017997"
"323.25788256799694","291.00000000010004"
"297.46353908371213","298.99999999978"
"284.63755137051317","319.99999999972005"
"323.5183853070277","328.00000000018"
"316.1983922994053","326.00000000026"
"326.3934432835367","324.00000000034"
"316.1826581316429","320.99999999968"
"318.5199428645456","318.99999999976"
"348.25240043290864","323.00000000038"
"329.3324569897295","346.00000000024005"
"382.940337827235","350.00000000008"
"365.74341385807855","341.99999999962"
"330.6208981557086","332.99999999998005"
"327.42915967716357","327.00000000022"
"315.77548218302684","330.0000000001"
"337.9084891392496","321.99999999964"
"327.5552432759963","308.0000000002"
"304.59942045295406","310.00000000011994"
"304.1412562223392","300.9999999997"
"292.2435714072947","290.00000000014006"
"225.08907315811678","290.00000000014006"
"284.26574813633795","296.99999999985994"
"297.93674039459273","318.99999999976"
"325.71882602181165","345.00000000027995"
"367.45751283376205","366.00000000022"
"341.414935893604","333.99999999994003"
"327.0792491099079","326.00000000026"
"338.5825067703437","327.00000000022"
"365.7733941181007","333.99999999994003"
"331.92552943501767","341.99999999962"
"342.16298450061925","346.00000000024005"
"339.07660093627237","350.00000000008"
"388.7957853455145","347.00000000020003"
"393.49517255088944","351.99999999999994"
"398.294834752026","348.00000000016"
"367.3909832157274","332.00000000002007"
"313.56578280416574","318.99999999976"
"321.71415986882346","314.99999999992"
"314.33446302857936","330.0000000001"
"337.9911510092876","325.0000000003"
"338.8062014056935","314.99999999992"
"304.69415672053213","315.99999999988"
"304.51126120035667","313.99999999996"
"293.8449731119607","313.0"
"225.08907315811655","309.00000000015996"
"276.0044431883524","313.0"
"297.8922353926403","327.00000000022"
"324.8787008048192","368.00000000014"
"396.9036337737688","410.00000000001995"
"382.39546818710915","330.0000000001"
"324.0229251378956","325.0000000003"
"327.6122612732579","325.0000000003"
"320.53245509041443","328.00000000018"
"296.394324543062","373.9999999999"
"354.6989940244805","375.99999999982003"
"363.7655320537593","363.00000000034"
"401.3111597845004","385.00000000024"
"402.51566974719674","438.99999999964"
"459.9740820049151","465.00000000015996"
"382.7589845005929","378.9999999997"
"332.1143382934834","345.00000000027995"
"355.6225733883942","333.99999999994003"
"316.7467625316437","337.99999999977996"
"339.04400108888154","328.00000000018"
"303.38821921020957","316.99999999984"
"304.5011142378492","316.99999999984"
"304.29362964712413","312.00000000004"
"294.63597526510836","311.00000000008004"
"225.08907315811655","304.00000000036005"
"272.1170760147036","309.00000000015996"
"297.93953323007196","330.0000000001"
"326.4656290230233","359.99999999967997"
"455.33673683987513","378.9999999997"
"350.3975094966015","364.00000000029996"
"341.76969952339306","345.00000000027995"
"332.98754157476924","344.00000000032"
"364.92868996605074","340.99999999966"
"296.27730030500106","343.00000000036"
"314.4867704527317","339.99999999970004"
"314.8749021793727","338.99999999973994"
"351.7114157293188","351.00000000003996"
"391.1982215506713","376.99999999978"
"402.4493227226831","409.00000000005997"
"372.6244029358819","344.00000000032"
"343.4163086143591","338.99999999973994"
"321.9568267468394","324.00000000034"
"314.95239301601936","330.0000000001"
"336.7597588344492","327.00000000022"
"311.94256112927843","317.99999999979997"
"304.4140123935447","317.99999999979997"
"304.46508921146244","315.99999999988"
"296.1320311359287","315.99999999988"
"225.08907315811655","314.99999999992"
"328.5604046135403","319.99999999972005"
"297.9676366409065","327.00000000022"
"326.45287361676753","365.00000000025994"
"407.69546385143565","351.99999999999994"
"337.168797532382","351.99999999999994"
"354.2817265909234","344.00000000032"
"363.45855611384616","343.00000000036"
"366.3811341907599","344.00000000032"
"340.1298714563859","348.00000000016"
"340.23881943522434","347.00000000020003"
"337.75006047053637","352.99999999996004"
"385.61466427621224","408.0000000001"
"417.3377595688301","437.99999999967997"
"462.0445784690433","520.0000000003"
"409.3615728423051","455.99999999974"
"393.20497937167914","409.00000000005997"
"353.32592096989725","340.99999999966"
"337.63657451431357","339.99999999970004"
"339.96102893405356","332.00000000002007"
"301.18676115337513","326.00000000026"
"304.4413457456038","319.99999999972005"
"303.5715227277611","315.99999999988"
"295.45793718812376","312.00000000004"
"225.08907315811655","308.0000000002"
"304.28670158444794","306.00000000028"
"296.3902693415478","324.00000000034"
"325.35394851281455","372.99999999994"
"359.34993441214215","432.99999999988"
"400.0196320106621","409.00000000005997"
"364.3592675808741","354.99999999988"
"342.9079376146649","353.99999999992"
"366.25883516969935","354.99999999988"
"296.28615846144305","346.00000000024005"
"307.2863530947058","336.99999999982"
"335.3920939475118","332.99999999998005"
"337.09071773718586","339.99999999970004"
"346.69650329813925","352.99999999996004"
"378.773959029089","387.00000000015996"
"348.08077082082156","332.99999999998005"
"307.59867989707277","324.00000000034"
"299.6826084963037","316.99999999984"
"304.1761407253516","315.99999999988"
"299.76603654294945","313.0"
"288.0514486731689","309.00000000015996"
"278.486050640559","305.00000000032003"
"270.98050935796334","301.99999999965996"
"290.4360852655122","299.99999999974"
"225.08907315811655","298.99999999978"
"292.320105144327","300.9999999997"
"266.1291067478095","305.00000000032003"
"312.870529222801","311.00000000008004"
"311.9161079490754","311.00000000008004"
"305.1796066208499","313.0"
"314.37824756713684","313.0"
"303.9548433735431","315.99999999988"
"320.80449766246414","315.99999999988"
"293.0105435567152","314.99999999992"
"300.0551138895625","313.99999999996"
"300.07272152973263","313.99999999996"
"341.19513948177735","316.99999999984"
"327.7144942166071","332.00000000002007"
"375.06786145931454","336.99999999982"
"378.76014539153863","327.00000000022"
"301.7804458921177","317.99999999979997"
"300.6352173317484","315.99999999988"
"311.63468327332765","314.99999999992"
"329.4181451854662","314.99999999992"
"297.5764528852682","313.0"
"303.37208558913363","312.00000000004"
"283.32650645942886","307.00000000024"
"292.14452480235093","305.00000000032003"
"225.08907315811655","305.00000000032003"
"300.69162601373046","297.99999999982003"
"297.07774532310106","293.99999999998"
"310.7886753918509","304.00000000036005"
"304.75830469732097","305.00000000032003"
"299.476660640092","310.00000000011994"
"307.36690867739856","312.00000000004"
"321.20020929739684","313.0"
"312.4796419174777","314.99999999992"
"295.7430368295711","314.99999999992"
"304.3720225661775","313.99999999996"
"313.9203988662929","314.99999999992"
"347.8002948704095","316.99999999984"
"329.0751572081589","317.99999999979997"
"379.3392009719745","317.99999999979997"
"347.80407085084033","317.99999999979997"
"302.10975756952575","316.99999999984"
"310.23913296292136","315.99999999988"
"314.1325187997433","315.99999999988"
"333.32753271468596","314.99999999992"
"312.70464039995295","312.00000000004"
"304.5226878920974","299.99999999974"
"296.3825529352087","295.99999999989996"
"292.12443749676714","295.99999999989996"
"225.08907315811655","296.99999999985994"
"301.4435613342065","297.99999999982003"
"297.87160671485185","313.0"
"323.41230718821254","332.00000000002007"
"324.95308280251464","324.00000000034"
"346.927385348525","319.99999999972005"
"323.3602195466835","316.99999999984"
"329.38107081494945","319.99999999972005"
"334.60731335198136","324.00000000034"
"328.64173732560096","332.00000000002007"
"300.61163052960995","325.0000000003"
"314.0544375847325","323.00000000038"
"351.700527826453","360.99999999964"
"394.848360486448","484.00000000018"
"462.4417406482876","518.0000000003799"
"408.1087840836073","366.00000000022"
"321.96094972062906","316.99999999984"
"313.72595961892176","313.0"
"314.02475470320843","313.0"
"333.1862433856604","310.00000000011994"
"314.3941886139146","306.00000000028"
"303.4153516706574","300.9999999997"
"294.8388107641073","297.99999999982003"
"292.64099301386995","296.99999999985994"
"225.08907315811655","298.99999999978"
"297.45148322187265","300.9999999997"
"297.90697314464126","315.99999999988"
"324.3209305757518","330.0000000001"
"321.185788313891","320.99999999968"
"345.771513591489","320.99999999968"
"323.3136788295519","314.99999999992"
"326.13182682301607","313.99999999996"
"316.5301065541923","316.99999999984"
"296.0375321849975","316.99999999984"
"306.6136229664787","313.99999999996"
"322.3515869995558","312.00000000004"
"350.7644827970211","328.00000000018"
"393.2673881663731","402.00000000034"
"460.12331590323004","402.00000000034"
"372.49931290102097","324.00000000034"
"307.75750635360083","311.00000000008004"
"305.13961506500135","307.00000000024"
"313.4053021895706","306.00000000028"
"306.88448929354075","302.99999999962"
"297.58578887065505","298.99999999978"
"281.40536656882284","297.99999999982003"
"280.16577212662446","291.00000000010004"
"290.7702156405951","291.00000000010004"
"225.08907315811655","293.99999999998"
"296.70448081834706","297.99999999982003"
"297.64471148637676","309.00000000015996"
"322.75587247444525","313.99999999996"
"343.68427754940444","313.99999999996"
"343.088466738996","313.0"
"320.8462299593318","306.00000000028"
"323.28223130760927","305.00000000032003"
"315.3234016963361","306.00000000028"
"295.6697416804693","305.00000000032003"
"303.04281677285695","305.00000000032003"
"314.99565801438104","305.00000000032003"
"346.94470663032445","315.99999999988"
"339.0955580845929","319.99999999972005"
"334.4774461631477","315.99999999988"
"266.1840711749152","308.0000000002"
"296.5151734897044","304.00000000036005"
"292.9930651547096","298.99999999978"
"286.44831175488343","293.00000000002"
"279.80026038757455","290.00000000014006"
"273.1545847677548","281.99999999967997"
"239.05685532961058","274.99999999996"
"216.92890215972238","270.00000000016"
"259.92594975880263","269.00000000020003"
"225.0890731581169","271.00000000012"
"281.83505394236647","274.99999999996"
"278.4792732198542","282.99999999963995"
"298.84770482903576","295.99999999989996"
"314.32843600132964","305.00000000032003"
"310.47292525894727","305.00000000032003"
"317.8875019122822","299.99999999974"
"307.2671347314904","298.99999999978"
"297.47777247439365","300.9999999997"
"260.4018393400737","300.9999999997"
"299.22257099011944","299.99999999974"
"299.9071804751054","304.00000000036005"
"342.68624549849085","320.99999999968"
"334.0114074686621","310.00000000011994"
"346.6963947219147","314.99999999992"
"307.0529077546792","305.00000000032003"
"294.8531454338233","300.9999999997"
"290.39980726958345","295.99999999989996"
"275.2653995701561","292.00000000006"
"251.43592744492378","288.00000000022"
"264.84794785313306","277.99999999984004"
"209.46680920239828","262.9999999996601"
"204.12921635373652","254.00000000002"
"258.64147834250446","250.00000000017997"
"225.0890731581169","253.00000000006003"
"268.24615778618477","260.99999999974"
"227.4081991228211","267.00000000028"
"251.19698517434244","284.00000000038"
"321.36957689200455","291.00000000010004"
"295.3523996908109","290.00000000014006"
"278.76982450929165","288.00000000022"
"241.70702486057132","288.00000000022"
"282.8766389568488","289.00000000017997"
"245.00062275080563","289.00000000017997"
"295.6948012183019","290.00000000014006"
"295.43431900020903","290.00000000014006"
"300.949367487807","292.00000000006"
"323.4329836211383","297.99999999982003"
"302.2284854227777","299.99999999974"
"288.58120761258897","293.00000000002"
"284.55781535289464","286.0000000003"
"278.1472534898208","277.99999999984004"
"267.66710667625887","273.00000000004"
"239.97753788647844","271.00000000012"
"261.15648186294015","261.9999999997"
"205.53149746445592","252.00000000010004"
"203.4515510907229","237.99999999987995"
"237.03854504415085","231.00000000015996"
"225.0890731581169","229.00000000024"
"247.57572774179528","234.0000000000399"
"222.94763595119696","242.99999999968009"
"239.2547964550754","254.99999999998"
"243.35011776337797","255.9999999999401"
"273.7156174650568","259.99999999978"
"265.9465094912323","265.00000000036005"
"227.66850155739178","268.00000000024"
"261.3798895656055","269.00000000020003"
"214.27051215338702","265.00000000036005"
"265.9418968501203","262.9999999996601"
"256.53986792251555","265.00000000036005"
"261.32297997720946","274.99999999996"
"302.86547974883314","280.99999999972"
"242.45394612663188","284.00000000038"
"256.90909449204423","279.99999999976"
"267.84200060491696","272.00000000008"
"242.99987500754742","265.00000000036005"
"236.89325415739802","261.9999999997"
"222.00051773678706","256.99999999990007"
"259.7071323757177","239.99999999980002"
"203.18977800133246","223.99999999965996"
"203.16972493525464","195.00000000004002"
"188.87726057184284","161.99999999980002"
"225.0890731581169","151.00000000024"
"157.8856547004233","185.99999999961994"
"157.2158526436849","172.00000000018008"
"196.35756994992687","180.99999999982003"
"215.34880395563528","190.00000000024"
"222.8985061904906","224.99999999961994"
"240.8438593023469","255.9999999999401"
"224.83851351407282","259.99999999978"
"206.93630008848595","262.9999999996601"
"178.24363595194188","265.00000000036005"
"253.24868334130338","258.99999999982003"
"253.37285872519044","255.9999999999401"
"238.3802353114976","262.9999999996601"
"299.54063119149214","281.99999999967997"
"231.3640254274112","287.00000000026"
"283.0284957967412","282.99999999963995"
"260.0286320619032","278.9999999998"
"239.18428186479287","274.99999999996"
"236.78361463047372","268.00000000024"
"197.22704881577283","258.99999999982003"
"259.7246653681135","253.00000000006003"
"203.71371485948532","196.0"
"203.17445143629004","197.99999999991996"
"192.74715301766582","241.99999999972"
"225.0890731581169","248.00000000026"
"256.0034705847444","253.00000000006003"
"239.21693602705307","262.9999999996601"
"295.32447630068947","278.9999999998"
"322.60894656473585","304.00000000036005"
"305.1747258760465","304.00000000036005"
"308.7724973606317","305.00000000032003"
"304.59140010036174","302.99999999962"
"300.0438543162258","311.00000000008004"
"292.4495694308758","316.99999999984"
"301.1445852668238","302.99999999962"
"321.21411048351393","317.99999999979997"
"335.46144358766173","333.99999999994003"
"377.76432762406137","371.99999999998"
"375.39335229466343","418.99999999966"
"349.69147544438084","313.0"
"295.2141522647405","294.99999999994"
"286.25445210010355","282.99999999963995"
"268.653687362912","277.99999999984004"
"257.01155846758024","269.00000000020003"
"261.6182373108652","256.99999999990007"
"208.1448135726596","256.99999999990007"
"205.3427181535037","249.00000000021998"
"267.39393272783286","248.00000000026"
"225.0890731581169","250.00000000017997"
"269.6447485316532","254.00000000002"
"237.29432492006902","261.9999999997"
"258.62646112749815","282.99999999963995"
"306.23226520294014","300.9999999997"
"302.3870095354147","293.99999999998"
"282.56509938491723","285.00000000034004"
"265.2523241909431","287.00000000026"
"295.159723243228","288.00000000022"
"235.47860092692565","288.00000000022"
"296.87131523238645","288.00000000022"
"298.61333617025286","290.00000000014006"
"281.2227409285642","302.99999999962"
"329.5269893436617","307.00000000024"
"315.33305852901333","305.00000000032003"
"290.28972365573355","290.00000000014006"
"284.1420330574375","281.99999999967997"
"279.3437512717986","272.00000000008"
"268.17616644823636","267.00000000028"
"236.21910101978847","257.99999999986005"
"260.1639170832518","245.00000000037994"
"203.29371988256923","235.99999999995998"
"203.19201848185548","208.00000000030002"
"197.15668027409276","199.99999999984004"
"225.0890731581169","213.00000000009993"
"242.55334288539723","235.0"
"206.34672407614698","253.00000000006003"
"249.8980992611083","263.99999999962006"
"284.0985192154654","277.99999999984004"
"294.49681955079024","278.9999999998"
"276.48047155982493","277.99999999984004"
"242.12101485967764","276.99999999988006"
"280.9946475966719","275.99999999991996"
"233.47717240436248","277.99999999984004"
"295.6774902801936","277.99999999984004"
"298.26596669222306","279.99999999976"
"272.0820030197778","285.00000000034004"
"324.473680596393","289.00000000017997"
"337.0163609352896","293.99999999998"
"276.53762740252705","284.00000000038"
"286.0374583196682","277.99999999984004"
"282.3461389692351","272.00000000008"
"275.0075095543143","268.00000000024"
"249.15161772981048","261.9999999997"
"260.83342742627326","252.00000000010004"
"205.27389918470283","241.99999999972"
"203.41129746058402","218.99999999985994"
"198.3395692762956","215.99999999998"
"225.0890731581169","220.99999999978002"
"244.2819491528884","234.0000000000399"
"202.92951449193345","254.00000000002"
"246.32214707309265","265.00000000036005"
"278.4757908239558","277.99999999984004"
"286.54131642323046","277.99999999984004"
"271.9598050632353","274.99999999996"
"228.09394374341855","274.0"
"277.2367530822728","274.99999999996"
"218.51078508165403","274.0"
"293.70845725021184","274.0"
"294.11354881912285","275.99999999991996"
"282.64510257556594","284.00000000038"
"323.8995124704417","289.00000000017997"
"306.80070182973253","290.00000000014006"
"326.1098313458111","281.99999999967997"
"286.898692157645","277.99999999984004"
"284.8680913852214","274.0"
"286.7355934379271","272.00000000008"
"271.7692504410312","269.00000000020003"
"291.34167347032303","259.99999999978"
"274.7348229558114","255.9999999999401"
"268.67826836154006","253.00000000006003"
"256.73825311039514","253.00000000006003"
"225.0890731581169","256.99999999990007"
"269.4642200089744","260.99999999974"
"297.78957953265717","272.00000000008"
"312.71118686481066","275.99999999991996"
"316.64867934970937","290.00000000014006"
"306.582051739337","291.00000000010004"
"289.2955055057622","289.00000000017997"
"304.84334599379633","288.00000000022"
"310.17687738505424","289.00000000017997"
"291.37740278213545","289.00000000017997"
"297.416267709141","290.00000000014006"
"282.6514535331153","293.00000000002"
"334.4589620051267","297.99999999982003"
"324.6628086043098","296.99999999985994"
"325.38973943979477","293.99999999998"
"260.59812496795416","291.00000000010004"
"291.3654668711536","288.00000000022"
"285.8831317265877","282.99999999963995"
"281.2164985935846","278.9999999998"
"286.07193723947626","273.00000000004"
"262.09288041892967","265.00000000036005"
"210.9103054329496","263.99999999962006"
"206.14999563210517","256.99999999990007"
"256.1069729887066","254.00000000002"
"225.0890731581169","249.00000000021998"
"250.54744648479607","242.99999999968009"
"181.23568380573101","247.00000000030002"
"212.59533530433544","252.00000000010004"
"236.14636843856204","255.9999999999401"
"239.4625378969996","256.99999999990007"
"256.93496679957195","260.99999999974"
"225.82318698735094","263.99999999962006"
"271.84083509617705","263.99999999962006"
"196.4292070283136","262.9999999996601"
"222.49972245862773","260.99999999974"
"256.243525782274","261.9999999997"
"262.4036104243663","268.00000000024"
"302.38152792698975","276.99999999988006"
"241.0542445482539","280.99999999972"
"258.10663730711144","276.99999999988006"
"271.3943401056443","268.00000000024"
"244.09422288421933","258.99999999982003"
"238.64995831502415","256.99999999990007"
"231.92450917361225","251.00000000014006"
"259.8739006371924","245.00000000037994"
"203.86354820742258","237.99999999987995"
"203.62234816857347","176.99999999998"
"189.23568343028478","148.00000000035993"
"225.08907315811712","140.99999999985994"
"159.55344809021483","123.99999999976"
"157.8238827495628","104.99999999974"
"189.88328094040162","143.99999999974"
"213.6124510230752","198.99999999987995"
"220.3655175943204","230.00000000019998"
"252.77375471863968","253.00000000006003"
"226.85352459997364","257.99999999986005"
"249.90872060201752","260.99999999974"
"194.80640829285528","260.99999999974"
"230.32343290947097","262.9999999996601"
"256.8431346694696","266.00000000032003"
"287.23924824063516","273.00000000004"
"304.1204075301887","279.99999999976"
"254.19969146014466","284.00000000038"
"261.31176289857774","282.99999999963995"
"279.89988587440087","280.99999999972"
"280.6727846667855","275.99999999991996"
"278.28751331182866","274.0"
"243.79401579481282","268.00000000024"
"261.1541721846372","257.99999999986005"
"222.20548196294442","266.00000000032003"
"212.80204714027718","254.00000000002"
"232.68611160359728","217.99999999989996"
"225.0890731581169","221.99999999974"
"208.20856461719234","234.0000000000399"
"235.313832442666","266.00000000032003"
"259.4894053668867","282.99999999963995"
"321.07429548003097","295.99999999989996"
"298.2494688860809","293.99999999998"
"279.91408125217464","292.00000000006"
"263.3055511765425","293.99999999998"
"286.80296178024355","293.99999999998"
"256.1250940623762","292.00000000006"
"297.4713691660595","292.00000000006"
"298.85340582214997","295.99999999989996"
"285.6041682935874","325.0000000003"
"348.5388219136036","304.00000000036005"
"313.72853336179645","307.00000000024"
"305.00910055187256","294.99999999994"
"287.68751865895945","290.00000000014006"
"286.2444622768575","284.00000000038"
"269.7914489969486","281.99999999967997"
"263.1449125034054","274.0"
"263.7047482547446","269.00000000020003"
"259.672507539894","267.00000000028"
"250.19194687044137","262.9999999996601"
"258.1742292030965","263.99999999962006"
"225.0890731581169","258.99999999982003"
"261.86264588836525","259.99999999978"
"249.65360134581204","271.00000000012"
"317.13454671097145","280.99999999972"
"309.07202822845693","293.99999999998"
"303.9134816743712","293.99999999998"
"282.9399401014444","289.00000000017997"
"304.64943840101","289.00000000017997"
"305.1137481412138","294.99999999994"
"285.9957544346379","293.99999999998"
"299.0452576980635","294.99999999994"
"308.9237981421256","294.99999999994"
"295.4582424514069","297.99999999982003"
"327.9276631477303","300.9999999997"
"316.37207274409855","300.9999999997"
"277.4482002604644","294.99999999994"
"286.8726968025294","288.00000000022"
"281.51115756786515","281.99999999967997"
"261.205915828264","280.99999999972"
"240.35331158920098","276.99999999988006"
"261.5341973075956","269.00000000020003"
"208.38503333539666","262.9999999996601"
"206.99705797351226","259.99999999978"
"254.47694966019185","259.99999999978"
"225.0890731581169","257.99999999986005"
"259.89567699270765","259.99999999978"
"233.01925607153498","274.0"
"311.21786943100096","287.00000000026"
"309.04743574280604","323.00000000038"
"341.94721419498364","324.00000000034"
"320.7213732724","301.99999999965996"
"322.12857293900794","296.99999999985994"
"313.4229629054721","313.0"
"331.0692125869262","309.00000000015996"
"296.6462591872165","309.00000000015996"
"320.45310115343625","316.99999999984"
"354.8673186448283","335.99999999986"
"369.92947928340277","365.00000000025994"
"407.0705311267932","378.9999999997"
"369.82271099740376","319.99999999972005"
"307.59720119318564","295.99999999989996"
"297.6686526205709","291.00000000010004"
"307.39972809925365","289.00000000017997"
"279.5903598609698","282.99999999963995"
"291.34914697291765","274.0"
"280.23747312108316","259.99999999978"
"271.97956673687736","259.99999999978"
"259.758644633127","250.00000000017997"
"225.0890731581169","246.00000000033992"
"261.71267140811824","255.9999999999401"
"288.64259784728284","273.00000000004"
"313.3342366179711","292.00000000006"
"320.4900779358255","343.00000000036"
"351.4019250215326","346.00000000024005"
"324.88495762563286","319.99999999972005"
"324.41641235531597","314.99999999992"
"315.14283137891204","326.00000000026"
"295.9097947928746","333.99999999994003"
"303.19641741882964","334.9999999999"
"309.13726985135827","328.00000000018"
"300.1078142101266","323.00000000038"
"329.42718056489525","330.0000000001"
"319.09823743780686","317.99999999979997"
"289.86826252999833","293.99999999998"
"259.228413443475","285.00000000034004"
"275.3423276153393","277.99999999984004"
"270.56289870309683","274.99999999996"
"239.27383851276625","268.00000000024"
"260.8498547945179","258.99999999982003"
"203.58940786435278","227.00000000032003"
"203.17034860889805","200.99999999980002"
"191.00150859235646","197.99999999991996"
"225.0890731581169","213.00000000009993"
"170.9647152404466","222.99999999969998"
"157.52879124097603","255.9999999999401"
"239.01193610001235","271.00000000012"
"275.30894600735604","285.00000000034004"
"189.96789966183383","288.00000000022"
"270.36387454579733","287.00000000026"
"226.8222426071859","286.0000000003"
"261.46953768710705","285.00000000034004"
"178.27238613853456","282.99999999963995"
"233.65624190248855","278.9999999998"
"257.2026064274236","280.99999999972"
"286.46635627643076","285.00000000034004"
"303.47294290770395","287.00000000026"
"243.31734958754737","286.0000000003"
"275.0610090183955","279.99999999976"
"270.69791991455145","272.00000000008"
"241.0540263997476","267.00000000028"
"236.35694599498345","263.99999999962006"
"204.87108818519357","260.99999999974"
"259.3699593963544","255.9999999999401"
"203.66617997289154","250.00000000017997"
"203.2547488378558","233.00000000007992"
"198.54347356688834","226.00000000035993"
"225.0890731581169","224.99999999961994"
"208.4854600254091","234.0000000000399"
"192.15152422572294","240.99999999976"
"212.1672248866065","245.00000000037994"
"235.34946110534872","250.00000000017997"
"208.96356399486206","252.00000000010004"
"258.75625901261753","255.9999999999401"
"225.90457002159508","258.99999999982003"
"231.74964826737641","259.99999999978"
"178.5585776568115","258.99999999982003"
"231.88634230937794","257.99999999986005"
"254.50272868298111","259.99999999978"
"257.66254909056283","267.00000000028"
"301.5892837282437","272.00000000008"
"236.90043980754797","275.99999999991996"
"275.4490808678559","271.00000000012"
"261.8490232451269","267.00000000028"
"241.83872780353954","261.9999999997"
"238.40831705421874","259.99999999978"
"232.1987212304341","255.9999999999401"
"260.12633155292974","254.00000000002"
"218.16551107159898","254.99999999998"
"220.53161310071914","252.00000000010004"
"238.21974147239132","242.99999999968009"
"225.0890731581169","238.99999999984004"
"224.34084556877724","253.00000000006003"
"225.6237963591226","251.00000000014006"
"279.12599347581715","258.99999999982003"
"241.99120781511454","260.99999999974"
"277.0027362646022","261.9999999997"
"267.64234288943055","263.99999999962006"
"276.64648467467066","268.00000000024"
"273.45427439436924","271.00000000012"
"238.33605987381134","271.00000000012"
"258.4795478849471","272.00000000008"
"258.15012226840975","274.0"
"287.94385528056466","282.99999999963995"
"304.08463244737857","287.00000000026"
"251.13502797731564","287.00000000026"
"259.7333176903377","284.00000000038"
"276.0451197511547","277.99999999984004"
"266.05565339923976","273.00000000004"
"250.98108369018018","270.00000000016"
"236.89149184345501","262.9999999996601"
"260.7768210907809","257.99999999986005"
"229.31299717224272","255.9999999999401"
"213.59455764578206","253.00000000006003"
"255.81250600172905","252.00000000010004"
"225.0890731581169","231.00000000015996"
"250.19756553819036","239.99999999980002"
"231.13052858446133","263.99999999962006"
"255.92099207933586","309.00000000015996"
"308.9381145227893","375.99999999982003"
"351.9614083534671","292.00000000006"
"281.1295555810036","290.00000000014006"
"300.04057654727654","289.00000000017997"
"304.57695282532717","290.00000000014006"
"292.1207725309239","289.00000000017997"
"298.084960654695","289.00000000017997"
"305.8637674508779","299.99999999974"
"333.65894556197657","408.0000000001"
"408.2491263515196","375.99999999982003"
"419.5789934860003","334.9999999999"
"299.35785413023416","290.00000000014006"
"285.8398388673538","284.00000000038"
"284.3771375622037","275.99999999991996"
"263.2336146922844","271.00000000012"
"247.8557607010497","263.99999999962006"
"261.468600626667","255.9999999999401"
"218.13965262730358","254.99999999998"
"210.221109158299","250.00000000017997"
"257.3804024092875","240.99999999976"
"225.0890731581169","214.00000000006003"
"209.2617918165929","215.99999999998"
"171.69399456195003","277.99999999984004"
"251.86370889004388","299.99999999974"
"320.95935429926413","343.00000000036"
"306.67145360839174","284.00000000038"
"271.41790157027094","276.99999999988006"
"227.75065194430874","277.99999999984004"
"280.1653105883733","274.99999999996"
"191.02594631986483","299.99999999974"
"286.3996264743298","290.00000000014006"
"295.06933814338015","305.00000000032003"
"298.55838007922375","348.00000000016"
"359.16739930379987","349.00000000012"
"336.4367050017457","285.00000000034004"
"260.2392137942926","278.9999999998"
"275.4189780547128","274.0"
"247.35599178516281","268.00000000024"
"245.31519273116317","266.00000000032003"
"234.30218116469905","257.99999999986005"
"259.8858674873617","246.00000000033992"
"203.35955421171502","234.0000000000399"
"203.24154638571235","196.99999999995998"
"190.0597704358829","201.99999999976"
"225.0890731581169","176.00000000002"
"165.4376555337218","209.00000000026"
"188.78196540696297","251.00000000014006"
"245.4892108141927","262.9999999996601"
"279.0132895275175","274.99999999996"
"286.61088958153516","276.99999999988006"
"272.97777589669033","273.00000000004"
"235.78330162797056","274.0"
"272.78371899694474","274.0"
"227.40520841361888","273.00000000004"
"293.6318647160907","277.99999999984004"
"294.09737585188753","285.00000000034004"
"297.0237875456218","288.00000000022"
"323.41388256486044","289.00000000017997"
"298.7712418055129","289.00000000017997"
"262.11323518328777","282.99999999963995"
"278.6598834710089","273.00000000004"
"275.0884341310327","265.00000000036005"
"251.85100823709547","261.9999999997"
"235.29990361983437","255.9999999999401"
"260.00390277482825","246.00000000033992"
"204.51618840141316","242.99999999968009"
"204.70799523278754","207.00000000034004"
"195.49568507025128","202.99999999972"
"225.0890731581169","180.99999999982003"
"169.47540475419157","198.99999999987995"
"222.7979858268019","253.00000000006003"
"246.73051415518762","266.00000000032003"
"280.65728254515875","276.99999999988006"
"292.38905119157977","284.00000000038"
"278.235503214721","278.9999999998"
"277.49923708756666","278.9999999998"
"280.85899158769075","279.99999999976"
"268.74501371556505","280.99999999972"
"295.6642988552618","281.99999999967997"
"298.0434959062762","284.00000000038"
"296.40930530957985","292.00000000006"
"324.4841739631779","309.00000000015996"
"335.2146841245504","295.99999999989996"
"280.93651993612804","291.00000000010004"
"290.1024128545169","279.99999999976"
"283.6110525367869","272.00000000008"
"291.8538729941673","273.00000000004"
"285.09937439687525","265.00000000036005"
"264.39293297990025","258.99999999982003"
"274.8402556553802","251.00000000014006"
"264.65301552804067","249.00000000021998"
"257.89816138487754","249.00000000021998"
"225.0890731581169","254.00000000002"
"260.4004824491536","256.99999999990007"
"296.6008140695827","262.9999999996601"
"306.7453495758757","278.9999999998"
"308.60545639199967","294.99999999994"
"307.92244226680117","299.99999999974"
"316.9888963864641","291.00000000010004"
"326.0424751431476","289.00000000017997"
"310.2855849006687","288.00000000022"
"293.4275847436542","293.99999999998"
"298.67457878687253","291.00000000010004"
"294.0018159707029","292.00000000006"
"285.35807998629207","293.00000000002"
"323.0346076626628","294.99999999994"
"334.85379105092204","293.00000000002"
"275.88517568201587","287.00000000026"
"283.2873256556723","280.99999999972"
"279.8044359123804","271.00000000012"
"252.28847721841043","268.00000000024"
"247.13088431225867","262.9999999996601"
"261.1679730127968","256.99999999990007"
"221.33423275481823","228.00000000028"
"203.97406238325732","193.00000000012005"
"193.88757754666437","172.00000000018008"
"225.0890731581169","168.00000000034004"
"167.6457593878108","171.00000000021998"
"195.1724158725749","185.99999999961994"
"202.55132234713074","229.00000000024"
"237.18806877202053","237.99999999987995"
"245.67819868460822","252.00000000010004"
"265.0116440381031","261.9999999997"
"255.81727935347192","263.99999999962006"
"270.8149469144879","263.99999999962006"
"236.91119411654222","260.99999999974"
"260.3342221393011","259.99999999978"
"257.4652242970542","262.9999999996601"
"287.62773790969794","267.00000000028"
"303.18704365671414","272.00000000008"
"251.5401779675018","274.0"
"258.6606562845733","270.00000000016"
"273.763327997564","262.9999999996601"
"244.8692553066104","257.99999999986005"
"251.2678375955527","252.00000000010004"
"234.59847072479818","248.00000000026"
"260.16628854619785","235.0"
"217.43527151014302","227.00000000032003"
"226.73662152971872","183.99999999969998"
"188.77841640025497","157.9999999999601"
"225.0890731581169","136.0000000000599"
"170.3847164985608","137.00000000002"
"221.7939541790172","150.00000000028"
"191.948895008053","159.99999999988006"
"217.23508861691107","171.00000000021998"
"226.91211220007267","208.00000000030002"
"248.02673188842505","250.00000000017997"
"242.61451113459555","253.00000000006003"
"265.3132929653774","255.9999999999401"
"223.45204643174384","253.00000000006003"
"256.18810804839757","251.00000000014006"
"255.9267989280463","253.00000000006003"
"262.3339361890239","259.99999999978"
"302.5313129908451","268.00000000024"
"251.77341755112275","272.00000000008"
"257.7271993702826","268.00000000024"
"273.45412861421755","262.9999999996601"
"245.41744085372443","256.99999999990007"
"254.93533909042776","252.00000000010004"
"233.333645691343","248.00000000026"
"259.8017557914303","235.99999999995998"
"204.97398423976358","246.00000000033992"
"204.2141851729848","245.00000000037994"
"232.40773886942077","246.00000000033992"
"225.0890731581169","247.00000000030002"
"246.4501116628776","250.00000000017997"
"230.8828369350939","257.99999999986005"
"244.8568917501484","270.00000000016"
"277.50643730281587","281.99999999967997"
"287.3362125278641","286.0000000003"
"276.61470163008","282.99999999963995"
"281.5527377653427","284.00000000038"
"279.3666772698582","284.00000000038"
"245.81684404233056","282.99999999963995"
"296.3181544445257","282.99999999963995"
"294.3905455919911","284.00000000038"
"280.5261653128021","289.00000000017997"
"325.2269979361609","293.00000000002"
"328.4066211034667","293.00000000002"
"277.58043477430493","286.0000000003"
"283.1083590344974","276.99999999988006"
"279.43351049575625","269.00000000020003"
"249.48447004854347","261.9999999997"
"251.61641659420275","258.99999999982003"
"260.73096174681837","249.00000000021998"
"224.4347268348464","246.00000000033992"
"211.75877318166772","242.99999999968009"
"255.95648250124225","242.99999999968009"
"225.0890731581169","245.00000000037994"
"243.10618727020676","248.00000000026"
"238.98526223594058","255.9999999999401"
"301.50867696030076","273.00000000004"
"321.27619440555054","289.00000000017997"
"298.7764042832865","294.99999999994"
"282.79242936591197","288.00000000022"
"303.5844461495553","286.0000000003"
"308.23677002630035","286.0000000003"
"294.2949643518844","286.0000000003"
"299.76959546448546","286.0000000003"
"306.70762603462214","290.00000000014006"
"346.9662347397041","306.00000000028"
"330.8726716971991","305.00000000032003"
"366.2729718616717","299.99999999974"
"351.72135143872896","290.00000000014006"
"291.35883912171755","282.99999999963995"
"290.1063975493792","273.00000000004"
"302.6920850656816","268.00000000024"
"269.0515150062128","261.9999999997"
"276.55193470621674","250.00000000017997"
"266.1495815169684","249.00000000021998"
"227.99686201061968","246.00000000033992"
"256.12439630338747","246.00000000033992"
"225.0890731581169","247.00000000030002"
"256.23798747110084","249.00000000021998"
"255.54190447512565","256.99999999990007"
"323.18813736144097","271.00000000012"
"287.1225504347602","290.00000000014006"
"301.403973361245","297.99999999982003"
"285.3638760926183","289.00000000017997"
"304.1680526806428","287.00000000026"
"308.4227862774799","289.00000000017997"
"293.95769824271565","289.00000000017997"
"298.8241162652666","287.00000000026"
"308.98375441072534","290.00000000014006"
"344.60207337388084","299.99999999974"
"326.85141906832433","305.00000000032003"
"378.20418544864424","299.99999999974"
"355.16725689509065","289.00000000017997"
"292.92728727935287","282.99999999963995"
"295.37590688460773","274.0"
"304.29477972069174","267.00000000028"
"272.51935502382037","258.99999999982003"
"298.3051202297744","252.00000000010004"
"279.64858260100823","251.00000000014006"
"274.06770822129357","247.00000000030002"
"256.5444939099269","247.00000000030002"
"225.0890731581169","247.00000000030002"
"256.7444174191626","249.00000000021998"
"255.19316190414918","257.99999999986005"
"321.0066829310575","274.99999999996"
"284.76280986321365","286.0000000003"
"297.4047981752035","289.00000000017997"
"280.4961841847168","282.99999999963995"
"298.84405582632047","280.99999999972"
"306.15212560314023","279.99999999976"
"287.95111786380903","280.99999999972"
"296.6904903476643","281.99999999967997"
"292.6485202644705","280.99999999972"
"341.39118600792847","281.99999999967997"
"322.3423945514612","284.00000000038"
"350.205980404532","281.99999999967997"
"285.7355728062598","276.99999999988006"
"282.924071859346","271.00000000012"
"279.42899961217597","260.99999999974"
"279.821751582217","254.00000000002"
"259.96656929311314","248.00000000026"
"260.37913125843295","238.99999999984004"
"258.37087321339993","238.99999999984004"
"237.6578961259529","235.0"
"237.92342500734628","231.00000000015996"
"225.0890731581169","233.00000000007992"
"253.28609191918156","234.0000000000399"
"232.53343327686275","237.99999999987995"
"240.73247601868025","243.99999999964007"
"244.29964699360517","251.00000000014006"
"278.3169786910244","254.00000000002"
"266.9430089471258","251.00000000014006"
"239.3149668487689","249.00000000021998"
"266.45956435094513","248.00000000026"
"223.00736892301643","247.00000000030002"
"268.08827164161914","245.00000000037994"
"255.8074815534303","245.00000000037994"
"260.04741285044895","246.00000000033992"
"301.51401901670704","249.00000000021998"
"238.23546215865986","250.00000000017997"
"240.8815261889266","247.00000000030002"
"266.70293264481154","239.99999999980002"
"239.560494553828","235.0"
"214.8378206489416","235.0"
"230.60689248485016","230.00000000019998"
"258.8271298657173","218.99999999985994"
"218.59845610349578","180.99999999982003"
"203.65485700711145","141.99999999982003"
"179.15012879716812","126.99999999963995"
"225.08907315811712","96.00000000010004"
"151.22208294222457","96.00000000010004"
"158.64830121028933","91.00000000030002"
"188.28954543547718","104.99999999974"
"209.86327262640623","167.00000000038006"
"218.14057924817644","206.00000000038006"
"242.1151091122947","231.00000000015996"
"225.39102550174175","236.99999999991996"
"233.99712365438927","237.99999999987995"
"194.404090455782","236.99999999991996"
"238.73474773989017","235.0"
"253.4452506357162","235.0"
"255.17391237149457","235.0"
"300.3861735884274","245.00000000037994"
"237.8480372696074","245.00000000037994"
"254.6086795700179","237.99999999987995"
"259.734119133946","231.00000000015996"
"232.76098234218478","228.00000000028"
"194.08044993518274","223.99999999965996"
"220.45800413852623","221.99999999974"
"255.84840135357263","206.00000000038006"
"203.24289835339687","145.99999999966008"
"203.16226380749333","98.00000000002001"
"164.56248344926144","58.00000000006003"
"225.08907315815748","35.000000000199975"
"126.38529287339156","33.00000000028001"
"157.14254552437683","40.99999999995998"
"181.03912337349584","41.999999999919964"
"205.1265539780585","94.00000000017997"
"174.02923777089188","101.99999999985994"
"217.15171974369207","125.99999999967997"
"198.2914316750622","170.00000000026"
"158.70455914909235","195.00000000004002"
"180.45084198085704","184.99999999965996"
"205.75091882480194","165.99999999964007"
"226.55625207771823","145.99999999966008"
"182.2314488105768","155.00000000008004"
"297.36718867891585","173.00000000014006"
"211.78605313097637","216.99999999993997"
"222.42053047163006","213.00000000009993"
"223.31960122482587","193.00000000012005"
"223.57552899504242","167.00000000038006"
"174.4590131316271","159.99999999988006"
"183.92118164900535","125.99999999967997"
"236.22350934013332","46.99999999971999"
"203.16190378413864","22.999999999899956"
"203.1619037323918","4.999999999840043"
"159.8303084572126","2.9999999999199645"
"225.0890731581194","8.999999999679972"
"126.18498549846333","27.99999999969998"
"157.1430955252912","52.00000000030002"
"182.97460915323086","28.999999999659963"
"205.57802335480312","89.00000000038006"
"162.03987527516995","93.00000000021998"
"215.12154681880702","144.99999999969998"
"198.39352399627603","162.99999999976"
"156.73461900161158","174.00000000010004"
"178.63353444025097","169.00000000030002"
"199.63332821819222","171.00000000021998"
"226.61308490484828","178.99999999990007"
"194.12840403662824","204.99999999963995"
"298.65234120591583","219.99999999981992"
"223.33849281710434","216.99999999993997"
"205.9368824917724","204.99999999963995"
"212.28606512805413","177.99999999993997"
"222.65519862855842","159.99999999988006"
"173.1963576049062","152.00000000019998"
"195.20056916131477","130.00000000030002"
"247.9827289206845","95.00000000014006"
"203.16190469782123","126.99999999963995"
"203.16190575577411","95.00000000014006"
"163.78701683726877","82.99999999984004"
"225.0890731581219","86.99999999967997"
"129.1465332181558","116.00000000008004"
"157.15046095087837","152.00000000019998"
"191.058284087243","194.00000000008004"
"219.5774217365689","212.00000000013995"
"225.4401451980882","220.99999999978002"
"244.29670752969275","230.00000000019998"
"226.60438833086744","233.00000000007992"
"245.4298038152325","234.0000000000399"
"220.4493973452171","235.0"
"239.69093216947442","236.99999999991996"
"254.21139656824982","239.99999999980002"
"253.318512606137","249.00000000021998"
"302.22695186155215","254.00000000002"
"257.77515273278004","253.00000000006003"
"255.41416469401486","250.00000000017997"
"241.30932325323397","245.00000000037994"
"239.7773046107742","238.99999999984004"
"256.48474141105453","236.99999999991996"
"248.7327877742439","230.00000000019998"
"257.6703745210863","210.00000000021998"
"234.50906596660116","221.99999999974"
"234.26187293291628","213.00000000009993"
"192.04996646071902","206.00000000038006"
"225.0890731581169","204.99999999963995"
"172.9421195696459","215.00000000002"
"229.7279912124718","222.99999999969998"
"208.05511743026227","232.00000000011994"
"234.40276458699236","237.99999999987995"
"240.90477967407548","243.99999999964007"
"256.47625761524125","245.00000000037994"
"226.21333010787464","245.00000000037994"
"241.77704143706296","243.99999999964007"
"184.1974311106586","238.99999999984004"
"237.90531147580361","235.99999999995998"
"253.30308479440066","237.99999999987995"
"253.58388689604635","241.99999999972"
"300.4073242977986","243.99999999964007"
"230.00547711784463","242.99999999968009"
"252.92270794653837","238.99999999984004"
"233.37889505253588","232.00000000011994"
"231.0700478394508","220.99999999978002"
"188.91070985876934","210.00000000021998"
"191.33152234362933","185.99999999961994"
"248.8244931813481","161.99999999980002"
"203.1619491065926","160.99999999984004"
"203.16193737277638","117.00000000004002"
"168.41833569219125","98.00000000002001"
"225.08907315811734","91.00000000030002"
"131.3548833682854","93.00000000021998"
"157.1425141535983","135.00000000009993"
"191.40093382252564","168.00000000034004"
"216.0407759185648","208.00000000030002"
"168.91077670145762","220.99999999978002"
"242.22390786537756","226.00000000035993"
"222.28421702372634","228.00000000028"
"168.16601863830886","228.00000000028"
"178.25006374356838","226.00000000035993"
"223.50062874880007","223.99999999965996"
"229.46753898560598","224.99999999961994"
"238.73678391268174","232.00000000011994"
"299.85617719752327","235.99999999995998"
"227.623972808208","237.99999999987995"
"238.7517252808217","235.99999999995998"
"261.5176213546358","231.00000000015996"
"235.56910334382644","227.00000000032003"
"202.2130502304915","222.99999999969998"
"226.9343213187709","212.00000000013995"
"256.6015208965872","184.99999999965996"
"205.12635568068765","155.00000000008004"
"203.2095754387044","149.00000000031991"
"177.30786334010827","146.99999999962006"
"225.08907315811712","148.00000000035993"
"157.64417286853416","149.00000000031991"
"169.7283128509904","189.00000000028"
"198.05775526986395","229.00000000024"
"232.54633832849504","237.99999999987995"
"240.9661523488121","242.99999999968009"
"255.8185267617299","245.00000000037994"
"228.97646513041502","249.00000000021998"
"257.5160846004819","248.00000000026"
"224.65587314010816","247.00000000030002"
"233.32065596903283","245.00000000037994"
"255.43129090681418","246.00000000033992"
"240.6100069715343","254.99999999998"
"302.0559811341934","260.99999999974"
"311.67731600425896","265.00000000036005"
"239.46181722701203","260.99999999974"
"245.9158467510182","254.99999999998"
"243.98520570214384","247.00000000030002"
"267.8716819155061","243.99999999964007"
"251.7593967841326","241.99999999972"
"262.0130603907427","235.0"
"274.70573396586605","247.00000000030002"
"276.20483007800397","229.00000000024"
"199.50532292087075","210.00000000021998"
"225.08907315811712","201.99999999976"
"195.3369009737661","204.99999999963995"
"239.24884239610083","213.00000000009993"
"247.75849623642682","213.00000000009993"
"228.71446273562924","230.00000000019998"
"240.70873466119565","246.00000000033992"
"260.9223035366215","250.00000000017997"
"260.1911464115524","254.99999999998"
"290.6284082587273","255.9999999999401"
"275.0363459074224","256.99999999990007"
"255.79893679228326","256.99999999990007"
"256.2601120236113","258.99999999982003"
"263.47341852505826","278.9999999998"
"303.23900965117866","332.99999999998005"
"329.07303079251176","333.99999999994003"
"291.1179596229916","284.00000000038"
"271.6958925563682","256.99999999990007"
"238.53452570034335","248.00000000026"
"203.59989256248264","245.00000000037994"
"226.19404324662332","240.99999999976"
"223.976542159666","187.00000000036005"
"203.6796884421907","176.00000000002"
"183.75096316100473","215.99999999998"
"225.08907315811757","212.00000000013995"
"191.57502832096384","206.00000000038006"
"225.97253693593677","206.00000000038006"
"229.1994409679204","193.00000000012005"
"215.52360889048396","193.00000000012005"
"212.93814444298175","180.99999999982003"
"230.47915959819488","180.99999999982003"
"201.89233016035917","198.99999999987995"
"208.11453707895464","215.99999999998"
"213.33261964679002","217.99999999989996"
"256.01495591257253","215.99999999998"
"229.19206170219832","216.99999999993997"
"238.34573716882073","222.99999999969998"
"299.33034311756745","231.00000000015996"
"228.90978579584146","245.00000000037994"
"256.10366710450455","251.00000000014006"
"241.07914946665494","246.00000000033992"
"238.17914820444048","230.00000000019998"
"201.96446805055427","217.99999999989996"
"221.69056330674243","209.00000000026"
"255.7620005535275","182.99999999974"
"206.2239338291356","218.99999999985994"
"211.69662972166293","213.00000000009993"
"192.89374365938863","206.00000000038006"
"225.08907315811894","207.00000000034004"
"194.85849920461237","215.00000000002"
"239.0889839443106","212.00000000013995"
"240.24938047282228","208.00000000030002"
"224.84387380551436","285.00000000034004"
"281.7251331457598","286.0000000003"
"269.25409904109995","281.99999999967997"
"297.1523204764374","289.00000000017997"
"300.0589817857551","300.9999999997"
"291.38256293446875","260.99999999974"
"248.85781860707914","263.99999999962006"
"262.0842032982189","269.00000000020003"
"272.78631464889037","278.9999999998"
"305.1828299631222","279.99999999976"
"267.8752402228064","281.99999999967997"
"269.3646284833791","266.00000000032003"
"245.86484291822535","259.99999999978"
"242.45314453760398","253.00000000006003"
"234.36315820784432","248.00000000026"
"239.8693535926294","237.99999999987995"
"258.45221005354324","218.99999999985994"
"232.39294622898876","215.99999999998"
"209.35307267076166","190.00000000024"
"189.3613991244049","161.99999999980002"
"225.08907315811723","146.99999999962006"
"177.7564726765446","141.99999999982003"
"188.23333849623077","180.99999999982003"
"222.08345150495552","247.00000000030002"
"244.70100838478152","274.99999999996"
"286.6374833156995","250.00000000017997"
"263.55137852363487","249.00000000021998"
"229.12045951655057","249.00000000021998"
"246.34601829626706","248.00000000026"
"187.9485220244295","248.00000000026"
"218.41609551150816","249.00000000021998"
"255.26584760276523","249.00000000021998"
"260.22889072247085","251.00000000014006"
"301.78244738102404","252.00000000010004"
"235.64355765579035","251.00000000014006"
"240.50726242065446","250.00000000017997"
"225.29204085179242","246.00000000033992"
"233.97248332153492","251.00000000014006"
"195.17218731798312","215.00000000002"
"189.09769667526496","215.00000000002"
"252.61173861595728","118.99999999995998"
"203.16190389093742","38.00000000007992"
"203.1619037176506","1.0"
"225.08907315812144","1.0"
"125.76164329764799","74.00000000020009"
"157.14239965507886","81.99999999988006"
"184.99784250041068","154.00000000012005"
"216.17896748866485","294.99999999994"
"287.16358920993173","245.00000000037994"
"261.0527565260219","243.99999999964007"
"226.98494801656398","247.00000000030002"
"258.0216503712918","247.00000000030002"
"222.46271984106056","246.00000000033992"
"270.49737442316183","246.00000000033992"
"255.95656867175126","248.00000000026"
"260.78348255128435","249.00000000021998"
"301.50347837785495","252.00000000010004"
"235.1428791471899","252.00000000010004"
"259.18951461316294","251.00000000014006"
"243.81837847902375","247.00000000030002"
"241.51165951390806","241.99999999972"
"230.2433259929429","234.0000000000399"
"226.9934331428277","227.00000000032003"
"258.2875940940959","201.99999999976"
"203.7351826052411","52.00000000030002"
"182.09123260833258","125.99999999967997"
"208.74604202060516","265.00000000036005"
"236.9224138756109","260.99999999974"
"250.73852077773483","261.9999999997"
"266.1174368989026","265.00000000036005"
"283.6499497583176","265.00000000036005"
"272.7253420368234","260.99999999974"
"255.32812868590713","258.99999999982003"
"255.99805045205676","261.9999999997"
"261.2655196892463","269.00000000020003"
"302.07498664213017","278.9999999998"
"243.12258023716925","285.00000000034004"
"261.31765441667255","259.99999999978"
"243.7908244514531","252.00000000010004"
"242.71966088089982","246.00000000033992"
"224.58309861259363","232.00000000011994"
"240.7602871264404","219.99999999981992"
"259.61904865781366","140.99999999985994"
"203.23126882436657","214.00000000006003"
"211.06602629493182","156.00000000004002"
"187.95988945428098","118.99999999995998"
"225.0890731581169","121.99999999983993"
"158.38673690736857","154.00000000012005"
"207.69887013025186","159.99999999988006"
"225.53402659877258","174.00000000010004"
"220.48485631517008","271.00000000012"
"277.92723610091605","290.00000000014006"
"271.25732022027654","288.00000000022"
"345.63294772814515","291.00000000010004"
"299.88769906913797","332.00000000002007"
"326.5626086824604","300.9999999997"
"284.102291402667","274.99999999996"
"263.9338298739061","259.99999999978"
"295.8470639494763","263.99999999962006"
"303.24465958178257","328.00000000018"
"348.6919368484718","390.00000000004"
"362.5650610984219","364.00000000029996"
"308.34765301890855","332.00000000002007"
"297.0966883821765","254.99999999998"
"233.350296125946","249.00000000021998"
"232.2372222746808","240.99999999976"
"258.973060994324","233.00000000007992"
"229.74594324004272","245.00000000037994"
"246.65720321017557","228.00000000028"
"234.83262147588835","210.00000000021998"
"225.0890731581169","149.00000000031991"
"163.48404267050626","133.00000000017997"
"188.82298146806238","112.00000000024"
"190.36091035243805","204.99999999963995"
"225.60401321380357","198.99999999987995"
"230.32035927658387","259.99999999978"
"257.66467762861373","248.00000000026"
"252.8665988176815","250.00000000017997"
"265.0440208818567","249.00000000021998"
"240.06720377862314","247.00000000030002"
"240.18344108998076","242.99999999968009"
"253.9617547749209","246.00000000033992"
"257.36143369490776","247.00000000030002"
"301.458081286681","254.00000000002"
"246.58360356402693","274.0"
"261.64017979508947","265.00000000036005"
"255.45104844596676","254.99999999998"
"241.9082470976681","253.00000000006003"
"237.7777991832163","235.0"
"230.19713602602258","234.0000000000399"
"259.9890861881653","216.99999999993997"
"210.91145089095676","201.99999999976"
"199.82891635822682","1.0"
"225.08907315811712","37.00000000011994"
"129.79188058380998","74.00000000020009"
"158.83440845680457","194.00000000008004"
"232.4163928311832","210.00000000021998"
"224.4321884000267","213.00000000009993"
"225.60991721452353","219.99999999981992"
"241.79987898953482","197.99999999991996"
"233.60611222133844","251.00000000014006"
"276.7675788115292","282.99999999963995"
"252.33124143288137","260.99999999974"
"268.10391969660884","259.99999999978"
"253.3443140023951","247.00000000030002"
"255.73607722638815","247.00000000030002"
"299.70114709264874","277.99999999984004"
"345.4631124054808","341.99999999962"
"322.6511592273277","404.00000000026"
"334.1036501871404","409.00000000005997"
"347.87412081788335","346.00000000024005"
"312.6774829254654","296.99999999985994"
"293.1153924108218","279.99999999976"
"262.59639900373634","253.00000000006003"
"282.3499614111153","259.99999999978"
"279.55986688518334","248.00000000026"
"236.10481138099692","242.99999999968009"
"225.0890731581169","240.99999999976"
"238.51230468006315","241.99999999972"
"247.4391028765317","269.00000000020003"
"310.4518973584261","319.99999999972005"
"335.6106029107704","438.99999999964"
"360.89390364347423","479.00000000038"
"369.81912409590774","435.99999999976"
"390.03093340142885","418.99999999966"
"367.51250779717265","415.99999999978"
"341.9627368945715","413.99999999986"
"412.94543045717853","407.00000000014"
"390.62705651222956","389.00000000008004"
"367.099519075892","376.99999999978"
"364.8517183517586","385.00000000024"
"363.5545093632774","424.00000000024"
"372.8268816307148","454.99999999978"
"386.7449090990623","390.00000000004"
"347.6415893540098","299.99999999974"
"307.5708146495971","269.00000000020003"
"244.2692560996063","250.00000000017997"
"263.3143881741861","241.99999999972"
"265.9161640994115","235.99999999995998"
"256.08179205611486","231.00000000015996"
"256.2243642351093","228.00000000028"
"225.0890731581169","209.00000000026"
"238.7272143405122","227.00000000032003"
"230.4658154463981","251.00000000014006"
"302.9827686289656","295.99999999989996"
"345.01409520497407","356.99999999979997"
"378.33136152286437","393.99999999988"
"370.3406220700657","380.99999999961994"
"363.72746737242517","378.9999999997"
"364.5846901033923","393.99999999988"
"341.9511553265821","388.00000000012005"
"370.4900096750597","393.99999999988"
"407.14845798361023","387.00000000015996"
"400.7612985446488","386.0000000002"
"392.53281213134386","409.00000000005997"
"407.33255613585186","454.99999999978"
"373.9216009216612","453.99999999982"
"386.6543108838146","304.00000000036005"
"290.27152813430524","267.00000000028"
"281.15520804125","258.99999999982003"
"254.08512607800674","246.00000000033992"
"260.85687555496565","237.99999999987995"
"237.9263144014169","229.00000000024"
"218.10868242477568","228.00000000028"
"236.66405427750385","226.00000000035993"
"225.0890731581169","218.99999999985994"
"226.76025638727788","223.99999999965996"
"233.55797270902417","242.99999999968009"
"295.23308085800386","254.00000000002"
"242.69947235560915","278.9999999998"
"282.79770424473287","310.00000000011994"
"278.5545934794588","294.99999999994"
"301.8784363028274","282.99999999963995"
"298.093649861068","292.00000000006"
"293.2659912862258","296.99999999985994"
"298.760658962409","299.99999999974"
"302.3113586428416","299.99999999974"
"317.6838684912941","315.99999999988"
"327.03083983763383","339.99999999970004"
"354.51879986120997","351.00000000003996"
"332.22200333310053","307.00000000024"
"288.78472552660264","280.99999999972"
"278.37950970304837","262.9999999996601"
"278.07524502035955","254.00000000002"
"237.53917987534282","243.99999999964007"
"260.3874499638416","234.0000000000399"
"226.15750771299224","233.00000000007992"
"211.13523242456358","228.00000000028"
"238.03402158156496","219.99999999981992"
"225.0890731581169","215.00000000002"
"216.4633974679482","216.99999999993997"
"230.2819013395216","237.99999999987995"
"212.1318398586285","250.00000000017997"
"233.39133663618418","256.99999999990007"
"230.08283023123647","262.9999999996601"
"258.6051571598099","256.99999999990007"
"246.22849613784263","256.99999999990007"
"259.3263930060008","255.9999999999401"
"187.96714660572616","255.9999999999401"
"249.56779886658012","256.99999999990007"
"255.96156694916147","256.99999999990007"
"268.0464158458909","255.9999999999401"
"302.4073588756463","257.99999999986005"
"246.01156196794","266.00000000032003"
"272.5643809146381","262.9999999996601"
"244.43826499820818","256.99999999990007"
"242.95142529972372","254.00000000002"
"238.3608801381498","251.00000000014006"
"231.6897586054364","246.00000000033992"
"260.0048680134081","233.00000000007992"
"215.84900554242188","181.99999999978002"
"203.25137913897663","137.99999999998"
"180.24046426476696","121.99999999983993"
"225.0890731581169","121.99999999983993"
"155.09688009148113","137.00000000002"
"170.03886323020708","192.00000000015996"
"227.9912549490249","250.00000000017997"
"239.02928440138328","278.9999999998"
"281.92768313761866","282.99999999963995"
"270.7331494403549","266.00000000032003"
"265.8046518907496","255.9999999999401"
"270.81533763735166","253.00000000006003"
"249.94795739455685","252.00000000010004"
"264.86964332816876","251.00000000014006"
"255.75007776217183","250.00000000017997"
"259.7579525461464","250.00000000017997"
"300.9988094384726","252.00000000010004"
"237.0245111011551","263.99999999962006"
"254.1839588153034","259.99999999978"
"246.0394228997028","251.00000000014006"
"243.6840802977598","246.00000000033992"
"226.40313001588697","245.00000000037994"
"235.3838888740288","237.99999999987995"
"259.86417919202927","222.99999999969998"
"216.83401102591108","223.99999999965996"
"211.92989023572954","213.00000000009993"
"197.7455760547574","208.00000000030002"
"225.0890731581169","215.99999999998"
"199.9346948919556","218.99999999985994"
"237.04749999144417","229.00000000024"
"252.20551579641904","232.00000000011994"
"236.3394198819625","238.99999999984004"
"241.24645926432618","243.99999999964007"
"255.0712668400614","248.00000000026"
"256.13495767461063","257.99999999986005"
"283.2328431498552","262.9999999996601"
"262.3293848410309","262.9999999996601"
"263.37478792152433","252.00000000010004"
"255.06629138501182","252.00000000010004"
"245.10972097515742","261.9999999997"
"301.7028045220596","287.00000000026"
"347.0245074721488","308.0000000002"
"316.85871603709813","292.00000000006"
"281.2042542285697","269.00000000020003"
"267.389066041044","258.99999999982003"
"285.87532924009236","254.99999999998"
"258.1620246578831","254.00000000002"
"291.0913544462699","251.00000000014006"
"267.9655207607316","254.00000000002"
"265.5930867255024","251.00000000014006"
"236.81244945453284","250.00000000017997"
"225.0890731581169","249.00000000021998"
"271.74630319607485","242.99999999968009"
"290.6278728082029","249.00000000021998"
"293.3393682198392","246.00000000033992"
"237.62528186299767","252.00000000010004"
"241.79766965507235","254.00000000002"
"253.69282416533315","259.99999999978"
"270.35733395957965","269.00000000020003"
"286.493280296607","272.00000000008"
"254.152948889071","272.00000000008"
"266.7814992325981","268.00000000024"
"243.06498877889317","273.00000000004"
"289.2771465051508","285.00000000034004"
"302.5079525265603","293.99999999998"
"347.32112734730697","347.00000000020003"
"349.6089015441194","343.00000000036"
"304.06941676739314","299.99999999974"
"285.3461798976004","292.00000000006"
"298.76776167226086","293.00000000002"
"268.34020094527466","266.00000000032003"
"261.2171039056418","255.9999999999401"
"267.9235006523246","253.00000000006003"
"257.64638153418025","250.00000000017997"
"253.5886508678518","248.00000000026"
"225.0890731581169","250.00000000017997"
"255.17848406976634","249.00000000021998"
"282.8781039527823","268.00000000024"
"331.5389892335568","313.99999999996"
"350.9537098010832","430.99999999996"
"392.34473125437256","451.99999999989996"
"372.1110168583422","355.99999999984"
"324.85672019059785","337.99999999977996"
"313.4038237733833","359.99999999967997"
"296.5397411174072","394.99999999984"
"359.5789164860374","386.0000000002"
"319.64792889327646","365.00000000025994"
"364.89599066637","371.00000000002"
"361.67489633294923","390.00000000004"
"397.94858796197417","447.0000000001"
"374.83060202030856","352.99999999996004"
"308.3529180296892","318.99999999976"
"294.1972623332656","296.99999999985994"
"293.87806677214576","279.99999999976"
"262.8448729840237","260.99999999974"
"261.78435332505296","254.99999999998"
"261.0451191549429","254.99999999998"
"253.8524093899913","251.00000000014006"
"254.717952458367","249.00000000021998"
"225.0890731581169","251.00000000014006"
"256.7930475859197","255.9999999999401"
"295.84832329231597","297.99999999982003"
"314.64578436646326","346.00000000024005"
"389.1299628028051","426.00000000016"
"365.3867000909221","440.00000000038"
"408.8457429503986","393.99999999988"
"388.007867193107","366.00000000022"
"365.4539987166511","371.00000000002"
"341.63374565635144","388.00000000012005"
"370.61827007206466","380.99999999961994"
"406.09607104967796","371.00000000002"
"404.5709808377444","372.99999999994"
"399.2698826413112","397.99999999972"
"404.3017247334668","456.9999999997"
"385.3689506939816","433.99999999984"
"364.07530315983723","341.99999999962"
"323.8129906682766","330.0000000001"
"314.1306787388051","284.00000000038"
"274.73918047681434","269.00000000020003"
"292.81270266408734","254.99999999998"
"271.2018431919983","253.00000000006003"
"260.91460966689806","250.00000000017997"
"254.15113626367804","247.00000000030002"
"225.0890731581169","248.00000000026"
"257.4477695766616","253.00000000006003"
"273.97638315402475","295.99999999989996"
"325.54185756500664","326.00000000026"
"353.67367219387984","384.00000000028"
"379.7474860934002","388.00000000012005"
"326.5603500852827","327.00000000022"
"320.6096170615531","321.99999999964"
"310.9681629163344","321.99999999964"
"296.3105610491483","320.99999999968"
"301.04720355877225","305.00000000032003"
"309.2192954976931","308.0000000002"
"288.48818845784075","305.00000000032003"
"325.8412619456185","316.99999999984"
"346.2588773311778","325.0000000003"
"305.29215196380585","297.99999999982003"
"288.4673149974305","276.99999999988006"
"279.50189844367867","262.9999999996601"
"245.08704172121202","259.99999999978"
"246.32991901707783","254.00000000002"
"260.5758098717746","245.00000000037994"
"245.6340098131277","235.99999999995998"
"214.80616950897763","230.00000000019998"
"238.07953686229735","231.00000000015996"
"225.0890731581169","233.00000000007992"
"263.0273704340742","240.99999999976"
"230.94097383833844","251.00000000014006"
"285.2228744070894","277.99999999984004"
"280.32335540918314","299.99999999974"
"299.2600663319614","314.99999999992"
"281.2789345986149","297.99999999982003"
"297.96457752178776","288.00000000022"
"299.56496330649685","299.99999999974"
"258.61286629206484","306.00000000028"
"297.8098524133043","299.99999999974"
"284.2934216484898","290.00000000014006"
"315.6654826517188","292.00000000006"
"317.94116465958325","313.99999999996"
"333.719972553533","331.00000000005997"
"295.86727515702313","304.00000000036005"
"285.66684729798465","278.9999999998"
"277.49606024024183","272.00000000008"
"283.42608405905924","267.00000000028"
"253.07699634675373","255.9999999999401"
"260.58990807956604","251.00000000014006"
"278.8725598260199","235.99999999995998"
"242.32301887687254","235.0"
"234.15270658701922","224.99999999961994"
"225.0890731581169","223.99999999965996"
"235.61639094207897","233.00000000007992"
"233.61155082582377","233.00000000007992"
"287.2129959265813","292.00000000006"
"325.45574964812613","340.99999999966"
"338.92633378243545","371.00000000002"
"324.22793475900636","340.99999999966"
"345.7011898182263","330.0000000001"
"312.8846109403057","335.99999999986"
"330.6470006275157","333.99999999994003"
"309.8121187117978","313.99999999996"
"308.34224916862587","305.00000000032003"
"342.95265007979543","318.99999999976"
"325.3271843214088","334.9999999999"
"376.90428789374613","372.99999999994"
"366.9896011568136","333.99999999994003"
"302.29656223802056","292.00000000006"
"285.1644954140485","271.00000000012"
"289.988407751424","271.00000000012"
"264.1872785687474","261.9999999997"
"288.81269612663965","255.9999999999401"
"281.1981858267631","254.99999999998"
"277.7178219485235","252.00000000010004"
"254.63154039716164","250.00000000017997"
"225.0890731581169","249.00000000021998"
"255.35641825520418","246.00000000033992"
"230.01557057922355","246.00000000033992"
"283.9088871297939","246.00000000033992"
"239.77032082407425","252.00000000010004"
"253.09883824116434","253.00000000006003"
"261.8498906808519","255.9999999999401"
"269.29283821374474","256.99999999990007"
"265.51216489052274","256.99999999990007"
"259.65942309289335","254.99999999998"
"259.4958195701406","251.00000000014006"
"255.96857458322927","248.00000000026"
"232.34040953981184","247.00000000030002"
"301.2552433644042","255.9999999999401"
"241.5035958321779","273.00000000004"
"257.289483362846","268.00000000024"
"246.21266029485503","255.9999999999401"
"243.00557732393713","252.00000000010004"
"252.19083214117813","246.00000000033992"
"245.7397660139511","242.99999999968009"
"259.91095111897823","228.00000000028"
"259.92103837946104","220.99999999978002"
"239.0855717330794","207.00000000034004"
"198.7699139307125","197.99999999991996"
"225.0890731581169","196.0"
"194.37124423523494","196.0"
"232.33818504533815","203.99999999967997"
"239.1041979496938","213.00000000009993"
"226.57104285127207","215.99999999998"
"231.27790341944035","221.99999999974"
"240.8669738959968","230.00000000019998"
"229.46948705663533","235.0"
"244.02151725048452","236.99999999991996"
"225.88831442363096","236.99999999991996"
"262.22618159018464","235.0"
"228.85919265618577","235.99999999995998"
"212.12170664404164","240.99999999976"
"299.26704361071893","222.99999999969998"
"224.11176819392722","296.99999999985994"
"348.42085636932165","291.00000000010004"
"279.00761298252706","275.99999999991996"
"260.198388034549","263.99999999962006"
"274.6756484558337","255.9999999999401"
"257.64161507715096","253.00000000006003"
"290.22378132892067","247.00000000030002"
"279.96108550946536","237.99999999987995"
"270.3861338457101","233.00000000007992"
"237.88666397004442","230.00000000019998"
"225.0890731581169","226.00000000035993"
"238.21272122242112","235.0"
"297.7832086734581","235.0"
"284.23638626352493","306.00000000028"
"343.6432553146588","387.00000000015996"
"361.01230016996783","409.00000000005997"
"370.4821458159241","378.9999999997"
"360.83063541185317","376.99999999978"
"363.63711620926006","383.00000000032003"
"324.8227493073962","371.99999999998"
"349.4568812770337","355.99999999984"
"326.82487125057827","348.00000000016"
"399.1918022224522","334.9999999999"
"329.56276988078463","352.99999999996004"
"392.1695919005893","409.00000000005997"
"372.32799474432244","448.00000000005997"
"385.810586840603","386.0000000002"
"345.60182345819425","321.99999999964"
"309.7611704610207","300.9999999997"
"273.7572200032338","275.99999999991996"
"290.72923363017685","265.00000000036005"
"281.09709613427196","260.99999999974"
"280.0677931085678","254.00000000002"
"255.97203870578073","254.99999999998"
"225.0890731581169","255.9999999999401"
"266.62227056014365","260.99999999974"
"297.92675278391425","277.99999999984004"
"311.1515081899528","312.00000000004"
"393.96236387589204","409.00000000005997"
"418.546235051589","408.0000000001"
"376.07838439341305","415.99999999978"
"397.81119437319","403.0000000003"
"369.468712589757","401.00000000038"
"341.9214273071507","392.99999999992"
"371.0211530862252","389.00000000008004"
"418.1057764669312","380.99999999961994"
"398.8044638899634","378.9999999997"
"401.3791944020703","410.00000000001995"
"454.6344744977763","480.00000000034004"
"406.5464955377939","497.99999999962"
"405.04321609736786","409.00000000005997"
"358.87866326993174","314.99999999992"
"312.40009725945606","313.99999999996"
"285.9391901138248","277.99999999984004"
"306.23792346917526","269.00000000020003"
"304.1953711619892","270.00000000016"
"303.94889636540324","265.00000000036005"
"267.7372721587933","263.99999999962006"
"225.0890731581169","265.00000000036005"
"285.83414711538694","274.99999999996"
"297.942126550903","287.00000000026"
"315.1100077578324","320.99999999968"
"431.2236083004622","430.99999999996"
"420.4272024876922","430.99999999996"
"382.6563258024211","409.00000000005997"
"393.34957455326327","383.00000000032003"
"367.4134462247258","372.99999999994"
"341.2063192189709","352.99999999996004"
"360.1840990355033","339.99999999970004"
"318.5026666431778","334.9999999999"
"385.33055762806447","334.9999999999"
"353.1190104175028","346.00000000024005"
"394.44617901722654","430.99999999996"
"375.481361836173","325.0000000003"
"309.4102824836326","319.99999999972005"
"307.6524564201708","304.00000000036005"
"307.3195715817829","278.9999999998"
"293.0510917601877","269.00000000020003"
"263.9723927124288","257.99999999986005"
"276.8272992344395","261.9999999997"
"274.3091270224757","259.99999999978"
"258.7079284169529","256.99999999990007"
"225.0890731581169","250.00000000017997"
"259.3600605438669","252.00000000010004"
"281.01057065769635","265.00000000036005"
"327.7572350317888","273.00000000004"
"281.84423954092625","274.99999999996"
"295.22103629908634","326.00000000026"
"318.11846861659984","328.00000000018"
"321.8298278624364","323.00000000038"
"307.8819286595751","291.00000000010004"
"288.1627711666681","279.99999999976"
"293.450748902492","278.9999999998"
"278.0525367162926","276.99999999988006"
"298.3698704260048","274.0"
"304.36193821514894","274.99999999996"
"260.9630426730098","271.00000000012"
"258.75504795839834","276.99999999988006"
"279.6421798517017","271.00000000012"
"276.25523318705666","271.00000000012"
"277.9525060874034","265.00000000036005"
"244.03141282676734","258.99999999982003"
"260.9199745018092","250.00000000017997"
"260.64549393610037","247.00000000030002"
"266.8842921304763","245.00000000037994"
"238.7305763623208","243.99999999964007"
"225.0890731581169","246.00000000033992"
"256.87449837761267","254.99999999998"
"234.7395485034673","262.9999999996601"
"289.419085950718","276.99999999988006"
"280.36535690043723","386.0000000002"
"354.9528539048207","415.99999999978"
"376.2565098762678","437.99999999967997"
"398.20865451061604","409.00000000005997"
"367.93964329093853","409.00000000005997"
"296.66174682344996","422.00000000032"
"370.70989922997336","376.99999999978"
"371.35672143490706","354.99999999988"
"351.85128012790136","336.99999999982"
"327.65029678005084","341.99999999962"
"353.4521933200826","442.0000000003"
"370.79114513405034","483.00000000022004"
"366.51224500147873","374.99999999986005"
"340.929179736163","286.0000000003"
"294.53765096765414","279.99999999976"
"284.7288137566694","273.00000000004"
"262.5325195555399","269.00000000020003"
"280.65804988142906","268.00000000024"
"280.59160109917246","262.9999999996601"
"258.8512895177972","261.9999999997"
"225.0890731581169","262.9999999996601"
"260.05858678169943","263.99999999962006"
"287.30410763010826","267.00000000028"
"311.68012055367967","271.00000000012"
"277.83010074884623","274.99999999996"
"288.4923447929288","275.99999999991996"
"277.50627216343185","282.99999999963995"
"299.84686051161606","291.00000000010004"
"289.51464469825146","290.00000000014006"
"291.42102893872317","285.00000000034004"
"297.9604930587518","284.00000000038"
"266.7612018178646","282.99999999963995"
"280.7682133967588","288.00000000022"
"311.52996086051195","319.99999999972005"
"357.2950519658806","395.99999999979997"
"368.3232404762659","449.00000000002"
"319.14230112199357","314.99999999992"
"293.8942190768619","286.0000000003"
"299.59986017785815","281.99999999967997"
"264.4685686051441","278.9999999998"
"275.3208262217217","274.99999999996"
"279.6369880399015","273.00000000004"
"277.61567624339983","269.00000000020003"
"254.88983953240222","266.00000000032003"
"225.0890731581169","259.99999999978"
"257.2079338257844","249.00000000021998"
"286.5226987802704","248.00000000026"
"285.34195044646054","251.00000000014006"
"238.7253317908968","260.99999999974"
"246.7721698880497","267.00000000028"
