"DataEntries: 8756, TestEntries: 24, Epochs: 200, UseTestData: true, LimitEntries: true, Firstlayer#: 6, SecondLayer: true, SecondLayer#: 14, Predict: true, Curvebehaviour: false, Stacksize: 6, useLastXDays: false, Max: 1561.0, Min: 1.0, Curve behaviour: false, Historical: false, useAverage: false, priceStack2, Skewness: false, SkewStack: 12",", useNewMethod: false, decay: 0.1"
"Range: 6567 to 8756"
"Actual","Ideal"
"377.08459152782905","469.0"
"374.0365303267591","469.0"
"353.190708185835","469.0"
"297.5024203078408","430.0"
"268.8449865660716","391.0"
"233.21543865591389","391.0"
"256.15726258982215","430.0"
"404.94693693549226","430.0"
"424.97866685131737","430.0"
"449.7668837949201","430.0"
"471.95857517233827","430.0"
"481.26381551307094","508.0"
"473.8388938730109","508.0"
"443.24947024160275","508.0"
"434.71583500649206","469.0"
"427.15072118392686","469.0"
"413.7310853145823","508.0"
"410.3273336252199","469.0"
"415.53599143277967","391.0"
"410.80518397140855","351.99999999999994"
"443.74288537768115","274.0"
"473.25664701036226","274.0"
"441.9823709346295","313.0"
"416.6442828023415","313.0"
"401.02447018485","313.0"
"380.1064316223148","313.0"
"349.89080962933116","313.0"
"295.60650866898726","313.0"
"286.4826149355097","274.0"
"276.5380097833456","274.0"
"288.1628670201254","235.0"
"284.24043320199553","235.0"
"295.0939640928211","235.0"
"353.7210365321588","235.0"
"435.2668078917694","235.0"
"384.1643213750549","235.0"
"320.3831689034973","274.0"
"321.2305567562778","274.0"
"318.5532925712206","313.0"
"325.1930220740642","313.0"
"328.9376370898381","313.0"
"372.4894577376903","274.0"
"393.2487416699076","274.0"
"360.6547878926772","274.0"
"364.6755724225","274.0"
"330.42687780981095","313.0"
"283.0888765882621","313.0"
"263.91681998239267","313.0"
"289.9725348604262","313.0"
"381.4140195245516","313.0"
"361.74321418231267","313.0"
"326.9324398074205","274.0"
"314.74377213575326","313.0"
"287.5864604649015","274.0"
"286.2483902539319","313.0"
"340.94763365831074","313.0"
"430.3721813948592","351.99999999999994"
"438.9599184624542","391.0"
"471.8608305991159","430.0"
"390.1362134518437","430.0"
"340.6936257493735","469.0"
"343.77362488473415","508.0"
"328.8999175640116","508.0"
"339.7382694493022","508.0"
"324.54150508385794","469.0"
"328.63107941902535","469.0"
"350.6555090212821","430.0"
"359.0405410962448","430.0"
"372.46378968692636","391.0"
"345.68478186382646","351.99999999999994"
"299.1969460805314","391.0"
"303.7381424164484","351.99999999999994"
"301.65366367537746","351.99999999999994"
"348.9677462525596","313.0"
"339.9641828931886","274.0"
"331.273711470889","274.0"
"322.68160458212","235.0"
"336.2016855906028","274.0"
"364.7633979502825","274.0"
"353.9511495015257","274.0"
"373.27830328983737","274.0"
"388.1312845163166","274.0"
"447.3862072112003","274.0"
"361.4275570430833","274.0"
"293.6860278905634","313.0"
"325.4107173666062","351.99999999999994"
"374.9339567852957","351.99999999999994"
"386.6540512963085","351.99999999999994"
"351.7591092921603","351.99999999999994"
"324.1294139198156","351.99999999999994"
"328.3247676734611","313.0"
"313.78547333925513","351.99999999999994"
"315.9602285670725","351.99999999999994"
"327.71955594865443","351.99999999999994"
"287.4313332085867","351.99999999999994"
"280.47865793718466","351.99999999999994"
"331.6029502216604","351.99999999999994"
"354.3858872603026","351.99999999999994"
"325.2725596480028","351.99999999999994"
"335.0230372054294","391.0"
"319.4932200288462","430.0"
"325.8092158623855","391.0"
"341.83650263210524","430.0"
"349.9320381937101","430.0"
"370.95742504925533","469.0"
"402.63865634308917","469.0"
"455.9033080198346","547.0"
"385.8567761219965","508.0"
"339.08200405427436","508.0"
"329.4811534563616","547.0"
"351.0829440762816","508.0"
"366.8039913921606","547.0"
"340.5711285931338","547.0"
"342.4020369544088","508.0"
"337.31740561967496","508.0"
"328.6453781869692","508.0"
"332.0826126990152","469.0"
"328.3460424001217","469.0"
"288.0199521010007","469.0"
"301.0677835920909","430.0"
"311.41185582503095","430.0"
"349.47604192994197","469.0"
"395.35181800322647","430.0"
"343.8190628190179","430.0"
"339.294356238421","469.0"
"337.2425156889199","469.0"
"370.784725565195","469.0"
"388.8832309897461","469.0"
"396.7018862883894","508.0"
"418.54137921372836","469.0"
"460.0416397412221","508.0"
"411.0369534928946","547.0"
"410.9902508119587","547.0"
"385.75206788747687","586.0"
"383.3750609105415","586.0"
"395.45718006636","586.0"
"382.8753399083181","625.0"
"377.0818979305598","547.0"
"380.68697527773446","508.0"
"408.42326045825126","508.0"
"407.4880026246483","430.0"
"385.8038627936385","430.0"
"274.3974322216053","391.0"
"271.84949992247783","351.99999999999994"
"294.5772973159159","274.0"
"366.02455344223756","274.0"
"401.6068091361306","274.0"
"314.0743760521967","274.0"
"292.6596622637846","274.0"
"242.80334109766727","235.0"
"246.87909668271413","274.0"
"243.5508457774945","313.0"
"233.85213381567746","313.0"
"259.6234157390346","391.0"
"301.8953471802628","391.0"
"319.59413539421496","391.0"
"346.0011219806659","391.0"
"358.16681605177365","430.0"
"361.48031818665055","469.0"
"354.1705783475843","391.0"
"351.91154195419807","391.0"
"340.375495027871","391.0"
"344.6179131734596","351.99999999999994"
"350.64739944745315","391.0"
"366.4873564774783","391.0"
"325.93539678555135","430.0"
"301.6435413550155","469.0"
"286.3766914337355","430.0"
"315.79726679814155","430.0"
"303.43756309265","391.0"
"277.75950724639256","313.0"
"256.6143189173207","235.0"
"240.07013658243045","274.0"
"224.15102269399972","235.0"
"228.36761164643838","274.0"
"229.65207320818013","274.0"
"236.84783079475346","274.0"
"248.56973458199968","235.0"
"285.3203731098162","235.0"
"312.48781499144525","235.0"
"356.4054438913409","235.0"
"368.7016646893963","235.0"
"322.8406116980426","235.0"
"311.42716567904546","235.0"
"308.78853758533614","235.0"
"293.9281054487681","274.0"
"316.3741033649742","274.0"
"309.96732174565545","274.0"
"336.4265617385221","313.0"
"301.3985711823899","313.0"
"286.995105145885","313.0"
"288.40578440973195","313.0"
"304.675876400343","313.0"
"309.1600876757218","313.0"
"268.8743898639201","351.99999999999994"
"240.2694796098632","313.0"
"239.60958303687994","351.99999999999994"
"244.2697247624833","351.99999999999994"
"253.5928658844972","351.99999999999994"
"290.4601853801716","351.99999999999994"
"319.7333334113602","351.99999999999994"
"334.4426904680421","351.99999999999994"
"412.50463733954746","391.0"
"284.0590114327793","430.0"
"275.5130556845063","469.0"
"280.84707801100205","430.0"
"303.16928981894756","430.0"
"304.33966128239695","391.0"
"286.18079372893203","391.0"
"277.2905985378044","351.99999999999994"
"277.30327956634454","391.0"
"273.6734175249879","351.99999999999994"
"274.3626781487824","351.99999999999994"
"323.7754351145824","351.99999999999994"
"309.2964980442827","351.99999999999994"
"285.6601903860635","351.99999999999994"
"357.8854800105737","351.99999999999994"
"371.34979447203773","351.99999999999994"
"356.30268427910516","351.99999999999994"
"308.5493727486396","313.0"
"294.1347533898308","313.0"
"272.7282995541627","313.0"
"273.5466940144732","313.0"
"271.08291374891667","313.0"
"295.1090575646716","313.0"
"330.2210194641813","351.99999999999994"
"370.1342575445667","391.0"
"325.5004516585666","351.99999999999994"
"285.25156134151246","351.99999999999994"
"297.74049158757833","391.0"
"320.82211916834535","351.99999999999994"
"334.3238892607017","351.99999999999994"
"312.35374665352134","391.0"
"304.92682358664825","391.0"
"308.64144330591546","351.99999999999994"
"309.79974118926077","391.0"
"296.32476580024047","391.0"
"308.77023522477117","430.0"
"294.76916199665834","430.0"
"293.7885044120919","430.0"
"296.9220406296162","430.0"
"334.9739553477452","391.0"
"310.96285169436135","351.99999999999994"
"291.2405614680678","391.0"
"280.1837370281087","391.0"
"262.54539541777626","351.99999999999994"
"268.94390051122105","351.99999999999994"
"266.0682435747648","351.99999999999994"
"273.2508473824363","313.0"
"306.01429729162174","351.99999999999994"
"355.9464906036967","391.0"
"318.7206690195556","430.0"
"292.25267102663105","391.0"
"288.508116764635","430.0"
"303.8100653037783","391.0"
"305.8708951941674","351.99999999999994"
"292.8620534726597","351.99999999999994"
"296.9486092298639","351.99999999999994"
"296.0877792203757","351.99999999999994"
"290.41545178296167","430.0"
"288.7112702263081","430.0"
"300.9672009653201","391.0"
"301.3640415639942","469.0"
"287.79944581714767","469.0"
"308.44368637614593","430.0"
"336.79695130370783","430.0"
"302.9630927179681","430.0"
"263.8088729661033","430.0"
"264.12440470451327","391.0"
"242.6214077514287","391.0"
"250.66086010691947","430.0"
"253.93861986221964","430.0"
"258.01293294349523","391.0"
"278.18626175125877","430.0"
"327.01945549158137","430.0"
"315.36381958933435","430.0"
"284.5643921835996","469.0"
"347.7840222360526","469.0"
"381.6285839471074","469.0"
"395.6200338588426","430.0"
"355.84574934426655","430.0"
"300.7633269505505","469.0"
"323.8710360580977","469.0"
"310.1501969332142","469.0"
"294.0411642094777","430.0"
"313.0560642363677","430.0"
"311.8921548636471","469.0"
"274.02732368196155","469.0"
"336.9607455797771","430.0"
"337.95065283101485","469.0"
"298.3231330583565","469.0"
"276.88928998759246","469.0"
"268.93007221350524","469.0"
"242.01064814785457","469.0"
"247.35734673008187","430.0"
"250.3101413184612","430.0"
"259.99641491055866","391.0"
"314.2894097735812","430.0"
"362.7637866960521","508.0"
"331.85388355168766","547.0"
"290.44979742661985","547.0"
"337.7065303262048","625.0"
"348.0630060281458","625.0"
"353.9803631056388","625.0"
"323.3650604578944","625.0"
"321.0475305209649","625.0"
"324.2236645772839","586.0"
"324.2718274624563","586.0"
"332.4764357234999","586.0"
"302.64177966320085","586.0"
"277.6900830492813","625.0"
"294.6040811620559","625.0"
"323.5668060134716","664.0"
"311.32224881924674","625.0"
"291.871779606909","586.0"
"271.73710868485534","547.0"
"256.67002107752444","508.0"
"232.3507051693647","508.0"
"242.64382484575765","469.0"
"261.9974853834807","469.0"
"267.37456340786866","430.0"
"271.5598727094553","430.0"
"295.20103057010544","469.0"
"323.2364151753922","430.0"
"323.00548147128694","430.0"
"322.77513743851966","508.0"
"324.7243941128065","469.0"
"321.9594954931398","469.0"
"312.65320414669526","430.0"
"322.92541162926324","351.99999999999994"
"322.34435112325474","313.0"
"324.8701369386373","274.0"
"339.57863744915096","196.0"
"334.61918366278366","235.0"
"316.68545900221034","235.0"
"311.23680779119843","196.0"
"316.57443214593644","196.0"
"305.1089279532333","196.0"
"268.15716518042143","157.0"
"241.93107902637882","118.0"
"229.49923506886364","79.0"
"212.5716601875415","79.0"
"214.25738446875516","40.0"
"228.3064864245839","79.0"
"232.1698527960633","40.0"
"238.56347529401467","40.0"
"262.937993277033","40.0"
"324.6999526782348","40.0"
"359.52071267854893","40.0"
"361.2320472701666","79.0"
"311.1862158054377","79.0"
"294.4648956192487","40.0"
"293.7946806542173","40.0"
"294.60359323427423","79.0"
"295.63782155169184","118.0"
"309.81704741480536","118.0"
"331.25231010046923","118.0"
"308.85047108583285","118.0"
"296.21000749791995","118.0"
"295.56520427533917","79.0"
"297.6250148080848","118.0"
"294.80342621927616","118.0"
"262.008310585844","79.0"
"243.88379142904034","79.0"
"242.9028038394913","118.0"
"231.27680132635783","118.0"
"238.04787016626312","118.0"
"259.1638670243876","157.0"
"272.99950153070876","79.0"
"311.26317464517086","79.0"
"336.51068827750953","79.0"
"318.7901922079163","79.0"
"301.50656017721025","118.0"
"350.7757163920048","157.0"
"376.9630537632197","157.0"
"372.0667698302188","118.0"
"345.9229562017503","118.0"
"331.27072932165123","79.0"
"321.2381777120388","118.0"
"306.159725036708","118.0"
"320.5337632184174","118.0"
"340.4890360938823","157.0"
"325.1992736734071","157.0"
"339.0671714520832","157.0"
"357.39936478216964","118.0"
"353.0339820989846","157.0"
"290.3291723263206","118.0"
"265.1072649869012","118.0"
"246.53172068690662","118.0"
"232.39803005300757","118.0"
"229.65162184458052","157.0"
"232.2491959738859","196.0"
"250.06960751129884","196.0"
"284.9928308569746","196.0"
"319.4502965095854","196.0"
"295.869701405125","196.0"
"291.1917226208742","235.0"
"361.3152787859146","235.0"
"379.26989415360066","235.0"
"375.2779399824114","235.0"
"357.6352701861037","235.0"
"290.60588963749365","235.0"
"286.49336789040973","235.0"
"288.6776690087496","196.0"
"283.82853691093294","157.0"
"315.16400790795905","196.0"
"305.15212374229407","196.0"
"281.9183409642722","196.0"
"301.5709153486192","157.0"
"308.58884104389045","235.0"
"279.7295774654405","196.0"
"259.9064083678403","196.0"
"253.57518688688776","235.0"
"238.38822264660485","196.0"
"242.5500197545215","157.0"
"244.83235420705466","157.0"
"275.26651346778357","157.0"
"305.4957219848442","157.0"
"316.96485344060613","196.0"
"302.5655586143202","196.0"
"295.2866586339193","157.0"
"302.30555165108547","235.0"
"331.60022872326056","235.0"
"333.08110238262304","274.0"
"329.67789513553765","351.99999999999994"
"326.82608536212973","351.99999999999994"
"328.6152257469022","351.99999999999994"
"324.08887524024664","351.99999999999994"
"315.09259359585815","313.0"
"320.1718262038581","274.0"
"291.90959874333475","313.0"
"317.5034882995818","274.0"
"311.97284114395075","274.0"
"331.67221973906237","313.0"
"294.924174955424","274.0"
"267.22025454553693","235.0"
"251.3616368721182","235.0"
"237.55255100800764","157.0"
"236.9018421246808","118.0"
"238.40248663691875","118.0"
"252.29262236448358","79.0"
"282.3061429051337","79.0"
"326.33428549192706","79.0"
"301.4257086351029","118.0"
"322.61186102523664","157.0"
"320.5439438713764","157.0"
"340.00362192061783","157.0"
"341.2304177141093","157.0"
"333.1775937102117","157.0"
"328.0355592617613","157.0"
"325.5181976001695","157.0"
"308.016320682604","196.0"
"292.54710111330445","157.0"
"319.5937698842406","157.0"
"325.2171189259707","196.0"
"282.37330793551666","196.0"
"259.4764219921617","235.0"
"294.5408742054138","235.0"
"275.61619141303635","274.0"
"260.61040179825363","274.0"
"244.66553543389796","274.0"
"239.78201940086888","235.0"
"235.26394075137398","235.0"
"239.84539783769833","274.0"
"254.71152031244299","274.0"
"300.1552392023058","274.0"
"326.42246129167927","274.0"
"287.9440912987206","313.0"
"287.23141907168514","313.0"
"283.94889984250034","351.99999999999994"
"312.5727340357571","351.99999999999994"
"311.6326313442967","351.99999999999994"
"297.96346417196804","391.0"
"303.1717697825403","391.0"
"311.8368832289152","430.0"
"315.3267546546547","430.0"
"313.1298979860654","430.0"
"310.39104575342515","430.0"
"272.9107730917092","469.0"
"315.6099972823486","469.0"
"316.70281277809744","469.0"
"313.5472666918987","469.0"
"287.34467113895255","469.0"
"255.19095874508855","469.0"
"237.00639682212147","430.0"
"223.94013203699888","430.0"
"220.30181948671134","430.0"
"221.5420425616354","391.0"
"223.36875276312935","391.0"
"229.13187040311163","391.0"
"252.41350893222625","351.99999999999994"
"284.5287087121138","351.99999999999994"
"322.4836517397548","351.99999999999994"
"335.5516930493606","351.99999999999994"
"343.68077819018293","351.99999999999994"
"333.3918170618333","351.99999999999994"
"326.4460763051282","313.0"
"324.4023870355653","313.0"
"324.721283648321","274.0"
"329.3524272948763","274.0"
"346.4418205425227","235.0"
"327.2909035172136","235.0"
"307.4069695670822","235.0"
"308.7113134166472","235.0"
"314.8421680124448","235.0"
"301.25816932258874","235.0"
"276.502799147023","235.0"
"246.16724943201598","235.0"
"224.16674344672094","196.0"
"211.23632297555116","196.0"
"210.32810493020713","196.0"
"209.89110509577745","196.0"
"208.99897800098324","157.0"
"219.35529796546166","196.0"
"244.334982474262","157.0"
"266.15055181908224","157.0"
"303.76182125185994","157.0"
"316.89077741013756","157.0"
"321.67882623621074","157.0"
"319.3725629876626","157.0"
"309.96732174565545","118.0"
"305.02350842231147","79.0"
"306.7488916667562","79.0"
"311.9537338799434","79.0"
"341.77600910038245","79.0"
"365.25245328118496","79.0"
"358.49449777087005","118.0"
"345.9190160229692","118.0"
"329.0098166545736","79.0"
"314.3791401396772","118.0"
"284.71108821116854","118.0"
"246.34936658322874","118.0"
"229.66184486776706","118.0"
"234.86482251124949","118.0"
"238.30344760566697","118.0"
"237.71685768689485","118.0"
"248.6665959079346","196.0"
"307.05310510877194","157.0"
"352.18160879659536","157.0"
"345.65582062792515","157.0"
"376.9684379718246","157.0"
"388.8858475743037","157.0"
"401.2230991005344","157.0"
"399.66403374407264","157.0"
"381.27554237085906","157.0"
"352.995193065863","157.0"
"362.6221187832752","157.0"
"361.02720946201487","157.0"
"303.65742716085566","157.0"
"327.45002257020803","157.0"
"318.99898757524346","196.0"
"287.7946180101217","157.0"
"362.31769856491775","157.0"
"360.1499187542707","196.0"
"333.77129464546226","157.0"
"296.2303657451338","196.0"
"268.50539788662115","196.0"
"262.94613627385854","157.0"
"264.3290846978713","196.0"
"271.04717766974267","196.0"
"279.51568771765756","157.0"
"321.00914456643426","196.0"
"349.4476796970391","196.0"
"353.7030554427137","196.0"
"385.9932022440603","196.0"
"383.11972808097454","196.0"
"408.64018726335485","235.0"
"409.21507867568977","274.0"
"392.1809782595523","274.0"
"396.70720963623","274.0"
"402.21577489167566","235.0"
"403.47673581223245","196.0"
"367.99020873487535","196.0"
"312.3355604342473","235.0"
"294.3724773433084","274.0"
"364.42352809162145","235.0"
"386.51099509838065","235.0"
"382.12181645717294","196.0"
"360.21398436629835","274.0"
"331.7714475971378","274.0"
"298.03579185329795","274.0"
"282.504877728483","274.0"
"293.0763864108575","274.0"
"294.79476341909964","313.0"
"303.5146661640822","274.0"
"334.48978997871217","274.0"
"369.7718028679693","274.0"
"405.3839980814851","274.0"
"416.6440155401071","274.0"
"414.7337770505924","313.0"
"448.39916506530125","313.0"
"451.09694328973006","274.0"
"434.4053061405581","274.0"
"442.6062757845516","274.0"
"436.6379431006062","313.0"
"423.91128685832973","313.0"
"402.8669239488892","351.99999999999994"
"416.22072117302986","391.0"
"398.52908050788926","430.0"
"408.39542428114447","430.0"
"401.97635396911795","508.0"
"404.82740462481325","508.0"
"401.5418661868102","547.0"
"368.7335450501867","586.0"
"345.8155085800908","547.0"
"338.9535376488096","547.0"
"342.916034100933","547.0"
"348.9671244722286","508.0"
"360.68668553839444","469.0"
"397.6486346682291","430.0"
"457.6409658294839","430.0"
"468.21527868766765","430.0"
"454.7310689840234","391.0"
"452.65771082346834","430.0"
"475.5795337917706","430.0"
"476.14703669741806","469.0"
"450.25709207382107","469.0"
"451.04145669985417","469.0"
"453.0913510025909","469.0"
"428.9241868087206","469.0"
"386.9054419808747","469.0"
"448.54382385477436","508.0"
"407.5037509494507","547.0"
"419.04612528271167","586.0"
"414.8207351598804","586.0"
"417.7858664734042","664.0"
"411.40475825160144","664.0"
"364.34550504479955","703.0"
"360.7377719562554","703.0"
"385.8400664111603","703.0"
"413.8044113540419","742.0"
"422.4952098510945","742.0"
"427.8346051411204","742.0"
"450.0008437084879","781.0"
"507.1404457730545","859.0"
"509.38701301283703","859.0"
"501.037800790628","820.0"
"502.50411020643094","820.0"
"525.8865019066984","781.0"
"510.53574658470046","703.0"
"485.43385640270594","625.0"
"472.2976093741386","586.0"
"454.4455438443875","586.0"
"448.73257854147363","586.0"
"454.88358618825754","351.99999999999994"
"456.27212860058285","547.0"
"433.6885659911526","625.0"
"439.76095567957714","586.0"
"441.16625013720807","742.0"
"455.13374627308553","742.0"
"447.4486869713703","664.0"
"415.64081336390814","742.0"
"405.86098885189597","703.0"
"398.1036718948906","742.0"
"428.96068503095694","742.0"
"448.2774841207193","703.0"
"457.3617720883774","703.0"
"462.92993104687736","664.0"
"472.58324727910355","703.0"
"493.8633181914838","664.0"
"512.3418737592548","664.0"
"513.4993305255382","625.0"
"501.1581169009349","664.0"
"490.90167944372666","625.0"
"481.28210175000515","664.0"
"491.90206745907733","664.0"
"504.9932830472318","742.0"
"507.76624086265844","820.0"
"497.8351974108437","820.0"
"494.64969641108024","859.0"
"472.26752979838216","859.0"
"464.3579959552756","898.0"
"469.7539113632328","898.0"
"470.75858042157034","937.0"
"454.13959585826234","898.0"
"429.0233866889052","898.0"
"448.9744657273178","898.0"
"483.4604030097625","859.0"
"547.3398739764291","937.0"
"595.2541772686868","976.0"
"608.8473910641194","976.0"
"565.5815332685065","1093.0"
"599.5159229383381","1171.0"
"612.059802596116","1210.0"
"620.2138305489398","1210.0"
"583.1728145415195","1249.0"
"529.596904859767","1210.0"
"521.504235023547","1210.0"
"511.50999905341956","1288.0"
"501.27962846542187","1288.0"
"517.0292718525445","1444.0"
"532.699571432423","1522.0"
"539.0495771007031","1561.0"
"504.243344532146","1483.0"
"473.650305216934","1405.0"
"469.2990730030413","1366.0"
"464.6780311080492","1288.0"
"458.304666462173","1132.0"
"443.5848678690042","976.0"
"424.4232788427601","859.0"
"406.989169630374","742.0"
"546.5901305927744","664.0"
"539.2929705499112","586.0"
"409.1567542843952","586.0"
"414.40621845416064","508.0"
"459.6393189514762","508.0"
"511.73624709014746","430.0"
"517.5110366324848","430.0"
"435.47564940157736","391.0"
"431.66269893520496","430.0"
"431.51131968647076","430.0"
"436.0605947779961","469.0"
"398.51393212636054","469.0"
"381.1912331611473","430.0"
"424.79235793716725","430.0"
"369.2043805494244","430.0"
"346.47314248248546","430.0"
"315.46429533430705","430.0"
"284.8873770887683","508.0"
"387.7883690906045","469.0"
"432.4742401312479","547.0"
"456.61747023282743","586.0"
"447.18392005268186","547.0"
"435.8501442524796","586.0"
"414.4313084342247","586.0"
"395.71737615591854","586.0"
"412.8608225791479","586.0"
"418.65103679585525","625.0"
"425.8993331560876","547.0"
"465.6176092302313","547.0"
"523.8138859835187","625.0"
"511.4244605367397","586.0"
"460.88912042380935","664.0"
"487.71751016901703","664.0"
"533.1415985036316","664.0"
"526.0846793045841","664.0"
"501.19689774645076","664.0"
"507.2548072501546","625.0"
"501.9491435561906","625.0"
"483.20772264128544","625.0"
"452.95631543075837","664.0"
"467.9788343696684","703.0"
"444.5705300040898","703.0"
"480.32992366623984","703.0"
"484.07055821953617","742.0"
"496.9707212853955","781.0"
"488.107649462304","781.0"
"478.72226241754254","820.0"
"484.35114252687015","859.0"
"491.0645782549924","859.0"
"545.6001434656412","781.0"
"555.6428652409204","820.0"
"545.7439421824945","742.0"
"525.0295147604602","742.0"
"550.5471825343991","703.0"
"584.697276568872","664.0"
"554.7743953333037","664.0"
"539.3065022031701","742.0"
"542.8752074218464","703.0"
"543.7215980342331","625.0"
"529.8579507892478","625.0"
"530.953836406972","547.0"
"521.8549531656031","469.0"
"499.1474829010812","430.0"
"507.6318592644728","391.0"
"532.7434893065008","391.0"
"483.2068027060036","430.0"
"494.1967626920476","430.0"
"496.3891072701154","469.0"
"497.2668465516037","508.0"
"487.552802871387","547.0"
"460.50623211932185","625.0"
"448.77994750147155","664.0"
"456.4781375664701","703.0"
"514.7415356980563","742.0"
"528.5587856472501","742.0"
"527.2505726545303","781.0"
"532.9616598382217","781.0"
"548.3982947330296","820.0"
"581.5942571136911","859.0"
"563.7000636838304","898.0"
"554.5836822985767","937.0"
"571.4969007476362","898.0"
"572.8198977497503","898.0"
"551.2012037548969","820.0"
"553.8020379770568","664.0"
"543.3079460636571","586.0"
"517.3718597107268","508.0"
"514.2168878466546","469.0"
"526.153970957198","430.0"
"499.9205490795729","391.0"
"499.4226831768301","391.0"
"493.0833957442875","351.99999999999994"
"488.5417619321179","313.0"
"467.67243773912224","274.0"
"435.8501442524796","274.0"
"417.02982703587975","235.0"
"406.81904306049745","196.0"
"414.00309962292306","235.0"
"416.76191243625846","196.0"
"422.9837281336648","196.0"
"460.78099317590573","157.0"
"494.7740103582557","235.0"
"545.0742317747138","157.0"
"521.8558482888704","196.0"
"505.83602357731417","274.0"
"515.095108218855","274.0"
"505.50138690148515","274.0"
"479.86469096573455","313.0"
"469.05709050738744","391.0"
"453.13921667293965","351.99999999999994"
"438.2349753923778","351.99999999999994"
"443.4127598051783","313.0"
"470.82850088352654","313.0"
"465.0552625221361","351.99999999999994"
"451.4607820776845","196.0"
"442.84238212846554","351.99999999999994"
"439.994459631168","391.0"
"427.9872606438681","391.0"
"391.4549981485558","508.0"
"386.4238872929076","625.0"
"362.8347400377138","625.0"
"354.62366141474905","703.0"
"370.0500586964133","781.0"
"392.3906220593242","781.0"
"448.4162391659285","898.0"
"479.10016001792445","976.0"
"511.84307634729146","976.0"
"529.9344040890564","1015.0"
"540.6099129064261","1054.0"
"535.9945393741094","898.0"
"524.0527690864394","742.0"
"515.2366690545487","742.0"
"512.4110112131511","742.0"
"515.9966665866639","742.0"
"513.9426304906983","703.0"
"517.9626967715542","781.0"
"511.82154763294506","820.0"
"484.41141258191163","781.0"
"471.6117413606186","742.0"
"486.8881793043577","742.0"
"496.37032366912376","742.0"
"470.6513270445559","742.0"
"460.40865179234356","703.0"
"433.2460860931837","703.0"
"427.9049810006946","625.0"
"577.0926217345908","547.0"
"613.9961306598716","625.0"
"621.349992383765","625.0"
"641.2777730540975","586.0"
"662.6679039881301","586.0"
"644.3775296335366","664.0"
"605.6007125824309","664.0"
"575.5423406558549","664.0"
"532.6772678500356","625.0"
"523.7673983317313","742.0"
"515.1916149096842","703.0"
"515.9966665866639","625.0"
"511.6232072118548","625.0"
"501.7165467880474","547.0"
"505.5321336995272","508.0"
"507.0853318824939","508.0"
"476.5304540749015","508.0"
"465.8314940372427","469.0"
"455.23640203200614","430.0"
"448.0114140490413","469.0"
"412.89055277432715","508.0"
"383.5311317301496","547.0"
"395.9160170359545","508.0"
"353.3388165296179","547.0"
"397.9019871735831","508.0"
"510.69185263829644","547.0"
"518.7291862957649","430.0"
"523.7632833216562","469.0"
"506.31986044084096","547.0"
"520.467595474083","586.0"
"492.3023397381628","586.0"
"484.27315820249987","664.0"
"490.8524681004737","547.0"
"483.6620879719946","547.0"
"475.1660217960817","586.0"
"481.98489016604304","547.0"
"478.37401866206056","547.0"
"462.40180093780475","547.0"
"381.3035433008753","469.0"
"492.95813543199785","469.0"
"446.8228583978435","508.0"
"465.0421529401543","508.0"
"460.71256816381225","469.0"
"463.009935624728","508.0"
"444.0034439985862","508.0"
"428.94480561596714","469.0"
"400.48768251171174","430.0"
"384.8478259812256","391.0"
"394.47647384224643","391.0"
"375.43274261680097","469.0"
"430.5850546878547","351.99999999999994"
"468.5658527381164","430.0"
"506.1613624937849","430.0"
"544.7299106325357","430.0"
"514.6460308941901","430.0"
"506.80581703300504","547.0"
"537.0424984737086","351.99999999999994"
"523.3814213181864","508.0"
"485.38217422219503","508.0"
"491.80745146517444","430.0"
"480.06845927634635","430.0"
"470.01585208226004","469.0"
"487.486727429559","508.0"
"513.336416857335","586.0"
"471.6215643700733","508.0"
"466.7858913886909","625.0"
"468.46861161457394","703.0"
"469.83449184009555","703.0"
"453.8081229823946","781.0"
"420.6141427871732","742.0"
"426.2325167212369","742.0"
"416.638554945757","664.0"
"418.6294320440438","625.0"
"419.9002260082275","625.0"
"437.96031412618004","547.0"
"471.1842230688968","469.0"
"495.17958956983665","469.0"
"523.8359780434531","391.0"
"408.9786774572859","391.0"
"396.31820932393583","430.0"
"494.51993162146704","351.99999999999994"
"514.9455619580021","274.0"
"429.0714282467124","274.0"
"448.3228600242315","196.0"
"444.79905620553234","157.0"
"409.0482322301674","235.0"
"372.0134945585233","196.0"
"341.6940384900211","196.0"
"308.3242022183621","235.0"
"382.91902826626597","79.0"
"444.20130739424667","196.0"
"444.4035257173385","274.0"
"427.90816758340026","235.0"
"399.24971955718513","235.0"
"389.93490257490777","274.0"
"416.06419517491014","274.0"
"407.1818662660222","274.0"
"448.9649777845065","235.0"
"476.24167721178657","235.0"
"486.24475765694825","235.0"
"503.3542249982681","196.0"
"512.2937430190356","196.0"
"357.86650681992955","274.0"
"343.32581586195926","313.0"
"411.09545569478524","351.99999999999994"
"420.8380869508615","351.99999999999994"
"373.19958771119315","430.0"
"353.41345031828865","547.0"
"349.7614528032105","664.0"
"368.09920966666715","820.0"
"401.1298154453457","859.0"
"401.3073532254064","976.0"
"408.7029740814119","1054.0"
"472.7574028896015","1054.0"
"481.93504630460956","976.0"
"485.9567515155529","859.0"
"474.10783045134394","781.0"
"460.59915983216644","820.0"
"461.61931421593175","937.0"
"530.7625121053898","1015.0"
"573.1950232055299","1054.0"
"583.5707356179694","1210.0"
"574.7249000210143","1249.0"
"581.4800219646054","1327.0"
"558.6644723233358","1327.0"
"592.5837616663686","1327.0"
"578.1815115953045","1327.0"
"550.3031061047517","1327.0"
"555.0065713423453","1327.0"
"545.3678358883358","1327.0"
"520.2498011562489","1288.0"
"515.1547555505138","1249.0"
"512.7513675773951","1249.0"
"503.3176562140419","1210.0"
"525.0667327834182","1171.0"
"552.194659372354","1210.0"
"519.0601147787995","1171.0"
"503.8938812914393","1171.0"
"507.5381501189512","1093.0"
"506.4075437009067","1054.0"
"492.9537419507894","1054.0"
"472.65209848191563","1054.0"
"461.45032676535595","898.0"
"449.8677621125175","937.0"
"491.5983449560677","898.0"
"502.24771467698827","898.0"
"504.65625227540465","859.0"
"492.12634607212885","898.0"
"506.8129758908156","859.0"
"533.1028391878126","859.0"
"547.5783094002617","820.0"
"550.2777737025606","820.0"
"541.3325577320355","820.0"
"531.4993896128578","898.0"
"521.3938314876154","898.0"
"520.4485570121042","898.0"
"525.3488596157476","937.0"
"526.5517199706876","937.0"
"529.7494050657247","898.0"
"535.3109690521962","898.0"
"506.3687572588962","859.0"
"501.4245540028768","820.0"
"493.7368564969065","781.0"
"485.20825450862566","742.0"
"468.5658527381164","703.0"
"451.89520060909103","664.0"
"398.26348646386157","586.0"
"365.89738006445964","547.0"
"355.9763624039634","508.0"
"390.80019456815705","508.0"
"396.745076043784","469.0"
"364.3559717543711","430.0"
"408.33068569818016","391.0"
"443.6742959876505","351.99999999999994"
"479.407098507221","313.0"
"495.3000577477761","351.99999999999994"
"495.34669009700053","351.99999999999994"
"485.1271309772474","430.0"
"472.13428109386473","469.0"
"471.093857097859","508.0"
"469.3134443674255","508.0"
"470.6757250466381","547.0"
"471.1019319963875","586.0"
"478.3712944510373","586.0"
"469.28979617786155","625.0"
"462.91832301316384","625.0"
"464.712436114352","664.0"
"462.2105983970374","664.0"
"442.8533121071002","625.0"
"416.638554945757","586.0"
"394.49597735080636","586.0"
"363.26772973662156","586.0"
"377.98578875010037","586.0"
"391.8522426777178","547.0"
"480.32484839452667","508.0"
"498.65289038688906","508.0"
"512.0331439339951","508.0"
"414.7482121960171","547.0"
"305.1952316186867","508.0"
"508.68871106301054","508.0"
"523.8578390804227","469.0"
"528.3793135939011","469.0"
"514.5563773673671","391.0"
"527.565298369818","391.0"
"518.2206868601198","469.0"
"455.73232719106403","430.0"
"293.57548595060115","430.0"
"321.8749235104991","391.0"
"358.613842622114","469.0"
"482.0671442313973","469.0"
"483.27190601734594","430.0"
"492.0915297757856","508.0"
"484.9154705674054","469.0"
"457.7606781055946","508.0"
"449.39620210067767","586.0"
"433.2584806557326","586.0"
"445.305846805706","664.0"
"489.8457223934289","742.0"
"561.3672222049947","820.0"
"576.4925486315215","937.0"
"481.94813885278194","976.0"
"458.7563410700274","1054.0"
"350.89678635341056","1015.0"
"546.1136243030335","1015.0"
"590.0150706122755","1015.0"
"595.3968754483203","1015.0"
"584.7951710093105","937.0"
"480.70277444583377","820.0"
"507.2132795851443","742.0"
"430.8115529827116","742.0"
"328.2292140866726","703.0"
"351.41125399396446","703.0"
"535.6491593823195","742.0"
"521.6369683041751","781.0"
"516.8967087990608","820.0"
"520.6809500007478","820.0"
"501.48430810733913","820.0"
"489.66123953992553","859.0"
"495.5025918501787","937.0"
"505.3232300577713","898.0"
"579.3175999711484","976.0"
"578.7172680355468","976.0"
"614.5602772930961","898.0"
"592.3075038797247","820.0"
"561.0599999997462","820.0"
"604.6501134259108","859.0"
"583.45077226567","820.0"
"558.1947603416911","781.0"
"580.8672690467084","781.0"
"567.6979269548476","781.0"
"551.4713615252626","703.0"
"567.0039477350556","625.0"
"536.6326524087403","586.0"
"498.02472373344796","586.0"
"519.6486857557139","586.0"
"550.0674477652916","586.0"
"509.80690529777934","625.0"
"504.3492984740199","664.0"
"522.3496932816486","664.0"
"525.7153424616718","664.0"
"509.3736282223232","664.0"
"487.242602426663","742.0"
"483.84950023268647","742.0"
"473.9613273100889","664.0"
"560.9527750076511","664.0"
"568.8313970367058","703.0"
"605.0529317729589","625.0"
"599.4498434982909","586.0"
"550.6500924661539","664.0"
"587.121111191901","625.0"
"571.3533168400713","586.0"
"529.698033366182","586.0"
"552.2810782371768","586.0"
"545.9488589472215","586.0"
"531.7709163318298","547.0"
"532.600486091319","469.0"
"520.239384150722","430.0"
"501.83417132728044","430.0"
"495.43874381576813","391.0"
"458.7799967161905","351.99999999999994"
"481.92297399732456","391.0"
"472.4811456721122","351.99999999999994"
"490.7050535614865","351.99999999999994"
"498.83432451247165","313.0"
"470.4590934417025","313.0"
"457.1070949840549","274.0"
"432.39284634383085","274.0"
"436.5112214571556","235.0"
"436.08603128527074","235.0"
"444.07047994107165","235.0"
"447.0043180110212","196.0"
"482.00023117850174","157.0"
"528.1599109929143","196.0"
"543.4492424461239","196.0"
"512.5546069741943","196.0"
"479.08384338625484","196.0"
"521.3539931297797","196.0"
"516.0045918321833","235.0"
"493.23543313711576","313.0"
"458.90914834396534","313.0"
"459.3848599269253","351.99999999999994"
"454.5156872675663","430.0"
"470.21510601462785","351.99999999999994"
"483.1529564777771","391.0"
"471.5599106282873","391.0"
"468.8282410025447","391.0"
"469.2258856642975","430.0"
"481.5749103006697","430.0"
"459.0350364109551","430.0"
"426.8794936480089","430.0"
"412.7502543597035","508.0"
"485.88590095852993","547.0"
"557.3073350133518","508.0"
"589.9633308482948","508.0"
"595.6862380969399","469.0"
"597.3758651823404","469.0"
"595.8572924385664","430.0"
"558.2092942436377","391.0"
"569.1283757068211","391.0"
"543.6281221652673","391.0"
"520.1760357544492","430.0"
"506.3959814876605","469.0"
"496.71471591931186","430.0"
"496.15559128003315","430.0"
"504.1966767993243","391.0"
"504.1180724816241","430.0"
"518.9958715776097","430.0"
"524.8457263224866","430.0"
"507.6973316391518","430.0"
"496.74696099611543","391.0"
"496.10202479067385","430.0"
"489.8440362228761","430.0"
"499.64113796543705","430.0"
"482.2688323301697","430.0"
"494.6502685969786","430.0"
"491.22663194739846","313.0"
"574.1639686981581","313.0"
"609.4915382323396","351.99999999999994"
"630.4012889500187","313.0"
"631.5130785523355","313.0"
"625.35590994778","351.99999999999994"
"633.7679486234346","351.99999999999994"
"646.4808791563387","391.0"
"610.596634606154","391.0"
"535.629794301923","391.0"
"522.4716424922656","430.0"
"505.77133524446754","469.0"
"512.4712608281936","391.0"
"518.2504203352456","391.0"
"523.0104335495032","391.0"
"536.6198168949135","391.0"
"536.696643029807","391.0"
"517.9849403280609","430.0"
"516.6077851293953","430.0"
"516.5591872642813","469.0"
"513.4831055576478","469.0"
"494.39753487309224","469.0"
"471.6212634027672","508.0"
"474.4938680101765","547.0"
"417.4847250205603","586.0"
"408.1916300941405","625.0"
"410.2954354642944","586.0"
"425.0670375194221","625.0"
"472.9134043845804","625.0"
"530.8885339678809","586.0"
"560.6042074880072","586.0"
"542.914943931727","586.0"
"516.6935037110501","586.0"
"526.9733000786073","586.0"
"511.1092754824258","625.0"
"497.36744538341225","625.0"
"505.5033103190842","586.0"
"504.47660410309004","508.0"
"493.0586121007106","469.0"
"503.992713076778","469.0"
"525.7011494795493","469.0"
"503.3425781320503","430.0"
"493.3342213616449","430.0"
"503.5380612900361","430.0"
"507.78224582456943","469.0"
"506.40712686163533","430.0"
"477.48579960780233","469.0"
"466.5847244530767","469.0"
"457.81370420732736","469.0"
"471.4712029643324","469.0"
"471.19186065920803","469.0"
"479.8064384393367","469.0"
"507.2973519203157","430.0"
"546.632089478009","430.0"
"563.155129784345","391.0"
"538.8013585664835","391.0"
"503.0881865354761","391.0"
"539.0361511534697","351.99999999999994"
"544.0749389399158","313.0"
"522.9027949494224","313.0"
"526.3458690999938","235.0"
"516.6935037110501","196.0"
"492.908884030019","157.0"
"453.021641197749","118.0"
"490.3461746507127","118.0"
"475.4076594399757","118.0"
"484.49747824886424","118.0"
"485.20017364916885","118.0"
"499.66039613340985","118.0"
"489.5061732489815","196.0"
"461.8700189331073","235.0"
"456.9155010944073","274.0"
"432.4734094478758","351.99999999999994"
"428.66147937728704","313.0"
"441.3386211112002","313.0"
"456.00136320952873","351.99999999999994"
"497.6784721002715","351.99999999999994"
"538.1589884166856","313.0"
"563.9474513426335","313.0"
"521.6575252240914","274.0"
"475.9822408373941","274.0"
"508.10731992687914","274.0"
"502.0734559369759","235.0"
"480.6829340660387","274.0"
"482.4708514537667","235.0"
"483.9957070528909","157.0"
"468.2671858284945","157.0"
"457.64195611303074","118.0"
"478.6048092022389","79.0"
"482.53257839951755","79.0"
"490.6719770666131","40.0"
"488.78962017684296","40.0"
"503.10961924068727","79.0"
"501.8701376594662","79.0"
"489.02670925740983","118.0"
"468.9271203712642","157.0"
"442.49544611339235","157.0"
"444.9450476014798","196.0"
"449.3256517687054","235.0"
"455.40511421552037","274.0"
"484.0524261845106","351.99999999999994"
"522.2708336271334","351.99999999999994"
"522.2861166014485","391.0"
"522.1927295059568","391.0"
"509.29375908181794","430.0"
"541.0904239870033","391.0"
"541.3757021871365","351.99999999999994"
"526.9265518371134","313.0"
"511.49041225101394","313.0"
"498.5196856628601","274.0"
"500.2744077067898","235.0"
"515.414348641729","235.0"
"529.5190506650949","235.0"
"519.7885293596726","235.0"
"511.7110216405144","235.0"
"508.64558171121524","274.0"
"515.3071481562342","274.0"
"508.16303827053656","313.0"
"481.04994498571864","351.99999999999994"
"465.64235137450976","313.0"
"428.15020590687965","351.99999999999994"
"417.1242492999768","351.99999999999994"
"425.19758635977263","391.0"
"419.903579954014","391.0"
"455.05213204990577","430.0"
"522.9265954992813","469.0"
"568.041012915712","469.0"
"582.6181652022728","508.0"
"580.6684815044517","508.0"
"596.772733710938","547.0"
"594.7195831535389","547.0"
"584.6231027341428","586.0"
"577.6272496550441","547.0"
"580.3766798594337","547.0"
"579.1607010761733","547.0"
"596.4403026989756","508.0"
"619.4586322373085","469.0"
"594.6634148138835","469.0"
"572.7128703743646","430.0"
"569.9396103339622","391.0"
"562.6011527501671","391.0"
"537.8289128696335","391.0"
"509.2630453638056","391.0"
"507.1553038908404","351.99999999999994"
"570.2240437824521","391.0"
"617.5062223407717","391.0"
"633.1536139086697","391.0"
"666.123779675776","391.0"
"665.7376432080109","391.0"
"670.7933312963008","430.0"
"671.2533206748736","508.0"
"640.5369102360859","508.0"
"602.837420907791","547.0"
"560.3534280957033","547.0"
"545.0011943827868","547.0"
"531.2384269443327","547.0"
"529.6089616075238","547.0"
"542.7306123195999","430.0"
"562.4790277254427","391.0"
"596.7504152593222","391.0"
"603.704982854539","351.99999999999994"
"544.6950824924174","351.99999999999994"
"518.3573043147542","351.99999999999994"
"524.9557157397062","469.0"
"512.5123066985749","547.0"
"513.8439573722586","586.0"
"514.4514268926828","664.0"
"537.5395788370913","703.0"
"614.1890939927753","703.0"
"664.5370484423319","742.0"
"706.1693312695859","703.0"
"728.2888140233607","625.0"
"727.9551765161356","586.0"
"715.203108077629","547.0"
"713.7559523070221","508.0"
"682.0036220569398","469.0"
"688.9779841668042","508.0"
"673.7435158046947","508.0"
"634.8078106515682","547.0"
"602.4323358139286","625.0"
"608.5046815916091","664.0"
"631.2065804112311","703.0"
"659.5424236715087","820.0"
"672.8288843198432","859.0"
"668.2708857692634","937.0"
"603.3718630057595","1015.0"
"600.616265163299","1015.0"
"616.6822261984905","1015.0"
"633.1787326901009","1015.0"
"627.3098422669449","976.0"
"645.2576110471862","937.0"
"708.4487826714229","976.0"
"737.1802246346131","859.0"
"755.2315793348793","742.0"
"754.4727928999463","664.0"
"745.8629610373658","586.0"
"727.8461508947944","547.0"
"704.3500245722796","508.0"
"731.2863032082486","508.0"
"701.6218013813692","547.0"
"721.9336536011061","625.0"
"681.0902908761775","664.0"
"663.2149380309052","664.0"
"640.3315161160842","664.0"
"633.5933686962563","664.0"
"625.8043609941863","742.0"
"624.1809786591418","742.0"
"617.2713237674436","703.0"
"607.1121642469602","742.0"
"609.6862117284214","781.0"
"614.9202540444126","781.0"
"633.7941544746884","820.0"
"638.8693584111994","898.0"
"634.0742068686836","898.0"
"640.5506664059922","937.0"
"666.5805746925427","976.0"
"633.0164250405522","1015.0"
"669.1675654181928","976.0"
"681.9664710502224","1015.0"
"676.4587030771875","937.0"
"646.2544934510811","859.0"
"621.8242608360523","820.0"
"609.752260695363","703.0"
"615.1612471074441","664.0"
"606.7448494596404","625.0"
"597.1693429584695","508.0"
"587.5324099833134","508.0"
"577.4822254762269","508.0"
"572.3060091653424","430.0"
"565.2593914057591","391.0"
"568.5237539336454","313.0"
"571.0006146549674","274.0"
"589.2886708170649","274.0"
"581.6371270212659","235.0"
"567.0251851556769","235.0"
"558.3031861815324","196.0"
"552.0253984438953","196.0"
"530.9926668539387","235.0"
"505.9937328303067","235.0"
"525.9616114896885","235.0"
"462.6235142389908","274.0"
"466.6955406545155","351.99999999999994"
"486.0555586201555","351.99999999999994"
"490.18709369365115","430.0"
"487.03973599646565","469.0"
"521.1536190496572","508.0"
"558.1521920103919","547.0"
"580.6781587670517","625.0"
"580.7011677896716","664.0"
"585.8208262530081","703.0"
"585.5888954606146","742.0"
"579.8216321753864","781.0"
"588.2111707725363","781.0"
"593.2387042181629","781.0"
"591.0017180726688","820.0"
"597.068424173293","781.0"
"611.4322665101195","781.0"
"598.7371433964308","859.0"
"581.7420522181624","859.0"
"577.0144643251185","859.0"
"579.0908890304637","937.0"
"577.0719213369537","976.0"
"590.0230458653615","1015.0"
"605.0018535554204","1093.0"
"598.8851941082567","1093.0"
"645.6409905937962","1054.0"
"663.7950399667697","1015.0"
"670.3876131494294","1015.0"
"671.3990305741115","1054.0"
"651.4726996184406","1015.0"
"655.4504295536616","1015.0"
"631.7643433406406","1015.0"
"620.6382078656118","1054.0"
"617.9157896757514","1015.0"
"611.4657144505834","1054.0"
"603.5757304491449","1054.0"
"604.8753711687127","937.0"
"605.1498469146745","859.0"
"601.7203212164516","820.0"
"614.467726265129","703.0"
"635.7039314889689","664.0"
"616.2588400038296","547.0"
"593.3513981404906","469.0"
"583.6789724826292","391.0"
"572.807839054238","391.0"
"562.6865422831607","351.99999999999994"
"551.4547575298357","313.0"
"576.4423206323844","313.0"
"605.9969317380445","351.99999999999994"
"609.0234589740144","391.0"
"611.1902136561374","391.0"
"611.1625017269434","430.0"
"616.5931583052279","469.0"
"584.0018848948496","469.0"
"562.8169409811935","508.0"
"572.7649680627292","547.0"
"572.2796116419049","586.0"
"574.8144593562845","547.0"
"564.4113596557121","547.0"
"558.9581535123205","508.0"
"553.7242367577977","430.0"
"556.441087226895","351.99999999999994"
"556.2482550868749","274.0"
"558.3788151834458","274.0"
"573.0506606424459","235.0"
"551.252979917156","235.0"
"539.9020096540811","196.0"
"533.8991637129186","196.0"
"532.6650012099302","196.0"
"521.9398139961907","157.0"
"494.2428217640711","118.0"
"460.90877351982806","157.0"
"372.7604961962263","157.0"
"420.880982216423","118.0"
"485.2637489748037","118.0"
"512.4980603283823","118.0"
"514.6255747715009","118.0"
"516.192865768174","157.0"
"547.8589684279241","157.0"
"552.9996946050937","157.0"
"538.9402280557919","196.0"
"534.5142988055134","196.0"
"518.6548226104294","235.0"
"514.1705643021271","235.0"
"509.71657065459686","274.0"
"510.2877278496355","313.0"
"513.440558969613","351.99999999999994"
"482.5746794085477","391.0"
"324.77731708204874","430.0"
"307.90957437017533","469.0"
"423.87285816561587","469.0"
"483.63015092122924","469.0"
"494.1936750909643","508.0"
"483.6054351899737","508.0"
"529.0522573483424","547.0"
"618.7332986814857","547.0"
"656.947557105968","586.0"
"591.1595092700243","586.0"
"620.1389361682434","625.0"
"638.7586605620604","625.0"
"631.1515592237802","586.0"
"641.7996800201554","586.0"
"648.7502353736807","547.0"
"649.7716440949532","469.0"
"663.4470411639459","469.0"
"642.1988183945025","508.0"
"625.2716209326554","508.0"
"634.543284918392","469.0"
"625.1465465658645","469.0"
"629.869282632853","430.0"
"608.5892934719694","430.0"
"618.4686946495467","430.0"
"582.8418325858738","391.0"
"559.8109006206749","391.0"
"554.4976276777743","430.0"
"567.7437500175572","430.0"
"552.9612830510039","391.0"
"541.8034257845253","391.0"
"588.3525749023631","351.99999999999994"
"496.53274512441845","351.99999999999994"
"511.060868724644","391.0"
"535.9907109676824","391.0"
"556.496138616414","351.99999999999994"
"584.3740555809441","391.0"
"602.9878120626984","391.0"
"651.6986477485706","391.0"
"468.5641228881748","391.0"
"481.64821084415195","351.99999999999994"
"512.0844351972075","391.0"
"487.873591609849","430.0"
"427.18655627930036","430.0"
"580.8009187649059","430.0"
"596.919348719254","391.0"
"578.2910483214662","391.0"
"531.8503374343694","391.0"
"535.2115418924408","508.0"
"523.3095582186015","430.0"
"574.5496997708735","430.0"
"569.940805855026","469.0"
"581.380035572048","508.0"
"577.9893563825999","469.0"
"598.0403352143004","508.0"
"642.0709269219282","508.0"
"624.3983851978618","547.0"
"647.1199532295565","586.0"
"701.9417862749381","586.0"
"729.3874516489036","586.0"
"822.3364251506448","625.0"
"823.697386576621","664.0"
"796.1622545191128","664.0"
"722.104934973018","742.0"
"811.8109547377339","781.0"
"874.5022176291251","898.0"
"912.5124760904488","1015.0"
"878.3194255978564","1054.0"
"912.2409688110129","1093.0"
"962.9906042312871","1093.0"
"959.8997605021762","1015.0"
"917.9846906217936","937.0"
"913.4260899636404","937.0"
"914.8289426739066","1054.0"
"897.4874287290025","1210.0"
"850.1788737184053","1288.0"
"686.7416985895591","1366.0"
"765.8645792126484","1444.0"
"704.1436323801267","1444.0"
"781.9431580250128","1483.0"
"801.4709404963081","1483.0"
"873.3663535332065","1366.0"
"975.9084926642264","1249.0"
"959.3442110701218","1210.0"
"1032.4125072125605","1132.0"
"1048.438782283412","1054.0"
"750.3054790466543","1015.0"
"950.9650931324646","937.0"
"962.1795946937768","976.0"
"956.3186664673219","937.0"
"962.7798526369887","937.0"
"953.7841304694479","937.0"
"955.6055274627471","859.0"
"943.8032056859137","859.0"
"942.3624212694358","820.0"
"900.143618633611","820.0"
"871.9889666533264","820.0"
"862.45082533917","781.0"
"830.1705378229727","781.0"
"788.4155509549662","820.0"
"771.8555138751628","781.0"
"696.6684910453972","742.0"
"683.2541653375886","742.0"
"932.3047239987075","820.0"
"997.078251593628","820.0"
"800.6598535090061","703.0"
"809.3159825052509","664.0"
"726.6740239556807","547.0"
"664.0004125738061","508.0"
"628.6124370823367","547.0"
"642.3383195542355","625.0"
"652.6784541178637","781.0"
"698.3389736277672","859.0"
"769.2526686827708","859.0"
"762.1302835135624","820.0"
"706.0627812494643","742.0"
"657.9337873657682","625.0"
"608.337806039242","547.0"
"584.5866812789964","469.0"
"610.5467740554581","430.0"
"608.3780586319381","391.0"
"670.0780158795209","430.0"
"586.6203367170592","391.0"
"662.885046676455","469.0"
"697.2953067856107","469.0"
"698.8236717472772","469.0"
"666.5662286605162","430.0"
"652.8988772342519","351.99999999999994"
"698.3406611908706","351.99999999999994"
"523.4456494598664","274.0"
"449.76810513433446","274.0"
"452.67862721061925","196.0"
"440.05501537267435","235.0"
"308.1002759126341","235.0"
"402.8477066087994","313.0"
"500.463905229117","274.0"
"537.7206223936241","313.0"
"570.5503525681851","313.0"
"373.80815555698905","313.0"
"300.22740395865856","351.99999999999994"
"291.61466006847803","391.0"
"318.38375513885063","430.0"
"530.8694603437929","469.0"
"540.8451882101908","469.0"
"554.570435690481","508.0"
"593.1621181057578","547.0"
"562.9277172225233","469.0"
"594.1022266518403","469.0"
"597.8000068314185","508.0"
"660.2540766085554","469.0"
"674.4035399906976","430.0"
"695.8630605702875","469.0"
"608.1468180352467","469.0"
"683.8988428032692","469.0"
"577.1960580652014","547.0"
"635.077097746485","586.0"
"649.2903401500014","625.0"
"681.0318022383649","625.0"
"714.7314454433326","664.0"
"729.6374312776594","664.0"
"705.4072766858103","625.0"
"722.6628458056316","586.0"
"720.3574292204547","586.0"
"642.44087813569","586.0"
"613.2666596768455","547.0"
"615.8659758976601","547.0"
"584.3832641624954","547.0"
"631.5651819191762","547.0"
"620.1575538460135","547.0"
"607.2665296984321","547.0"
"603.4191576416229","469.0"
"783.4194355236414","469.0"
"746.5618837297187","430.0"
"730.3213832766043","391.0"
"607.997063536925","391.0"
"577.7384559459097","351.99999999999994"
"573.0972234034813","391.0"
"562.4124017554655","391.0"
"604.1478612854557","351.99999999999994"
"531.139114061544","351.99999999999994"
"426.3902862806699","351.99999999999994"
"497.51543820024824","313.0"
"450.2638855897935","313.0"
"497.4546679301517","274.0"
"536.8271685680983","274.0"
"478.41127569666315","196.0"
"292.3487569758001","196.0"
"240.10722705208752","118.0"
"221.66847245222937","118.0"
"222.14479310192746","118.0"
"287.4166486108823","79.0"
"287.82423366919534","79.0"
"398.3719007692253","118.0"
"305.715240378035","118.0"
"300.4399620840505","79.0"
"311.91185986620224","118.0"
"299.27273936624994","118.0"
"470.1003617202286","118.0"
"475.89683496151343","157.0"
"385.2340499043532","196.0"
"345.20643246254224","235.0"
"350.12288930569235","313.0"
"337.8488133441679","313.0"
"339.95837366927816","351.99999999999994"
"339.9327915637442","391.0"
"341.5316061724945","391.0"
"360.7615670555992","430.0"
"387.8823841617399","508.0"
"466.41331447291554","547.0"
"542.5985257682281","664.0"
"587.6896422812725","703.0"
"593.6982917495429","742.0"
"541.1991274051321","742.0"
"806.2573038626678","781.0"
"851.4488374836965","781.0"
"913.8198667080816","742.0"
"813.2653824602456","703.0"
"666.2454827238939","547.0"
"600.4991897979895","469.0"
"574.9030955883404","391.0"
"619.7571173427731","351.99999999999994"
"606.901559661455","274.0"
"626.3258943991179","274.0"
"536.8523286977015","274.0"
"362.44360245302494","274.0"
"314.1542189566716","274.0"
"318.12756359828325","313.0"
"315.03797785625716","351.99999999999994"
"326.72372328524307","391.0"
"345.1209383965357","391.0"
"332.4429697749808","391.0"
"326.0714572085063","391.0"
"318.19537026736225","391.0"
"340.125813643254","391.0"
"351.49021539733036","430.0"
"298.8554090680826","391.0"
"415.9566379417419","430.0"
"564.6933324883468","508.0"
"604.8202793354099","508.0"
"595.654577200922","547.0"
"618.6986378717937","586.0"
"627.463986412402","586.0"
"630.4954779744082","586.0"
"640.9820924952169","625.0"
"671.772444571315","625.0"
"686.7760642144314","625.0"
"758.7817487345559","586.0"
"792.8986671976528","625.0"
"741.9042137202841","625.0"
"572.4800844530632","547.0"
"600.539020751404","586.0"
"620.9565969590124","586.0"
"540.2955010024843","586.0"
"512.0688389326763","508.0"
"471.5408509774753","469.0"
"453.7421817465925","391.0"
"400.95399584475945","391.0"
"356.8531570356331","430.0"
"320.67407714072823","430.0"
"426.8477921432662","469.0"
"518.5366755798245","508.0"
"612.848901570303","547.0"
"686.1228899520913","664.0"
"705.0660039523673","703.0"
"739.4502544199836","781.0"
"791.6787441403827","859.0"
"816.0530229980064","898.0"
"852.3330660816171","976.0"
"881.5243469380626","1015.0"
"900.130203081839","1015.0"
"923.4483736594575","1093.0"
"909.5445739791929","1093.0"
"941.5779679108343","1093.0"
"917.9276001393844","1132.0"
"904.8074235965961","1093.0"
"931.5957577421966","1132.0"
"933.0593739935372","1132.0"
"940.846367889301","1093.0"
"958.1952245108582","1054.0"
"943.481195705154","976.0"
"937.4683419769616","898.0"
"933.3183000054937","820.0"
"852.9868500231039","820.0"
"833.1254068841911","820.0"
"823.4685702552654","820.0"
"840.433327462446","820.0"
"794.8024162537482","859.0"
"759.422876732771","820.0"
"722.4025626269664","820.0"
"851.1322501241781","898.0"
"945.8195497214997","859.0"
"981.917046154364","898.0"
"982.5324888300338","937.0"
"980.7846749264727","898.0"
"984.5677010519369","859.0"
"942.3287043246441","859.0"
"832.1865344638467","820.0"
"714.0920550647588","742.0"
"727.2869551460958","703.0"
"784.4278235023673","703.0"
"828.8354627369309","742.0"
"865.3977192984906","781.0"
"873.5496269729762","820.0"
"844.6305672715821","781.0"
"816.6525203316403","781.0"
"862.0679487301778","742.0"
"789.1973386862913","742.0"
"761.2038636764776","703.0"
"767.4699498542401","703.0"
"735.5589215200471","664.0"
"676.8116649335068","625.0"
"659.9355274022399","586.0"
"628.8051101275514","547.0"
"598.5731729123095","469.0"
"602.2332295634708","469.0"
"590.9238627007912","430.0"
"570.0520135477266","391.0"
"576.8404734324002","391.0"
"567.4614198158749","351.99999999999994"
"592.634713795888","313.0"
"564.9475094689659","274.0"
"555.7873050676676","274.0"
"562.2052685377965","274.0"
"526.9017190945663","274.0"
"486.17812685222935","235.0"
"447.30709715215795","196.0"
"474.6788432507848","196.0"
"504.3971244447351","196.0"
"500.05033185666184","157.0"
"444.96085039539327","157.0"
"366.5355788467341","157.0"
"410.07787679164784","157.0"
"466.4835088868283","118.0"
"465.8835082887738","118.0"
"444.18266587961995","118.0"
"355.6490879696337","79.0"
"346.49496084397526","118.0"
"318.9895018070407","79.0"
"333.0790549724748","79.0"
"326.8981381073482","79.0"
"267.11814483086084","40.0"
"323.4291047093273","79.0"
"294.90752858087774","79.0"
"400.7511073356156","40.0"
"403.1849474063708","79.0"
"402.2173768197302","79.0"
"409.84881018462323","79.0"
"423.0389072915488","118.0"
"420.79714890467585","196.0"
"412.0588197848311","196.0"
"444.97033943808395","196.0"
"437.29539592795226","196.0"
"424.38234103982967","196.0"
"420.99870746918873","196.0"
"292.96249228523766","196.0"
"300.7342829020569","196.0"
"378.95979395972654","235.0"
"390.86662348038016","235.0"
"354.90328956928465","235.0"
"366.6378572633324","235.0"
"363.26772973662156","235.0"
"365.49541991996824","235.0"
"361.66154229132184","235.0"
"368.9231938949677","235.0"
"357.09177398363374","235.0"
"481.43537854212934","235.0"
"513.2134756816472","235.0"
"399.20735291036965","235.0"
"308.8434638474917","274.0"
"302.96594013474544","274.0"
"315.05413037912155","313.0"
"354.5277129229883","313.0"
"320.52433040031303","391.0"
"310.39209302245206","351.99999999999994"
"314.0510029471477","391.0"
"331.93685129597156","351.99999999999994"
"336.2193740519308","351.99999999999994"
"380.33575980568367","351.99999999999994"
"373.39757897312285","391.0"
"315.3255682087465","391.0"
"367.37633479364723","391.0"
"394.49631996995555","351.99999999999994"
"439.49027995515553","351.99999999999994"
"454.28736201080943","313.0"
"460.57132835627965","313.0"
"417.3214624579119","274.0"
"424.336785559237","235.0"
"425.07427900646627","235.0"
"423.660003931985","235.0"
"490.55098074985466","235.0"
"435.79324719547634","235.0"
"324.7449894740004","196.0"
"344.231894811393","157.0"
"358.1132327649635","118.0"
"337.21821662529743","118.0"
"338.4148287143969","196.0"
"328.09539106144325","196.0"
"330.41462588364004","196.0"
"331.40326602448056","196.0"
"334.3834971966934","157.0"
"333.9585488944821","118.0"
"366.9552027871408","157.0"
"389.0534973335043","196.0"
"354.2386613367375","196.0"
"327.72006809941865","235.0"
"338.91097084581264","235.0"
"460.88465322069436","196.0"
"509.54214315223066","235.0"
"415.9696128450347","274.0"
"423.5336685735129","274.0"
"424.8828854519642","313.0"
"464.12314899381363","313.0"
"484.6678456444353","313.0"
"535.232470312947","313.0"
"431.9194458774294","391.0"
"393.0375720126774","430.0"
"365.42211926203976","469.0"
"334.58804943747685","508.0"
"385.909937756185","547.0"
"468.54327598278263","586.0"
"533.3759033720069","625.0"
"549.7347326250907","664.0"
"668.7146978813096","664.0"
"624.796278664154","703.0"
"621.9337555432797","625.0"
"607.9040110448801","586.0"
"413.131791106718","586.0"
"494.65747633221946","508.0"
"498.37687482716854","430.0"
"506.4678026428055","430.0"
"486.7309873132477","391.0"
"512.0677223117527","430.0"
"529.2673478136151","430.0"
"541.035626654526","469.0"
"562.7804173425892","469.0"
"581.1167467613268","469.0"
"602.8615591981095","469.0"
"593.7932084176423","469.0"
"623.8320220077317","547.0"
"613.6985116433088","547.0"
"552.3485896388921","508.0"
"420.2385328041733","508.0"
"493.1077243713647","469.0"
"514.6352220870276","469.0"
"428.1156355011993","430.0"
"401.6903879062304","391.0"
"438.3336258930635","508.0"
"506.8688270905728","469.0"
"538.6361654174037","547.0"
"633.7982015900618","586.0"
"417.9374059277992","625.0"
"526.2177172185263","586.0"
"625.167415147166","586.0"
"610.8514396713032","547.0"
"560.9300802700852","547.0"
"549.2786924601263","469.0"
"519.3045785126537","391.0"
"472.7612127848977","313.0"
"460.90877351982806","313.0"
"472.2349956722246","313.0"
"491.73022985413337","274.0"
"497.20322650111456","274.0"
"587.7520137589572","274.0"
"496.09103814062547","274.0"
"355.60670011044965","313.0"
"308.1429492120557","313.0"
"332.6286282459038","274.0"
"365.97386749367956","274.0"
"362.2649798990026","351.99999999999994"
"347.1217656293562","351.99999999999994"
"393.7180217448781","351.99999999999994"
"432.81487129808266","313.0"
"411.59827869031466","313.0"
"387.6857253432997","313.0"
"305.6922191565199","274.0"
"326.93077820585023","196.0"
"420.9317470262884","196.0"
"390.4115882253274","157.0"
"372.90373502502734","118.0"
"390.2377958053838","118.0"
"444.8445611472807","157.0"
"438.5029451480284","196.0"
"488.61078381416894","235.0"
"522.335506648632","313.0"
"524.5874790903374","391.0"
"570.899354754858","508.0"
"608.2047550394714","625.0"
"718.5763625646241","781.0"
"815.1384888373058","820.0"
"827.8751604708842","781.0"
"775.5131569792838","703.0"
"725.6324768994335","703.0"
"730.0830815290292","664.0"
"718.5979277462735","664.0"
"758.7588617044885","625.0"
"788.3424920836759","625.0"
"649.2106435025335","547.0"
"648.997953846493","586.0"
"558.0662303149747","547.0"
"585.2066773963572","547.0"
"604.6391263678339","508.0"
"584.1200374075831","469.0"
"577.3643947216445","430.0"
"559.4516768471169","469.0"
"574.4248779232912","430.0"
"579.0908890304637","430.0"
"600.3097543914275","351.99999999999994"
"614.3509382760594","469.0"
"616.5852897180127","469.0"
"617.0558035627739","391.0"
"604.0956570617606","391.0"
"580.6316048286477","351.99999999999994"
"558.0249120018041","391.0"
"546.3034011154048","430.0"
"548.0521645001456","430.0"
"534.8448257720613","430.0"
"514.6392958326729","430.0"
"505.83577334390424","351.99999999999994"
"497.8708085649941","351.99999999999994"
"501.6200002539522","313.0"
"482.71333332059663","351.99999999999994"
"580.5246133506879","313.0"
"370.53635186872594","274.0"
"385.5799096323447","235.0"
"414.31989436484656","235.0"
"446.6627240001886","196.0"
"459.1274368245835","196.0"
"440.53742700511197","157.0"
"425.41211813955965","118.0"
"405.79649705841706","118.0"
"361.06341580483803","118.0"
"352.4144128150326","118.0"
"470.87602544429444","118.0"
"525.0295147604602","118.0"
"572.0802932424047","79.0"
"453.5142762574059","118.0"
"289.85092063626917","118.0"
"281.3886302709514","118.0"
"285.42406257550624","118.0"
"282.77885664686","157.0"
"281.992420286987","196.0"
"291.5322361520189","157.0"
"313.52922733803985","157.0"
"343.5206433869813","196.0"
"379.2539551900245","196.0"
"399.5244113598971","235.0"
"363.783761791562","235.0"
"331.7241725285652","235.0"
"294.0826199652426","235.0"
"327.71164777402595","235.0"
"362.3625143437618","274.0"
"438.65501371666926","235.0"
"456.2237215239024","274.0"
"460.5472779129769","235.0"
"505.04970217783875","235.0"
"509.4816089917268","235.0"
"514.5858128978297","196.0"
"533.4025241927372","196.0"
"510.3985331548587","235.0"
"563.0900893759762","196.0"
"403.03252904260535","196.0"
"378.47766276890906","196.0"
"378.2153656074043","235.0"
"379.71465608271143","235.0"
"376.624652220411","235.0"
"375.01952677390256","235.0"
"365.9287906179181","196.0"
"347.1242106764466","196.0"
"351.55744977010704","157.0"
"369.1652223012679","157.0"
"399.82625631905023","196.0"
"379.7376332115138","157.0"
"312.30271097055476","157.0"
"379.3218373187354","196.0"
"358.6605133162726","157.0"
"470.78235708648737","157.0"
"508.7620064841979","196.0"
"520.7657213048315","196.0"
"536.0183957322679","235.0"
"541.6916709614479","196.0"
"552.4904653898288","196.0"
"504.16989128793057","196.0"
"555.480172793714","196.0"
"582.5239070327592","196.0"
"402.71675680189344","235.0"
"409.75238882116474","274.0"
"412.01862977028236","351.99999999999994"
"433.2542642401173","391.0"
"452.5935930987496","391.0"
"493.49995380095476","391.0"
"536.1786350211403","351.99999999999994"
"547.6205462385009","351.99999999999994"
"580.0613282760256","430.0"
"666.0624957091676","469.0"
"532.0598256396918","508.0"
"742.12020843602","508.0"
"548.9047655194684","508.0"
"505.9753297860613","547.0"
"607.8825039681319","586.0"
"673.2368959947294","625.0"
"698.0916490863874","664.0"
"680.7667811790043","664.0"
"700.242039088812","625.0"
"733.9220886904569","703.0"
"780.6383622560344","703.0"
"821.2724387403108","703.0"
"822.739806659843","742.0"
"874.0710541742654","742.0"
"925.3049726374351","742.0"
"714.5132074124189","820.0"
"677.8652899772371","820.0"
"770.8060615510786","859.0"
"872.2136937073345","898.0"
"925.8968104220153","859.0"
"945.546369124059","859.0"
"940.6698728095113","898.0"
"945.9243854568542","898.0"
"947.8825604460505","898.0"
"986.6863324458234","898.0"
"993.419867730113","898.0"
"975.3408623815527","937.0"
"996.1774218522003","937.0"
"928.1835937231416","937.0"
"892.9165203114828","859.0"
"876.5500610153905","859.0"
"834.2853862127594","820.0"
"806.7893902562445","820.0"
"778.5939743589189","820.0"
"764.7985014379707","781.0"
"754.5533651861049","742.0"
"782.0396929098749","781.0"
"868.809715249065","703.0"
"386.12683684628894","664.0"
"409.6777700082288","664.0"
"418.7305580369471","664.0"
"418.865772231141","664.0"
"407.87622015884637","664.0"
"387.7422064578319","625.0"
"337.75015112211815","625.0"
"358.9954841170686","586.0"
"437.42441961810704","586.0"
"491.49083430567873","586.0"
"405.07256346210016","586.0"
"403.22156434544","586.0"
"339.5583275820466","586.0"
"544.9354751001867","586.0"
"551.9016527960662","547.0"
"544.4261769762606","547.0"
"563.20719043064","508.0"
"566.2561776489275","469.0"
"548.5648255792898","430.0"
"533.4305736812813","469.0"
"526.8717698330998","430.0"
"535.0546087443296","469.0"
"522.5966480332834","430.0"
"505.68235052293505","430.0"
"515.5105947404413","430.0"
"512.2683233390662","430.0"
"489.40423134400305","391.0"
"459.290861348032","430.0"
"456.0261137602624","391.0"
"463.4948516466644","351.99999999999994"
"466.0925366831889","351.99999999999994"
"472.0007046010003","351.99999999999994"
"468.185356953762","391.0"
"376.30472961685456","351.99999999999994"
"280.7509207161463","391.0"
"264.45298693342454","351.99999999999994"
"372.9257432877395","351.99999999999994"
"465.73742604587915","351.99999999999994"
"462.7845916261828","351.99999999999994"
"450.7460230376253","351.99999999999994"
"473.6333652223677","351.99999999999994"
"491.97439512129296","351.99999999999994"
"503.59074765945155","391.0"
"508.57589148636305","391.0"
"530.8829013885922","391.0"
"558.6699166697771","391.0"
"557.3793796676564","391.0"
"546.5376332745786","391.0"
"532.5043724118837","391.0"
