"DataEntries: 8756, TestEntries: 24, Epochs: 200, UseTestData: true, LimitEntries: true, Firstlayer#: 6, SecondLayer: true, SecondLayer#: 14, Predict: true, Curvebehaviour: true, Stacksize: 6, useLastXDays: false, Max: 502.0, Min: 126.0, Curve behaviour: true, Historical: true, useAverage: false, priceStack1, Skewness: false, SkewStack: 12",", useNewMethod: false, decay: 0.1"
"Range: 6567 to 8756"
"Actual","Ideal"
"195.20907053614712","195.174358974412"
"191.39819584768307","193.728205128128"
"187.96480425910244","193.246153846096"
"187.6073350276143","192.041025641016"
"189.1892910717873","193.246153846096"
"185.9193636140869","189.38974358965203"
"180.96218732765837","178.784615384572"
"179.08384808123773","178.30256410254"
"179.79057980623315","177.82051282050801"
"180.01193975498856","179.50769230762"
"179.4969162995899","183.123076923048"
"185.13201117140466","187.70256410254"
"184.05986651553852","191.8"
"185.43650980914495","192.764102564064"
"187.20149213282232","193.246153846096"
"190.7823811169894","193.246153846096"
"189.0259127530353","192.764102564064"
"188.55704781205642","192.282051282032"
"190.71563755989916","192.764102564064"
"192.97870310609864","193.00512820507998"
"197.86997178604673","194.210256410348"
"204.45091746546774","195.89743589746"
"193.77299258397767","196.379487179492"
"195.8720395654976","195.65641025644402"
"197.41108633045965","194.69230769237998"
"195.57848085974797","193.487179487112"
"193.95767622952417","193.246153846096"
"191.50621715139965","190.835897435936"
"191.17928958253123","190.59487179492"
"187.62584149022723","189.630769230856"
"186.5833478622991","190.353846153904"
"186.7611614751979","191.55897435898402"
"191.49369525086394","192.764102564064"
"194.05128829257455","194.93333333339598"
"194.72581967961003","201.44102564101598"
"204.34948423195272","208.43076923085601"
"203.51962959703982","208.43076923085601"
"203.60023601011517","209.153846153904"
"204.94953953540113","207.948717948636"
"206.42109849217968","206.74358974355602"
"202.35921435966435","202.887179487112"
"199.95433826822665","200.958974358984"
"201.46238323009825","202.887179487112"
"203.6040397269304","202.887179487112"
"208.89766688020813","209.87692307695198"
"216.4710630176284","224.338461538476"
"210.05628509781428","224.09743589746"
"203.65733029309052","209.153846153904"
"198.2248671085706","198.789743589652"
"195.97432443631317","197.584615384572"
"193.13509157286472","195.89743589746"
"192.69613209937077","192.764102564064"
"187.05929996544393","193.00512820507998"
"185.69532598376108","192.282051282032"
"187.05150171341478","188.425641025588"
"184.55738975569795","183.846153846096"
"184.62144624109945","187.46153846152401"
"193.51693742502005","192.282051282032"
"197.68987216536323","200.958974358984"
"206.35362819942466","206.261538461524"
"205.14563307234272","206.261538461524"
"203.82828275282293","208.43076923085601"
"203.198230245948","206.984615384572"
"203.64106603187952","207.70769230762"
"202.0803190185568","207.225641025588"
"202.59657387847068","204.574358974412"
"203.3009628937267","203.128205128128"
"205.18046563932302","202.40512820508"
"208.92795816674138","207.948717948636"
"221.95119236581536","213.733333333396"
"210.08135537245394","209.635897435936"
"206.14478633694694","207.70769230762"
"204.1757330332502","201.44102564101598"
"199.5756302051044","199.512820512888"
"197.3846993148997","195.65641025644402"
"191.9314671933361","192.523076923048"
"192.04321277093175","189.630769230856"
"188.35038262077876","187.220512820508"
"187.5612790731734","188.184615384572"
"186.0229176507553","188.425641025588"
"188.7173155017237","191.8"
"192.43130020282493","194.451282051364"
"204.7536398624241","203.61025641034797"
"208.02149284892818","214.69743589746"
"209.3416162265578","208.18974358965198"
"205.98040254806534","203.61025641034797"
"204.51476141047817","202.646153846096"
"203.88337870521224","204.815384615428"
"204.66957891150736","208.18974358965198"
"204.09593438540287","207.225641025588"
"202.46320860695874","208.18974358965198"
"205.42711124671678","208.912820512888"
"207.5576582046952","211.80512820508"
"219.35726797972535","221.20512820508"
"210.05853182505936","215.179487179492"
"209.39431720200037","204.574358974412"
"203.5251506252215","201.2"
"200.5215806874496","201.2"
"197.35989336481498","196.138461538476"
"193.10906437978372","193.487179487112"
"190.2228344734233","190.59487179492"
"188.02421833901377","188.90769230761998"
"188.31160936583018","188.666666666604"
"188.27592775801065","188.90769230761998"
"190.7122741240705","190.835897435936"
"193.91990538198434","193.728205128128"
"194.5437281326744","201.923076923048"
"199.7585296770911","207.225641025588"
"201.08476321365663","207.225641025588"
"201.5854765621046","206.50256410254002"
"201.47941268450512","204.815384615428"
"201.47905260434672","206.50256410254002"
"202.26265521838616","206.50256410254002"
"203.09381703388567","206.50256410254002"
"203.13283753475736","206.74358974355602"
"207.90863954443512","206.984615384572"
"210.882643097024","211.082051282032"
"220.71370102286352","220.72307692304798"
"211.92142750313192","210.11794871796798"
"206.52015620159858","206.50256410254002"
"203.07024780314833","201.44102564101598"
"200.06243749383168","196.138461538476"
"197.3379230869503","195.174358974412"
"193.48170641846644","192.041025641016"
"189.95767101410235","190.835897435936"
"187.26672075369976","187.70256410254"
"187.56346123271845","186.49743589745998"
"187.69707843972967","187.220512820508"
"190.5644365374858","189.871794871872"
"196.951619130675","193.246153846096"
"198.4326892541219","199.512820512888"
"199.53991412857744","200.235897435936"
"197.0375165995208","202.164102564064"
"201.62152308408346","202.646153846096"
"197.89375710716212","201.44102564101598"
"196.56865314069762","201.44102564101598"
"198.63688408067796","201.44102564101598"
"198.689398683833","200.476923076952"
"202.1388531534651","197.825641025588"
"203.3179661113833","198.548717948636"
"203.37040343901774","202.40512820508"
"212.66022077283185","217.589743589652"
"212.95654069689857","212.52820512812798"
"206.44745109096908","205.779487179492"
"198.75615719556356","198.06666666660402"
"196.21383201155533","192.523076923048"
"194.1784284606578","194.451282051364"
"191.0949964976852","192.764102564064"
"193.22687909251965","195.415384615428"
"193.12983615647084","193.969230769144"
"190.73576580230193","193.969230769144"
"191.04231060353436","194.69230769237998"
"191.57359235922135","193.246153846096"
"190.22593178741909","194.210256410348"
"192.09649019390005","197.584615384572"
"190.51287823320445","198.06666666660402"
"194.56053998158103","199.030769230856"
"196.72410906546094","199.030769230856"
"197.65670875184622","199.271794871872"
"198.46316617657845","199.030769230856"
"196.74533180512472","199.030769230856"
"195.68791757319403","198.30769230762002"
"194.89201507490424","198.06666666660402"
"195.08755792250307","199.512820512888"
"201.14543884302796","205.779487179492"
"207.89255761544595","207.466666666604"
"204.01627891711564","206.74358974355602"
"199.86255946926678","201.44102564101598"
"194.46281621376073","200.476923076952"
"193.33498753662565","200.717948717968"
"194.06491476912078","198.789743589652"
"192.10095793424222","196.138461538476"
"195.61536372892527","195.89743589746"
"193.33711189375015","194.210256410348"
"188.5794074835303","193.487179487112"
"188.55016979538902","192.764102564064"
"188.16119322269086","192.764102564064"
"189.73183167148386","192.282051282032"
"193.2352433865792","193.969230769144"
"195.9278019283563","194.93333333339598"
"197.7455596536688","196.620512820508"
"197.9343105532597","200.958974358984"
"199.8193663692935","202.164102564064"
"200.1503588563417","202.164102564064"
"199.34129480310236","203.128205128128"
"198.95891584155322","200.958974358984"
"198.06273238245535","201.68205128203198"
"199.8042495216632","201.923076923048"
"202.03231435171529","208.671794871872"
"206.73355441088785","209.87692307695198"
"199.41821471172364","207.70769230762"
"198.58616187906406","203.61025641034797"
"199.33178679253945","200.958974358984"
"198.21821491809675","201.2"
"196.87375154919334","199.99487179492002"
"194.1067456401408","196.379487179492"
"194.09183057830245","194.210256410348"
"194.53853412625324","192.282051282032"
"196.53159856493752","189.148717948636"
"194.321232023062","188.425641025588"
"194.1905712721681","192.523076923048"
"198.67150141952698","195.89743589746"
"201.79420059216312","213.49230769238"
"213.26616736883324","229.88205128203202"
"211.60532229054326","218.071794871872"
"208.21524543808016","211.80512820508"
"206.41664611951674","211.80512820508"
"209.04360905976546","215.179487179492"
"209.40968844221737","227.471794871872"
"212.72332823036848","219.517948717968"
"210.43523331911211","217.348717948636"
"212.52713105768487","224.338461538476"
"224.0345599687999","245.30769230762002"
"243.32019148432602","249.40512820508002"
"226.13202434727543","213.010256410348"
"200.7343851684506","202.164102564064"
"195.10646844110903","199.99487179492002"
"196.7686919390378","198.789743589652"
"198.03284718394252","198.30769230762002"
"196.47969183863614","195.65641025644402"
"194.6218553029563","195.65641025644402"
"192.4562139318246","194.69230769237998"
"192.56527572620735","195.174358974412"
"188.88031798933815","194.210256410348"
"192.16888090206805","195.415384615428"
"198.31487102785456","199.512820512888"
"205.71744496305828","207.466666666604"
"212.7556083165565","224.338461538476"
"211.8390414238097","214.456410256444"
"207.8722712956533","210.6"
"206.786387108069","208.43076923085601"
"207.92905910087586","210.84102564101602"
"209.95530481142438","212.52820512812798"
"209.00397928651034","210.84102564101602"
"207.54150150845783","209.39487179492"
"211.47136166126944","213.733333333396"
"222.41904000279635","229.15897435898398"
"236.2534023662557","235.666666666604"
"219.8787218576553","211.80512820508"
"202.94697879103762","208.912820512888"
"201.6553755475142","202.887179487112"
"200.3034674574413","202.646153846096"
"199.20785171691313","199.753846153904"
"193.93667461493814","197.10256410254"
"193.7985270880672","197.10256410254"
"192.47961646596485","195.415384615428"
"193.25680227915765","195.65641025644402"
"192.35437453727707","196.138461538476"
"195.3155666699517","197.584615384572"
"197.8971106578917","200.958974358984"
"202.89126667179892","208.43076923085601"
"209.80467139576044","215.661538461524"
"209.50036528607882","217.10769230762"
"206.7164181988357","213.733333333396"
"205.99545779571312","213.010256410348"
"207.04026070968294","213.97435897441198"
"208.54535563300175","213.251282051364"
"208.44463304941723","212.28717948711198"
"206.8085302043508","212.046153846096"
"209.46675584536015","214.69743589746"
"212.88958846384156","224.338461538476"
"226.80512296764536","242.415384615428"
"217.0858690733346","212.52820512812798"
"205.09143221753783","206.984615384572"
"201.1464144789204","202.646153846096"
"200.7919179724284","203.61025641034797"
"198.09082626851773","202.887179487112"
"194.9998722156838","198.30769230762002"
"195.47657799599813","199.271794871872"
"194.01775465022882","197.34358974355598"
"194.4525200334786","197.584615384572"
"194.44347881531513","198.06666666660402"
"197.31209930946278","200.235897435936"
"200.67411644196983","203.128205128128"
"206.53671966609227","208.912820512888"
"209.3445381338076","224.579487179492"
"212.49733694884537","206.50256410254002"
"205.44236167327588","203.851282051364"
"203.2548516998046","202.887179487112"
"205.44108449645017","205.53846153847599"
"205.99718245202712","214.456410256444"
"208.96702765836557","209.153846153904"
"206.70738871912306","210.11794871796798"
"211.28708558359767","215.661538461524"
"219.88436335686941","229.39999999999998"
"236.12962070584402","248.2"
"225.27564769929194","217.830769230856"
"207.7523659968673","204.09230769238002"
"201.77358286112707","202.40512820508"
"200.89173200776045","202.887179487112"
"199.9402686332603","201.44102564101598"
"196.06004806375228","199.030769230856"
"194.16988154803624","199.512820512888"
"191.44328579853646","197.34358974355598"
"193.0101580207915","197.10256410254"
"193.4700155884638","197.584615384572"
"197.78365762144006","196.620512820508"
"201.6705878767049","199.99487179492002"
"204.62210117186316","206.74358974355602"
"205.71031575814453","216.866666666604"
"205.12904360919492","206.984615384572"
"201.80596746433503","206.020512820508"
"199.27336258398506","205.056410256444"
"199.11389885028433","206.984615384572"
"200.70286925856874","206.50256410254002"
"201.52386288710986","205.29743589746"
"203.20775629539568","204.815384615428"
"207.49302292082155","205.29743589746"
"210.40150929460077","213.49230769238"
"220.38879884050345","218.55384615390398"
"209.1718664937401","208.912820512888"
"200.143299114131","203.369230769144"
"198.38521421332177","202.887179487112"
"197.88453598918736","202.40512820508"
"198.86713689008366","201.2"
"195.224662951631","199.030769230856"
"196.0342303448125","199.271794871872"
"195.26453712908028","196.620512820508"
"193.90671379922694","193.487179487112"
"194.0417917222477","192.764102564064"
"193.3471647156764","193.728205128128"
"192.92105907221276","195.415384615428"
"194.63710255462837","197.825641025588"
"192.36969720463364","200.958974358984"
"197.27448019467312","202.40512820508"
"199.0159087566989","202.646153846096"
"200.45869613005652","202.646153846096"
"200.42049266101674","202.646153846096"
"199.69483999969196","201.2"
"199.0525348062979","200.958974358984"
"198.9324616706678","201.44102564101598"
"200.60445202968606","202.646153846096"
"209.30770067075332","205.53846153847599"
"210.81554476615213","206.50256410254002"
"205.44299739757724","205.056410256444"
"201.14310231074262","202.887179487112"
"199.05901594077335","202.164102564064"
"199.40387527406813","203.128205128128"
"199.2344668446019","203.369230769144"
"198.68055663421222","201.44102564101598"
"201.27734217935495","202.646153846096"
"198.79404743862233","199.99487179492002"
"197.54458763830274","196.379487179492"
"194.60808740778558","196.138461538476"
"195.72689678672072","196.620512820508"
"195.62563983481616","196.620512820508"
"200.46885333210264","195.415384615428"
"199.6820070511218","195.89743589746"
"202.18669235856788","197.825641025588"
"202.73941091881414","202.887179487112"
"205.2298193360648","204.815384615428"
"205.49153546364494","204.333333333396"
"204.98742113513026","203.851282051364"
"203.7870699899139","203.128205128128"
"202.61980235124054","202.646153846096"
"203.6326905247851","203.61025641034797"
"207.14597921953361","209.153846153904"
"213.4379508740413","210.11794871796798"
"205.15454978861197","208.18974358965198"
"205.20730241964574","206.020512820508"
"203.44362901607667","204.574358974412"
"203.31137494111186","205.29743589746"
"204.23566002822363","203.369230769144"
"200.69213944550165","199.99487179492002"
"200.23823519952148","200.476923076952"
"199.58397355145644","198.30769230762002"
"201.31592053256395","195.65641025644402"
"196.83232996184444","195.65641025644402"
"198.9120934850473","197.34358974355598"
"200.81809986763454","202.646153846096"
"210.1473959422046","208.912820512888"
"217.62788583898055","213.97435897441198"
"213.00742267211345","206.261538461524"
"208.1814257390107","204.333333333396"
"208.2732639810477","204.574358974412"
"212.74894783392125","206.261538461524"
"213.77599951125438","208.18974358965198"
"211.80384190550177","209.153846153904"
"211.64990357518644","210.11794871796798"
"214.1142119556838","209.39487179492"
"224.3209470533149","210.6"
"225.05876992352046","209.635897435936"
"210.50733067725284","205.779487179492"
"201.7579534784806","202.646153846096"
"199.2008611352637","201.68205128203198"
"200.54054706218017","205.29743589746"
"201.86544438358538","204.09230769238002"
"201.15181840820094","201.68205128203198"
"201.3146412293828","201.923076923048"
"199.66742230863713","201.44102564101598"
"202.38860443908737","201.2"
"199.6882670218013","200.235897435936"
"201.3984766195639","201.2"
"204.90863271073115","204.574358974412"
"213.68707611450557","214.456410256444"
"220.22389378258478","224.579487179492"
"217.85922655884553","205.29743589746"
"208.591089316445","204.09230769238002"
"207.6913095749395","204.09230769238002"
"208.75323918406133","204.815384615428"
"209.54712913524276","215.90256410254"
"212.41629368837403","216.384615384572"
"211.22728467082464","213.251282051364"
"214.38658538132051","218.55384615390398"
"224.90912997405033","231.56923076914399"
"236.1510548792889","237.83589743593598"
"222.07123303418552","217.10769230762"
"210.46937150850513","208.912820512888"
"204.13978815865215","206.261538461524"
"205.22873183009256","207.225641025588"
"205.61065109322465","204.815384615428"
"201.70708810690422","202.164102564064"
"201.13204998281157","202.164102564064"
"200.16448676435408","200.958974358984"
"201.63012507533955","200.717948717968"
"199.61683847281716","199.030769230856"
"200.6180412699297","200.235897435936"
"202.17037466952877","205.29743589746"
"212.19091328114627","212.52820512812798"
"215.27233086457704","217.10769230762"
"215.73553760348682","213.49230769238"
"211.18654148500337","208.912820512888"
"210.4273025844897","208.671794871872"
"208.9864310501112","207.948717948636"
"209.8114606323237","208.43076923085601"
"210.24584705756843","207.70769230762"
"208.17487833850777","207.466666666604"
"211.93654885897294","210.358974358984"
"215.28737139291144","216.62564102558798"
"224.99500642903345","224.338461538476"
"213.36537159027182","208.671794871872"
"209.02677890533465","207.466666666604"
"205.00545868248474","203.851282051364"
"204.78111224497252","205.29743589746"
"203.80192034110456","204.574358974412"
"200.99020830325185","202.40512820508"
"202.10130391965907","202.40512820508"
"201.1497349671116","201.923076923048"
"204.1043602957236","201.923076923048"
"201.5828216518069","201.68205128203198"
"203.42517483982664","202.887179487112"
"204.95304248822816","204.574358974412"
"213.44659850930574","213.733333333396"
"217.73687189845643","210.6"
"211.3741126670466","210.6"
"208.39107708128952","208.671794871872"
"208.38312291703875","208.43076923085601"
"209.00957600437934","208.671794871872"
"210.84930314054344","209.635897435936"
"208.8232628863994","209.39487179492"
"207.4943045794775","210.84102564101602"
"213.0687756804925","224.09743589746"
"225.81161659788273","231.328205128128"
"237.25128991185","251.09230769238"
"228.6219063389366","235.666666666604"
"215.54227264655526","224.338461538476"
"208.188273094309","207.948717948636"
"204.49398109234482","207.70769230762"
"204.83879659518703","205.779487179492"
"201.72204628346304","204.333333333396"
"200.41907849069895","202.887179487112"
"197.9563592904818","201.923076923048"
"202.35889981756173","200.958974358984"
"200.26868389991665","199.99487179492002"
"201.70050510959788","199.512820512888"
"204.86272945316182","203.851282051364"
"213.23187801580687","215.661538461524"
"216.09471909625967","230.12307692304802"
"215.69352992817556","224.338461538476"
"212.40864505973587","211.323076923048"
"206.57809827117956","211.082051282032"
"207.9083587535494","211.323076923048"
"208.5250682559166","209.153846153904"
"207.7320206043361","206.984615384572"
"207.0019709464379","206.020512820508"
"213.35818250382323","207.70769230762"
"218.64314997589594","210.84102564101602"
"222.49307920913043","219.035897435936"
"214.7098887660972","206.020512820508"
"205.3581341967927","203.851282051364"
"202.40389516774616","202.164102564064"
"203.09032528839418","201.923076923048"
"202.9407692769491","201.2"
"199.73430965156666","200.235897435936"
"199.45810425205684","199.271794871872"
"198.38642451722257","198.548717948636"
"196.3528574892239","198.06666666660402"
"196.60751427577054","197.825641025588"
"196.5228312831345","198.30769230762002"
"196.21603961287406","199.271794871872"
"199.30215834503514","200.717948717968"
"195.81655187074531","200.717948717968"
"203.22059535174634","201.2"
"202.6341440412681","201.2"
"203.72985075976277","201.923076923048"
"203.22242578520496","201.923076923048"
"201.88757788187132","201.68205128203198"
"200.9980994437795","201.44102564101598"
"200.9544960945833","201.44102564101598"
"202.60777559067606","202.164102564064"
"207.7226227091801","205.779487179492"
"210.52735111794956","206.984615384572"
"205.4725062357665","204.574358974412"
"201.84157030284075","202.40512820508"
"199.59727516543362","201.923076923048"
"200.60064367327797","201.68205128203198"
"200.08884664804293","201.68205128203198"
"199.27676300410667","201.2"
"202.69498428795484","200.958974358984"
"199.86002474887147","199.753846153904"
"195.98585744696746","199.271794871872"
"195.65746763483526","199.271794871872"
"197.0595444995426","197.584615384572"
"195.90048020864668","196.620512820508"
"197.82367227605732","199.030769230856"
"197.38490122935144","199.271794871872"
"200.8541795916687","200.476923076952"
"202.95636664274997","200.958974358984"
"204.30134520785492","201.2"
"203.35474941813098","201.68205128203198"
"203.9464121797193","201.68205128203198"
"204.61031440457404","201.44102564101598"
"203.52837470949763","201.68205128203198"
"205.01796290358226","202.164102564064"
"206.7728690174398","202.40512820508"
"209.9309176480889","202.40512820508"
"203.18700320480468","202.40512820508"
"204.18232992238728","202.164102564064"
"204.5159488630727","201.923076923048"
"204.25276499525327","201.923076923048"
"203.9101998988741","201.68205128203198"
"201.1769088940188","200.958974358984"
"201.08348257184196","198.06666666660402"
"199.79687904342103","197.10256410254"
"203.2443625075265","197.10256410254"
"200.52096258410592","197.34358974355598"
"199.29311808779514","197.584615384572"
"202.1816199630057","201.2"
"208.40178556598843","205.779487179492"
"214.8398021456133","203.851282051364"
"210.33506920570846","202.887179487112"
"208.49916967039405","202.164102564064"
"208.56003733190727","202.887179487112"
"212.14981549907054","203.851282051364"
"210.91408669304218","205.779487179492"
"209.35469481788465","204.09230769238002"
"209.4254751881337","203.61025641034797"
"209.5006307384545","212.769230769144"
"217.15133949959977","242.415384615428"
"230.04964413031803","250.610256410348"
"225.8714770300585","213.97435897441198"
"206.57049473324832","202.164102564064"
"199.21289131375875","201.2"
"201.24600817416805","201.2"
"201.55337158440705","200.476923076952"
"201.0343750150953","199.512820512888"
"202.22079508118736","198.30769230762002"
"201.02523170416623","197.584615384572"
"202.86155760708758","197.34358974355598"
"200.08714481397757","197.825641025588"
"202.18523092793032","198.30769230762002"
"204.79142162243926","201.923076923048"
"212.75449756774134","205.29743589746"
"212.31488465981488","203.128205128128"
"206.1909568731014","203.128205128128"
"205.9358822589244","201.68205128203198"
"205.30450794779824","201.44102564101598"
"205.8896915032845","202.164102564064"
"208.76775696680272","202.164102564064"
"208.35026297036978","201.44102564101598"
"206.86261235439878","200.958974358984"
"212.4102331212923","204.815384615428"
"224.97389676113139","222.65128205136398"
"233.1114523082701","222.65128205136398"
"218.78184649244497","203.851282051364"
"206.2345128736673","200.717948717968"
"203.60474204219665","199.753846153904"
"204.53282649321483","199.512820512888"
"204.17695931136907","198.789743589652"
"200.93766389180402","197.825641025588"
"199.99716367163114","197.584615384572"
"198.60302633201877","195.89743589746"
"198.3894917330515","195.89743589746"
"196.70431558813942","196.620512820508"
"198.87591313843188","197.584615384572"
"201.25330509932144","200.235897435936"
"206.94541712227573","201.44102564101598"
"208.398249938783","201.44102564101598"
"207.40033506747926","201.2"
"204.84294708461204","199.512820512888"
"204.49828777073307","199.271794871872"
"204.90784467655544","199.512820512888"
"205.46414688405656","199.271794871872"
"204.92113057920318","199.271794871872"
"203.43540982921218","199.271794871872"
"206.56217132057583","201.923076923048"
"208.63247964789252","202.887179487112"
"206.5851722334811","201.923076923048"
"200.2014047361834","199.99487179492002"
"202.07925234099926","199.030769230856"
"199.9508231104345","197.825641025588"
"200.37302716882158","196.379487179492"
"197.30977712510358","195.65641025644402"
"194.31628749508158","193.728205128128"
"196.3287196762093","192.041025641016"
"194.0690816381735","190.835897435936"
"192.27980981124884","190.59487179492"
"194.30676827121184","191.076923076952"
"196.97305180058447","192.041025641016"
"199.77318392603235","193.969230769144"
"201.83876567891272","197.10256410254"
"200.7111747284996","199.271794871872"
"202.70762915598272","199.271794871872"
"201.5994980049157","198.06666666660402"
"200.84648002418186","197.825641025588"
"201.18432755856153","198.30769230762002"
"200.71834134431475","198.30769230762002"
"201.35302175704643","198.06666666660402"
"202.65996579652716","199.030769230856"
"209.89335575639527","203.128205128128"
"212.12813361072415","200.476923076952"
"206.17688920433974","201.68205128203198"
"206.32660429220522","199.271794871872"
"202.67010391178013","198.30769230762002"
"200.40440639376004","197.10256410254"
"198.91116508410448","196.138461538476"
"198.15808860363308","195.174358974412"
"195.04452233732243","192.764102564064"
"190.39435157321938","189.148717948636"
"185.10811202627576","186.979487179492"
"181.10221422025438","186.015384615428"
"182.1006141383472","186.738461538476"
"184.71878561163405","188.666666666604"
"190.87040249830434","190.112820512888"
"201.18638050224342","194.210256410348"
"206.34743747307525","195.89743589746"
"201.08664084665202","195.65641025644402"
"198.2666511636579","195.174358974412"
"196.27653704206716","195.174358974412"
"194.6749974054631","195.415384615428"
"196.43046154851086","195.415384615428"
"197.0383734420373","195.65641025644402"
"199.00774430421575","195.65641025644402"
"203.70494666068856","196.138461538476"
"205.52849814264027","197.584615384572"
"201.85753273799747","198.06666666660402"
"194.30315764072463","196.379487179492"
"194.39127598985613","194.69230769237998"
"194.50269679461658","192.764102564064"
"193.4297577810947","191.55897435898402"
"194.56450735347607","191.076923076952"
"190.99949111954191","188.90769230761998"
"191.23656183219128","186.49743589745998"
"189.29633908791266","183.123076923048"
"186.7159749119528","181.435897435936"
"188.30856679283144","180.953846153904"
"188.86116679709076","182.15897435898398"
"188.75517506001978","184.32820512812802"
"188.77558980860172","187.220512820508"
"187.15187852730048","187.46153846152401"
"191.30992226996682","188.425641025588"
"194.3352779648224","189.630769230856"
"195.40223548156018","190.353846153904"
"195.34624251488378","190.59487179492"
"194.57365265036054","189.630769230856"
"193.67283908196345","189.148717948636"
"192.78891018147425","189.630769230856"
"192.95249472068","192.041025641016"
"196.9366964734059","193.487179487112"
"195.4094047604881","194.210256410348"
"195.75373432043244","193.246153846096"
"192.91390301877823","191.31794871796802"
"192.7025707283764","189.630769230856"
"192.75873299176266","188.90769230761998"
"191.71653880993802","187.70256410254"
"188.8980147220056","183.60512820508"
"178.28757489685367","179.748717948636"
"174.41788397394131","172.758974358984"
"171.2645510127583","164.80512820508"
"172.92478387302955","162.153846153904"
"172.62652280486122","170.589743589652"
"175.96319562582116","167.215384615428"
"177.30114376262594","169.38461538457202"
"177.49674854135785","171.553846153904"
"181.11838041409757","179.989743589652"
"188.71658865188698","187.46153846152401"
"192.09433550603006","188.425641025588"
"189.8384136282679","189.148717948636"
"192.39846141002946","189.630769230856"
"189.53934015342918","188.184615384572"
"188.52659909936875","187.46153846152401"
"187.57272164974938","189.148717948636"
"185.78004977054275","193.728205128128"
"188.11549089144347","194.93333333339598"
"196.11566279088504","193.969230769144"
"197.01881709479505","193.00512820507998"
"194.02715569244566","192.041025641016"
"191.52807116008097","190.353846153904"
"184.5527392137451","188.184615384572"
"177.81835657792126","186.738461538476"
"175.37365994283113","173.0"
"171.87037486365782","173.482051282032"
"169.6779643294023","184.087179487112"
"176.42973963465255","185.533333333396"
"181.39202499588177","186.738461538476"
"184.68764848620197","189.148717948636"
"192.54586600028125","193.00512820507998"
"202.08066057346184","199.030769230856"
"199.90625898970995","199.030769230856"
"198.1148476560781","199.271794871872"
"198.7997752516166","198.789743589652"
"200.9473214452292","200.717948717968"
"202.4378167800075","202.164102564064"
"199.8480675948483","198.789743589652"
"200.65158743354948","202.40512820508"
"205.26843976321913","206.261538461524"
"217.36121232489734","215.420512820508"
"221.19830726877208","226.748717948636"
"209.22834267397232","201.2"
"192.62820084732942","196.861538461524"
"190.99889701987402","193.969230769144"
"189.303656544513","192.764102564064"
"188.47707883320282","190.59487179492"
"187.7525935234877","187.70256410254"
"187.34297724431045","187.70256410254"
"185.67866443450063","185.774358974412"
"184.12674741911098","185.533333333396"
"186.03787370458843","186.015384615428"
"189.98645962483192","186.979487179492"
"193.68272944691694","188.90769230761998"
"192.97703391427245","193.969230769144"
"195.98172264321428","198.30769230762002"
"193.95971369710287","196.620512820508"
"194.32605557033037","194.451282051364"
"192.61860800201435","194.93333333339598"
"193.97751831149822","195.174358974412"
"195.95143148257455","195.174358974412"
"194.46251083283462","195.174358974412"
"197.60507886148775","195.65641025644402"
"202.6468183634391","198.789743589652"
"210.3421534894664","199.753846153904"
"207.27890676609167","199.271794871872"
"196.56997811440488","195.65641025644402"
"192.6341572433725","193.728205128128"
"193.98063419283574","191.31794871796802"
"192.0375792926996","190.112820512888"
"191.028136312525","187.943589743556"
"187.26906327802834","184.810256410348"
"180.73809370812606","182.641025641016"
"176.80132852240206","175.89230769238"
"172.11089722526327","173.964102564064"
"173.35439567095142","177.09743589746"
"177.84237992297867","182.4"
"182.19567427669472","186.738461538476"
"187.94981965320815","189.38974358965203"
"191.41444189720457","192.764102564064"
"192.9409810205763","193.00512820507998"
"190.62234809979108","192.764102564064"
"191.14478172918635","192.523076923048"
"191.46239284606125","192.282051282032"
"191.5338605522026","192.764102564064"
"194.35228446585307","192.764102564064"
"197.01574068456165","193.246153846096"
"200.83364433875437","194.451282051364"
"200.40647286484594","195.415384615428"
"199.80467071190003","196.620512820508"
"194.6775429716983","194.210256410348"
"196.64405392481098","192.764102564064"
"195.70949914649165","191.31794871796802"
"194.48982900050754","190.353846153904"
"191.58525700849228","188.90769230761998"
"186.90614525868034","186.49743589745998"
"186.06428530972968","184.087179487112"
"180.52340578124745","178.543589743556"
"171.6169002048441","177.82051282050801"
"175.0878614496242","179.02564102558802"
"177.3519871420482","182.15897435898398"
"181.9487723318121","186.979487179492"
"186.34343788746435","189.630769230856"
"190.78762586784566","192.764102564064"
"188.36140254828138","192.764102564064"
"189.1596455673998","192.041025641016"
"187.9501318675504","191.8"
"186.69755802280457","192.041025641016"
"189.34902713011257","191.8"
"190.0281900836867","191.8"
"194.70244822544106","192.282051282032"
"200.21348675069675","194.210256410348"
"201.09635194777152","195.415384615428"
"196.98269700576108","195.65641025644402"
"196.50912179346312","193.728205128128"
"195.56363022304708","192.764102564064"
"195.86222890850394","191.8"
"196.1202400068488","191.31794871796802"
"195.2119137380996","190.59487179492"
"191.87659425448336","188.425641025588"
"187.9668081441091","187.46153846152401"
"184.57039732567824","186.738461538476"
"185.63537601196163","186.738461538476"
"186.6354823308188","187.70256410254"
"189.54977304253384","188.666666666604"
"193.8435923272391","191.31794871796802"
"199.58442716987196","192.282051282032"
"204.35250118870158","195.65641025644402"
"201.4142471351768","195.89743589746"
"199.48605966106004","195.415384615428"
"198.85981695652328","195.174358974412"
"199.59472961883998","195.415384615428"
"198.9385644247132","195.415384615428"
"197.0742863532356","195.65641025644402"
"197.38689202209304","196.379487179492"
"199.89990962410553","197.584615384572"
"203.12496885770867","197.34358974355598"
"203.81408020735307","196.620512820508"
"196.45937398882862","195.89743589746"
"197.0201647682096","195.174358974412"
"193.77225512143968","193.969230769144"
"194.17545696359076","193.00512820507998"
"193.31403766314855","191.55897435898402"
"188.73696532650038","189.630769230856"
"188.1546243673674","189.38974358965203"
"186.42578267710144","187.70256410254"
"183.4805533950213","186.979487179492"
"184.55634370437346","185.774358974412"
"185.1167066744262","184.32820512812802"
"184.521869649426","185.29230769237998"
"181.75388781065007","186.49743589745998"
"181.9423831730146","187.46153846152401"
"183.65338413374943","187.70256410254"
"187.2081990197504","188.666666666604"
"189.69451518001108","189.38974358965203"
"191.8741582482508","189.38974358965203"
"190.67248524479197","189.148717948636"
"189.53558755774023","188.666666666604"
"189.69006625615998","188.90769230761998"
"191.05338452882785","190.353846153904"
"193.44831832323533","192.523076923048"
"193.3093616459053","193.487179487112"
"192.93862201619513","192.523076923048"
"190.93282513316345","190.353846153904"
"189.74457990170862","188.184615384572"
"189.37979531007403","187.70256410254"
"187.98564152410347","186.25641025644398"
"184.43868325100865","184.810256410348"
"177.1523522206228","183.123076923048"
"174.8973002800481","168.420512820508"
"163.90096120973897","161.430769230856"
"162.91035589730333","159.743589743556"
"164.01714075483892","155.646153846096"
"163.43165957496737","151.066666666604"
"162.7143976507646","160.466666666604"
"168.84644664115734","173.72307692304798"
"175.35659013018554","181.19487179492"
"181.24569123039512","186.738461538476"
"184.07466061900524","187.943589743556"
"182.40578287602483","188.666666666604"
"184.2499405946257","188.666666666604"
"181.89762191501808","189.148717948636"
"183.11456183086156","189.871794871872"
"187.58574919163644","191.55897435898402"
"188.14211848055905","193.246153846096"
"186.26272742522497","194.210256410348"
"186.18834992914634","193.969230769144"
"188.23968025444412","193.487179487112"
"192.71837731210348","192.282051282032"
"190.49030974638328","191.8"
"188.02954653988894","190.353846153904"
"184.85715365136957","187.943589743556"
"181.91691726856706","189.871794871872"
"179.25058079159908","186.979487179492"
"175.9235452611114","178.30256410254"
"174.49075444531212","179.266666666604"
"178.55713322777646","182.15897435898398"
"180.07895635011252","189.871794871872"
"186.2549666692209","193.969230769144"
"200.25066702339495","197.10256410254"
"198.03479152902253","196.620512820508"
"196.36259689931038","196.138461538476"
"195.96542328595388","196.620512820508"
"198.1489531939497","196.620512820508"
"198.4191484135054","196.138461538476"
"193.6775569527473","196.138461538476"
"196.47548726712034","197.10256410254"
"197.57685763992478","204.09230769238002"
"204.7835965766817","199.030769230856"
"207.0547250812842","199.753846153904"
"199.43192358318106","196.861538461524"
"191.43962765432977","195.65641025644402"
"191.80677944597238","194.210256410348"
"191.21005297022108","193.728205128128"
"189.2666801836246","191.8"
"190.02534193215791","190.59487179492"
"191.6080933456238","190.112820512888"
"189.47347444596173","189.148717948636"
"186.60365085368238","189.38974358965203"
"186.72899185027893","188.184615384572"
"190.18184717043812","188.425641025588"
"192.71948958449744","191.076923076952"
"194.52591481746083","193.487179487112"
"198.11989879758949","196.620512820508"
"196.1997785016841","196.620512820508"
"193.3387001957509","195.415384615428"
"197.99368004313777","195.415384615428"
"195.69902216266723","196.861538461524"
"195.99629679964744","196.620512820508"
"198.04462143478503","196.861538461524"
"199.25551534239597","196.861538461524"
"203.5141652907916","197.584615384572"
"202.4202131268246","198.30769230762002"
"194.10500154717704","198.30769230762002"
"194.49921397281076","196.861538461524"
"189.78119818047813","195.174358974412"
"192.51895498689856","193.728205128128"
"191.8115456899862","193.487179487112"
"189.3453712419682","192.523076923048"
"187.53216794070246","190.59487179492"
"183.60792981813006","189.148717948636"
"181.5475461071727","188.425641025588"
"177.10493581534644","188.425641025588"
"179.87949089325033","187.943589743556"
"184.19874288334293","188.425641025588"
"188.88802791285318","191.8"
"191.35760127277777","194.93333333339598"
"200.10784028618752","203.61025641034797"
"200.86493938570987","203.851282051364"
"198.44459861697965","198.548717948636"
"199.11111127096325","197.34358974355598"
"201.13251510285846","201.2"
"201.63496927618291","200.235897435936"
"201.0703496934641","200.235897435936"
"200.02641035133576","202.164102564064"
"201.52824251832305","206.74358974355602"
"206.45431026482515","213.733333333396"
"214.57010607999183","217.10769230762"
"205.80584564075127","202.887179487112"
"202.9455459125073","197.10256410254"
"197.4792222532575","195.89743589746"
"196.73206658547124","195.415384615428"
"195.68052615939678","193.969230769144"
"192.47365456870767","191.8"
"191.43479156598218","188.425641025588"
"187.73534757556774","188.425641025588"
"188.28489302174827","186.015384615428"
"188.11405143588922","185.05128205136398"
"189.49366312951344","187.46153846152401"
"192.7004288734065","191.55897435898402"
"200.8040693975641","196.138461538476"
"205.64271746625798","208.43076923085601"
"207.2877027910656","209.153846153904"
"203.40184818539404","202.887179487112"
"201.17338835253622","201.68205128203198"
"202.52710801427463","204.333333333396"
"200.4627983792234","206.261538461524"
"198.90711544476756","206.50256410254002"
"198.6278830501087","204.815384615428"
"199.0877152223607","203.61025641034797"
"196.40904921642533","205.29743589746"
"195.01735346344736","202.40512820508"
"197.55478211586336","196.620512820508"
"192.25120219950938","194.451282051364"
"186.74201011470234","192.764102564064"
"188.20943369090563","192.041025641016"
"189.5296581039898","190.353846153904"
"186.00372305562644","188.184615384572"
"176.5614038550203","180.47179487187202"
"168.52438402418773","174.20512820508"
"170.38533212044817","173.482051282032"
"173.14135449235653","177.09743589746"
"179.0167330033916","179.50769230762"
"187.74738799990143","187.46153846152401"
"197.02784675980027","191.076923076952"
"206.18267076872627","194.451282051364"
"202.43508299673329","195.174358974412"
"203.408093992454","194.93333333339598"
"200.73933368405278","194.69230769237998"
"199.7060493275581","194.451282051364"
"201.23391018746406","193.969230769144"
"195.17831708021254","193.00512820507998"
"192.07160064687457","193.487179487112"
"190.89539888727137","194.451282051364"
"189.01541793581998","194.93333333339598"
"190.22452452695327","194.69230769237998"
"192.65282948675286","193.246153846096"
"189.45100834409567","191.31794871796802"
"183.96294937507335","190.112820512888"
"183.10459618787118","189.38974358965203"
"182.46192785231884","188.666666666604"
"178.75586086616718","187.46153846152401"
"183.43080302816122","186.015384615428"
"180.20004399798037","181.917948717968"
"177.71319228019973","180.230769230856"
"179.52745180777507","179.989743589652"
"180.00307157575583","182.15897435898398"
"181.71515115399973","183.846153846096"
"181.55115586019602","184.810256410348"
"182.60401099595114","186.015384615428"
"185.11707902199907","186.49743589745998"
"187.530592073776","187.46153846152401"
"188.84748242567667","188.184615384572"
"188.9653966857533","188.425641025588"
"187.85399828532096","188.184615384572"
"186.23868574822177","187.943589743556"
"186.22916834692123","188.425641025588"
"186.92104081908357","190.112820512888"
"191.1655007441047","191.31794871796802"
"191.51964082470386","192.282051282032"
"190.47817516171","191.076923076952"
"187.3100176683911","190.112820512888"
"186.63360243559566","188.90769230761998"
"186.54552554363147","188.425641025588"
"185.4423741545562","187.46153846152401"
"183.00816856278493","186.979487179492"
"181.2898183055875","187.220512820508"
"176.21276685742998","186.49743589745998"
"170.6097677865087","184.32820512812802"
"172.34838677047998","183.36410256406398"
"172.57069013204148","186.738461538476"
"174.59874393210072","186.25641025644398"
"177.74240706385203","188.184615384572"
"186.85778388811883","188.666666666604"
"187.86576835428878","188.90769230761998"
"187.95494072571137","189.38974358965203"
"188.54835758395126","190.353846153904"
"187.8806860093717","191.076923076952"
"186.01813759248327","191.076923076952"
"185.4174397306333","191.31794871796802"
"187.86393031351218","191.8"
"188.8653434532199","193.969230769144"
"185.66171059564667","194.93333333339598"
"184.0057588029708","194.93333333339598"
"184.00523941413888","194.210256410348"
"186.18844380337418","192.764102564064"
"186.2258125022983","191.55897435898402"
"184.5579876440993","190.835897435936"
"184.35567295760163","189.148717948636"
"183.64048000060444","187.943589743556"
"183.30311027379403","187.46153846152401"
"182.1904379431085","186.738461538476"
"175.84269625159044","186.49743589745998"
"180.25946279445827","181.435897435936"
"180.54387737851303","183.60512820508"
"184.7642135812112","189.38974358965203"
"192.28987170956327","200.235897435936"
"204.02546567438134","216.384615384572"
"205.3977605992797","196.138461538476"
"196.601625149934","195.65641025644402"
"197.51700605873697","195.415384615428"
"199.9122937564096","195.65641025644402"
"200.65288760899836","195.415384615428"
"199.06583313880827","195.415384615428"
"199.0302963362036","198.06666666660402"
"203.27751196018102","224.09743589746"
"217.1385682562111","216.384615384572"
"213.0677035036315","206.50256410254002"
"200.98895401700554","195.65641025644402"
"190.89080972680625","194.210256410348"
"192.14026144697567","192.282051282032"
"190.41927011606631","191.076923076952"
"189.49584227862957","189.38974358965203"
"188.51904049879303","187.46153846152401"
"187.31733865977566","187.220512820508"
"185.0287796698154","186.015384615428"
"178.88594949764322","183.846153846096"
"176.41573135572682","177.338461538476"
"173.6138378709305","177.82051282050801"
"178.5195737721218","192.764102564064"
"192.05924978017669","198.06666666660402"
"199.22035948344325","208.43076923085601"
"195.59469955206566","194.210256410348"
"191.3834943770215","192.523076923048"
"190.25495026958356","192.764102564064"
"190.12190687589901","192.041025641016"
"190.0827660559883","198.06666666660402"
"188.9537331083297","195.65641025644402"
"192.29569851801702","199.271794871872"
"201.87608305758127","209.635897435936"
"206.0577147092609","209.87692307695198"
"198.87087506670593","194.451282051364"
"187.00813726671646","193.00512820507998"
"186.10058762280931","191.8"
"187.88700149521924","190.353846153904"
"186.74352321106423","189.871794871872"
"186.5149977167193","187.943589743556"
"183.06589237114713","185.05128205136398"
"175.27551648921627","182.15897435898398"
"172.4126779229492","173.241025641016"
"163.602349813589","174.446153846096"
"163.8886946301952","168.17948717949199"
"165.23202435218246","176.133333333396"
"175.24864518166905","186.25641025644398"
"184.21845981916636","189.148717948636"
"192.8588671225378","192.041025641016"
"190.32311665505213","192.523076923048"
"186.93187108584272","191.55897435898402"
"186.66011237414853","191.8"
"186.24990295950033","191.8"
"189.4950045531533","191.55897435898402"
"191.66791186773963","192.764102564064"
"195.1919841632086","194.451282051364"
"200.70297611676108","195.174358974412"
"198.56930327077984","195.415384615428"
"195.9797134129454","195.415384615428"
"188.2198479994674","193.969230769144"
"189.17363018956263","191.55897435898402"
"190.568529873847","189.630769230856"
"189.4446290239345","188.90769230761998"
"186.89350915388994","187.46153846152401"
"182.35430269090884","185.05128205136398"
"180.81846381444302","184.32820512812802"
"178.25726908135033","175.651282051364"
"171.6126228655284","174.687179487112"
"170.23319268303186","169.38461538457202"
"173.41125862275896","173.72307692304798"
"180.87351422254469","186.738461538476"
"184.44263491483056","189.871794871872"
"193.78985944016966","192.523076923048"
"193.29160370126738","194.210256410348"
"192.83315078854747","193.00512820507998"
"191.6823694804536","193.00512820507998"
"194.05846022235133","193.246153846096"
"195.01848814581888","193.487179487112"
"197.47915718458873","193.728205128128"
"197.99391950889003","194.210256410348"
"199.73952090191517","196.138461538476"
"203.22639957536055","200.235897435936"
"207.1872204892098","197.10256410254"
"196.00113254644052","195.89743589746"
"194.34176120407088","193.246153846096"
"192.19331884125384","191.31794871796802"
"192.14473450080143","191.55897435898402"
"191.14090579502522","189.630769230856"
"187.49184356208707","188.184615384572"
"182.30401570477076","186.25641025644398"
"177.08877247043645","185.774358974412"
"178.84228670248848","185.774358974412"
"178.19304198387482","186.979487179492"
"181.808702660756","187.70256410254"
"189.8483414245788","189.148717948636"
"196.8998204507094","193.00512820507998"
"204.11192887901296","196.861538461524"
"202.81020718422295","198.06666666660402"
"200.82360976196236","195.89743589746"
"200.3229049809675","195.415384615428"
"199.94846211182318","195.174358974412"
"198.74008861842015","196.620512820508"
"197.43004717464558","195.89743589746"
"196.012024978248","196.138461538476"
"197.83978474082636","196.379487179492"
"200.36350320626843","196.861538461524"
"200.7297319402077","196.379487179492"
"195.61680832632612","194.93333333339598"
"192.09613612260384","193.487179487112"
"190.11877650947721","191.076923076952"
"189.9608000035961","190.353846153904"
"188.749380903642","189.148717948636"
"185.15664973927656","187.70256410254"
"185.45339250537896","180.71282051288802"
"181.15261731195133","172.27692307695202"
"177.33741479428437","167.215384615428"
"177.47055823823825","166.251282051364"
"178.13389578358326","166.97435897441198"
"177.9445670917636","170.589743589652"
"180.63104228763598","180.953846153904"
"185.16850490783196","183.123076923048"
"188.0666297424553","186.49743589745998"
"189.5057668347389","188.90769230761998"
"191.2573985285302","189.38974358965203"
"191.82911143853826","189.38974358965203"
"190.8819140686918","188.666666666604"
"189.38742698642375","188.425641025588"
"189.58457997469606","189.148717948636"
"190.22265391670334","190.112820512888"
"195.1724321593835","191.31794871796802"
"197.48645626925966","191.8"
"192.8967675528491","190.835897435936"
"189.68067756715658","189.148717948636"
"187.00145643319382","187.943589743556"
"186.83395494559448","186.49743589745998"
"185.12050522386426","185.533333333396"
"182.8046948581157","182.4"
"182.0484940150294","180.47179487187202"
"179.2393739759955","170.10769230762"
"171.78344380018578","163.84102564101602"
"170.3836612894137","158.53846153847599"
"171.03403253235297","158.779487179492"
"171.82332767713936","161.912820512888"
"173.50125453168602","164.323076923048"
"179.0549498367224","166.97435897441198"
"178.124032405675","175.89230769238"
"182.78378377166555","186.015384615428"
"186.29385436236228","186.738461538476"
"186.74585000064152","187.46153846152401"
"184.8432308980693","186.738461538476"
"187.8003532421754","186.25641025644398"
"189.06256617226336","186.738461538476"
"190.85072082279171","188.425641025588"
"191.74809280827097","190.353846153904"
"191.58068935738424","191.31794871796802"
"185.3159283284513","190.353846153904"
"185.83321031390105","189.148717948636"
"188.81319200098886","187.70256410254"
"187.2323076156207","186.49743589745998"
"185.45462498073306","185.533333333396"
"181.9429933993196","182.641025641016"
"178.60625255331408","185.05128205136398"
"176.40142166934953","184.810256410348"
"170.34347100157493","185.05128205136398"
"173.58565706202103","185.29230769237998"
"172.43995738202474","186.015384615428"
"177.36110505543147","187.943589743556"
"187.55558710776046","190.835897435936"
"202.1489362057713","193.728205128128"
"195.34993690086185","194.69230769237998"
"193.92962967169385","193.969230769144"
"193.82136679618677","194.210256410348"
"194.5383270520784","194.210256410348"
"193.97169093258574","193.969230769144"
"191.01816466551372","193.969230769144"
"196.22469244242714","194.210256410348"
"201.8054306484078","195.415384615428"
"202.5618772768592","196.379487179492"
"201.17082518430692","196.379487179492"
"196.0332115653655","194.69230769237998"
"190.08621259366384","192.523076923048"
"190.22179224697624","190.59487179492"
"189.3339600039235","188.90769230761998"
"187.9011043798942","188.184615384572"
"186.34212139363035","185.774358974412"
"185.58142083549302","185.05128205136398"
"183.47531786944015","184.32820512812802"
"181.5252692741407","184.32820512812802"
"181.08957373402413","184.810256410348"
"182.44970460688805","185.533333333396"
"190.1826021420489","187.46153846152401"
"193.27090525827228","191.55897435898402"
"202.13283137994497","195.415384615428"
"198.35218744961008","196.861538461524"
"197.30051467380946","195.174358974412"
"197.61564082283647","194.69230769237998"
"199.49419090519737","194.69230769237998"
"199.74413410684156","194.69230769237998"
"198.76601913203677","194.69230769237998"
"198.73420057002699","195.65641025644402"
"203.61777194603064","199.512820512888"
"209.58630616501472","199.271794871872"
"212.24333462029642","198.06666666660402"
"202.13508788686687","195.65641025644402"
"196.91820719095097","193.969230769144"
"192.5004274670195","191.55897435898402"
"192.09265973099417","190.353846153904"
"190.67095128134224","188.90769230761998"
"186.0776563603429","186.015384615428"
"186.82616347652962","185.774358974412"
"181.88290464497646","185.05128205136398"
"181.79542545150525","185.05128205136398"
"181.13562176419157","185.29230769237998"
"183.85812299578546","185.774358974412"
"187.88518119072197","187.70256410254"
"194.71456962941295","191.076923076952"
"200.86633891095187","195.65641025644402"
"201.48267417793073","197.584615384572"
"199.2290471954967","195.415384615428"
"199.29666167084793","194.93333333339598"
"199.51159464300486","195.415384615428"
"198.8452556797954","195.415384615428"
"198.6321277292047","194.93333333339598"
"198.2054945054565","195.65641025644402"
"200.47039509801283","198.06666666660402"
"203.08812783652436","199.271794871872"
"209.78137713212183","198.06666666660402"
"201.7751544443717","195.415384615428"
"199.88646943901193","193.969230769144"
"195.53855505516276","191.8"
"194.57354041545267","190.112820512888"
"192.70040386473664","188.184615384572"
"188.60038351629433","186.49743589745998"
"187.39069860343596","186.25641025644398"
"183.42952078446706","185.29230769237998"
"183.19087588264446","185.29230769237998"
"181.37117703994335","185.29230769237998"
"183.2663608974162","185.774358974412"
"188.36912193687687","187.943589743556"
"193.8910489571562","192.041025641016"
"198.01335628276323","194.69230769237998"
"197.51638123786478","195.415384615428"
"195.88408668311158","193.969230769144"
"196.39596823257352","193.487179487112"
"198.21724198377524","193.246153846096"
"197.8496916802025","193.487179487112"
"196.715779568975","193.728205128128"
"196.36988983896202","193.487179487112"
"198.80278671723372","193.728205128128"
"204.1642545624335","194.210256410348"
"208.908163159967","193.728205128128"
"199.6370297387476","192.523076923048"
"195.7571458557118","191.076923076952"
"191.48275059293843","188.666666666604"
"191.2979511174314","186.979487179492"
"188.97389121827695","185.533333333396"
"185.57150868829913","183.36410256406398"
"182.52719737422737","183.36410256406398"
"180.48224235714338","182.4"
"182.73717252646523","181.435897435936"
"181.88627479817995","181.917948717968"
"184.08579630156248","182.15897435898398"
"186.89478472917713","183.123076923048"
"186.90142073088046","184.569230769144"
"192.67056042802332","186.25641025644398"
"190.706821835967","186.979487179492"
"190.8339209708351","186.25641025644398"
"188.28784378394397","185.774358974412"
"189.38111037972192","185.533333333396"
"188.50628997022284","185.29230769237998"
"189.31976012079406","184.810256410348"
"190.55018539442003","184.810256410348"
"192.0846386642267","185.05128205136398"
"190.1230580331593","185.774358974412"
"191.60491215268348","186.015384615428"
"188.08214016734138","185.29230769237998"
"187.68296266483748","183.60512820508"
"186.50628501942896","182.4"
"186.3646085074693","182.4"
"185.30126859879348","181.19487179492"
"181.95248508974976","178.543589743556"
"182.2564336848277","169.38461538457202"
"176.3948156076522","159.984615384572"
"172.20556108701774","156.369230769144"
"171.59241753978273","148.89743589746"
"170.02101101972787","148.89743589746"
"169.7729971480941","147.69230769238"
"172.20230844147974","151.066666666604"
"174.83617871705064","166.010256410348"
"180.81268140223372","175.410256410348"
"184.0999879164155","181.435897435936"
"186.9704819702714","182.882051282032"
"187.68475031545603","183.123076923048"
"186.36386281233894","182.882051282032"
"184.65574785759082","182.4"
"185.46822214110398","182.4"
"185.92162272351874","182.4"
"190.5943152527753","184.810256410348"
"194.71079605194052","184.810256410348"
"189.85070180668083","183.123076923048"
"185.72803532132536","181.435897435936"
"182.15818580517202","180.71282051288802"
"181.75180179421187","179.748717948636"
"179.67477145641678","179.266666666604"
"176.6023964718403","175.410256410348"
"168.57171138800143","160.94871794863602"
"159.0497411945696","149.379487179492"
"150.86703295174726","139.738461538476"
"150.78082188355825","134.19487179492"
"151.52389293723738","133.71282051288802"
"153.5268509995531","135.641025641016"
"153.21921782609672","135.882051282032"
"158.8258483587436","148.415384615428"
"165.62256288314066","150.34358974355598"
"170.0118800247317","156.128205128128"
"172.48906922109","166.733333333396"
"175.12760169225908","172.758974358984"
"174.88128090254418","170.348717948636"
"172.49261163043204","165.769230769144"
"171.35670582764732","160.94871794863602"
"166.86885005319522","163.117948717968"
"162.2434392846213","167.456410256444"
"164.30870755683412","178.061538461524"
"173.8499556182448","177.09743589746"
"177.1974644782917","172.27692307695202"
"170.81735770960051","166.010256410348"
"167.735155528356","164.323076923048"
"164.62895125182686","156.128205128128"
"158.34030542678863","137.087179487112"
"151.33668451679583","131.30256410254"
"150.58486470831326","126.964102564064"
"150.13614571845642","126.48205128203199"
"151.3987889100139","127.92820512812798"
"153.22855090883638","132.50769230762"
"156.33950811097282","138.29230769237998"
"159.030118075092","132.748717948636"
"168.2408526694055","147.210256410348"
"167.6160678800927","148.174358974412"
"167.26865967909146","160.70769230762002"
"173.49008914007808","165.046153846096"
"177.05784147705845","167.69743589746"
"176.63434829064414","166.49230769238"
"171.05166315770305","166.97435897441198"
"169.7469627010797","168.90256410254"
"171.1658890059961","175.169230769144"
"174.90766628642476","178.784615384572"
"178.2322729903881","178.061538461524"
"178.68973710089185","175.169230769144"
"172.75435778746268","168.661538461524"
"165.05938293438444","164.323076923048"
"162.49867868097098","162.39487179492"
"157.67215864597122","157.09230769238002"
"154.7628526815656","148.65641025644402"
"158.0477309742466","156.369230769144"
"155.38289259519107","148.65641025644402"
"154.95265196745197","145.76410256406402"
"152.74733823693145","146.728205128128"
"155.0766129962115","153.717948717968"
"159.1184875849921","162.39487179492"
"160.8975702641053","172.517948717968"
"166.5349777178363","176.85641025644398"
"170.57600039511158","179.02564102558802"
"176.84949000198668","181.19487179492"
"182.1131270899913","181.917948717968"
"184.7726142045839","182.15897435898398"
"183.8148656805562","182.4"
"185.88328199361823","182.882051282032"
"187.53924456847565","183.60512820508"
"192.29350420423646","185.774358974412"
"194.73753598077525","186.979487179492"
"198.37872417452837","186.738461538476"
"193.3363327703242","186.015384615428"
"188.63002607403786","184.810256410348"
"184.28902787931275","183.36410256406398"
"183.79869003981744","182.882051282032"
"181.4480692759692","181.19487179492"
"177.22333074342285","176.374358974412"
"179.4127840009282","179.266666666604"
"176.84391462197726","177.09743589746"
"175.16694717865133","175.410256410348"
"174.40643352902805","175.169230769144"
"175.50125016101262","177.579487179492"
"178.68450671497914","179.50769230762"
"181.82936398874827","181.676923076952"
"184.19741237345485","183.123076923048"
"185.41031094166988","184.569230769144"
"184.59564082804934","184.810256410348"
"183.45779617156106","184.810256410348"
"182.09358946193953","184.569230769144"
"181.76668665218506","183.36410256406398"
"181.82376027197807","182.641025641016"
"183.2916529018888","183.123076923048"
"184.8256979993429","184.087179487112"
"180.69600176319173","184.569230769144"
"179.55816059745013","184.32820512812802"
"177.0579127110297","183.36410256406398"
"181.4799262860175","181.676923076952"
"180.00176300714688","179.02564102558802"
"176.14441387320102","176.374358974412"
"171.601307962352","170.589743589652"
"167.2405826294098","164.80512820508"
"164.16433330609675","164.564102564064"
"160.65811222072915","153.958974358984"
"158.7973204083678","149.379487179492"
"156.58161320039335","147.69230769238"
"158.2719382651354","148.174358974412"
"161.39719561332024","158.29743589746"
"167.37385454822245","166.251282051364"
"170.356373846035","175.89230769238"
"176.25132494184183","179.02564102558802"
"177.65174266129011","180.230769230856"
"177.43929540143043","180.71282051288802"
"174.83919513584112","180.71282051288802"
"177.50700169946504","180.230769230856"
"176.3179119777645","179.748717948636"
"179.408814053334","179.989743589652"
"182.73881435852113","181.676923076952"
"183.34014750675507","182.641025641016"
"183.11660130243447","183.123076923048"
"184.13479002563818","182.641025641016"
"185.57316280425624","181.435897435936"
"184.54608736887138","180.47179487187202"
"183.88309927499805","179.50769230762"
"181.21936521547767","176.85641025644398"
"177.60926368599874","170.348717948636"
"174.39543811391576","163.117948717968"
"169.64218879929481","161.67179487187198"
"170.12410041140254","161.189743589652"
"168.28120984502652","161.430769230856"
"168.9488630959654","161.67179487187198"
"171.15202953626573","171.312820512888"
"173.3058946082921","180.953846153904"
"179.79561656537487","183.123076923048"
"179.47304938056251","184.32820512812802"
"180.5491994087633","184.810256410348"
"181.48579533849275","185.774358974412"
"183.5190777008197","185.533333333396"
"184.33906529072817","185.29230769237998"
"184.56241022888443","184.810256410348"
"184.9073227591702","185.05128205136398"
"185.9499264770184","187.220512820508"
"187.68586713191453","188.666666666604"
"193.065557609968","189.630769230856"
"191.32442849417077","188.666666666604"
"187.7144438310237","187.220512820508"
"182.6939018040136","185.29230769237998"
"182.67952266694058","184.569230769144"
"181.3724750359232","184.087179487112"
"177.62692054128934","182.4"
"177.36679897686184","185.29230769237998"
"175.04664291349178","180.953846153904"
"174.03673381438293","176.374358974412"
"170.96115692599886","174.446153846096"
"169.93431655917533","175.169230769144"
"169.39521870197098","177.09743589746"
"173.87841475624066","177.09743589746"
"180.14155271064047","181.19487179492"
"184.8488885040074","185.05128205136398"
"187.11346479628747","186.015384615428"
"189.5830577165292","187.220512820508"
"190.7335782586194","187.46153846152401"
"188.61266939014584","187.70256410254"
"186.41803072185462","187.70256410254"
"185.98714672651712","188.184615384572"
"186.14545946583345","193.00512820507998"
"193.46925695814906","206.020512820508"
"199.6036176005053","206.261538461524"
"193.12207280051814","194.210256410348"
"185.8656581749101","187.70256410254"
"182.57120111803806","185.533333333396"
"181.6709495686115","184.810256410348"
"180.44944822715615","183.846153846096"
"177.6129549218887","170.830769230856"
"170.9200622890154","168.17948717949199"
"163.14594896996687","177.82051282050801"
"167.70184308431203","176.85641025644398"
"166.01459832152358","175.410256410348"
"167.80155867895044","175.410256410348"
"168.9162189274839","172.27692307695202"
"173.34523052598152","172.27692307695202"
"171.20029926371527","169.38461538457202"
"172.30687947895152","169.38461538457202"
"173.06922795686603","173.72307692304798"
"177.8377102483739","177.82051282050801"
"178.8621989006624","178.30256410254"
"179.8163365369668","177.82051282050801"
"181.02511615825836","178.061538461524"
"181.25368904745906","179.50769230762"
"183.88379253731864","181.435897435936"
"186.88074744800062","184.810256410348"
"184.91134257486812","186.25641025644398"
"183.22873084299337","185.05128205136398"
"183.5597381484383","181.19487179492"
"180.0868909322344","178.30256410254"
"178.27487335256313","176.133333333396"
"173.94007897534595","169.866666666604"
"172.08505086367012","178.543589743556"
"173.69379421385975","177.09743589746"
"172.7554814615066","175.410256410348"
"174.3480125985999","175.651282051364"
"175.10949355312775","177.579487179492"
"178.36005479647176","176.85641025644398"
"179.71289501436132","175.89230769238"
"187.80354132033764","194.451282051364"
"189.92396777908579","194.69230769237998"
"189.64265974465476","193.728205128128"
"190.8450601966888","195.415384615428"
"194.86092243712977","198.30769230762002"
"193.90416838380855","188.666666666604"
"190.01007055640156","189.38974358965203"
"193.893970314525","190.59487179492"
"195.97249452782518","193.00512820507998"
"202.66266736525034","193.246153846096"
"199.31463551618114","193.728205128128"
"192.41483209764405","189.871794871872"
"186.0780050428291","188.425641025588"
"184.78566471855467","186.738461538476"
"184.30508021600016","185.533333333396"
"181.66427893163512","183.123076923048"
"179.77911565186182","178.543589743556"
"171.76888618442447","177.82051282050801"
"171.9384221659167","171.553846153904"
"166.91582050630672","164.80512820508"
"166.18152766682508","161.189743589652"
"165.36733980096153","159.984615384572"
"167.54221532371068","169.38461538457202"
"172.1845320092602","185.29230769237998"
"192.34716065357551","192.041025641016"
"188.50119317968608","186.015384615428"
"184.01957761197497","185.774358974412"
"185.78161657135757","185.774358974412"
"188.63759101777708","185.533333333396"
"187.5017013575339","185.533333333396"
"185.37516025075473","185.774358974412"
"186.64870622316943","185.774358974412"
"186.54015592966078","186.25641025644398"
"185.97261683115423","186.49743589745998"
"187.57630265872177","186.25641025644398"
"188.8373614426069","186.015384615428"
"186.2821638174226","185.05128205136398"
"179.28641385858572","186.25641025644398"
"178.4563405125925","177.579487179492"
"172.68230588568323","177.579487179492"
"165.61375258608516","154.441025641016"
"154.14140337504514","134.917948717968"
"150.1390997412241","126.0"
"149.29906334606522","126.0"
"150.29187549230707","143.59487179492"
"154.46091797378264","145.523076923048"
"165.06732140010905","162.876923076952"
"187.16426322688795","196.861538461524"
"192.30137409230042","184.810256410348"
"184.37605649779758","184.569230769144"
"185.77718798246198","185.29230769237998"
"185.50920830988267","185.29230769237998"
"187.23553867229427","185.05128205136398"
"182.2352705049257","185.05128205136398"
"183.91629888697227","185.533333333396"
"184.67927328700836","185.774358974412"
"182.89696338266072","186.49743589745998"
"183.61767448592872","186.49743589745998"
"180.59083713674914","186.25641025644398"
"180.43700382858748","185.29230769237998"
"181.55008816959503","184.087179487112"
"179.7449626422598","182.15897435898398"
"176.22872677657878","180.47179487187202"
"175.22389970330866","174.446153846096"
"167.5974788739808","138.29230769237998"
"154.77101727238045","156.128205128128"
"164.11082795325888","189.630769230856"
"174.1579356370031","188.666666666604"
"176.04125149445755","188.90769230761998"
"177.263590973701","189.630769230856"
"183.37120623571278","189.630769230856"
"188.98867121715324","188.666666666604"
"183.51552906297806","188.184615384572"
"181.84966277175906","188.90769230761998"
"182.31693100291318","190.59487179492"
"183.412052685351","193.00512820507998"
"186.5375121592945","194.451282051364"
"183.47639595521645","188.425641025588"
"180.88663557115015","186.49743589745998"
"184.27912596947286","185.05128205136398"
"185.23881630086584","181.676923076952"
"184.87807307571046","178.784615384572"
"182.9451564982448","159.743589743556"
"174.41323687254362","177.338461538476"
"178.45433055174507","163.358974358984"
"170.94492789180248","154.441025641016"
"168.97532960815994","155.164102564064"
"168.9803290249096","162.876923076952"
"168.99851148545426","164.323076923048"
"170.9203103031412","167.69743589746"
"183.71943948718103","191.076923076952"
"190.28042199807123","195.65641025644402"
"188.30666400620788","195.174358974412"
"189.65262464882238","195.89743589746"
"190.44158969639645","205.779487179492"
"195.21719421260474","198.30769230762002"
"192.32108482197935","192.041025641016"
"190.33789664408772","188.425641025588"
"189.48407439631097","189.38974358965203"
"192.79147340866132","204.815384615428"
"205.70249980538983","219.758974358984"
"206.793219078388","213.49230769238"
"198.10022047622363","205.779487179492"
"191.1407877851549","187.220512820508"
"184.8175325799065","185.774358974412"
"184.6517356868027","183.846153846096"
"178.46934488171686","181.917948717968"
"182.55505593181377","184.810256410348"
"181.04741092994948","180.71282051288802"
"177.23204984690724","176.374358974412"
"176.2208713901112","161.67179487187198"
"173.58703151509442","157.815384615428"
"171.62717078421525","152.753846153904"
"170.64432675979253","175.169230769144"
"181.96297300817307","173.72307692304798"
"181.81015689990664","188.425641025588"
"182.036879051546","185.533333333396"
"182.4979151714502","186.015384615428"
"187.84123582624753","185.774358974412"
"185.07730640055328","185.29230769237998"
"181.6002279875853","184.32820512812802"
"183.19893478142285","185.05128205136398"
"184.0039121120476","185.29230769237998"
"194.840950105017","186.979487179492"
"199.39034250351446","191.8"
"194.86815941681957","189.630769230856"
"187.64503557864748","187.220512820508"
"183.17874061630317","186.738461538476"
"183.2373809662722","182.4"
"182.83203444338636","182.15897435898398"
"185.10817666012917","178.061538461524"
"182.97364964817203","174.446153846096"
"173.8025495964143","126.0"
"161.01064619359167","134.676923076952"
"161.46268336746337","143.59487179492"
"165.56962200590928","172.517948717968"
"171.60331064196706","176.374358974412"
"181.5355815610063","177.09743589746"
"177.5887845243479","178.784615384572"
"182.038604794412","173.482051282032"
"181.40430569554456","186.25641025644398"
"188.0857211050801","193.969230769144"
"188.93407424194507","188.666666666604"
"184.15688455223005","188.425641025588"
"181.94886222849325","185.29230769237998"
"181.33714165675087","185.29230769237998"
"186.39520562706446","192.764102564064"
"199.20768556290196","208.18974358965198"
"197.94232969525942","223.133333333396"
"198.78852726592078","224.338461538476"
"195.465273491291","209.153846153904"
"192.2117297995887","197.34358974355598"
"188.45442053164663","193.246153846096"
"186.92615239169794","186.738461538476"
"189.32295922374573","188.425641025588"
"190.4335698740634","185.533333333396"
"180.4220443520063","184.32820512812802"
"180.7635412491721","183.846153846096"
"180.42826159292386","184.087179487112"
"189.88798022160603","190.59487179492"
"201.59453199889697","202.887179487112"
"221.3894009449993","231.56923076914399"
"230.8101163626585","241.210256410348"
"223.23519134871572","230.846153846096"
"223.94784578132908","226.748717948636"
"225.35036034941484","226.02564102558802"
"222.44763853896706","225.543589743556"
"217.75272748094454","223.856410256444"
"218.0720674880618","219.517948717968"
"217.11557113169474","216.62564102558798"
"223.28430805127866","218.55384615390398"
"229.90057335732098","227.953846153904"
"225.1982730172886","235.425641025588"
"225.70294344648767","219.758974358984"
"209.51856844907743","198.06666666660402"
"200.13688898666405","190.59487179492"
"192.95142514748258","186.015384615428"
"190.01522095738625","184.087179487112"
"184.48461459191108","182.641025641016"
"184.74184929766756","181.435897435936"
"183.6580130497599","180.71282051288802"
"184.51815083237247","176.133333333396"
"183.86435906442316","180.47179487187202"
"188.5012762727209","186.25641025644398"
"201.20724346369803","197.10256410254"
"218.63677437189415","211.80512820508"
"218.74252437553696","220.72307692304798"
"210.85867941531268","217.589743589652"
"210.48574720376314","217.10769230762"
"211.38597601469112","220.72307692304798"
"213.7461888629469","219.27692307695202"
"212.49462772746975","220.72307692304798"
"210.69020247681664","219.035897435936"
"210.3750365951878","218.79487179492"
"217.83372432574498","224.338461538476"
"230.7505200348403","235.425641025588"
"221.76721005699318","235.184615384572"
"212.47718107609583","199.030769230856"
"193.15946706340475","190.112820512888"
"189.83397842296506","188.184615384572"
"188.12254163227476","185.05128205136398"
"184.11433852467795","183.123076923048"
"183.12674512025663","180.953846153904"
"181.15734623179213","180.71282051288802"
"177.48662791412627","180.230769230856"
"177.86749147427776","178.543589743556"
"177.34501766995353","179.748717948636"
"181.51644346828257","184.32820512812802"
"188.05544965588098","186.979487179492"
"196.4728677923219","193.00512820507998"
"193.9202915367133","200.476923076952"
"194.7699643192658","196.861538461524"
"194.40885784741062","193.969230769144"
"196.000884944221","196.138461538476"
"196.66783263993568","197.34358974355598"
"202.4470732503816","198.06666666660402"
"199.1455997558748","198.06666666660402"
"201.15331036556512","201.923076923048"
"206.65720260799958","207.70769230762"
"218.30789480174252","210.358974358984"
"206.25969734533987","199.753846153904"
"195.26786004602747","193.487179487112"
"190.37454087174098","189.148717948636"
"188.94567214660069","186.979487179492"
"184.97434871730394","184.569230769144"
"182.2771934983092","182.15897435898398"
"178.58783284959446","181.917948717968"
"176.319234623549","180.71282051288802"
"174.53035670753528","178.784615384572"
"175.82640086088165","177.579487179492"
"175.8094076150412","178.061538461524"
"177.9521525785825","183.123076923048"
"175.0048046740321","186.015384615428"
"188.4873790718516","187.70256410254"
"194.37092871377084","189.148717948636"
"190.55408338557862","187.70256410254"
"187.96931443939957","187.70256410254"
"189.45380631884092","187.46153846152401"
"191.76437765518114","187.46153846152401"
"187.15874554191464","187.70256410254"
"188.09492432921633","187.70256410254"
"191.1763921152883","187.46153846152401"
"191.12594470780323","187.943589743556"
"197.24466974081145","189.871794871872"
"188.52115634188445","189.148717948636"
"184.00936743631203","187.70256410254"
"184.55893217267337","186.979487179492"
"185.1568488972668","186.25641025644398"
"179.75329106636687","185.05128205136398"
"178.8763917248052","181.917948717968"
"168.6462199913938","169.625641025588"
"164.62563258934318","159.020512820508"
"161.40217289346603","155.164102564064"
"159.42170377937572","155.164102564064"
"160.2962955900934","158.779487179492"
"167.65923334174164","172.035897435936"
"179.9865870696511","186.015384615428"
"195.64887170286033","193.00512820507998"
"197.22962523717416","193.969230769144"
"195.59925739290128","189.871794871872"
"191.85601305162618","187.46153846152401"
"193.330722463266","186.738461538476"
"196.030437369357","186.49743589745998"
"191.21276890773146","186.25641025644398"
"189.68086545178068","186.015384615428"
"189.21155887587975","186.015384615428"
"184.638553983071","186.49743589745998"
"193.1342684545233","189.38974358965203"
"194.68278107752639","188.425641025588"
"191.1266914074323","186.25641025644398"
"190.43071686253984","185.05128205136398"
"185.41329934257612","184.810256410348"
"182.82841375171705","183.123076923048"
"179.33567359008458","179.50769230762"
"177.17860061434143","179.748717948636"
"177.1109424361406","177.09743589746"
"174.04845171086822","175.89230769238"
"174.00629321021842","177.82051282050801"
"171.26776725408382","178.543589743556"
"171.73423938750864","180.953846153904"
"175.40120019757597","181.676923076952"
"185.18331338677115","183.36410256406398"
"184.16219498139452","184.569230769144"
"185.30777781473927","185.533333333396"
"185.36802787295153","187.943589743556"
"187.2393736700398","189.148717948636"
"185.0604574797362","189.148717948636"
"183.32883357436708","186.49743589745998"
"182.5846266600728","186.49743589745998"
"184.41987329324203","188.90769230761998"
"191.77235004609796","194.93333333339598"
"198.52714683099413","199.99487179492002"
"195.7124938339685","196.138461538476"
"189.896208892551","190.59487179492"
"186.9854389054555","188.184615384572"
"186.82651485896523","187.220512820508"
"184.5702181333354","186.979487179492"
"184.14145316214794","186.25641025644398"
"188.02533142882098","186.979487179492"
"186.31918011703553","186.25641025644398"
"173.66321881333187","186.015384615428"
"175.94189883302522","185.774358974412"
"177.26419637527715","184.32820512812802"
"183.49597727706222","185.774358974412"
"187.87118187139907","185.05128205136398"
"191.43402185728712","186.49743589745998"
"190.92835231844356","186.979487179492"
"187.37844866574218","188.425641025588"
"192.02933443695167","190.59487179492"
"193.90432557104748","191.31794871796802"
"191.755459295293","191.31794871796802"
"189.29922907445163","190.353846153904"
"186.9530822137672","191.55897435898402"
"188.85918047034502","194.451282051364"
"196.20345784428255","196.620512820508"
"206.98422078942974","209.39487179492"
"204.6458950291694","208.43076923085601"
"204.30320105799956","198.06666666660402"
"196.1597205141671","196.138461538476"
"192.1877114215951","196.379487179492"
"190.34039811635336","189.871794871872"
"185.07887655922585","187.46153846152401"
"188.23341818876318","186.738461538476"
"189.57015780739363","186.015384615428"
"190.2848536772246","185.533333333396"
"189.5782626858876","186.015384615428"
"188.8664155131475","185.774358974412"
"193.5993506314193","190.353846153904"
"207.79519890247337","201.44102564101598"
"223.04227847676157","229.641025641016"
"230.33870460014552","234.70256410254"
"222.71012438369877","211.564102564064"
"213.17712983609374","207.225641025588"
"212.96236032051743","212.52820512812798"
"213.86258194935982","220.96410256406398"
"216.43831029046478","218.79487179492"
"210.96521189498026","213.733333333396"
"212.57295864687325","215.179487179492"
"217.37106117502157","219.758974358984"
"232.3613636752558","233.49743589745998"
"222.64076855635","210.84102564101602"
"203.82174175405078","202.646153846096"
"195.28225920602506","197.34358974355598"
"192.93726423184478","193.246153846096"
"189.25276219795776","188.666666666604"
"187.89199909466322","187.220512820508"
"185.5428636225724","187.220512820508"
"184.28068628155023","186.25641025644398"
"184.6730991232419","185.774358974412"
"182.44043960870212","186.25641025644398"
"183.92410957530814","187.46153846152401"
"188.06336538046426","197.584615384572"
"206.1898260977232","209.153846153904"
"221.61181619179303","228.435897435936"
"231.08499184001164","231.81025641034802"
"220.2042203012006","220.72307692304798"
"216.5990695341595","213.97435897441198"
"215.72994191958924","215.179487179492"
"216.99243164353373","219.27692307695202"
"216.05354784511866","217.589743589652"
"212.4622412211439","215.179487179492"
"214.6876762696172","215.661538461524"
"223.5863986336064","221.68717948711202"
"241.9341059148426","235.90769230761998"
"229.71760309499757","230.364102564064"
"211.63491732781318","208.18974358965198"
"195.9284884974283","205.29743589746"
"195.10333071342384","194.210256410348"
"190.18949345551653","190.59487179492"
"185.9962532999444","187.220512820508"
"187.49568742090344","186.738461538476"
"186.6426450079434","186.015384615428"
"185.1695284945047","185.29230769237998"
"184.91276593413266","185.533333333396"
"185.67011913439376","186.738461538476"
"190.50525809791935","197.10256410254"
"204.87570840612784","204.333333333396"
"222.29116435414716","218.31282051288798"
"228.978106915696","219.27692307695202"
"216.5373478393425","204.574358974412"
"206.3015730024793","203.369230769144"
"207.3078248308899","203.369230769144"
"206.17474773685552","203.128205128128"
"199.8225768041745","199.271794871872"
"200.49148480001293","199.99487179492002"
"201.9105337897587","199.271794871872"
"203.3254704936671","202.164102564064"
"214.53075425859765","204.09230769238002"
"199.986353851344","197.584615384572"
"196.40147255552358","192.523076923048"
"193.69196936941609","189.148717948636"
"190.17205626911488","188.425641025588"
"187.3120202554983","186.979487179492"
"183.96487224959677","184.810256410348"
"183.59896280711152","182.641025641016"
"180.93857857918542","181.19487179492"
"179.4312744921676","181.435897435936"
"180.87754648700957","181.917948717968"
"182.57764828851873","183.846153846096"
"188.36467293696523","186.25641025644398"
"195.1162434704872","192.764102564064"
"210.02820744422087","198.06666666660402"
"203.46970938483102","201.68205128203198"
"197.356103684466","197.584615384572"
"196.6072158061288","195.174358974412"
"196.35634578885754","198.06666666660402"
"196.17913192457064","199.512820512888"
"194.91087430595886","198.06666666660402"
"193.57400075999493","195.65641025644402"
"195.322423078503","196.138461538476"
"199.04305372740527","201.44102564101598"
"208.158546032917","205.53846153847599"
"194.29667763086428","199.030769230856"
"190.58087802522766","193.00512820507998"
"188.1223182830364","191.31794871796802"
"188.491306634766","190.112820512888"
"185.72621260861823","187.46153846152401"
"181.47480754993887","186.25641025644398"
"176.5186428489304","182.641025641016"
"173.292809968514","182.4"
"175.64227458008392","179.989743589652"
"173.18708156175757","179.748717948636"
"174.52488919490582","181.917948717968"
"179.06092536658159","181.917948717968"
"188.70570039312327","196.138461538476"
"210.95603609868078","207.948717948636"
"209.60711647949947","215.179487179492"
"205.91675737032602","207.948717948636"
"201.94521592941985","205.29743589746"
"201.85524382817655","206.74358974355602"
"202.95009031321842","206.261538461524"
"200.11531770474483","201.44102564101598"
"196.51840832200503","199.271794871872"
"196.57320923627233","202.646153846096"
"203.1248291150314","206.50256410254002"
"212.88314310319294","215.661538461524"
"205.6355291376908","206.261538461524"
"198.12299436604104","196.138461538476"
"189.6226833969573","191.076923076952"
"186.48519413077997","191.076923076952"
"185.3467056601219","188.90769230761998"
"182.13498032035906","187.46153846152401"
"185.9041624724876","187.220512820508"
"184.82148713753085","186.49743589745998"
"182.21401545193228","186.015384615428"
"182.8116901169874","185.774358974412"
"180.39894719075963","185.05128205136398"
"179.0251559035292","185.05128205136398"
"183.08389373332338","185.05128205136398"
"189.86670400706555","186.49743589745998"
"190.63975251144188","186.738461538476"
"190.984005675546","187.46153846152401"
"191.22057857228458","187.70256410254"
"193.46569184266184","187.70256410254"
"192.27792483334386","187.220512820508"
"187.8257238238491","186.25641025644398"
"188.30420163739694","185.533333333396"
"188.5287661721036","185.29230769237998"
"195.968177059629","187.46153846152401"
"199.62903476256065","191.55897435898402"
"194.6591756004239","190.353846153904"
"187.25123677628847","187.46153846152401"
"184.8943965512444","186.49743589745998"
"184.79841144869695","185.05128205136398"
"183.72708296747734","184.32820512812802"
"182.07827461229175","180.71282051288802"
"184.86603775931835","179.02564102558802"
"182.87961413719722","175.651282051364"
"181.8958274161658","173.482051282032"
"178.21661751078352","173.0"
"177.22072834304555","173.0"
"180.46175578959526","174.92820512812798"
"179.95519557142836","177.09743589746"
"186.2938501141598","177.82051282050801"
"183.6259871506565","179.266666666604"
"184.58621920209467","181.19487179492"
"185.65946881544664","182.4"
"187.41572369837365","182.882051282032"
"187.18694411946","182.882051282032"
"188.82993969138892","182.4"
"188.59642337595346","182.641025641016"
"189.65027567124093","183.846153846096"
"189.21526998190484","179.50769230762"
"191.31450002410597","197.34358974355598"
"194.75575136079425","195.89743589746"
"195.48988689689315","192.282051282032"
"194.42779546165417","189.38974358965203"
"193.03076723584567","187.46153846152401"
"189.9293689347994","186.738461538476"
"186.52439303658397","185.29230769237998"
"190.17893938127253","183.123076923048"
"189.3854131976725","181.917948717968"
"189.6468233169659","181.19487179492"
"188.61755985897082","180.230769230856"
"189.7508127530979","182.4"
"194.01003855847114","182.4"
"204.33659104675246","199.512820512888"
"221.10889314436326","219.035897435936"
"220.9149063386766","224.338461538476"
"216.42038964907675","217.10769230762"
"214.28343783469495","216.62564102558798"
"215.43036869140946","218.071794871872"
"216.60439590124383","215.420512820508"
"213.68613994833822","211.564102564064"
"212.89984044466934","209.635897435936"
"214.29050068939935","206.50256410254002"
"216.94883378249486","210.84102564101602"
"225.64480100740872","224.338461538476"
"217.6092882173931","233.738461538476"
"214.4152919168175","218.79487179492"
"203.43961332048292","203.369230769144"
"197.96370530177995","198.30769230762002"
"195.26001977602294","192.282051282032"
"193.91484703076748","189.630769230856"
"188.50278634336593","188.666666666604"
"186.62009483658613","186.979487179492"
"188.1457612751061","187.220512820508"
"188.05628981998314","187.46153846152401"
"190.28178016054352","188.666666666604"
"196.1254837407918","192.764102564064"
"210.54631659278255","200.958974358984"
"226.33234769891078","224.338461538476"
"228.79759158951865","224.09743589746"
"221.7232115240559","226.02564102558802"
"220.64593258993466","222.89230769238"
"219.13303284943746","222.41025641034798"
"220.8308198930622","220.482051282032"
"217.84864788166382","219.517948717968"
"215.09217818194327","217.589743589652"
"214.545207364809","217.10769230762"
"220.10025845568316","224.579487179492"
"231.70491493886828","241.451282051364"
"232.02782523307485","245.789743589652"
"222.60056267430292","224.338461538476"
"206.63078769032583","201.68205128203198"
"197.60954669966299","201.44102564101598"
"196.042750213003","192.764102564064"
"189.15772578675455","190.59487179492"
"191.058242930695","190.835897435936"
"189.76984438768906","189.630769230856"
"191.476606587093","189.38974358965203"
"190.78306696875507","189.630769230856"
"191.53079235884366","192.041025641016"
"195.4507243442015","194.93333333339598"
"208.9274676521087","203.128205128128"
"224.25637127497083","229.641025641016"
"225.4601287543789","229.641025641016"
"216.53247256023528","224.338461538476"
"215.792684060459","218.071794871872"
"212.91678311195568","215.661538461524"
"213.60843758567512","210.84102564101602"
"210.67197260689204","207.70769230762"
"207.57843717212444","206.50256410254002"
"207.46594894425115","206.50256410254002"
"209.36201934647738","209.153846153904"
"219.72635501172832","229.641025641016"
"217.41137589080927","204.09230769238002"
"205.1018428422941","202.887179487112"
"196.04646798119853","199.030769230856"
"194.9231136041727","193.00512820507998"
"190.2220855351137","190.59487179492"
"187.35421169575704","187.943589743556"
"185.2935801152204","188.90769230761998"
"185.42052212961934","188.425641025588"
"187.05573632972298","187.70256410254"
"186.31980288634213","186.015384615428"
"187.75203318055694","186.49743589745998"
"193.17282204736887","189.630769230856"
"197.9687723389929","191.55897435898402"
"211.4569774499122","192.041025641016"
"208.10566788350283","204.333333333396"
"208.58784968455467","204.815384615428"
"205.96939898704903","203.61025641034797"
"207.19907594683946","195.89743589746"
"204.58373644120314","193.246153846096"
"199.78658200113605","193.00512820507998"
"199.8689261346223","192.523076923048"
"199.85781831748722","191.8"
"197.0882924357489","192.041025641016"
"205.8883563019691","191.076923076952"
"197.84356232107584","192.523076923048"
"195.27754643405186","191.076923076952"
"190.10017044914525","191.076923076952"
"191.84210710969035","189.630769230856"
"185.5247994938023","188.184615384572"
"185.98181156417044","186.015384615428"
"178.5337723296931","185.29230769237998"
"179.80451842629842","184.810256410348"
"178.8925882807617","184.569230769144"
"178.5737993635669","185.05128205136398"
"181.99255178102615","187.220512820508"
"190.55531897987757","189.148717948636"
"198.00810843392833","192.523076923048"
"211.24278797052557","218.79487179492"
"218.40812797497227","226.02564102558802"
"222.0883117250833","231.328205128128"
"222.8239888540807","224.338461538476"
"219.2054908945977","224.338461538476"
"220.80940432318812","227.471794871872"
"219.16970572193685","216.62564102558798"
"209.94226950581822","211.323076923048"
"210.44138825764935","206.984615384572"
"210.16882191579202","208.18974358965198"
"217.77591702980567","232.29230769238"
"220.97329397786473","242.174358974412"
"219.21059770412307","216.143589743556"
"203.74331799424357","194.69230769237998"
"193.40746853000212","193.246153846096"
"190.06004713612975","191.55897435898402"
"184.4869580092205","190.59487179492"
"184.4735667537592","190.353846153904"
"186.43227224549406","189.148717948636"
"185.35528947194177","188.90769230761998"
"185.2795001873704","189.148717948636"
"183.33927872220534","189.38974358965203"
"182.24818562401447","190.112820512888"
"183.34122517461543","191.076923076952"
"191.16714492138286","192.041025641016"
"193.1049640407901","192.282051282032"
"196.00579146375617","193.969230769144"
"196.62831387593457","195.89743589746"
"198.34146735462826","195.65641025644402"
"197.131025945168","194.451282051364"
"193.40677253224916","194.210256410348"
"192.09102628893487","193.969230769144"
"191.6571729321306","195.174358974412"
"199.01995434209516","202.887179487112"
"207.9398090357935","221.20512820508"
"208.99057157409396","233.979487179492"
"202.7538882788201","201.68205128203198"
"189.89570056472436","194.69230769237998"
"187.4520247074121","193.728205128128"
"186.4860787740086","193.00512820507998"
"183.97581793721037","192.041025641016"
"186.0301165049384","191.55897435898402"
"184.64886744967697","190.59487179492"
"178.31164871661576","189.871794871872"
"180.93400515177623","188.425641025588"
"181.29017109933596","185.774358974412"
"183.50447531174655","185.533333333396"
"183.62285871127884","186.25641025644398"
"189.46284886446693","188.666666666604"
"187.81261462394542","190.112820512888"
