"DataEntries: 8756, TestEntries: 24, Epochs: 200, UseTestData: true, LimitEntries: true, Firstlayer#: 6, SecondLayer: true, SecondLayer#: 14, Predict: true, Curvebehaviour: false, Stacksize: 6, useLastXDays: false, Max: 502.0, Min: 126.0, Curve behaviour: false, Historical: false, useAverage: false, priceStack1, Skewness: true, SkewStack: 12",", useNewMethod: false, decay: 0.1"
"Range: 6567 to 8756"
"Actual","Ideal"
"196.41858694405937","195.174358974412"
"191.28176100080915","193.728205128128"
"187.51326628484918","193.246153846096"
"186.71470795866452","192.041025641016"
"185.6349250672745","193.246153846096"
"181.51239853950432","189.38974358965203"
"178.1185619450741","178.784615384572"
"175.269039111527","178.30256410254"
"177.06976917303678","177.82051282050801"
"177.40186950142248","179.50769230762"
"179.58112582752372","183.123076923048"
"181.5937050924426","187.70256410254"
"184.19770946988373","191.8"
"187.14461694311177","192.764102564064"
"189.98075350604947","193.246153846096"
"189.8716475179998","193.246153846096"
"186.76454577725428","192.764102564064"
"188.78829664298866","192.282051282032"
"188.9100202097876","192.764102564064"
"189.40018233311451","193.00512820507998"
"194.62028025112392","194.210256410348"
"200.1776707870768","195.89743589746"
"196.27852396959406","196.379487179492"
"197.00099972843373","195.65641025644402"
"195.3218374859197","194.69230769237998"
"193.31069860958874","193.487179487112"
"190.80622141477997","193.246153846096"
"189.18607343373708","190.835897435936"
"195.63286772264283","190.59487179492"
"191.62073611094064","189.630769230856"
"191.1379056592849","190.353846153904"
"188.5457139092488","191.55897435898402"
"191.00802765487322","192.764102564064"
"193.4495663123704","194.93333333339598"
"198.04031564813278","201.44102564101598"
"204.63142668993953","208.43076923085601"
"203.4560714852278","208.43076923085601"
"202.55584669579375","209.153846153904"
"201.23380781923356","207.948717948636"
"202.54466564270248","206.74358974355602"
"204.39889464406815","202.887179487112"
"199.90725129419627","200.958974358984"
"202.70355521118927","202.887179487112"
"205.32549211186367","202.887179487112"
"208.04347520141965","209.87692307695198"
"213.01266635567947","224.338461538476"
"207.68589856315396","224.09743589746"
"204.49466151221966","209.153846153904"
"200.81900096030176","198.789743589652"
"196.36193044523827","197.584615384572"
"194.36724140970824","195.89743589746"
"192.84304270718826","192.764102564064"
"190.6456007398798","193.00512820507998"
"189.3516049265794","192.282051282032"
"189.32419635626195","188.425641025588"
"188.99573311848215","183.846153846096"
"187.06332968457332","187.46153846152401"
"190.4639638227323","192.282051282032"
"199.72120763563905","200.958974358984"
"204.9933758686642","206.261538461524"
"205.90934746745614","206.261538461524"
"206.37605445015106","208.43076923085601"
"204.8209772540666","206.984615384572"
"202.98945041457551","207.70769230762"
"203.42786806253454","207.225641025588"
"201.71432220124876","204.574358974412"
"202.31714927848557","203.128205128128"
"201.14229143025128","202.40512820508"
"204.5666388705951","207.948717948636"
"215.32208429744622","213.733333333396"
"209.24368481072463","209.635897435936"
"204.2170934643862","207.70769230762"
"201.28355683705166","201.44102564101598"
"197.52209480352525","199.512820512888"
"195.69486509815715","195.65641025644402"
"192.56833700092278","192.523076923048"
"191.60127112192475","189.630769230856"
"191.04473023968796","187.220512820508"
"189.2805941930361","188.184615384572"
"186.85326817024048","188.425641025588"
"188.0401455192894","191.8"
"192.3734773862908","194.451282051364"
"200.97106444517928","203.61025641034797"
"206.87332365826236","214.69743589746"
"206.27484374410835","208.18974358965198"
"203.8240024193258","203.61025641034797"
"201.7126617164837","202.646153846096"
"202.8655398465554","204.815384615428"
"204.36735731883482","208.18974358965198"
"200.98533580604212","207.225641025588"
"203.26583774694183","208.18974358965198"
"203.76131833089767","208.912820512888"
"207.58644324952274","211.80512820508"
"213.23971960844176","221.20512820508"
"207.12898926096977","215.179487179492"
"203.07763989513677","204.574358974412"
"201.0616797186124","201.2"
"197.24340004222086","201.2"
"195.65393701966303","196.138461538476"
"190.5292695533783","193.487179487112"
"187.0745496129225","190.59487179492"
"186.2675406785974","188.90769230761998"
"183.36695458364346","188.666666666604"
"183.95328632269468","188.90769230761998"
"186.43856870665468","190.835897435936"
"189.93418561809693","193.728205128128"
"197.82354104348772","201.923076923048"
"206.43868810413642","207.225641025588"
"202.69135656183147","207.225641025588"
"201.55154655345075","206.50256410254002"
"200.26254546645345","204.815384615428"
"201.2266289976081","206.50256410254002"
"204.67590599341008","206.50256410254002"
"201.60776916875736","206.50256410254002"
"203.7653369686742","206.74358974355602"
"203.47864211724374","206.984615384572"
"205.40593259424116","211.082051282032"
"213.25710387964335","220.72307692304798"
"207.23749826417455","210.11794871796798"
"203.1749945300258","206.50256410254002"
"199.24839656109083","201.44102564101598"
"195.29765102966184","196.138461538476"
"191.26490527370612","195.174358974412"
"188.11147121790066","192.041025641016"
"188.5328431688085","190.835897435936"
"184.03846153849622","187.70256410254"
"182.56174307073923","186.49743589745998"
"183.19112449152271","187.220512820508"
"184.23574609755667","189.871794871872"
"187.97814011255986","193.246153846096"
"196.16818505884805","199.512820512888"
"200.74921373961473","200.235897435936"
"197.73793910441557","202.164102564064"
"198.5284595895156","202.646153846096"
"198.39393788569276","201.44102564101598"
"198.4118258231283","201.44102564101598"
"198.49599000636624","201.44102564101598"
"199.22832487397454","200.476923076952"
"198.03355934572517","197.825641025588"
"197.7546572339739","198.548717948636"
"202.78343339134926","202.40512820508"
"210.8619907188062","217.589743589652"
"209.16112353477365","212.52820512812798"
"203.80949520258415","205.779487179492"
"198.3486386178448","198.06666666660402"
"196.00400754064327","192.523076923048"
"192.11778646090022","194.451282051364"
"191.28235813415566","192.764102564064"
"189.71440635862746","195.415384615428"
"187.9639728183197","193.969230769144"
"185.6582721955302","193.969230769144"
"186.2556873449215","194.69230769237998"
"187.51881278871946","193.246153846096"
"187.68331941936958","194.210256410348"
"192.0879555308876","197.584615384572"
"193.3709718517514","198.06666666660402"
"194.0207146487524","199.030769230856"
"194.64780278584186","199.030769230856"
"195.01175338130267","199.271794871872"
"195.8396568937054","199.030769230856"
"193.94071439449533","199.030769230856"
"194.63092473857543","198.30769230762002"
"193.29453768009","198.06666666660402"
"193.066420983086","199.512820512888"
"197.18882200999727","205.779487179492"
"207.29293729202595","207.466666666604"
"203.5967864848896","206.74358974355602"
"199.4348409512333","201.44102564101598"
"197.06861497880374","200.476923076952"
"193.99249194889114","200.717948717968"
"193.55728571176712","198.789743589652"
"191.46816919839847","196.138461538476"
"192.73086575880757","195.89743589746"
"190.10714231565314","194.210256410348"
"183.940706347081","193.487179487112"
"184.47967197625908","192.764102564064"
"184.28893790368014","192.764102564064"
"183.85744173095594","192.282051282032"
"187.15461857125007","193.969230769144"
"192.61314140267353","194.93333333339598"
"194.67411437672888","196.620512820508"
"195.52732489874484","200.958974358984"
"199.01440647566244","202.164102564064"
"199.94692676542547","202.164102564064"
"198.2697149408229","203.128205128128"
"197.86205280782409","200.958974358984"
"196.86619335124468","201.68205128203198"
"198.12305708457268","201.923076923048"
"201.46161815211843","208.671794871872"
"207.862734898331","209.87692307695198"
"204.4277947140139","207.70769230762"
"202.94895641751597","203.61025641034797"
"199.76241401861336","200.958974358984"
"198.60387609200333","201.2"
"196.24921674556026","199.99487179492002"
"192.81798617494763","196.379487179492"
"196.39854864541803","194.210256410348"
"191.2646731403679","192.282051282032"
"192.6310617605479","189.148717948636"
"191.35854181782423","188.425641025588"
"192.349754778161","192.523076923048"
"196.7239006863528","195.89743589746"
"202.5852917437182","213.49230769238"
"213.9156681343427","229.88205128203202"
"212.3215008533133","218.071794871872"
"211.74161348239824","211.80512820508"
"208.6689200599988","211.80512820508"
"209.68500141405778","215.179487179492"
"212.4653797574889","227.471794871872"
"212.11001654742677","219.517948717968"
"212.23014511105362","217.348717948636"
"213.8829922460071","224.338461538476"
"222.69471746364246","245.30769230762002"
"235.50494623517756","249.40512820508002"
"224.74486102268708","213.010256410348"
"209.00520399379843","202.164102564064"
"199.97448591011988","199.99487179492002"
"199.1403841835454","198.789743589652"
"197.38137098980695","198.30769230762002"
"195.83668104631138","195.65641025644402"
"194.69720339832773","195.65641025644402"
"192.0844982815458","194.69230769237998"
"189.13035538602782","195.174358974412"
"187.99105576127226","194.210256410348"
"190.1116397289381","195.415384615428"
"195.13185558692953","199.512820512888"
"207.17279133397096","207.466666666604"
"218.96438764843225","224.338461538476"
"212.8290751852833","214.456410256444"
"207.54423360785555","210.6"
"206.37874392722324","208.43076923085601"
"207.91568584311392","210.84102564101602"
"214.3456054950461","212.52820512812798"
"209.7191690732335","210.84102564101602"
"209.81410500681355","209.39487179492"
"211.34105063733682","213.733333333396"
"224.48003858794868","229.15897435898398"
"234.71866140457405","235.666666666604"
"212.37548908299703","211.80512820508"
"202.18256244815785","208.912820512888"
"200.26243067794798","202.887179487112"
"197.8025393125037","202.646153846096"
"197.30002636804147","199.753846153904"
"193.71740213326768","197.10256410254"
"188.8877966314864","197.10256410254"
"191.56387010094548","195.415384615428"
"190.36514441081067","195.65641025644402"
"189.9757166271016","196.138461538476"
"192.16908433596345","197.584615384572"
"196.2596215906885","200.958974358984"
"203.7650909961205","208.43076923085601"
"216.22882933321148","215.661538461524"
"209.17521675320222","217.10769230762"
"205.6714085274099","213.733333333396"
"203.93980398068868","213.010256410348"
"207.32479259495483","213.97435897441198"
"209.97344688771153","213.251282051364"
"205.2579361344422","212.28717948711198"
"207.5788277726631","212.046153846096"
"208.60180610679305","214.69743589746"
"216.73430717798254","224.338461538476"
"227.20418990544704","242.415384615428"
"212.13280848837024","212.52820512812798"
"202.0945766170002","206.984615384572"
"199.8516636231465","202.646153846096"
"198.37660502163976","203.61025641034797"
"197.39695143708838","202.887179487112"
"193.86759774369511","198.30769230762002"
"191.37813372791283","199.271794871872"
"192.85130369377475","197.34358974355598"
"189.5358577428691","197.584615384572"
"191.64524007179747","198.06666666660402"
"194.71862977378885","200.235897435936"
"198.0356376085512","203.128205128128"
"204.61185953913628","208.912820512888"
"212.91490514748992","224.579487179492"
"213.42548630879423","206.50256410254002"
"206.7949281555695","203.851282051364"
"204.75243121139675","202.887179487112"
"206.50276141447938","205.53846153847599"
"208.30487791667042","214.456410256444"
"207.59238665538174","209.153846153904"
"209.23505992623183","210.11794871796798"
"209.14968787890422","215.661538461524"
"217.04841364943155","229.39999999999998"
"233.54831300818418","248.2"
"214.58112105147282","217.830769230856"
"206.98670548597292","204.09230769238002"
"200.39503405670143","202.40512820508"
"198.54708068786027","202.887179487112"
"197.94721272974635","201.44102564101598"
"193.792166701264","199.030769230856"
"194.84160454335793","199.512820512888"
"190.6281519965485","197.34358974355598"
"189.26811204518455","197.10256410254"
"191.48139246133672","197.584615384572"
"194.5884125550217","196.620512820508"
"196.7495470136496","199.99487179492002"
"203.9654770540121","206.74358974355602"
"214.83618119709104","216.866666666604"
"208.13221526199558","206.984615384572"
"203.65969390546462","206.020512820508"
"202.30059319812767","205.056410256444"
"202.1980869969592","206.984615384572"
"205.585856716533","206.50256410254002"
"203.65113874737852","205.29743589746"
"202.12392534556898","204.815384615428"
"203.40487420040114","205.29743589746"
"211.77163654349374","213.49230769238"
"231.2637888308069","218.55384615390398"
"211.8831810672126","208.912820512888"
"202.4525399802498","203.369230769144"
"197.53399380173735","202.887179487112"
"196.37644593856749","202.40512820508"
"195.96394897952527","201.2"
"193.39162985337288","199.030769230856"
"192.84641664355524","199.271794871872"
"193.5400246603037","196.620512820508"
"190.14577054849957","193.487179487112"
"192.48729610126856","192.764102564064"
"191.67955297988422","193.728205128128"
"194.46598366042633","195.415384615428"
"197.80499215210534","197.825641025588"
"201.21091252283088","200.958974358984"
"197.97114895308232","202.40512820508"
"198.4278888049357","202.646153846096"
"199.0461436963937","202.646153846096"
"199.4391799867442","202.646153846096"
"198.56822872769044","201.2"
"199.1139921088851","200.958974358984"
"199.2014480342161","201.44102564101598"
"200.5090669661675","202.646153846096"
"209.66254674164023","205.53846153847599"
"214.78397743737435","206.50256410254002"
"206.48214838877473","205.056410256444"
"200.2475874698228","202.887179487112"
"199.35746517554963","202.164102564064"
"200.632349608641","203.128205128128"
"199.83106454447955","203.369230769144"
"198.59221967476964","201.44102564101598"
"200.78391702682012","202.646153846096"
"199.55645869756324","199.99487179492002"
"197.58529264685677","196.379487179492"
"196.21830111177925","196.138461538476"
"197.87490948549734","196.620512820508"
"195.8211150492886","196.620512820508"
"197.3551783576998","195.415384615428"
"202.08213317226176","195.89743589746"
"202.00742574143072","197.825641025588"
"202.5323919294451","202.887179487112"
"206.27825086597304","204.815384615428"
"208.85259815466378","204.333333333396"
"207.3849644286434","203.851282051364"
"205.04917353824297","203.128205128128"
"204.70290388503687","202.646153846096"
"205.1917295465612","203.61025641034797"
"210.54800124440362","209.153846153904"
"217.1303508538496","210.11794871796798"
"210.29029693246642","208.18974358965198"
"207.08317669988637","206.020512820508"
"203.12140878592305","204.574358974412"
"204.5274453983931","205.29743589746"
"203.9550701624945","203.369230769144"
"201.15264980473876","199.99487179492002"
"207.71736373582806","200.476923076952"
"206.33634482747516","198.30769230762002"
"204.33976224331113","195.65641025644402"
"201.3256358433274","195.65641025644402"
"205.61456705854772","197.34358974355598"
"207.42226259682403","202.646153846096"
"214.37155010141487","208.912820512888"
"224.32970041755618","213.97435897441198"
"217.7618974121738","206.261538461524"
"212.96780967283217","204.333333333396"
"212.67400248487098","204.574358974412"
"216.36353154742704","206.261538461524"
"220.88299310349063","208.18974358965198"
"216.5814345610309","209.153846153904"
"217.7554940810196","210.11794871796798"
"221.5866773648056","209.39487179492"
"229.56948535047934","210.6"
"230.59133584476928","209.635897435936"
"213.41911128884055","205.779487179492"
"207.79458256293333","202.646153846096"
"205.6334585778735","201.68205128203198"
"205.45325800830227","205.29743589746"
"206.80455840682268","204.09230769238002"
"205.3771518642805","201.68205128203198"
"203.1415616608246","201.923076923048"
"200.81643924473877","201.44102564101598"
"199.34531719384853","201.2"
"199.98436044706648","200.235897435936"
"200.66769393978416","201.2"
"205.82664154077622","204.574358974412"
"210.70895576772315","214.456410256444"
"222.51835392455553","224.579487179492"
"213.49518137463224","205.29743589746"
"204.86239466524478","204.09230769238002"
"204.27724722897676","204.09230769238002"
"205.85905842707746","204.815384615428"
"207.58791053772194","215.90256410254"
"209.43009088141724","216.384615384572"
"210.9926206160305","213.251282051364"
"212.3340373098929","218.55384615390398"
"220.52636635047804","231.56923076914399"
"226.77569669582948","237.83589743593598"
"214.17236026782976","217.10769230762"
"204.12434919950545","208.912820512888"
"200.56327735065113","206.261538461524"
"201.867809268666","207.225641025588"
"202.40286034526142","204.815384615428"
"200.64575993240513","202.164102564064"
"198.33361164665985","202.164102564064"
"201.45025147061145","200.958974358984"
"201.2501807741311","200.717948717968"
"201.0601121310107","199.030769230856"
"200.9705047442501","200.235897435936"
"204.95619898136044","205.29743589746"
"211.8050338824874","212.52820512812798"
"221.4045752136439","217.10769230762"
"213.7445773218192","213.49230769238"
"207.8380835139248","208.912820512888"
"206.39749212121046","208.671794871872"
"207.3495365746495","207.948717948636"
"209.79445015080807","208.43076923085601"
"206.3264094979327","207.70769230762"
"207.80807489626744","207.466666666604"
"210.60038325872947","210.358974358984"
"220.50929725260437","216.62564102558798"
"230.4404678837563","224.338461538476"
"210.94975320990437","208.671794871872"
"202.16947068761516","207.466666666604"
"200.70951083364594","203.851282051364"
"200.82919750845457","205.29743589746"
"202.12462718572897","204.574358974412"
"199.6052641422838","202.40512820508"
"200.45686766422682","202.40512820508"
"203.15433617222175","201.923076923048"
"202.7434672163181","201.923076923048"
"203.59839106523566","201.68205128203198"
"206.02972402748995","202.887179487112"
"207.98803858498263","204.574358974412"
"213.29890069769706","213.733333333396"
"226.74496331374633","210.6"
"214.23848446216877","210.6"
"210.00986097968058","208.671794871872"
"209.75956172818533","208.43076923085601"
"211.6859424987831","208.671794871872"
"214.12014529546502","209.635897435936"
"209.09813138717715","209.39487179492"
"211.57182350349194","210.84102564101602"
"214.04464002244873","224.09743589746"
"225.70229765015026","231.328205128128"
"236.54823464690315","251.09230769238"
"220.4881391401907","235.666666666604"
"212.16676320430633","224.338461538476"
"205.43870603618683","207.948717948636"
"203.14243187241536","207.70769230762"
"202.49205741549378","205.779487179492"
"200.40877306041472","204.333333333396"
"205.2988538054807","202.887179487112"
"201.68266190767173","201.923076923048"
"201.41780618768786","200.958974358984"
"202.22938952346294","199.99487179492002"
"201.90801894023755","199.512820512888"
"203.02378060212462","203.851282051364"
"212.80695373206765","215.661538461524"
"221.89925168816845","230.12307692304802"
"218.85023506657518","224.338461538476"
"213.42198094899507","211.323076923048"
"209.5018034607886","211.082051282032"
"210.33344934780445","211.323076923048"
"208.6105779280916","209.153846153904"
"207.5057073958416","206.984615384572"
"206.29176766483727","206.020512820508"
"211.43316324198128","207.70769230762"
"219.15895023440623","210.84102564101602"
"231.28700521811035","219.035897435936"
"218.4718743913094","206.020512820508"
"207.21065011255928","203.851282051364"
"200.28666569736095","202.164102564064"
"201.54455234981424","201.923076923048"
"199.70040064116395","201.2"
"198.03713002456993","200.235897435936"
"196.71122542786185","199.271794871872"
"196.86327594909264","198.548717948636"
"192.2984718307325","198.06666666660402"
"194.66090990878365","197.825641025588"
"195.5585111228471","198.30769230762002"
"198.58749077093182","199.271794871872"
"202.79138274005726","200.717948717968"
"209.76797884806996","200.717948717968"
"205.85454221201326","201.2"
"201.68013780528491","201.2"
"202.42933326156736","201.923076923048"
"202.74975496720387","201.923076923048"
"200.9150429098054","201.68205128203198"
"200.70653855491673","201.44102564101598"
"201.08097515056505","201.44102564101598"
"201.83354105335405","202.164102564064"
"206.30967886457722","205.779487179492"
"213.1819580818105","206.984615384572"
"204.29723924987366","204.574358974412"
"199.7532885245215","202.40512820508"
"198.8948661813245","201.923076923048"
"200.27373238040866","201.68205128203198"
"200.28646644279377","201.68205128203198"
"199.069750484769","201.2"
"200.13221141015416","200.958974358984"
"199.84246988086093","199.753846153904"
"194.9118888851552","199.271794871872"
"197.03995270141831","199.271794871872"
"198.84254194588726","197.584615384572"
"195.60475624796192","196.620512820508"
"195.027927341789","199.030769230856"
"199.6597955458721","199.271794871872"
"199.72001449887057","200.476923076952"
"201.1106850397461","200.958974358984"
"203.3234526121702","201.2"
"204.02482814405033","201.68205128203198"
"203.8052801384057","201.68205128203198"
"203.80800283586342","201.44102564101598"
"204.13960113209373","201.68205128203198"
"204.87631488824223","202.164102564064"
"209.12079862053184","202.40512820508"
"213.44240463011838","202.40512820508"
"205.99764848406866","202.40512820508"
"204.37166474085376","202.164102564064"
"202.42234265149955","201.923076923048"
"203.50180033175437","201.923076923048"
"202.5445441487782","201.68205128203198"
"200.71347777589926","200.958974358984"
"208.49006070276482","198.06666666660402"
"206.43051015178594","197.10256410254"
"206.47739818726774","197.10256410254"
"207.08443303541355","197.34358974355598"
"205.39591449503723","197.584615384572"
"208.13154298716898","201.2"
"211.13518088020925","205.779487179492"
"216.869000021825","203.851282051364"
"212.80272319081135","202.887179487112"
"210.60130064697123","202.164102564064"
"210.17845430436728","202.887179487112"
"212.7408354269254","203.851282051364"
"213.27372077949371","205.779487179492"
"209.61175318295386","204.09230769238002"
"211.85381782383038","203.61025641034797"
"213.25267025262642","212.769230769144"
"217.00072231052448","242.415384615428"
"226.60721518495797","250.610256410348"
"222.21352316036268","213.97435897441198"
"209.8526691636131","202.164102564064"
"203.92747754442186","201.2"
"204.5434592615049","201.2"
"205.2934835557258","200.476923076952"
"203.91254780239547","199.512820512888"
"202.34746890246873","198.30769230762002"
"200.67714276017415","197.584615384572"
"199.1828546817456","197.34358974355598"
"200.76621017126712","197.825641025588"
"202.3336882672936","198.30769230762002"
"205.66409924593722","201.923076923048"
"210.21676483721356","205.29743589746"
"212.162018737069","203.128205128128"
"204.02857176610718","203.128205128128"
"202.48341587134928","201.68205128203198"
"201.9769973900929","201.44102564101598"
"202.10479448902814","202.164102564064"
"205.70612004198335","202.164102564064"
"204.61251448971063","201.44102564101598"
"204.80902638003766","200.958974358984"
"209.6966092883647","204.815384615428"
"225.73634128055227","222.65128205136398"
"237.0487743836657","222.65128205136398"
"212.11412054345948","203.851282051364"
"200.47803381648836","200.717948717968"
"198.95937043502715","199.753846153904"
"200.2861309275586","199.512820512888"
"200.36311454919957","198.789743589652"
"199.1549767560227","197.825641025588"
"195.51002229101272","197.584615384572"
"198.41942156077863","195.89743589746"
"196.3901262050801","195.89743589746"
"196.49983173662332","196.620512820508"
"198.1024051197198","197.584615384572"
"203.40423219777261","200.235897435936"
"206.55099854764143","201.44102564101598"
"207.350159970873","201.44102564101598"
"203.9728567968553","201.2"
"200.58612349749578","199.512820512888"
"199.94236240195346","199.271794871872"
"202.36637730645225","199.512820512888"
"203.0314635246126","199.271794871872"
"199.10562894374158","199.271794871872"
"200.70988611834343","199.271794871872"
"203.0766891399731","201.923076923048"
"210.49113809630273","202.887179487112"
"209.1608215568624","201.923076923048"
"198.45014569485124","199.99487179492002"
"196.23309830300406","199.030769230856"
"197.16847045944837","197.825641025588"
"197.50858338654655","196.379487179492"
"198.1673269146081","195.65641025644402"
"195.18137251784617","193.728205128128"
"190.13124455352437","192.041025641016"
"193.79947560181225","190.835897435936"
"191.1600615061118","190.59487179492"
"194.3672573426914","191.076923076952"
"197.23240274988515","192.041025641016"
"199.30284718120697","193.969230769144"
"202.760547702135","197.10256410254"
"201.8167569808165","199.271794871872"
"202.22233114027574","199.271794871872"
"200.0539188118352","198.06666666660402"
"199.59599157019835","197.825641025588"
"199.8734182518778","198.30769230762002"
"200.65406906029625","198.30769230762002"
"198.6803119884621","198.06666666660402"
"201.61683490366914","199.030769230856"
"204.91754672764944","203.128205128128"
"205.45655228317725","200.476923076952"
"205.52486311227855","201.68205128203198"
"202.3839501201959","199.271794871872"
"203.90421131332965","198.30769230762002"
"198.68946627461904","197.10256410254"
"197.70962167914473","196.138461538476"
"197.08669178997408","195.174358974412"
"193.34722897294546","192.764102564064"
"189.7416501554701","189.148717948636"
"187.76660328833293","186.979487179492"
"184.53652203038632","186.015384615428"
"187.0668114518254","186.738461538476"
"188.97090725066715","188.666666666604"
"194.11218244983448","190.112820512888"
"201.4838051213149","194.210256410348"
"204.64663491453513","195.89743589746"
"200.97508714602867","195.65641025644402"
"197.1482086056963","195.174358974412"
"197.42891043943024","195.174358974412"
"196.92034860585244","195.415384615428"
"195.55084247496646","195.415384615428"
"197.03286088462585","195.65641025644402"
"196.2518693201477","195.65641025644402"
"197.59327064233108","196.138461538476"
"202.95608458736564","197.584615384572"
"203.0600557764281","198.06666666660402"
"197.0624980537237","196.379487179492"
"194.61683749639775","194.69230769237998"
"194.47714787614723","192.764102564064"
"193.85264028920648","191.55897435898402"
"192.6806549984015","191.076923076952"
"190.01436377658197","188.90769230761998"
"183.59206957889276","186.49743589745998"
"186.17892499132438","183.123076923048"
"182.58914912633193","181.435897435936"
"185.26773090367115","180.953846153904"
"186.9541165235849","182.15897435898398"
"189.65863355838871","184.32820512812802"
"191.32826722090115","187.220512820508"
"188.91120797973568","187.46153846152401"
"188.6238715915127","188.425641025588"
"190.65968532199133","189.630769230856"
"191.98540926375208","190.353846153904"
"191.7605409668397","190.59487179492"
"191.21109452358624","189.630769230856"
"192.48784725509512","189.148717948636"
"193.75263288922514","189.630769230856"
"192.7499811358674","192.041025641016"
"191.29226985483285","193.487179487112"
"189.70635096739068","194.210256410348"
"193.64801922451497","193.246153846096"
"194.2535586931934","191.31794871796802"
"196.27564226437346","189.630769230856"
"195.2640066055309","188.90769230761998"
"193.82244968032705","187.70256410254"
"189.72424160699197","183.60512820508"
"174.37020193400585","179.748717948636"
"175.27499624117618","172.758974358984"
"171.2930276603189","164.80512820508"
"167.14227697205914","162.153846153904"
"168.46875819779018","170.589743589652"
"167.69866910722502","167.215384615428"
"165.6958809319863","169.38461538457202"
"175.42478046546188","171.553846153904"
"172.35486898467244","179.989743589652"
"181.42756243667824","187.46153846152401"
"185.77023816044166","188.425641025588"
"185.15840773798243","189.148717948636"
"182.51911087732708","189.630769230856"
"186.36602256356554","188.184615384572"
"174.60146997740952","187.46153846152401"
"186.05053112497725","189.148717948636"
"193.2336228898166","193.728205128128"
"191.50245530564018","194.93333333339598"
"190.3293225330995","193.969230769144"
"186.48162154968412","193.00512820507998"
"181.72191997615894","192.041025641016"
"185.60552933460028","190.353846153904"
"185.0204355158106","188.184615384572"
"183.18062036110754","186.738461538476"
"178.55186382461594","173.0"
"169.43436193709675","173.482051282032"
"172.24943026581923","184.087179487112"
"174.2986300933192","185.533333333396"
"182.08875141002662","186.738461538476"
"186.81681271625496","189.148717948636"
"191.6997947715738","193.00512820507998"
"195.6005961482949","199.030769230856"
"198.08208622104144","199.030769230856"
"198.77720756617185","199.271794871872"
"198.5637736702892","198.789743589652"
"198.83170583063784","200.717948717968"
"201.85194268829216","202.164102564064"
"198.9908472845537","198.789743589652"
"199.49834908947537","202.40512820508"
"204.7397232024527","206.261538461524"
"215.20395378492503","215.420512820508"
"221.1474363413401","226.748717948636"
"207.24525851747006","201.2"
"197.1632598289226","196.861538461524"
"192.70621036234968","193.969230769144"
"189.98995797936698","192.764102564064"
"189.64677770199245","190.59487179492"
"185.8163716042504","187.70256410254"
"181.8533156415368","187.70256410254"
"183.5740802479893","185.774358974412"
"185.67242433592918","185.533333333396"
"187.8259240344615","186.015384615428"
"190.25060754024997","186.979487179492"
"196.82445272683367","188.90769230761998"
"198.39583563895494","193.969230769144"
"197.70937314772965","198.30769230762002"
"196.66766533698228","196.620512820508"
"197.07268894145636","194.451282051364"
"195.67053923126207","194.93333333339598"
"196.40796779084172","195.174358974412"
"197.62806512409887","195.174358974412"
"195.9751904866767","195.174358974412"
"198.6950677054532","195.65641025644402"
"200.07663976392456","198.789743589652"
"206.24226383912682","199.753846153904"
"207.93601681420307","199.271794871872"
"195.16645310447151","195.65641025644402"
"193.79445088628597","193.728205128128"
"194.5994927288025","191.31794871796802"
"193.43587742724054","190.112820512888"
"192.76914134053268","187.943589743556"
"187.96621506537664","184.810256410348"
"175.24614347974756","182.641025641016"
"179.56850086653523","175.89230769238"
"179.142100838618","173.964102564064"
"178.7430521542013","177.09743589746"
"183.26375068459797","182.4"
"191.52799557163252","186.738461538476"
"194.6489262712705","189.38974358965203"
"193.45591214490793","192.764102564064"
"192.31872093777906","193.00512820507998"
"192.14065734715848","192.764102564064"
"191.43115910661447","192.523076923048"
"192.63576537483982","192.282051282032"
"193.82751789768162","192.764102564064"
"192.02450625603797","192.764102564064"
"195.09493957629735","193.246153846096"
"196.8568559520656","194.451282051364"
"198.05521104959266","195.415384615428"
"196.88277134639458","196.620512820508"
"194.0200010156001","194.210256410348"
"191.3691130384156","192.764102564064"
"191.9811140926842","191.31794871796802"
"191.1156937074224","190.353846153904"
"190.98711001811154","188.90769230761998"
"185.73285992438286","186.49743589745998"
"178.33246648969228","184.087179487112"
"178.34551066364287","178.543589743556"
"174.3868773431592","177.82051282050801"
"176.19832931297734","179.02564102558802"
"180.2926316826249","182.15897435898398"
"186.3095966840274","186.979487179492"
"190.3693041194408","189.630769230856"
"193.09293363565138","192.764102564064"
"190.32243728836357","192.764102564064"
"191.95601733472796","192.041025641016"
"190.49464306283397","191.8"
"191.11002507223702","192.041025641016"
"193.6468082468077","191.8"
"191.626751488036","191.8"
"194.86720817023075","192.282051282032"
"195.17159342733765","194.210256410348"
"194.4522012970806","195.415384615428"
"194.1387099074401","195.65641025644402"
"192.9332275023777","193.728205128128"
"192.83826332836455","192.764102564064"
"192.2612055112955","191.8"
"191.92568068975083","191.31794871796802"
"191.39045305002094","190.59487179492"
"188.27679458273656","188.425641025588"
"188.80363073228648","187.46153846152401"
"185.38420865833257","186.738461538476"
"183.64688714670456","186.738461538476"
"185.3205063617937","187.70256410254"
"187.31914022491299","188.666666666604"
"189.94180517734236","191.31794871796802"
"193.96875262220362","192.282051282032"
"200.51436657363445","195.65641025644402"
"200.3698144575958","195.89743589746"
"197.41637334621896","195.415384615428"
"198.11999990112363","195.174358974412"
"198.55396909242552","195.415384615428"
"195.7842573883486","195.415384615428"
"194.1593877394505","195.65641025644402"
"193.85672347852753","196.379487179492"
"195.87992879177932","197.584615384572"
"200.55844188231026","197.34358974355598"
"201.36151243646196","196.620512820508"
"197.4954203321294","195.89743589746"
"195.65298508630542","195.174358974412"
"191.0310754461625","193.969230769144"
"191.01001954560616","193.00512820507998"
"189.2557483137099","191.55897435898402"
"185.3496410046603","189.630769230856"
"180.12455772830972","189.38974358965203"
"181.6238931035748","187.70256410254"
"177.569669739411","186.979487179492"
"179.45537452011905","185.774358974412"
"181.13536993585817","184.32820512812802"
"183.3079344097953","185.29230769237998"
"184.06015654932966","186.49743589745998"
"184.23374730517384","187.46153846152401"
"184.4237109970749","187.70256410254"
"188.3017169055256","188.666666666604"
"188.45456429773415","189.38974358965203"
"188.09192326932575","189.38974358965203"
"186.82367930260506","189.148717948636"
"188.30222838945872","188.666666666604"
"189.45772008380334","188.90769230761998"
"189.00405431578014","190.353846153904"
"186.9390533152673","192.523076923048"
"185.67485490715055","193.487179487112"
"189.57092398026413","192.523076923048"
"189.82469296050073","190.353846153904"
"191.44186213475052","188.184615384572"
"190.6576702964894","187.70256410254"
"188.67984428257012","186.25641025644398"
"182.8327325014213","184.810256410348"
"173.72043627908485","183.123076923048"
"173.6060700034202","168.420512820508"
"166.66827218161768","161.430769230856"
"163.010449934221","159.743589743556"
"166.38936450057614","155.646153846096"
"164.2220971210205","151.066666666604"
"164.30331943109798","160.466666666604"
"168.5319919918899","173.72307692304798"
"175.42134986736127","181.19487179492"
"183.69394743083149","186.738461538476"
"187.07016487625467","187.943589743556"
"186.89488086407985","188.666666666604"
"187.22597208474082","188.666666666604"
"187.70548153839837","189.148717948636"
"188.51480387225206","189.871794871872"
"188.8127162593359","191.55897435898402"
"190.6809486341526","193.246153846096"
"192.33164608130707","194.210256410348"
"191.82273288550292","193.969230769144"
"192.80188604194683","193.487179487112"
"192.12443752018663","192.282051282032"
"191.32875824993","191.8"
"188.25607856454275","190.353846153904"
"183.4443546316921","187.943589743556"
"180.94186668147276","189.871794871872"
"171.14433260682588","186.979487179492"
"175.196995827758","178.30256410254"
"169.58582786377244","179.266666666604"
"174.0904127393541","182.15897435898398"
"177.49870496364946","189.871794871872"
"183.58373937493838","193.969230769144"
"193.82686400403585","197.10256410254"
"193.5200024590725","196.620512820508"
"194.01743760950887","196.138461538476"
"194.7779188573124","196.620512820508"
"196.2102268308119","196.620512820508"
"197.8487530339048","196.138461538476"
"195.29532074830283","196.138461538476"
"198.3128723410113","197.10256410254"
"201.08472384428902","204.09230769238002"
"203.4776470584963","199.030769230856"
"203.54848706393673","199.753846153904"
"198.0879246436997","196.861538461524"
"194.38154034712443","195.65641025644402"
"192.2721163936327","194.210256410348"
"190.52924442598874","193.728205128128"
"189.10159435588582","191.8"
"186.0976082328002","190.59487179492"
"188.12527847502238","190.112820512888"
"187.42376138389113","189.148717948636"
"183.48352366879362","189.38974358965203"
"184.399935509977","188.184615384572"
"186.87380902451014","188.425641025588"
"192.7414423451093","191.076923076952"
"196.18847699120244","193.487179487112"
"198.70308942089895","196.620512820508"
"195.95804446552933","196.620512820508"
"194.12596384188208","195.415384615428"
"196.16694137494216","195.415384615428"
"194.37517654392056","196.861538461524"
"195.07716502730852","196.620512820508"
"196.1922852095161","196.861538461524"
"196.79417591861016","196.861538461524"
"199.42291861122482","197.584615384572"
"196.14986879965107","198.30769230762002"
"195.43145390562387","198.30769230762002"
"194.58299137774907","196.861538461524"
"192.04668649337805","195.174358974412"
"192.7574069716701","193.728205128128"
"192.17683119365626","193.487179487112"
"190.96889480490256","192.523076923048"
"186.82722857871755","190.59487179492"
"176.98923586391774","189.148717948636"
"180.6216835137564","188.425641025588"
"179.75191181826273","188.425641025588"
"180.66210142553533","187.943589743556"
"183.7998613949461","188.425641025588"
"190.5530901123947","191.8"
"193.06065510118194","194.93333333339598"
"196.8576200029252","203.61025641034797"
"198.2100596003374","203.851282051364"
"195.96973752837954","198.548717948636"
"196.12723059345683","197.34358974355598"
"199.5814953829893","201.2"
"200.58693273059686","200.235897435936"
"198.34478057002627","200.235897435936"
"201.33893350560044","202.164102564064"
"202.2845096276668","206.74358974355602"
"207.75660341072233","213.733333333396"
"209.95838445334485","217.10769230762"
"204.0891887250702","202.887179487112"
"199.02767798880075","197.10256410254"
"194.21840880740345","195.89743589746"
"193.30021938713134","195.415384615428"
"193.5601449631008","193.969230769144"
"190.41391346563762","191.8"
"188.44742891126953","188.425641025588"
"187.08352002226596","188.425641025588"
"185.43269820478474","186.015384615428"
"185.79547643138076","185.05128205136398"
"186.9640579756894","187.46153846152401"
"190.65791981291477","191.55897435898402"
"196.5951912760844","196.138461538476"
"206.52358986869262","208.43076923085601"
"206.58208467496817","209.153846153904"
"201.9760429623525","202.887179487112"
"199.2256656444162","201.68205128203198"
"201.28631830981533","204.333333333396"
"200.18550005273102","206.261538461524"
"197.29829281778342","206.50256410254002"
"200.56967214430392","204.815384615428"
"202.6402354122683","203.61025641034797"
"201.5390506890638","205.29743589746"
"201.32664096196334","202.40512820508"
"196.48138044135925","196.620512820508"
"193.7184905885457","194.451282051364"
"191.8301264032055","192.764102564064"
"191.4262152706296","192.041025641016"
"190.39616687342226","190.353846153904"
"185.06563926741597","188.184615384572"
"180.19641120556125","180.47179487187202"
"176.42728083535113","174.20512820508"
"172.91376480467886","173.482051282032"
"172.4846338984876","177.09743589746"
"177.0272754516998","179.50769230762"
"182.649932678038","187.46153846152401"
"191.40821543988528","191.076923076952"
"200.24700352149142","194.451282051364"
"197.68790127654574","195.174358974412"
"196.80573027634003","194.93333333339598"
"195.31659648088612","194.69230769237998"
"195.3916094999343","194.451282051364"
"195.54606226202466","193.969230769144"
"197.78997945874812","193.00512820507998"
"197.32471826951746","193.487179487112"
"196.8184282284376","194.451282051364"
"193.22744841259978","194.93333333339598"
"190.0326624737832","194.69230769237998"
"191.1899157074074","193.246153846096"
"190.03023417379097","191.31794871796802"
"191.0323061073972","190.112820512888"
"190.31739114518876","189.38974358965203"
"187.4654453257727","188.666666666604"
"183.0874645063214","187.46153846152401"
"176.45480640601087","186.015384615428"
"175.54568977531235","181.917948717968"
"173.74640832935302","180.230769230856"
"175.62431308196432","179.989743589652"
"177.52014230045114","182.15897435898398"
"182.86377085195588","183.846153846096"
"184.52470281084553","184.810256410348"
"183.65293723258137","186.015384615428"
"184.28049542959502","186.49743589745998"
"187.0264846435657","187.46153846152401"
"188.06811408529114","188.184615384572"
"187.48091977644447","188.425641025588"
"186.48777417380083","188.184615384572"
"187.97175125194372","187.943589743556"
"188.66118965578076","188.425641025588"
"188.904144416809","190.112820512888"
"186.47710649421052","191.31794871796802"
"185.04583725012466","192.282051282032"
"189.00269726986946","191.076923076952"
"187.97532166936463","190.112820512888"
"189.92672756553657","188.90769230761998"
"189.48490826650152","188.425641025588"
"187.87966621138753","187.46153846152401"
"184.1787238083582","186.979487179492"
"178.90547004341587","187.220512820508"
"173.530302683723","186.49743589745998"
"170.94094251634797","184.32820512812802"
"170.47078714938843","183.36410256406398"
"170.96833859066683","186.738461538476"
"170.7763732677009","186.25641025644398"
"175.4202698128212","188.184615384572"
"183.3943459792799","188.666666666604"
"186.6247469828851","188.90769230761998"
"187.73949618092666","189.38974358965203"
"189.76732630950607","190.353846153904"
"189.50310723951154","191.076923076952"
"188.2611443576348","191.076923076952"
"189.34471365711198","191.31794871796802"
"190.42940387029756","191.8"
"190.60018435324463","193.969230769144"
"190.3881506169168","194.93333333339598"
"191.3210021975254","194.93333333339598"
"191.17803083871894","194.210256410348"
"192.94368853297448","192.764102564064"
"192.0755136187704","191.55897435898402"
"191.3680140811307","190.835897435936"
"188.76332716072523","189.148717948636"
"184.7354073841695","187.943589743556"
"186.907883800004","187.46153846152401"
"178.2675827839213","186.738461538476"
"177.27288553494017","186.49743589745998"
"177.87811195465872","181.435897435936"
"181.07621639788374","183.60512820508"
"188.75815535583115","189.38974358965203"
"193.56159122998423","200.235897435936"
"200.94401216327572","216.384615384572"
"203.16227082761037","196.138461538476"
"196.76935516515653","195.65641025644402"
"197.40223324363447","195.415384615428"
"198.3314295603863","195.65641025644402"
"200.71569940158793","195.415384615428"
"198.62340031614917","195.415384615428"
"198.2280741706968","198.06666666660402"
"203.47877311853532","224.09743589746"
"210.73041649481186","216.384615384572"
"209.26630135839","206.50256410254002"
"201.34061749348982","195.65641025644402"
"194.51219789383345","194.210256410348"
"192.70913945811935","192.282051282032"
"190.26812474527026","191.076923076952"
"189.43180647296552","189.38974358965203"
"185.44206344671267","187.46153846152401"
"185.5944009704999","187.220512820508"
"185.79765617256464","186.015384615428"
"184.42273373147412","183.846153846096"
"182.07444017185443","177.338461538476"
"180.7484270068054","177.82051282050801"
"188.2562103523754","192.764102564064"
"199.27764253235102","198.06666666660402"
"206.7902550874272","208.43076923085601"
"195.44810193774094","194.210256410348"
"193.40296998578162","192.523076923048"
"191.4946535584213","192.764102564064"
"191.61100302452797","192.041025641016"
"193.11622263975894","198.06666666660402"
"195.70233601352936","195.65641025644402"
"196.68353967215143","199.271794871872"
"207.75602523206663","209.635897435936"
"205.59709791588173","209.87692307695198"
"201.34188103371812","194.451282051364"
"192.30020829081383","193.00512820507998"
"190.4720690377256","191.8"
"191.66931192250348","190.353846153904"
"190.81087376147147","189.871794871872"
"190.19189615892498","187.943589743556"
"185.13991095827566","185.05128205136398"
"173.01514717183602","182.15897435898398"
"175.70002647522517","173.241025641016"
"172.1235200084983","174.446153846096"
"170.31423822411975","168.17948717949199"
"171.89525157688732","176.133333333396"
"187.33669348193217","186.25641025644398"
"193.52324953806607","189.148717948636"
"197.99478244927525","192.041025641016"
"191.50381471557455","192.523076923048"
"190.9451625724458","191.55897435898402"
"189.8656007789836","191.8"
"191.032328897316","191.8"
"194.05275678236185","191.55897435898402"
"192.07668614621053","192.764102564064"
"196.30085910392873","194.451282051364"
"201.13669329674096","195.174358974412"
"201.69265747178343","195.415384615428"
"197.0475284750797","195.415384615428"
"191.89852204432106","193.969230769144"
"189.256052735634","191.55897435898402"
"190.7174678092939","189.630769230856"
"189.88209439918148","188.90769230761998"
"189.474225782313","187.46153846152401"
"183.6915851625169","185.05128205136398"
"176.99046966258047","184.32820512812802"
"177.58288841177904","175.651282051364"
"173.68266878151925","174.687179487112"
"171.35388664475576","169.38461538457202"
"175.153428141212","173.72307692304798"
"183.21181912670673","186.738461538476"
"190.36289705919665","189.871794871872"
"195.76605874085197","192.523076923048"
"195.3039648188044","194.210256410348"
"193.98245000295253","193.00512820507998"
"193.50022534592338","193.00512820507998"
"194.64289723996748","193.246153846096"
"196.07757968936","193.487179487112"
"195.8750637922678","193.728205128128"
"198.15481791348446","194.210256410348"
"198.1134651139698","196.138461538476"
"200.66939572660755","200.235897435936"
"203.23844181948522","197.10256410254"
"195.96224093750456","195.89743589746"
"194.0580375894212","193.246153846096"
"191.42969276287621","191.31794871796802"
"191.26989162043247","191.55897435898402"
"190.12205890657393","189.630769230856"
"187.24454651219625","188.184615384572"
"187.45592760687853","186.25641025644398"
"182.07693397027128","185.774358974412"
"181.31187081600012","185.774358974412"
"180.29966521850852","186.979487179492"
"183.27032259477912","187.70256410254"
"190.03409136338246","189.148717948636"
"195.7131261642058","193.00512820507998"
"203.1432765145055","196.861538461524"
"204.05477521013765","198.06666666660402"
"202.15469258110267","195.89743589746"
"202.46392136581346","195.415384615428"
"201.8356791898801","195.174358974412"
"197.5328677475042","196.620512820508"
"197.34426212974256","195.89743589746"
"195.13465082494258","196.138461538476"
"195.825659364697","196.379487179492"
"201.8915273342482","196.861538461524"
"201.7628331840193","196.379487179492"
"197.88992360728264","194.93333333339598"
"191.71142833107558","193.487179487112"
"189.43885742215562","191.076923076952"
"189.8007239407209","190.353846153904"
"187.36273128091239","189.148717948636"
"185.19456250119345","187.70256410254"
"181.3170499007967","180.71282051288802"
"177.7155274629002","172.27692307695202"
"173.0920644272675","167.215384615428"
"173.29597181685818","166.251282051364"
"175.09766347001482","166.97435897441198"
"176.1180795249097","170.589743589652"
"179.77179537443175","180.953846153904"
"185.43303564497057","183.123076923048"
"187.57844488064217","186.49743589745998"
"187.99848138362535","188.90769230761998"
"189.54208559180591","189.38974358965203"
"188.82891717024236","189.38974358965203"
"187.69952575334847","188.666666666604"
"188.62569892053142","188.425641025588"
"188.65654474514434","189.148717948636"
"189.12037550026997","190.112820512888"
"191.593423890829","191.31794871796802"
"193.03423358868605","191.8"
"191.87369521917702","190.835897435936"
"188.51468364266967","189.148717948636"
"188.13323400201187","187.943589743556"
"188.25603646350177","186.49743589745998"
"186.38009848866983","185.533333333396"
"183.51227250446","182.4"
"179.94783161139537","180.47179487187202"
"178.0514518540616","170.10769230762"
"172.74599063549894","163.84102564101602"
"169.88266280606032","158.53846153847599"
"170.9708034884596","158.779487179492"
"170.86494178926347","161.912820512888"
"175.28459956014458","164.323076923048"
"178.38142268276644","166.97435897441198"
"180.15404770290792","175.89230769238"
"183.84477766982604","186.015384615428"
"188.76588756935593","186.738461538476"
"188.6004840887158","187.46153846152401"
"186.87138917661494","186.738461538476"
"188.40840518961159","186.25641025644398"
"188.64932806938612","186.738461538476"
"189.32336301306856","188.425641025588"
"191.74584413331365","190.353846153904"
"194.01463822371733","191.31794871796802"
"191.81962109850758","190.353846153904"
"190.8037226774639","189.148717948636"
"189.7343437292987","187.70256410254"
"188.7008596656579","186.49743589745998"
"185.76183349339976","185.533333333396"
"181.33450020241946","182.641025641016"
"181.6992530149984","185.05128205136398"
"171.8138472062536","184.810256410348"
"171.48921991263876","185.05128205136398"
"168.60807384059015","185.29230769237998"
"169.6264860326438","186.015384615428"
"177.70825103174818","187.943589743556"
"184.88854750361784","190.835897435936"
"194.9768393202553","193.728205128128"
"190.8469112390827","194.69230769237998"
"193.698644629933","193.969230769144"
"192.72270215475424","194.210256410348"
"192.52874251997537","194.210256410348"
"193.62653839288842","193.969230769144"
"192.14262065816013","193.969230769144"
"195.45199941082416","194.210256410348"
"204.67526953247418","195.415384615428"
"204.78903470702613","196.379487179492"
"203.93987879110225","196.379487179492"
"198.66893684905045","194.69230769237998"
"193.53981923093824","192.523076923048"
"190.31691045626636","190.59487179492"
"187.89157727221578","188.90769230761998"
"187.05535145115724","188.184615384572"
"182.7871916427029","185.774358974412"
"184.63001889208172","185.05128205136398"
"183.62637552485754","184.32820512812802"
"182.22904385142144","184.32820512812802"
"181.27805314582793","184.810256410348"
"182.4079333176594","185.533333333396"
"191.66466744759188","187.46153846152401"
"194.51532669776685","191.55897435898402"
"199.5932682422204","195.415384615428"
"195.88453596498084","196.861538461524"
"194.8232870628429","195.174358974412"
"195.49179706714216","194.69230769237998"
"196.32584967272473","194.69230769237998"
"196.5988414648481","194.69230769237998"
"196.8042819702838","194.69230769237998"
"198.28178992504888","195.65641025644402"
"203.1022556875232","199.512820512888"
"208.27694910046466","199.271794871872"
"207.41996154184153","198.06666666660402"
"201.07421945809313","195.65641025644402"
"194.9998854721312","193.969230769144"
"192.98610032910835","191.55897435898402"
"192.75396497232512","190.353846153904"
"190.57973048918498","188.90769230761998"
"187.4077773429628","186.015384615428"
"183.9316188241929","185.774358974412"
"182.75076431686244","185.05128205136398"
"182.91739638724505","185.05128205136398"
"180.64730781717137","185.29230769237998"
"181.82393427151447","185.774358974412"
"187.76302170263472","187.70256410254"
"192.14816215703306","191.076923076952"
"197.54553848956158","195.65641025644402"
"199.97926859707218","197.584615384572"
"197.760099077382","195.415384615428"
"197.2111041450292","194.93333333339598"
"199.89177455860397","195.415384615428"
"198.75405771246147","195.415384615428"
"195.42431686953825","194.93333333339598"
"199.72828483476428","195.65641025644402"
"203.32468632614012","198.06666666660402"
"208.34961142176877","199.271794871872"
"211.0517691921632","198.06666666660402"
"203.8353655506428","195.415384615428"
"199.05541009556464","193.969230769144"
"196.12453782414855","191.8"
"194.77899648725534","190.112820512888"
"193.49428086301867","188.184615384572"
"189.51379479106456","186.49743589745998"
"189.35231034841888","186.25641025644398"
"188.063275635146","185.29230769237998"
"185.5288295568399","185.29230769237998"
"182.47770573678616","185.29230769237998"
"182.59124407819317","185.774358974412"
"185.9545200442409","187.943589743556"
"189.945837962476","192.041025641016"
"195.47467483340898","194.69230769237998"
"196.8228936718795","195.415384615428"
"194.36883780915565","193.969230769144"
"195.2462862223294","193.487179487112"
"197.40416430112538","193.246153846096"
"197.86250298135522","193.487179487112"
"194.35426224078708","193.728205128128"
"197.118994967195","193.487179487112"
"200.29522327858956","193.728205128128"
"203.34136607954707","194.210256410348"
"204.59475427690222","193.728205128128"
"198.3446922223224","192.523076923048"
"195.52999243161932","191.076923076952"
"191.28833594347645","188.666666666604"
"190.56150905576231","186.979487179492"
"188.0051914484195","185.533333333396"
"184.45340800282645","183.36410256406398"
"187.35529102188866","183.36410256406398"
"182.87521787787293","182.4"
"182.44157170894573","181.435897435936"
"182.22095904297507","181.917948717968"
"182.96786986714304","182.15897435898398"
"182.52809035209677","183.123076923048"
"187.00650939124148","184.569230769144"
"191.31383620701672","186.25641025644398"
"192.07501618523287","186.979487179492"
"190.87137841493364","186.25641025644398"
"191.13963110376767","185.774358974412"
"190.4349125525605","185.533333333396"
"187.5513991822765","185.29230769237998"
"190.06381500557433","184.810256410348"
"188.33208872328922","184.810256410348"
"189.08894380778304","185.05128205136398"
"192.5149962182429","185.774358974412"
"194.85918176900657","186.015384615428"
"192.72663185753208","185.29230769237998"
"188.22101456440856","183.60512820508"
"186.6053689831861","182.4"
"186.8224806713862","182.4"
"184.22388604803248","181.19487179492"
"181.61546765250787","178.543589743556"
"178.41333896253968","169.38461538457202"
"171.8430504457814","159.984615384572"
"167.24522292295882","156.369230769144"
"166.26248099402255","148.89743589746"
"165.1704479351602","148.89743589746"
"164.99826013870268","147.69230769238"
"168.5960862262666","151.066666666604"
"169.9966023234851","166.010256410348"
"176.79703986142104","175.410256410348"
"179.9922432361833","181.435897435936"
"182.98875117619772","182.882051282032"
"182.89070581772404","183.123076923048"
"180.72927527425463","182.882051282032"
"182.37604838132282","182.4"
"182.63353447472846","182.4"
"184.0389369047293","182.4"
"187.01122349241007","184.810256410348"
"189.85280079876276","184.810256410348"
"187.18741780801673","183.123076923048"
"183.82556873002562","181.435897435936"
"182.34159458099424","180.71282051288802"
"181.92551125492272","179.748717948636"
"179.50414306877738","179.266666666604"
"174.50874252607323","175.410256410348"
"167.25880988408085","160.94871794863602"
"156.4912370629584","149.379487179492"
"152.97198675420873","139.738461538476"
"149.99286162675753","134.19487179492"
"151.16573611337375","133.71282051288802"
"152.6417274782142","135.641025641016"
"156.09398914525067","135.882051282032"
"160.94316176675372","148.415384615428"
"167.44967869619123","150.34358974355598"
"171.02544956660856","156.128205128128"
"174.6948430568381","166.733333333396"
"177.31952883632638","172.758974358984"
"176.60735634267925","170.348717948636"
"176.912241039159","165.769230769144"
"174.26355196694684","160.94871794863602"
"174.23804862828618","163.117948717968"
"174.060250881496","167.456410256444"
"173.62344290441303","178.061538461524"
"177.86802538294575","177.09743589746"
"178.22143977080972","172.27692307695202"
"170.87931900851132","166.010256410348"
"167.06177879410208","164.323076923048"
"163.8034919548076","156.128205128128"
"157.86929545684512","137.087179487112"
"152.73769409326266","131.30256410254"
"147.74991049915735","126.964102564064"
"148.86287949245764","126.48205128203199"
"148.43388610472883","127.92820512812798"
"150.96696580082482","132.50769230762"
"155.58696732330878","138.29230769237998"
"160.18672244799174","132.748717948636"
"166.64982643030058","147.210256410348"
"168.43161369514527","148.174358974412"
"169.50518170207565","160.70769230762002"
"172.96281044416","165.046153846096"
"175.98448936494424","167.69743589746"
"177.43652842154475","166.49230769238"
"173.41360043436643","166.97435897441198"
"170.33162170043406","168.90256410254"
"179.95250622492514","175.169230769144"
"182.6675355180897","178.784615384572"
"185.38676593243684","178.061538461524"
"178.99110566675725","175.169230769144"
"174.01345008277264","168.661538461524"
"165.97080754431477","164.323076923048"
"161.25982326615892","162.39487179492"
"157.97480700532628","157.09230769238002"
"150.35945153676158","148.65641025644402"
"154.05500628976196","156.369230769144"
"149.92939457178235","148.65641025644402"
"150.53741795851522","145.76410256406402"
"148.55708308360582","146.728205128128"
"152.27740499430865","153.717948717968"
"160.49056817824695","162.39487179492"
"164.71940224420382","172.517948717968"
"173.23986214098446","176.85641025644398"
"175.54720789682113","179.02564102558802"
"179.5439946296695","181.19487179492"
"182.1489571556477","181.917948717968"
"182.96171150493234","182.15897435898398"
"182.15087865877925","182.4"
"182.9610535822499","182.882051282032"
"184.3187294783316","183.60512820508"
"187.66458004354416","185.774358974412"
"191.19658492619234","186.979487179492"
"193.2622756810603","186.738461538476"
"190.4614259747852","186.015384615428"
"185.3671852020997","184.810256410348"
"184.01132736680842","183.36410256406398"
"183.54602681615708","182.882051282032"
"180.97353545604312","181.19487179492"
"176.6719563271734","176.374358974412"
"176.3710014843462","179.266666666604"
"176.20829616603174","177.09743589746"
"172.5241639225425","175.410256410348"
"171.163833167837","175.169230769144"
"171.38035087719433","177.579487179492"
"176.9623372519491","179.50769230762"
"180.8835941932173","181.676923076952"
"183.9951025982241","183.123076923048"
"184.428427682323","184.569230769144"
"185.1739344851638","184.810256410348"
"184.73833702569354","184.810256410348"
"185.33087005453433","184.569230769144"
"185.98409495453376","183.36410256406398"
"183.82922233395388","182.641025641016"
"186.5564140178405","183.123076923048"
"188.60648830129443","184.087179487112"
"186.2552123783706","184.569230769144"
"184.18974697233477","184.32820512812802"
"183.65718473679587","183.36410256406398"
"183.1097576385781","181.676923076952"
"182.9409096486466","179.02564102558802"
"178.75083428019167","176.374358974412"
"174.4226362690344","170.589743589652"
"165.92010583505385","164.80512820508"
"160.8782517858384","164.564102564064"
"157.20027118682373","153.958974358984"
"156.91179427306588","149.379487179492"
"155.8249211263021","147.69230769238"
"158.07963812635788","148.174358974412"
"160.60610736056537","158.29743589746"
"167.89555855117794","166.251282051364"
"177.46442201403295","175.89230769238"
"179.1845672508374","179.02564102558802"
"182.39306107952385","180.230769230856"
"181.80437562198588","180.71282051288802"
"181.42929783403162","180.71282051288802"
"182.37608998238036","180.230769230856"
"182.79884833612545","179.748717948636"
"184.4960498583456","179.989743589652"
"185.3891696573168","181.676923076952"
"184.16149620413168","182.641025641016"
"185.06831751552124","183.123076923048"
"185.85660508749928","182.641025641016"
"186.25378450645326","181.435897435936"
"183.9817244660695","180.47179487187202"
"182.70384255339232","179.50769230762"
"180.32006165172277","176.85641025644398"
"176.23145930131463","170.348717948636"
"176.69765898649447","163.117948717968"
"169.20751803322042","161.67179487187198"
"166.9143691314285","161.189743589652"
"165.74584925458316","161.430769230856"
"165.4052523662616","161.67179487187198"
"167.3626458760294","171.312820512888"
"174.22949042622838","180.953846153904"
"179.98169236807738","183.123076923048"
"182.10767075260185","184.32820512812802"
"181.89630253673764","184.810256410348"
"184.19343020470492","185.774358974412"
"184.32434341226303","185.533333333396"
"182.29557103281994","185.29230769237998"
"184.29531494610023","184.810256410348"
"184.34832286980458","185.05128205136398"
"188.5958974977225","187.220512820508"
"192.58890390516638","188.666666666604"
"196.08237833347872","189.630769230856"
"193.18956808343597","188.666666666604"
"190.16405846342758","187.220512820508"
"186.74187269869248","185.29230769237998"
"186.91831151433195","184.569230769144"
"184.88564036247976","184.087179487112"
"182.571371472694","182.4"
"176.67192792263938","185.29230769237998"
"175.10371884444086","180.953846153904"
"174.26648421035918","176.374358974412"
"170.78769529594533","174.446153846096"
"169.96619811676482","175.169230769144"
"171.7830610571746","177.09743589746"
"176.19172459917672","177.09743589746"
"182.14279790814547","181.19487179492"
"186.02383522691352","185.05128205136398"
"186.28051669344654","186.015384615428"
"188.58705360085804","187.220512820508"
"188.5995346823342","187.46153846152401"
"186.6821404777275","187.70256410254"
"185.78290230366937","187.70256410254"
"184.2629617908918","188.184615384572"
"185.59251934581826","193.00512820507998"
"189.97743684435432","206.020512820508"
"194.4777018481178","206.261538461524"
"191.39095310627707","194.210256410348"
"184.77673914296508","187.70256410254"
"182.81222501064715","185.533333333396"
"182.21609738520465","184.810256410348"
"180.29420618917212","183.846153846096"
"176.71203980555447","170.830769230856"
"168.42252823008909","168.17948717949199"
"165.30562987582914","177.82051282050801"
"164.20125258411656","176.85641025644398"
"163.844312401734","175.410256410348"
"163.11580159468258","175.410256410348"
"166.4466653632895","172.27692307695202"
"168.69607219586837","172.27692307695202"
"171.56572305144996","169.38461538457202"
"171.87247372407205","169.38461538457202"
"174.60704783458704","173.72307692304798"
"177.48833295749347","177.82051282050801"
"178.45088462179797","178.30256410254"
"180.137425837898","177.82051282050801"
"177.6073572692899","178.061538461524"
"179.08350586673","179.50769230762"
"182.24427022330858","181.435897435936"
"188.3626971664071","184.810256410348"
"190.59650155965687","186.25641025644398"
"187.33786010510556","185.05128205136398"
"181.95039985634367","181.19487179492"
"178.39302540483234","178.30256410254"
"174.58463277780265","176.133333333396"
"169.10237955935364","169.866666666604"
"175.26405875268958","178.543589743556"
"169.66581177113295","177.09743589746"
"171.82373609193576","175.410256410348"
"167.65483933992485","175.651282051364"
"169.9357653401025","177.579487179492"
"173.18646346088457","176.85641025644398"
"176.09056060291525","175.89230769238"
"182.43969317885873","194.451282051364"
"186.18994444445275","194.69230769237998"
"187.68264764445698","193.728205128128"
"189.0472650859669","195.415384615428"
"191.58962713419658","198.30769230762002"
"192.41294161240725","188.666666666604"
"186.2626921717801","189.38974358965203"
"188.95409207790124","190.59487179492"
"193.6940078747787","193.00512820507998"
"196.94529103499266","193.246153846096"
"196.06553279767056","193.728205128128"
"193.9024242366638","189.871794871872"
"187.97826116535185","188.425641025588"
"182.34202189471296","186.738461538476"
"179.3419477536761","185.533333333396"
"178.0693846675402","183.123076923048"
"172.77373617730035","178.543589743556"
"173.52180752304767","177.82051282050801"
"172.10242358897443","171.553846153904"
"168.13803357410185","164.80512820508"
"165.9056632442444","161.189743589652"
"165.9784733417394","159.984615384572"
"168.40226850503757","169.38461538457202"
"174.4138527998256","185.29230769237998"
"186.0251660669869","192.041025641016"
"187.50171214468963","186.015384615428"
"185.7290968535606","185.774358974412"
"186.71775583047796","185.774358974412"
"186.02116112514886","185.533333333396"
"181.74151353532656","185.533333333396"
"185.55797405768288","185.774358974412"
"184.22880992301214","185.774358974412"
"186.93417551320883","186.25641025644398"
"187.3721247418653","186.49743589745998"
"187.09866365363746","186.25641025644398"
"186.07972852090455","186.015384615428"
"180.20704535118045","185.05128205136398"
"180.34040598168176","186.25641025644398"
"175.80089508622916","177.579487179492"
"169.80747867337212","177.579487179492"
"164.3009184617785","154.441025641016"
"151.4951177084891","134.917948717968"
"147.31245663130966","126.0"
"146.83740846238297","126.0"
"151.07306311722166","143.59487179492"
"157.08804811083587","145.523076923048"
"163.00236241949128","162.876923076952"
"174.08127649458046","196.861538461524"
"184.90347593243877","184.810256410348"
"182.56489739045847","184.569230769144"
"182.74802800469902","185.29230769237998"
"183.02733372377517","185.29230769237998"
"181.8059697997112","185.05128205136398"
"183.13570891432545","185.05128205136398"
"182.65487370037263","185.533333333396"
"183.8921849616982","185.774358974412"
"185.2341799783728","186.49743589745998"
"184.41422163932558","186.49743589745998"
"184.26735727435238","186.25641025644398"
"181.83451653237375","185.29230769237998"
"183.65185838346318","184.087179487112"
"182.76677252928687","182.15897435898398"
"179.65635070019067","180.47179487187202"
"176.22243107208362","174.446153846096"
"167.3027467462597","138.29230769237998"
"156.89812063266413","156.128205128128"
"162.74370694570453","189.630769230856"
"172.46238231945986","188.666666666604"
"174.1961267663316","188.90769230761998"
"177.358196375217","189.630769230856"
"182.81280101506192","189.630769230856"
"187.67770107220807","188.666666666604"
"182.08761242636425","188.184615384572"
"182.99745353458874","188.90769230761998"
"184.15093177989053","190.59487179492"
"184.91624110053652","193.00512820507998"
"186.18526582972368","194.451282051364"
"187.0363915257189","188.425641025588"
"184.52711041777533","186.49743589745998"
"184.76775452890925","185.05128205136398"
"185.07976177783905","181.676923076952"
"184.62188161898462","178.784615384572"
"182.6084207964653","159.743589743556"
"176.7719170409337","177.338461538476"
"180.3322157534913","163.358974358984"
"174.11762714713197","154.441025641016"
"171.3852721599126","155.164102564064"
"170.47159781255317","162.876923076952"
"165.93107969405153","164.323076923048"
"172.36051815355023","167.69743589746"
"182.6432979617359","191.076923076952"
"192.2844848838848","195.65641025644402"
"191.16448022640657","195.174358974412"
"194.44309627348906","195.89743589746"
"195.12960038404407","205.779487179492"
"197.76898299485106","198.30769230762002"
"193.442077738026","192.041025641016"
"192.17515251581145","188.425641025588"
"192.13262199024635","189.38974358965203"
"197.19139827187587","204.815384615428"
"205.53009345573582","219.758974358984"
"203.90476710966087","213.49230769238"
"195.02037137809043","205.779487179492"
"190.7662044564184","187.220512820508"
"185.43296336459096","185.774358974412"
"183.53323436057372","183.846153846096"
"177.55401819904316","181.917948717968"
"181.74116157961654","184.810256410348"
"177.2980278946949","180.71282051288802"
"173.26509706548862","176.374358974412"
"171.54143131796846","161.67179487187198"
"169.7860299347723","157.815384615428"
"169.00763669831716","152.753846153904"
"168.86263874233023","175.169230769144"
"181.80902408576975","173.72307692304798"
"184.68846446083575","188.425641025588"
"186.9279477004892","185.533333333396"
"187.61933033668294","186.015384615428"
"189.91065024321998","185.774358974412"
"185.62434921693898","185.29230769237998"
"186.7865124184389","184.32820512812802"
"182.7733238180366","185.05128205136398"
"185.33210529480937","185.29230769237998"
"192.55998245692143","186.979487179492"
"198.6776290335651","191.8"
"198.47875038437724","189.630769230856"
"189.9233867035067","187.220512820508"
"186.39472033711067","186.738461538476"
"187.0744670268391","182.4"
"186.19130431185346","182.15897435898398"
"189.15899508079383","178.061538461524"
"186.9785594372916","174.446153846096"
"179.43695711631602","126.0"
"162.42985257750672","134.676923076952"
"162.54455858469453","143.59487179492"
"164.12064100758738","172.517948717968"
"171.9092558058604","176.374358974412"
"177.1592495216501","177.09743589746"
"176.67015228675416","178.784615384572"
"181.94114014089112","173.482051282032"
"183.09602344946654","186.25641025644398"
"188.62707189474966","193.969230769144"
"188.42132493638786","188.666666666604"
"187.84015763906768","188.425641025588"
"183.68792210029795","185.29230769237998"
"185.24189098090233","185.29230769237998"
"189.17128206923212","192.764102564064"
"196.77502595104045","208.18974358965198"
"199.2730259437136","223.133333333396"
"203.14574608281828","224.338461538476"
"198.42355813069537","209.153846153904"
"194.48330127978056","197.34358974355598"
"189.3146696573034","193.246153846096"
"187.38974105958982","186.738461538476"
"195.09965523014864","188.425641025588"
"191.2084557871607","185.533333333396"
"179.71497342153663","184.32820512812802"
"177.00637282752626","183.846153846096"
"178.23878134958179","184.087179487112"
"189.8112047655825","190.59487179492"
"195.38226933482946","202.887179487112"
"212.40033708506598","231.56923076914399"
"221.10273156692335","241.210256410348"
"216.97386675015375","230.846153846096"
"218.44545604315013","226.748717948636"
"220.78661816572554","226.02564102558802"
"216.44072646946378","225.543589743556"
"212.07929467250764","223.856410256444"
"214.3561221453966","219.517948717968"
"212.22877251217471","216.62564102558798"
"218.70856115653177","218.55384615390398"
"224.0654664816236","227.953846153904"
"227.42987675017915","235.425641025588"
"221.47399511604374","219.758974358984"
"207.47199933222385","198.06666666660402"
"197.58921655284678","190.59487179492"
"193.2828240086532","186.015384615428"
"191.70499692875762","184.087179487112"
"195.2606253284781","182.641025641016"
"186.48936206907678","181.435897435936"
"185.41554288891973","180.71282051288802"
"186.32896235817938","176.133333333396"
"185.6391324453835","180.47179487187202"
"191.0785202157105","186.25641025644398"
"199.85528354412583","197.10256410254"
"219.17181184695895","211.80512820508"
"223.14412470589198","220.72307692304798"
"218.55651191378058","217.589743589652"
"214.68654165767254","217.10769230762"
"213.70597148782787","220.72307692304798"
"214.35211791639176","219.27692307695202"
"215.57809519023274","220.72307692304798"
"214.0209491894509","219.035897435936"
"211.42866952377926","218.79487179492"
"214.712213690436","224.338461538476"
"222.52708410780988","235.425641025588"
"221.4791792263636","235.184615384572"
"210.19161548323933","199.030769230856"
"193.21709321780074","190.112820512888"
"189.8009649265357","188.184615384572"
"188.57795824779805","185.05128205136398"
"186.3912457299869","183.123076923048"
"181.6022309756321","180.953846153904"
"181.0966954055949","180.71282051288802"
"180.21543795462705","180.230769230856"
"178.88706623732477","178.543589743556"
"177.3503576157494","179.748717948636"
"182.11135697391265","184.32820512812802"
"184.1020408063777","186.979487179492"
"188.48481610809108","193.00512820507998"
"192.1516632689115","200.476923076952"
"193.69483998355508","196.861538461524"
"193.04242943462233","193.969230769144"
"195.23855141046295","196.138461538476"
"195.9674876198765","197.34358974355598"
"202.43395756073235","198.06666666660402"
"200.94031809085266","198.06666666660402"
"204.08381507237797","201.923076923048"
"209.58167035276819","207.70769230762"
"215.87398144209345","210.358974358984"
"209.88276135774174","199.753846153904"
"191.60027928498593","193.487179487112"
"188.62780068139034","189.148717948636"
"187.5098562026083","186.979487179492"
"185.8676772303113","184.569230769144"
"182.90492924492347","182.15897435898398"
"182.1674141346299","181.917948717968"
"179.46029029360002","180.71282051288802"
"178.29241593175286","178.784615384572"
"176.63084504514325","177.579487179492"
"176.18773367390105","178.061538461524"
"178.52918692550074","183.123076923048"
"169.54813455414126","186.015384615428"
"177.2366237570836","187.70256410254"
"188.59992326976166","189.148717948636"
"188.9788122873485","187.70256410254"
"188.14086463848787","187.70256410254"
"187.79679615678725","187.46153846152401"
"187.00945215772288","187.46153846152401"
"190.3590512320991","187.70256410254"
"189.28884096944617","187.70256410254"
"191.44374638530203","187.46153846152401"
"194.13506023576997","187.943589743556"
"196.88193862805272","189.871794871872"
"192.9029286529422","189.148717948636"
"186.9159997105886","187.70256410254"
"186.74498060921206","186.979487179492"
"186.37911254248777","186.25641025644398"
"183.77915635265975","185.05128205136398"
"180.4203424408651","181.917948717968"
"175.80714554235885","169.625641025588"
"172.4242171453934","159.020512820508"
"167.22489358645575","155.164102564064"
"164.8944628118285","155.164102564064"
"165.31149008775947","158.779487179492"
"168.68600724619438","172.035897435936"
"177.3553927128296","186.015384615428"
"183.47163326169084","193.00512820507998"
"193.52546386105922","193.969230769144"
"194.49642013894228","189.871794871872"
"194.1460089433008","187.46153846152401"
"192.68189389877156","186.738461538476"
"191.31395508126977","186.49743589745998"
"192.91860863694106","186.25641025644398"
"186.252664381964","186.015384615428"
"186.84955648038795","186.015384615428"
"189.02943525158628","186.49743589745998"
"195.32989407924967","189.38974358965203"
"199.3181838534485","188.425641025588"
"191.87040820353533","186.25641025644398"
"191.17693598513526","185.05128205136398"
"187.3450860318606","184.810256410348"
"185.1408246852667","183.123076923048"
"182.7516112599312","179.50769230762"
"176.23445585661986","179.748717948636"
"173.51028615108387","177.09743589746"
"170.28670431676585","175.89230769238"
"169.4888022311","177.82051282050801"
"168.2687283213927","178.543589743556"
"170.3615029802602","180.953846153904"
"175.94751095981462","181.676923076952"
"186.214783250069","183.36410256406398"
"187.29597116663575","184.569230769144"
"188.32486467720372","185.533333333396"
"189.99791253703853","187.943589743556"
"191.3959315925456","189.148717948636"
"190.22593197012557","189.148717948636"
"188.97323107970007","186.49743589745998"
"186.86543418521856","186.49743589745998"
"189.0012377967205","188.90769230761998"
"193.22451326405604","194.93333333339598"
"197.8265360457238","199.99487179492002"
"196.6771314802529","196.138461538476"
"191.07396811057524","190.59487179492"
"188.15031113256455","188.184615384572"
"188.27812157202433","187.220512820508"
"184.87485761075095","186.979487179492"
"182.51046688860592","186.25641025644398"
"183.1940859170483","186.979487179492"
"181.50785073291524","186.25641025644398"
"177.32194979882195","186.015384615428"
"174.8135574954895","185.774358974412"
"175.40257947739153","184.32820512812802"
"178.5302863377661","185.774358974412"
"181.94390241626556","185.05128205136398"
"190.18774096531322","186.49743589745998"
"190.72760967719825","186.979487179492"
"188.57599364908566","188.425641025588"
"194.06220268602175","190.59487179492"
"197.73545148716687","191.31794871796802"
"193.4190261394245","191.31794871796802"
"191.70014108015442","190.353846153904"
"190.27482620750857","191.55897435898402"
"193.17790709008574","194.451282051364"
"199.78075871796636","196.620512820508"
"207.86199747031674","209.39487179492"
"210.98351323174933","208.43076923085601"
"207.258559918346","198.06666666660402"
"197.00498606285612","196.138461538476"
"193.71168069939196","196.379487179492"
"190.60826722050277","189.871794871872"
"184.4171203405501","187.46153846152401"
"193.7978853209585","186.738461538476"
"190.06507215450233","186.015384615428"
"190.90174254380423","185.533333333396"
"189.61848755720249","186.015384615428"
"189.71692013852504","185.774358974412"
"194.59581750792216","190.353846153904"
"203.9458105591736","201.44102564101598"
"221.12116120463804","229.641025641016"
"226.84450710107254","234.70256410254"
"224.4047200977384","211.564102564064"
"215.5978304614044","207.225641025588"
"216.4789671735347","212.52820512812798"
"216.50855007718644","220.96410256406398"
"215.9654505831356","218.79487179492"
"213.0423406252763","213.733333333396"
"215.99557648765614","215.179487179492"
"221.11362723106694","219.758974358984"
"232.6130055265847","233.49743589745998"
"226.55312632473903","210.84102564101602"
"207.81787187924544","202.646153846096"
"197.61706029536498","197.34358974355598"
"194.42263752049337","193.246153846096"
"189.9364654453975","188.666666666604"
"187.2393628044282","187.220512820508"
"186.46319748631922","187.220512820508"
"185.86972097492435","186.25641025644398"
"185.70941383290483","185.774358974412"
"184.44090891620309","186.25641025644398"
"185.53330472949312","187.46153846152401"
"190.88778388265465","197.584615384572"
"205.14754488367848","209.153846153904"
"229.41031135541797","228.435897435936"
"239.3779869331873","231.81025641034802"
"229.80173375234477","220.72307692304798"
"223.94741646988052","213.97435897441198"
"223.13738397296663","215.179487179492"
"225.4966174871826","219.27692307695202"
"221.62488165320127","217.589743589652"
"218.08064141083196","215.179487179492"
"221.71772829481586","215.661538461524"
"229.4777875745177","221.68717948711202"
"243.64218522547833","235.90769230761998"
"227.80775069412073","230.364102564064"
"210.08497740032203","208.18974358965198"
"197.4539909917026","205.29743589746"
"196.45533181355185","194.210256410348"
"191.83011626200994","190.59487179492"
"189.560752684948","187.220512820508"
"184.46273940239044","186.738461538476"
"186.90592718403155","186.015384615428"
"184.61580676099155","185.29230769237998"
"183.68251673184412","185.533333333396"
"184.75160596423783","186.738461538476"
"191.9961992072777","197.10256410254"
"202.43204799751334","204.333333333396"
"220.3853455891837","218.31282051288798"
"227.52927315197348","219.27692307695202"
"218.05535014470428","204.574358974412"
"205.39807129209964","203.369230769144"
"206.701432562088","203.369230769144"
"205.72974577510735","203.128205128128"
"200.54863883648125","199.271794871872"
"200.56363301434834","199.99487179492002"
"202.36709810343174","199.271794871872"
"208.24659831492627","202.164102564064"
"217.45934435687172","204.09230769238002"
"206.71562291317088","197.584615384572"
"194.59459703173584","192.523076923048"
"193.28851748010572","189.148717948636"
"189.02695975143985","188.425641025588"
"187.7712884153953","186.979487179492"
"183.83766795975257","184.810256410348"
"183.3319856115238","182.641025641016"
"181.97380532005482","181.19487179492"
"180.02591349408087","181.435897435936"
"180.74301718458557","181.917948717968"
"182.34211930144795","183.846153846096"
"188.4726754914554","186.25641025644398"
"196.50794311647024","192.764102564064"
"206.05301752459417","198.06666666660402"
"204.53651961879578","201.68205128203198"
"197.99640360218746","197.584615384572"
"198.3171217121299","195.174358974412"
"198.93638396986296","198.06666666660402"
"199.14538720438514","199.512820512888"
"195.84267696881193","198.06666666660402"
"194.86428452619765","195.65641025644402"
"196.664030186152","196.138461538476"
"198.10264082898684","201.44102564101598"
"202.8562001351665","205.53846153847599"
"195.3170507712697","199.030769230856"
"190.5253492162696","193.00512820507998"
"188.31237933155302","191.31794871796802"
"188.5904194527684","190.112820512888"
"186.81683326319575","187.46153846152401"
"183.73190482044416","186.25641025644398"
"185.26293696984004","182.641025641016"
"178.15854108092304","182.4"
"178.14630846948504","179.989743589652"
"176.76526623770343","179.748717948636"
"178.9518580633586","181.917948717968"
"182.14667788684332","181.917948717968"
"192.9332053042873","196.138461538476"
"208.04045164059687","207.948717948636"
"208.70084341475234","215.179487179492"
"206.10965608629533","207.948717948636"
"203.9968940787998","205.29743589746"
"205.70721009066872","206.74358974355602"
"203.24304854975287","206.261538461524"
"200.21580507414143","201.44102564101598"
"197.25056581537618","199.271794871872"
"200.4663879870299","202.646153846096"
"206.30624902597754","206.50256410254002"
"210.22370850549277","215.661538461524"
"204.04237353390317","206.261538461524"
"198.10961642568213","196.138461538476"
"191.23522424915404","191.076923076952"
"191.0834007579763","191.076923076952"
"189.31565658239367","188.90769230761998"
"187.6577702073266","187.46153846152401"
"185.89679290799683","187.220512820508"
"182.64480940709186","186.49743589745998"
"181.40443478899743","186.015384615428"
"181.3969422966297","185.774358974412"
"181.95679418253212","185.05128205136398"
"182.97046056104182","185.05128205136398"
"189.1783041689036","185.05128205136398"
"188.32068096219035","186.49743589745998"
"192.3115672506283","186.738461538476"
"189.46543563130626","187.46153846152401"
"191.54174385911742","187.70256410254"
"190.89490038664707","187.70256410254"
"188.7085636598342","187.220512820508"
"189.38595155631515","186.25641025644398"
"186.84030519914535","185.533333333396"
"190.2402580207082","185.29230769237998"
"194.53154186003212","187.46153846152401"
"199.39734076681557","191.55897435898402"
"196.17535616421708","190.353846153904"
"187.47616659639","187.46153846152401"
"187.27735940020102","186.49743589745998"
"188.0586028121482","185.05128205136398"
"186.18256656150845","184.32820512812802"
"183.8295746050719","180.71282051288802"
"184.4477218359314","179.02564102558802"
"182.63392199156667","175.651282051364"
"184.70014918763255","173.482051282032"
"181.98327820771735","173.0"
"180.9818305113678","173.0"
"179.79761087004422","174.92820512812798"
"180.20108791407162","177.09743589746"
"183.16151642326506","177.82051282050801"
"181.82193661330436","179.266666666604"
"181.66377271662316","181.19487179492"
"184.2803045330733","182.4"
"184.39036294249297","182.882051282032"
"181.87635519113724","182.882051282032"
"184.32693649275643","182.4"
"182.51545165006206","182.641025641016"
"185.51263148361977","183.846153846096"
"187.13620915568782","179.50769230762"
"191.8919119908552","197.34358974355598"
"193.8221579412799","195.89743589746"
"192.83874825052982","192.282051282032"
"188.88421033693322","189.38974358965203"
"189.39305732211994","187.46153846152401"
"185.555666458274","186.738461538476"
"183.765606173173","185.29230769237998"
"193.70057548174142","183.123076923048"
"190.13306946884728","181.917948717968"
"189.1796531678608","181.19487179492"
"186.95175260564963","180.230769230856"
"188.49551822645986","182.4"
"192.73636800115455","182.4"
"199.13594438668582","199.512820512888"
"214.59181362163594","219.035897435936"
"216.26252954495632","224.338461538476"
"214.17048116953998","217.10769230762"
"212.23328873895707","216.62564102558798"
"213.85902135758369","218.071794871872"
"214.9291061378874","215.420512820508"
"209.17844849896784","211.564102564064"
"210.19070872289598","209.635897435936"
"212.5502569543736","206.50256410254002"
"213.96693033854416","210.84102564101602"
"223.74775609417287","224.338461538476"
"214.3252682713815","233.738461538476"
"210.52038449233265","218.79487179492"
"204.00432020852026","203.369230769144"
"197.8658781260918","198.30769230762002"
"193.58592319059608","192.282051282032"
"192.57213255640903","189.630769230856"
"190.6704578665392","188.666666666604"
"187.8815702279106","186.979487179492"
"187.75102914193212","187.220512820508"
"188.45629034307655","187.46153846152401"
"189.80584743081056","188.666666666604"
"194.1591676771235","192.764102564064"
"204.22911158985022","200.958974358984"
"224.20754772014925","224.338461538476"
"228.0302805315725","224.09743589746"
"220.60996373890663","226.02564102558802"
"218.53465311536445","222.89230769238"
"219.30495446697364","222.41025641034798"
"219.15406517643027","220.482051282032"
"213.81434010288518","219.517948717968"
"213.42164208892933","217.589743589652"
"213.43451656692585","217.10769230762"
"219.74235585898668","224.579487179492"
"231.01961857730947","241.451282051364"
"229.14299296816543","245.789743589652"
"222.17596291290351","224.338461538476"
"207.63528529937435","201.68205128203198"
"198.63194354960336","201.44102564101598"
"196.55235088793202","192.764102564064"
"193.07498928521346","190.59487179492"
"192.6669253151431","190.835897435936"
"194.04537958114975","189.630769230856"
"192.89588499491325","189.38974358965203"
"193.01081621151465","189.630769230856"
"193.28129806569535","192.041025641016"
"198.44019023446737","194.93333333339598"
"207.97052865794268","203.128205128128"
"228.58822417666053","229.641025641016"
"230.69539011123652","229.641025641016"
"225.72589202346757","224.338461538476"
"219.2809275187363","218.071794871872"
"217.885081350347","215.661538461524"
"215.79718834746234","210.84102564101602"
"208.76748891912806","207.70769230762"
"209.29655391225953","206.50256410254002"
"211.27060545028988","206.50256410254002"
"215.13546491336248","209.153846153904"
"223.99881280616478","229.641025641016"
"224.6807286626572","204.09230769238002"
"202.20496442115592","202.887179487112"
"194.4755632570202","199.030769230856"
"193.63554491933638","193.00512820507998"
"189.49476963113614","190.59487179492"
"186.69273320685284","187.943589743556"
"188.46190274740962","188.90769230761998"
"185.16386985290563","188.425641025588"
"186.3042759140128","187.70256410254"
"185.81320144635342","186.015384615428"
"186.63826720178542","186.49743589745998"
"189.7427606354288","189.630769230856"
"194.36906220205955","191.55897435898402"
"207.3963266846278","192.041025641016"
"206.90140213290692","204.333333333396"
"206.32677331980796","204.815384615428"
"203.40781630690293","203.61025641034797"
"202.81856825079672","195.89743589746"
"197.07741645741692","193.246153846096"
"197.59529481605335","193.00512820507998"
"195.4019994286536","192.523076923048"
"195.84311748403476","191.8"
"198.54735133132493","192.041025641016"
"206.76669622911703","191.076923076952"
"195.72767931399267","192.523076923048"
"191.0261091149344","191.076923076952"
"190.96373155712928","191.076923076952"
"190.40990852502233","189.630769230856"
"187.3762300999438","188.184615384572"
"185.36238711029642","186.015384615428"
"190.6826056285719","185.29230769237998"
"183.56781096065194","184.810256410348"
"183.90236856465037","184.569230769144"
"183.52022751751747","185.05128205136398"
"184.37180660421785","187.220512820508"
"186.8988872929496","189.148717948636"
"193.28174320481537","192.523076923048"
"199.17447506148608","218.79487179492"
"213.00489738922704","226.02564102558802"
"214.12022108873285","231.328205128128"
"215.6812881378713","224.338461538476"
"210.146054403856","224.338461538476"
"206.90272720218957","227.471794871872"
"209.60108164437835","216.62564102558798"
"201.27348334670563","211.323076923048"
"202.59042374063665","206.984615384572"
"205.94893409460653","208.18974358965198"
"210.56703732635688","232.29230769238"
"213.41793321774924","242.174358974412"
"207.68994056673728","216.143589743556"
"197.98577690663467","194.69230769237998"
"192.3796982508858","193.246153846096"
"190.38977818328047","191.55897435898402"
"188.7309436679543","190.59487179492"
"190.4542508905627","190.353846153904"
"185.57005506956162","189.148717948636"
"185.372984502283","188.90769230761998"
"184.87545768957276","189.148717948636"
"184.97443762683122","189.38974358965203"
"185.7949920603117","190.112820512888"
"188.62871912866893","191.076923076952"
"197.95297606164127","192.041025641016"
"200.91456453918084","192.282051282032"
"202.756316363267","193.969230769144"
"202.39078008547438","195.89743589746"
"201.99584489995095","195.65641025644402"
"201.18265422833912","194.451282051364"
"198.75509047641202","194.210256410348"
"195.36896430600632","193.969230769144"
"195.1237134188322","195.174358974412"
"197.61861201083696","202.887179487112"
"212.45713131576863","221.20512820508"
"219.73951878740405","233.979487179492"
"208.7237217860007","201.68205128203198"
"192.385308977235","194.69230769237998"
"191.16376670168032","193.728205128128"
"188.74169784528962","193.00512820507998"
"186.15475505522727","192.041025641016"
"187.5533818320697","191.55897435898402"
"185.74051195590474","190.59487179492"
"183.71938793326387","189.871794871872"
"182.59223377111294","188.425641025588"
"182.5408925918428","185.774358974412"
"182.3903176874336","185.533333333396"
"183.96686354717772","186.25641025644398"
"186.1832649541754","188.666666666604"
"187.74449983344022","190.112820512888"
