"DataEntries: 8756, TestEntries: 24, Epochs: 3000, UseTestData: true, LimitEntries: true, Firstlayer#: 11, SecondLayer: true, SecondLayer#: 23, Predict: true, Curvebehaviour: false, Stacksize: 6, useLastXDays: false, Max: 501.0, Min: 127.0, Curve behaviour: false, Historical: false, useAverage: false, priceStack24, Skewness: true, SkewStack: 24",", useNewMethod: false"
"Range: 6567 to 8756"
"Actual","Ideal"
"272.7368041773046","273.999999999908"
"264.0678457749661","268.99999999999"
"263.65512516528213","266.999999999948"
"258.5999949251237","263.000000000051"
"255.5371010177721","264.000000000072"
"259.54573499043255","258.999999999967"
"257.8208577887846","259.999999999988"
"274.45489721671026","271.000000000032"
"284.58830560735987","281.000000000055"
"312.8198821373707","293.999999999954"
"299.4558394828629","293.999999999954"
"279.9100370704234","289.000000000036"
"295.71121121042324","289.000000000036"
"295.94006717760925","294.999999999975"
"293.6472239590985","293.999999999954"
"291.35526041486315","294.999999999975"
"299.66479134207395","294.999999999975"
"304.2891495165627","298.0000000000006"
"309.62103000807025","301.0000000000075"
"296.598249474281","301.0000000000075"
"299.8181077889561","294.999999999975"
"284.1500822033704","288.000000000015"
"281.64438168751866","282.000000000076"
"270.7231811340663","281.000000000055"
"272.4706635457512","276.999999999971"
"262.99993897306507","268.99999999999"
"262.1626959714248","263.000000000051"
"255.5069100100707","259.999999999988"
"254.16108689857882","259.999999999988"
"255.3807088377742","257.999999999946"
"255.02226950798692","259.999999999988"
"265.0939545371665","273.999999999908"
"284.5322489856503","286.999999999994"
"332.82578162136775","323.000000000002"
"322.83224854144123","324.0000000000043"
"310.5616901058594","301.9999999999911"
"301.8364518088761","296.9999999999983"
"306.3237152011631","312.99999999999955"
"310.0453452977131","309.0000000000072"
"308.079911341448","309.0000000000072"
"315.64066364899026","317.0000000000069"
"336.08944978665266","336.000000000088"
"359.8024219003885","364.999999999949"
"360.3549345668072","379.000000000056"
"349.285568199503","319.9999999999951"
"284.32272184727844","295.999999999996"
"286.7546832249893","291.000000000078"
"283.146375865293","289.000000000036"
"279.23397237199515","282.99999999991"
"271.0374147029061","273.999999999908"
"270.1400843975007","259.999999999988"
"258.3024645527307","259.999999999988"
"257.2914382722153","249.99999999996498"
"257.292997796854","246.00000000006798"
"251.32590913535012","256.000000000091"
"264.77186871245976","273.000000000074"
"295.1533266957015","291.999999999912"
"353.3308671984778","343.000000000048"
"346.79530130840715","345.999999999924"
"313.4009560095761","319.9999999999951"
"319.25022040998255","315.00000000000045"
"322.7528869382931","326.0000000000089"
"329.41826632803793","334.000000000046"
"340.0135262915513","335.000000000067"
"344.4686263513154","327.9999999999948"
"324.49666458447314","323.000000000002"
"320.6503046853704","329.9999999999994"
"302.703916209149","318.0000000000092"
"300.71364644611464","293.999999999954"
"291.03499980969195","284.999999999952"
"281.15865127966754","277.999999999992"
"268.788247401508","274.999999999929"
"266.6400180662907","267.999999999969"
"259.861502753689","258.999999999967"
"243.07723143680403","227.000000000043"
"201.26132568875994","201.00000000005798"
"198.52727284464848","197.999999999995"
"205.95258347306134","212.999999999936"
"226.27026201254134","222.99999999995902"
"246.78708417248765","256.000000000091"
"266.360662065752","271.000000000032"
"282.9621711217025","284.999999999952"
"272.44605620064203","288.000000000015"
"271.94202601813885","286.999999999994"
"286.87924687623274","285.999999999973"
"286.47726951373073","284.999999999952"
"287.51304422993655","282.99999999991"
"286.0130447344525","279.000000000013"
"287.34114103127024","281.000000000055"
"279.7582972821777","284.999999999952"
"287.63865910245005","286.999999999994"
"277.51793679337857","285.999999999973"
"277.7139148537875","280.000000000034"
"272.0223490809836","272.000000000053"
"265.1705206282266","266.999999999948"
"262.3285584331866","264.000000000072"
"257.2379528314948","261.000000000009"
"252.70669903477236","256.000000000091"
"246.85363843322128","249.99999999996498"
"234.4465656296843","232.99999999998198"
"229.97978741693217","226.000000000022"
"216.76444060811684","225.00000000000102"
"235.20766869181716","234.000000000003"
"262.1863093336317","240.999999999963"
"247.32474758456186","245.000000000047"
"259.88064680444336","249.99999999996498"
"243.864709093423","252.000000000007"
"252.23999781630795","256.000000000091"
"255.39104982846465","258.999999999967"
"255.70916853297632","259.999999999988"
"246.73704939437636","258.999999999967"
"264.29966451955676","257.999999999946"
"255.20346939036503","259.999999999988"
"264.32359082906845","266.999999999948"
"271.01207024038456","272.000000000053"
"274.1206363912922","275.99999999995"
"268.84361213969754","271.000000000032"
"258.0330518452922","266.999999999948"
"248.51080793757217","262.00000000003"
"254.37797313189682","259.999999999988"
"252.84199010495274","256.000000000091"
"246.9671378057256","254.000000000049"
"250.89215768972977","255.00000000007"
"247.00021712219018","252.000000000007"
"247.5674131551187","243.000000000005"
"236.73327291088896","238.999999999921"
"246.90518801048367","253.000000000028"
"252.2552532990578","250.99999999998602"
"245.98489273606282","258.999999999967"
"274.9934289477653","261.000000000009"
"257.0284994314299","262.00000000003"
"264.94364096819436","264.000000000072"
"272.30012819868836","267.999999999969"
"276.5273857570638","271.000000000032"
"265.0888722985048","271.000000000032"
"267.73484831579657","272.000000000053"
"265.36238977444015","273.999999999908"
"274.37289903047315","282.99999999991"
"293.80386046388486","286.999999999994"
"281.3253832427645","286.999999999994"
"277.1918665045122","283.999999999931"
"268.7932275162338","277.999999999992"
"265.16920142564226","273.000000000074"
"264.5704364482093","270.000000000011"
"257.6528369483889","263.000000000051"
"251.2184586139974","257.999999999946"
"253.75078247081055","256.000000000091"
"248.96783804016349","253.000000000028"
"248.40146715688877","252.000000000007"
"235.70616101156133","230.99999999994"
"239.50510217369134","239.99999999994202"
"262.6609984169596","264.000000000072"
"282.536690640577","309.0000000000072"
"356.4738604692869","375.999999999993"
"311.0081783005945","291.999999999912"
"289.3428939511508","290.000000000057"
"285.8220448185436","289.000000000036"
"287.76645528957664","290.000000000057"
"289.5285941537807","289.000000000036"
"281.4795873575479","289.000000000036"
"286.32787278818233","300.0000000000052"
"332.4950339925648","407.999999999917"
"375.88116575897664","375.999999999993"
"379.4953596671194","335.000000000067"
"317.18439457803345","290.000000000057"
"286.95645139318106","283.999999999931"
"273.3876476173703","275.99999999995"
"271.0901405462943","271.000000000032"
"264.0049435052139","264.000000000072"
"254.90301397863513","256.000000000091"
"252.13059519287776","255.00000000007"
"250.9527291349475","249.99999999996498"
"246.972148642655","240.999999999963"
"229.86475458066698","213.999999999957"
"226.08913610276835","215.999999999999"
"248.33763947869835","277.999999999992"
"297.74708678736164","300.0000000000052"
"325.8123228114102","343.000000000048"
"312.4529071385669","283.999999999931"
"279.4789849634866","276.999999999971"
"259.8582717186542","277.999999999992"
"266.651821058205","274.999999999929"
"273.93708996280174","300.0000000000052"
"297.77979099206607","290.000000000057"
"288.1748995723145","304.999999999998"
"318.734428536572","347.999999999966"
"321.34262660288175","348.999999999987"
"313.48924659899893","284.999999999952"
"290.5880465621432","279.000000000013"
"267.0611365136761","273.999999999908"
"263.6192507192444","267.999999999969"
"262.85749262912896","265.999999999927"
"261.69739863382546","257.999999999946"
"251.79067928141987","246.00000000006798"
"224.3374686661407","234.000000000003"
"208.5747625304552","196.999999999974"
"191.09567406839773","202.000000000079"
"182.72906305182602","175.999999999907"
"191.47882480405696","209.000000000039"
"240.92268398074464","250.99999999998602"
"263.18238402308566","263.000000000051"
"282.83419607544886","274.999999999929"
"282.67176964502704","276.999999999971"
"276.17701454359786","273.000000000074"
"269.24812527991463","273.999999999908"
"266.56478316930617","273.999999999908"
"280.3355543517108","273.000000000074"
"279.7491223989625","277.999999999992"
"284.97902494720955","284.999999999952"
"299.71057264342727","288.000000000015"
"300.4419717763798","289.000000000036"
"291.90171329662223","289.000000000036"
"289.8520108505411","282.99999999991"
"271.7029522341455","273.000000000074"
"263.0483305562","265.000000000093"
"261.49474664263363","262.00000000003"
"257.09955308666724","256.000000000091"
"249.87864938253387","246.00000000006798"
"237.6012136096113","243.000000000005"
"230.8024997707962","206.999999999997"
"200.54311390526027","202.999999999913"
"188.98021110940863","181.000000000012"
"192.33667864024866","199.000000000016"
"221.4006201111604","253.000000000028"
"265.6604169231066","265.999999999927"
"287.99805927054257","276.999999999971"
"289.7761979462093","283.999999999931"
"282.1606795830322","279.000000000013"
"273.9240310680373","279.000000000013"
"276.0231658358088","280.000000000034"
"284.2841778479192","281.000000000055"
"284.5452378855773","282.000000000076"
"295.66410566348975","283.999999999931"
"306.5640468745008","291.999999999912"
"292.97611918948496","309.0000000000072"
"298.5000097397281","295.999999999996"
"293.60128596085156","291.000000000078"
"279.45069157230944","280.000000000034"
"268.4511048147368","272.000000000053"
"264.1152488967238","273.000000000074"
"264.28570443460484","265.000000000093"
"261.21109743417185","258.999999999967"
"266.4184279532822","250.99999999998602"
"248.80528061884434","248.999999999944"
"250.06557870659162","248.999999999944"
"263.17614871157735","254.000000000049"
"251.19097927050535","256.999999999925"
"263.8918799522945","263.000000000051"
"290.6862651048075","279.000000000013"
"347.2805245623785","294.999999999975"
"305.21952272670177","300.0000000000052"
"300.24643965992806","291.000000000078"
"286.25691705798727","289.000000000036"
"291.6671679306782","288.000000000015"
"284.4457702555011","293.999999999954"
"286.0139231383202","291.000000000078"
"289.7386635279713","291.999999999912"
"314.05514915984514","292.999999999933"
"304.898482235879","294.999999999975"
"291.9351831580445","292.999999999933"
"291.48174729705636","286.999999999994"
"273.7410583030395","281.000000000055"
"270.2702739274056","271.000000000032"
"265.2117696914851","267.999999999969"
"261.3047820844788","263.000000000051"
"253.93595676621146","256.999999999925"
"251.75877864882585","228.000000000064"
"212.4898479271721","193.000000000077"
"181.03689056719284","172.00000000001"
"156.9374158422091","167.99999999992602"
"178.23160428277595","170.999999999989"
"188.0016249644484","185.99999999993"
"201.00350581078516","229.00000000008498"
"235.91210579797556","238.000000000087"
"251.5997680544191","252.000000000007"
"265.23375506192406","262.00000000003"
"265.6774112390094","264.000000000072"
"268.83162391791626","264.000000000072"
"266.814838509977","261.000000000009"
"265.73638011182055","259.999999999988"
"260.8887801097363","263.000000000051"
"272.4676021527205","266.999999999948"
"276.8439585805232","272.000000000053"
"288.152121354869","273.999999999908"
"274.8159468706431","270.000000000011"
"258.8402100116165","263.000000000051"
"258.99514192465904","257.999999999946"
"251.86624616461847","252.000000000007"
"249.88653657363636","247.999999999923"
"239.1356465386918","235.000000000024"
"227.5071167938238","227.000000000043"
"212.43948063848683","184.000000000075"
"157.81061300567842","158.00000000009"
"139.11133363789125","136.00000000000202"
"131.62688075566322","137.000000000023"
"149.92557381373655","149.999999999922"
"173.43012309879757","159.999999999945"
"172.54947952751573","170.999999999989"
"209.59673989789485","208.000000000018"
"226.91756821745807","249.99999999996498"
"253.40468913754896","253.000000000028"
"257.2066876103438","256.000000000091"
"254.6504597739035","253.000000000028"
"251.66606610565856","250.99999999998602"
"258.3963368680347","253.000000000028"
"256.47223390568917","259.999999999988"
"268.67400215788876","267.999999999969"
"274.18321105862566","272.000000000053"
"266.4646835963755","267.999999999969"
"258.28497648856984","263.000000000051"
"254.34158660926164","256.999999999925"
"250.79446292668877","252.000000000007"
"247.05999573974714","247.999999999923"
"240.13886329600146","236.00000000004502"
"225.03028339831525","246.00000000006798"
"232.23778595189032","245.000000000047"
"243.57675093163562","246.00000000006798"
"248.29476475341795","247.000000000089"
"247.7585092653505","249.99999999996498"
"255.47008413553456","257.999999999946"
"275.98692918085567","270.000000000011"
"301.18585522978316","282.000000000076"
"281.83760858102454","285.999999999973"
"277.5695659697032","282.99999999991"
"278.5369953074091","283.999999999931"
"281.1786345910994","283.999999999931"
"275.15199826048536","282.99999999991"
"270.9843484995498","282.99999999991"
"278.45620374646586","283.999999999931"
"301.8652677205705","289.000000000036"
"293.8736410867944","292.999999999933"
"282.72645354899834","292.999999999933"
"288.8342149716343","285.999999999973"
"271.0428078337356","276.999999999971"
"258.98548149869026","268.99999999999"
"263.079840401197","262.00000000003"
"257.19857240004524","258.999999999967"
"253.22932211488364","248.999999999944"
"244.52518442339425","246.00000000006798"
"238.4713358594803","243.000000000005"
"238.49617082237552","243.000000000005"
"240.28047337745448","245.000000000047"
"250.12978652010258","247.999999999923"
"264.0362994578692","256.000000000091"
"273.23886396724157","273.000000000074"
"304.5463137141817","289.000000000036"
"296.4970293609521","294.999999999975"
"291.63753377248815","288.000000000015"
"285.0855965052423","285.999999999973"
"290.48276914021767","285.999999999973"
"287.33089083116954","285.999999999973"
"284.39058597805723","285.999999999973"
"286.9849559199327","290.000000000057"
"301.7053923442733","306.0000000000003"
"320.4115917674901","304.999999999998"
"298.1125391820818","300.0000000000052"
"297.6378886644866","290.000000000057"
"278.1173312282091","282.99999999991"
"269.3280407545716","273.000000000074"
"271.1250539944222","267.999999999969"
"262.2044460502035","262.00000000003"
"257.4618667305382","249.99999999996498"
"251.56744889075088","248.999999999944"
"243.39921509909317","246.00000000006798"
"242.83651082230145","246.00000000006798"
"243.68805527419389","247.000000000089"
"248.0248149041035","248.999999999944"
"254.52718417780153","256.999999999925"
"276.5057528626309","271.000000000032"
"301.8603319971871","290.000000000057"
"288.87250820689485","298.0000000000006"
"294.24659927839616","289.000000000036"
"287.5617279049985","286.999999999994"
"294.3004618177225","289.000000000036"
"285.63248081554747","289.000000000036"
"286.43671533312283","286.999999999994"
"285.40985895296353","290.000000000057"
"291.5511001780607","300.0000000000052"
"304.8223689851382","304.999999999998"
"305.5003421681946","300.0000000000052"
"295.3785939393061","289.000000000036"
"279.7436426521185","282.99999999991"
"272.05466614052904","273.999999999908"
"273.51741726776874","266.999999999948"
"261.4925859036189","258.999999999967"
"256.50613580748126","252.000000000007"
"255.4311434447078","250.99999999998602"
"248.87599220019752","247.000000000089"
"245.19921800580818","247.000000000089"
"245.97264429597243","247.000000000089"
"249.37290033636816","248.999999999944"
"258.2046728525951","257.999999999946"
"271.85327738523625","274.999999999929"
"295.0625789251459","285.999999999973"
"286.7152677847761","289.000000000036"
"278.46392226080116","282.99999999991"
"280.91087352797354","281.000000000055"
"284.7090963267212","280.000000000034"
"272.0043196637463","281.000000000055"
"279.96611714894516","282.000000000076"
"280.2959030596933","281.000000000055"
"284.0225944669134","282.000000000076"
"299.3584280608703","283.999999999931"
"289.4243364210925","282.000000000076"
"285.7574699184634","276.999999999971"
"267.0810023216191","271.000000000032"
"267.5520957472789","261.000000000009"
"258.49297056495675","254.000000000049"
"251.207001378891","247.999999999923"
"239.32209961195417","238.999999999921"
"234.65833588987147","238.999999999921"
"230.4050616495722","235.000000000024"
"231.63282041285512","230.99999999994"
"218.75488135162732","232.99999999998198"
"240.51362435626964","234.000000000003"
"258.49891561036753","238.000000000087"
"260.4876446753246","244.000000000026"
"246.49796288406924","250.99999999998602"
"261.31513666659885","254.000000000049"
"262.922607693553","250.99999999998602"
"252.2454981027387","248.999999999944"
"255.91749962534772","247.999999999923"
"250.7611826078392","247.000000000089"
"254.11143560694887","245.000000000047"
"250.24224636096884","245.000000000047"
"251.7372816805179","246.00000000006798"
"250.23305489835","248.999999999944"
"257.2666236172083","249.99999999996498"
"253.62520174262266","247.000000000089"
"242.04912093211502","239.99999999994202"
"240.85628662548453","235.000000000024"
"230.60892805862647","235.000000000024"
"232.68344971473505","229.999999999919"
"213.29120111637738","219.00000000006202"
"199.5909691807098","181.000000000012"
"142.15668220211873","141.999999999941"
"137.20831688238547","127.0"
"173.5536796729209","167.000000000092"
"204.09497535002416","205.999999999976"
"213.79041260832258","230.99999999994"
"236.13594542092164","237.000000000066"
"234.3509721270932","238.000000000087"
"243.76079563160232","237.000000000066"
"236.1534691719064","235.000000000024"
"234.439419632855","235.000000000024"
"246.53546088839295","235.000000000024"
"243.58752692818518","245.000000000047"
"242.09652407723257","245.000000000047"
"233.73772241081463","238.000000000087"
"235.0303398239755","230.99999999994"
"220.42882671367178","228.000000000064"
"215.079102490722","223.99999999998"
"223.03610597670647","221.99999999993798"
"204.20994627694853","205.999999999976"
"170.56099893524436","146.000000000025"
"168.62173555867648","169.999999999968"
"194.53915263652704","194.99999999993202"
"186.94935606152075","184.999999999909"
"167.79877346614663","166.000000000071"
"151.48433710315982","146.000000000025"
"160.91611900093753","155.000000000027"
"174.3517358270348","173.00000000003098"
"213.73651752362213","217.00000000002"
"211.7725816722987","212.999999999936"
"189.0485591500605","193.000000000077"
"166.36322502676464","167.000000000092"
"159.84068024223535","159.999999999945"
"160.95655795717676","145.000000000004"
"172.68005997331318","163.000000000008"
"180.41262920935026","174.000000000052"
"168.11090270593556","168.999999999947"
"155.56643404731392","170.999999999989"
"178.03617414870848","178.99999999997"
"184.6406607148087","204.99999999995498"
"208.17384979555845","220.000000000083"
"224.86963614736817","217.00000000002"
"214.15024971069556","204.99999999995498"
"194.7162853313257","177.999999999949"
"160.6265526600051","159.999999999945"
"157.27854318056333","151.999999999964"
"132.98736554555862","130.000000000063"
"140.27967499651604","127.0"
"150.40421123168775","151.999999999964"
"184.4068872926478","193.99999999991098"
"210.75695479200203","211.999999999915"
"222.61552274663893","220.999999999917"
"226.25938090567945","229.999999999919"
"236.6033972021769","232.99999999998198"
"231.6716223868437","234.000000000003"
"226.21580262252576","235.000000000024"
"233.18186255498983","237.000000000066"
"235.76879170813368","239.99999999994202"
"242.3107493417897","248.999999999944"
"257.11200296397254","254.000000000049"
"273.03213610776317","253.000000000028"
"257.85873161456965","249.99999999996498"
"249.14499138438484","245.000000000047"
"242.48736876627748","238.999999999921"
"234.37267910497175","237.000000000066"
"237.27982149496887","229.999999999919"
"218.9749258773025","210.00000000006"
"225.80640438724532","221.99999999993798"
"208.20395310473813","212.999999999936"
"208.23163907303774","205.999999999976"
"198.32798165941279","204.99999999995498"
"211.21168494919476","214.999999999978"
"223.17713621291188","222.99999999995902"
"221.84685398025778","231.999999999961"
"223.47950240318633","238.000000000087"
"233.56709234685212","244.000000000026"
"246.3706565039964","245.000000000047"
"247.0196757062935","245.000000000047"
"241.76001292899045","244.000000000026"
"243.2521344396677","238.999999999921"
"239.3110533615885","236.00000000004502"
"232.31870500837326","238.000000000087"
"244.0540772652514","241.999999999984"
"244.09392620934676","244.000000000026"
"239.6885286640678","243.000000000005"
"233.41515658441492","238.999999999921"
"236.52615302176633","231.999999999961"
"220.92156740741365","220.999999999917"
"207.9242615703854","210.00000000006"
"193.90897309910133","185.99999999993"
"163.73070669465397","161.999999999987"
"162.5381916372503","160.999999999966"
"162.3536011458635","134.999999999981"
"174.92202772461454","167.99999999992602"
"208.7462777441637","208.000000000018"
"217.71313247551208","220.999999999917"
"219.9257526972605","226.000000000022"
"238.3770604961992","228.000000000064"
"233.04094531631898","228.000000000064"
"222.1883279178567","226.000000000022"
"221.9032812126109","223.99999999998"
"218.29045611013518","225.00000000000102"
"234.80477109360427","231.999999999961"
"232.28471208492735","236.00000000004502"
"229.12532056010622","238.000000000087"
"238.12141954914355","236.00000000004502"
"230.33923527496603","230.99999999994"
"224.20951774423094","227.000000000043"
"222.40143317629648","222.99999999995902"
"219.15261377128257","211.999999999915"
"196.2485745534142","184.999999999909"
"170.95759683921725","155.000000000027"
"146.07073672097002","149.000000000088"
"157.84070469082238","147.00000000004601"
"147.76778088832106","148.000000000067"
"155.05110636151505","149.000000000088"
"167.55555595944222","188.999999999993"
"191.13171772977435","229.00000000008498"
"221.0428439378427","238.000000000087"
"233.36252502944018","243.000000000005"
"245.7912288654729","245.000000000047"
"243.82274436978105","248.999999999944"
"251.8551609371032","247.999999999923"
"246.78631778194966","247.000000000089"
"243.13801113345076","245.000000000047"
"249.64142606040136","246.00000000006798"
"256.19137943877416","255.00000000007"
"267.3395042947608","261.000000000009"
"266.6723654289072","265.000000000093"
"263.2831473665344","261.000000000009"
"247.43373044641703","255.00000000007"
"242.30142026216694","247.000000000089"
"240.2152489940949","244.000000000026"
"244.891762326475","241.999999999984"
"239.44573438264484","235.000000000024"
"242.11815544497802","247.000000000089"
"242.9898416340704","229.00000000008498"
"224.4815514219053","210.00000000006"
"214.33219430254616","202.000000000079"
"201.26348990265762","204.99999999995498"
"208.9983482776957","212.999999999936"
"218.2325887046524","212.999999999936"
"220.46322372347325","229.999999999919"
"238.46501535733722","246.00000000006798"
"252.87092952894423","249.99999999996498"
"254.92321841866718","255.00000000007"
"268.4759593181418","256.000000000091"
"254.51083977890931","256.999999999925"
"249.6247565057367","256.999999999925"
"256.84867960123205","258.999999999967"
"267.4943216844612","279.000000000013"
"291.62308424581533","333.000000000025"
"356.0215737316344","334.000000000046"
"288.5821514833651","283.999999999931"
"265.53817467443116","256.999999999925"
"243.2286310901673","247.999999999923"
"238.28773343793154","245.000000000047"
"240.13082355328572","240.999999999963"
"227.11426804753916","186.999999999951"
"165.76047885611402","175.999999999907"
"172.469022578518","215.999999999999"
"209.67289636287944","211.999999999915"
"213.7860120208759","205.999999999976"
"208.38216321064561","205.999999999976"
"204.17038659909582","193.000000000077"
"204.09381426429036","193.000000000077"
"209.24123077590963","181.000000000012"
"193.08185104099834","181.000000000012"
"197.3512541919413","199.000000000016"
"206.8571670265256","215.999999999999"
"215.97661007302895","218.00000000004098"
"217.31589960908622","215.999999999999"
"211.81826291828065","217.00000000002"
"224.86353800565274","222.99999999995902"
"231.77349126761752","230.99999999994"
"260.9798766025753","245.000000000047"
"249.07407360706918","250.99999999998602"
"244.1230857264827","246.00000000006798"
"234.42825095092417","229.999999999919"
"221.60948342791886","218.00000000004098"
"207.3683521818179","209.000000000039"
"178.75178773716883","183.000000000054"
"209.86280579454717","219.00000000006202"
"202.19724703554914","212.999999999936"
"208.00425716233002","205.999999999976"
"195.8227107649264","206.999999999997"
"215.26554985155178","214.999999999978"
"212.7632427349623","211.999999999915"
"210.0425946509627","208.000000000018"
"288.9086445581842","284.999999999952"
"296.2845817879654","285.999999999973"
"268.1659981272459","282.000000000076"
"284.60873405540286","289.000000000036"
"295.34120677528307","301.0000000000075"
"282.82924974694004","261.000000000009"
"261.0299503355148","264.000000000072"
"264.4177139346154","268.99999999999"
"274.79468805712287","279.000000000013"
"295.4006710798261","280.000000000034"
"293.4103999118016","282.000000000076"
"262.49780745513596","265.999999999927"
"259.609882967892","259.999999999988"
"244.40771279412047","253.000000000028"
"242.71022306642305","247.999999999923"
"238.1838354966201","238.000000000087"
"223.00168064401527","219.00000000006202"
"208.32508167842246","215.999999999999"
"207.08632765820278","190.00000000001398"
"183.7421722590315","161.999999999987"
"151.06796997121634","147.00000000004601"
"152.77864696734048","141.999999999941"
"172.33251754210633","181.000000000012"
"239.80589848297043","247.000000000089"
"272.8446740929817","274.999999999929"
"265.17376742475454","249.99999999996498"
"253.27572035105152","248.999999999944"
"243.97119209695563","248.999999999944"
"243.5047389774802","247.999999999923"
"245.08802574598275","247.999999999923"
"248.88717638372344","248.999999999944"
"250.93224833946925","248.999999999944"
"252.15290704204887","250.99999999998602"
"251.81334740077625","252.000000000007"
"253.14594933723583","250.99999999998602"
"253.38068675651382","249.99999999996498"
"238.542054332307","246.00000000006798"
"237.29075738046436","250.99999999998602"
"246.53335381584122","214.999999999978"
"194.45844230712652","214.999999999978"
"206.3149517406045","154.000000000006"
"298.05568916104045","294.999999999975"
"271.6910785121871","245.000000000047"
"243.17113728938642","244.000000000026"
"249.46342892189736","247.000000000089"
"247.85114241537605","247.000000000089"
"240.93378132194238","246.00000000006798"
"246.99147320312844","246.00000000006798"
"250.19331875068977","247.999999999923"
"245.65549955560795","248.999999999944"
"253.573281766104","252.000000000007"
"246.22381152893274","252.000000000007"
"252.41775640716872","250.99999999998602"
"253.34207086940495","247.000000000089"
"249.12220906056896","241.999999999984"
"229.87741240422324","234.000000000003"
"228.21549588166152","227.000000000043"
"214.9119392367894","202.000000000079"
"262.95045885030277","265.000000000093"
"264.4661540487532","261.000000000009"
"263.6560668990038","262.00000000003"
"259.5177227628141","265.000000000093"
"261.6051335612004","265.000000000093"
"254.45959140614372","261.000000000009"
"257.5745359151124","258.999999999967"
"260.9814184833822","262.00000000003"
"261.0629281430536","268.99999999999"
"268.72010793991245","279.000000000013"
"276.0550229933528","284.999999999952"
"268.9580288055502","259.999999999988"
"253.8520675952687","252.000000000007"
"237.6174688814591","246.00000000006798"
"236.03799634978145","231.999999999961"
"222.93790395980403","220.000000000083"
"192.69659699962972","140.99999999992"
"210.39254541094866","213.999999999957"
"165.38903722506834","156.000000000048"
"159.08203482746677","154.000000000006"
"168.4980450396972","159.999999999945"
"197.96002080110713","174.000000000052"
"258.0955905404471","271.000000000032"
"289.1608497563305","290.000000000057"
"283.21191897133065","288.000000000015"
"290.65612381593877","291.000000000078"
"301.0363986672918","332.000000000004"
"310.5792833880427","301.0000000000075"
"281.09931327877405","274.999999999929"
"269.6277632338755","259.999999999988"
"265.04864447465286","264.000000000072"
"291.0699128239562","327.9999999999948"
"385.8697674576222","389.99999999991303"
"360.68143921510097","363.999999999928"
"321.61227552613724","332.000000000004"
"272.3761918240888","255.00000000007"
"243.196876592678","248.999999999944"
"240.28378674982747","240.999999999963"
"226.86807990662717","232.99999999998198"
"218.592402584343","245.000000000047"
"234.16636554865732","228.000000000064"
"222.52345877999215","210.00000000006"
"159.56600962757352","149.000000000088"
"133.94057261812114","132.999999999939"
"199.01101943484358","204.99999999995498"
"202.34432557783563","199.000000000016"
"231.68111446358978","259.999999999988"
"263.0263610941495","247.999999999923"
"251.6549695932861","249.99999999996498"
"248.28035692770897","248.999999999944"
"241.32209143311673","247.000000000089"
"245.64061521709283","243.000000000005"
"247.37910027699627","246.00000000006798"
"246.80419365097816","247.000000000089"
"256.1527914498506","254.000000000049"
"261.8691895580334","273.999999999908"
"271.38859301475406","265.000000000093"
"250.37550364134393","255.00000000007"
"265.9995875029429","253.000000000028"
"244.83066862820263","235.000000000024"
"227.70398634324533","234.000000000003"
"217.4978254983001","217.00000000002"
"192.99877494628515","202.000000000079"
"203.82913455696428","193.99999999991098"
"196.42289696214308","210.00000000006"
"206.75972020917322","212.999999999936"
"225.0469415421316","220.000000000083"
"216.92508320760112","197.999999999995"
"221.68675185843256","250.99999999998602"
"257.0978773400096","282.99999999991"
"273.7541175056217","261.000000000009"
"260.47441851763176","259.999999999988"
"250.7844684850476","247.000000000089"
"246.79049589992417","247.000000000089"
"260.52349113412055","277.999999999992"
"311.17876146231913","342.000000000027"
"399.40653509545564","404.00000000002"
"413.21858939664895","408.999999999938"
"343.97486999593326","345.999999999924"
"316.2843797763245","296.9999999999983"
"262.61673857847774","280.000000000034"
"272.8717631727667","253.000000000028"
"258.147320355796","259.999999999988"
"252.77427816872822","247.999999999923"
"246.77022314192067","243.000000000005"
"239.90976572690045","240.999999999963"
"253.48006588559366","241.999999999984"
"263.6398901910079","268.99999999999"
"315.5636904959628","319.9999999999951"
"462.5439333423032","439.000000000007"
"482.84381661266","478.999999999912"
"439.16980018978813","435.999999999944"
"422.7289744785062","418.999999999961"
"409.82889470779185","416.00000000008504"
"401.3092066047336","414.000000000043"
"410.20881529095766","407.000000000083"
"386.4927668532965","389.000000000079"
"383.25087732069585","377.000000000014"
"380.9451570330324","384.999999999995"
"426.076037925429","424.000000000066"
"462.8454632006651","454.999999999969"
"393.6584274340346","389.99999999991303"
"309.48775299952365","300.0000000000052"
"283.36392109474264","268.99999999999"
"261.94880323225465","249.99999999996498"
"239.93299060057532","241.999999999984"
"238.91941699816564","236.00000000004502"
"235.59375521293555","230.99999999994"
"226.6007776389102","228.000000000064"
"227.4348355765021","209.000000000039"
"218.92796890459567","227.000000000043"
"251.47897818857342","250.99999999998602"
"281.5608279023458","295.999999999996"
"360.854047920497","356.999999999968"
"407.7015327777949","393.999999999997"
"382.86004244734426","380.999999999911"
"392.32777625991537","379.000000000056"
"391.5648899553875","393.999999999997"
"397.2682820561375","388.000000000058"
"393.35041601002985","393.999999999997"
"378.0618559239334","387.000000000037"
"386.8228019296827","386.00000000001603"
"416.15671020577275","408.999999999938"
"461.1295406174879","454.999999999969"
"449.727458879245","453.999999999948"
"310.5590069873233","303.9999999999957"
"282.31396305853644","266.999999999948"
"262.96818161624776","258.999999999967"
"249.88996640304805","246.00000000006798"
"231.29489897576042","238.000000000087"
"228.67407661260967","229.00000000008498"
"226.41153526982686","228.000000000064"
"222.0169888954992","226.000000000022"
"220.36641140863458","219.00000000006202"
"223.54861602672403","223.99999999998"
"235.9557328121308","243.000000000005"
"276.5629934874009","254.000000000049"
"278.0469498954082","279.000000000013"
"286.73778897168745","309.9999999999908"
"303.37169931822007","294.999999999975"
"291.4098939848569","282.99999999991"
"288.8732673652367","291.999999999912"
"296.7169672284567","296.9999999999983"
"291.95803486627335","300.0000000000052"
"308.4754685620887","300.0000000000052"
"319.5303711033105","316.0000000000046"
"334.26552636023183","339.999999999985"
"403.39359196220374","351.000000000029"
"305.70051080063007","307.0000000000026"
"293.5105782170031","281.000000000055"
"256.7714189613708","263.000000000051"
"264.0128387449814","254.000000000049"
"244.8747781135236","244.000000000026"
"235.64126890263128","234.000000000003"
"230.30890423638238","232.99999999998198"
"226.29938143322232","228.000000000064"
"223.36946201422444","220.000000000083"
"211.17823803719216","214.999999999978"
"207.7474047634119","217.00000000002"
"231.3536751198938","238.000000000087"
"238.28236521240265","249.99999999996498"
"246.7852234674887","256.999999999925"
"254.43333369517083","263.000000000051"
"248.59010159863348","256.999999999925"
"247.73956264792474","256.999999999925"
"245.7687874453243","256.000000000091"
"255.85503077144256","256.000000000091"
"257.93388801183244","256.999999999925"
"260.2772766594171","256.999999999925"
"246.8010513628297","256.000000000091"
"256.9906194011171","257.999999999946"
"255.3014966305004","265.999999999927"
"256.8732576016513","263.000000000051"
"254.29121759254667","256.999999999925"
"256.6492866370254","254.000000000049"
"251.64082585005826","250.99999999998602"
"245.30195041592052","246.00000000006798"
"238.71307180928727","232.99999999998198"
"206.25057581736053","182.000000000033"
"149.76432060477643","138.000000000044"
"146.65376532377198","137.000000000023"
"194.3014400921997","192.000000000056"
"242.8180394395062","249.99999999996498"
"254.77145253707036","279.000000000013"
"271.51699494849134","282.99999999991"
"274.72991087453227","265.999999999927"
"263.77888063769706","256.000000000091"
"251.75490309333762","253.000000000028"
"249.03261842828937","252.000000000007"
"247.9184623290722","250.99999999998602"
"254.32485947819728","249.99999999996498"
"252.1858705939893","249.99999999996498"
"245.6329113380278","252.000000000007"
"255.3628329409445","264.000000000072"
"257.61630053693295","259.999999999988"
"254.33956033598042","250.99999999998602"
"248.36566058633667","246.00000000006798"
"244.7939899276654","245.000000000047"
"241.15333191016808","238.000000000087"
"227.0782487752672","222.99999999995902"
"204.5530854841158","223.99999999998"
"197.12924747162762","212.999999999936"
"203.81592017015686","208.000000000018"
"200.30557867012197","215.999999999999"
"224.59589073642923","219.00000000006202"
"225.5856814434889","229.00000000008498"
"234.43298963559377","231.999999999961"
"245.59976531978333","238.999999999921"
"247.01790049381373","244.000000000026"
"253.91051775689974","247.999999999923"
"255.3897445808333","257.999999999946"
"267.6373465156377","263.000000000051"
"255.93883926523765","263.000000000051"
"255.75392793988078","252.000000000007"
"257.3606374531404","252.000000000007"
"261.105620730038","262.00000000003"
"280.7506283274352","286.999999999994"
"325.1528526944214","308.0000000000049"
"282.47008654014985","291.999999999912"
"277.7225819172783","268.99999999999"
"252.48625702561586","258.999999999967"
"252.25705809328247","255.00000000007"
"248.94066604944666","254.000000000049"
"249.34050446030318","250.99999999998602"
"255.69178804054113","254.000000000049"
"250.29692557952208","250.99999999998602"
"250.38785008872804","249.99999999996498"
"241.88554085897164","248.999999999944"
"255.0829777579609","243.000000000005"
"250.75631465251453","248.999999999944"
"263.9471662703212","246.00000000006798"
"262.032436118563","252.000000000007"
"258.0960328834918","254.000000000049"
"257.6107574986454","259.999999999988"
"278.42877495760666","268.99999999999"
"293.3519510264313","272.000000000053"
"263.3771536272048","272.000000000053"
"269.11594708335593","267.999999999969"
"264.05187323320007","273.000000000074"
"276.8968509489164","284.999999999952"
"298.117405490113","293.999999999954"
"315.3242973881875","346.999999999945"
"328.67924089246617","343.000000000048"
"303.1958196462855","300.0000000000052"
"285.8780269372716","291.999999999912"
"283.75873736664806","292.999999999933"
"272.5677682149601","265.999999999927"
"256.37789723748807","256.000000000091"
"250.6845307883816","253.000000000028"
"249.3534106517459","249.99999999996498"
"247.6723906872408","247.999999999923"
"244.484242091374","249.99999999996498"
"252.74435499377338","248.999999999944"
"258.47775273402044","267.999999999969"
"294.0642339906585","314.0"
"433.8103862751848","431.00000000002603"
"452.3621446168403","452.000000000093"
"358.7030191316193","355.999999999947"
"334.0630899838264","337.999999999943"
"357.08790353057634","360.000000000031"
"402.5404278468845","395.000000000018"
"387.64605726245486","386.00000000001603"
"362.20178398853847","364.999999999949"
"364.19903344350473","371.000000000075"
"384.307786653272","389.99999999991303"
"436.09159274720014","446.999999999988"
"362.44279511632107","353.000000000071"
"306.9594059811966","318.9999999999928"
"293.6560181027623","296.9999999999983"
"289.8675318659665","280.000000000034"
"267.1220691514362","261.000000000009"
"253.25375210677012","255.00000000007"
"249.15270843183274","255.00000000007"
"248.99776277271422","250.99999999998602"
"249.4102357210237","248.999999999944"
"247.60322272212576","250.99999999998602"
"251.25967167873551","256.000000000091"
"271.13520115860007","298.0000000000006"
"336.9842866318673","345.999999999924"
"424.8102887943925","425.999999999921"
"426.8881021499924","440.00000000002797"
"427.63334092892296","393.999999999997"
"391.91583587841495","365.99999999997"
"369.47187710419803","371.000000000075"
"374.10251169740246","388.000000000058"
"389.31058092403526","380.999999999911"
"374.15271442267635","371.000000000075"
"370.43603407392965","372.99999999992997"
"401.3065687655645","398.000000000081"
"455.0861422142368","457.000000000011"
"398.6694719494874","434.000000000089"
"343.02710159646347","342.000000000027"
"319.29269114929417","329.9999999999994"
"305.8361611805704","283.999999999931"
"266.5182220296279","268.99999999999"
"258.8290166947567","255.00000000007"
"247.17533531747387","253.000000000028"
"245.77273043199006","249.99999999996498"
"248.40691180254944","247.000000000089"
"242.09749378328848","247.999999999923"
"247.99385731787436","253.000000000028"
"271.097315922558","295.999999999996"
"310.8799046034191","326.0000000000089"
"369.75047890643407","383.99999999997397"
"410.4561784873177","388.000000000058"
"330.94833005089777","326.9999999999925"
"315.1843755881515","321.9999999999997"
"301.6031227850283","321.9999999999997"
"335.4425718336949","320.9999999999974"
"315.70914776504674","304.999999999998"
"307.9037052546574","308.0000000000049"
"322.59592794179264","304.999999999998"
"323.41385652490595","317.0000000000069"
"332.3736143387585","325.0000000000066"
"304.55873415223454","298.0000000000006"
"293.84378269714944","276.999999999971"
"274.90770123999454","263.000000000051"
"263.6509040446874","259.999999999988"
"254.25106300121536","254.000000000049"
"241.3820952625231","245.000000000047"
"235.894792053157","236.00000000004502"
"223.72365093324666","229.999999999919"
"224.26041640520495","230.99999999994"
"228.9681692452054","232.99999999998198"
"237.73426202141928","240.999999999963"
"256.6227145850522","250.99999999998602"
"277.01945200671395","277.999999999992"
"296.11547695125495","300.0000000000052"
"309.3355948084119","315.00000000000045"
"302.4438872332557","298.0000000000006"
"290.97745779842796","288.000000000015"
"292.17576550468044","300.0000000000052"
"293.3454909169396","306.0000000000003"
"304.7654946672532","300.0000000000052"
"296.09440770841564","290.000000000057"
"296.2959171092213","291.999999999912"
"307.12325711934307","314.0"
"333.0353460954073","331.0000000000017"
"302.90461484102406","303.9999999999957"
"290.10947315019337","279.000000000013"
"266.59844901547035","272.000000000053"
"270.47184063970593","266.999999999948"
"254.70528318907367","256.000000000091"
"243.84849302622325","250.99999999998602"
"247.3521524110853","236.00000000004502"
"224.58734223411477","235.000000000024"
"230.50633221774166","225.00000000000102"
"219.02858343242443","223.99999999998"
"227.1772072552181","232.99999999998198"
"238.60810166893074","232.99999999998198"
"267.1535473937081","291.999999999912"
"343.1377658090073","341.000000000006"
"377.34224072149823","371.000000000075"
"341.0508216234069","341.000000000006"
"337.45309467068245","329.9999999999994"
"330.40289893992093","336.000000000088"
"345.6886109119016","334.000000000046"
"324.5730264311838","314.0"
"301.99939100755796","304.999999999998"
"307.4862583994962","318.9999999999928"
"331.01807159600196","335.000000000067"
"370.3791476256454","372.99999999992997"
"329.19995948691695","334.000000000046"
"298.10744791951186","291.999999999912"
"275.52210274332265","271.000000000032"
"261.9906141542451","271.000000000032"
"259.8089289844511","262.00000000003"
"250.44672177263953","256.000000000091"
"251.4157191299378","255.00000000007"
"252.0873729744396","252.000000000007"
"246.82369462195618","249.99999999996498"
"246.21154771285063","248.999999999944"
"247.8112630293109","246.00000000006798"
"251.50917633681888","246.00000000006798"
"255.0116113710065","246.00000000006798"
"250.54070259704886","252.000000000007"
"264.59174273696317","253.000000000028"
"246.9775358715881","256.000000000091"
"256.1906996946813","256.999999999925"
"261.8776039741739","256.999999999925"
"244.9527431364569","255.00000000007"
"256.37600613291147","250.99999999998602"
"250.99946676856192","247.999999999923"
"239.73434651819494","247.000000000089"
"249.95770952505075","256.000000000091"
"271.87114576737014","273.000000000074"
"273.75234341134944","267.999999999969"
"261.99578018251435","256.000000000091"
"248.02969943686372","252.000000000007"
"251.72368712277108","246.00000000006798"
"244.00649913746355","243.000000000005"
"223.54010614066158","228.000000000064"
"210.945613801585","220.999999999917"
"205.99712765668446","206.999999999997"
"198.8879536894803","197.999999999995"
"179.34630721871733","195.999999999953"
"201.77039556975566","195.999999999953"
"204.56903687155085","203.999999999934"
"212.11385784958918","212.999999999936"
"218.43656647003502","215.999999999999"
"231.30224439342794","221.99999999993798"
"237.3616527386779","229.999999999919"
"240.03615432517626","235.000000000024"
"238.21799624020917","237.000000000066"
"233.88035419128659","237.000000000066"
"236.018907224806","235.000000000024"
"235.26010481614586","236.00000000004502"
"237.5638631057043","240.999999999963"
"222.87652984986582","222.99999999995902"
"275.2064774911352","296.9999999999983"
"295.70225129266385","291.000000000078"
"270.15406109884816","275.99999999995"
"269.48330056541045","264.000000000072"
"255.33288599006113","256.000000000091"
"250.6857786821425","253.000000000028"
"236.3641367699791","247.000000000089"
"231.6221477166466","238.000000000087"
"225.21216538575217","232.99999999998198"
"229.28818607705","229.999999999919"
"228.79773277125815","226.000000000022"
"230.23578721139722","235.000000000024"
"247.30366146264984","235.000000000024"
"277.7168499195046","306.0000000000003"
"380.6782025832178","387.000000000037"
"417.5960599663972","408.999999999938"
"389.06461324475083","379.000000000056"
"378.57940307236754","377.000000000014"
"369.13063772304406","382.999999999953"
"375.09177601785444","371.999999999909"
"343.98104069130187","355.999999999947"
"347.7952381122593","347.999999999966"
"340.7522921347992","335.000000000067"
"357.34037716331494","353.000000000071"
"415.7032176919306","408.999999999938"
"440.9333147484892","448.000000000009"
"390.9865135154957","386.00000000001603"
"328.0086929594744","321.9999999999997"
"301.55133210310044","301.0000000000075"
"273.9416816239538","275.99999999995"
"270.24164645047426","265.000000000093"
"257.7754844880468","261.000000000009"
"251.49724744673358","254.000000000049"
"253.30881938101513","255.00000000007"
"255.95108383686193","256.000000000091"
"260.1700054556489","261.000000000009"
"281.6569265507737","277.999999999992"
"299.4825507022529","311.9999999999954"
"408.8559563154959","408.999999999938"
"413.2407413682029","407.999999999917"
"406.9001168597347","416.00000000008504"
"389.77980338444866","402.999999999999"
"385.5803653238439","400.999999999957"
"402.79364632369607","392.999999999976"
"400.3974551799264","389.000000000079"
"371.56919130911604","380.999999999911"
"389.388905263718","379.000000000056"
"406.5851968793537","409.999999999959"
"485.0439010930311","479.99999999993304"
"482.0172320255098","497.999999999937"
"443.263476344246","408.999999999938"
"346.8921943972008","315.00000000000045"
"292.8811146061942","314.0"
"287.88962961557235","277.999999999992"
"274.16210494388696","268.99999999999"
"272.2620375503115","270.000000000011"
"264.6683723495796","265.000000000093"
"261.7000499287056","264.000000000072"
"257.41930966474513","265.000000000093"
"268.2077880488943","274.999999999929"
"277.7387652282582","286.999999999994"
"324.31706290770825","320.9999999999974"
"430.0278295041513","431.00000000002603"
"429.9379829439531","431.00000000002603"
"410.94770455938465","408.999999999938"
"373.35462905261653","382.999999999953"
"377.69219857042685","372.99999999992997"
"354.0060297427542","353.000000000071"
"346.22993431144437","339.999999999985"
"340.04327169974533","335.000000000067"
"334.1066837798182","335.000000000067"
"338.0230044729762","345.999999999924"
"400.37550011312896","431.00000000002603"
"370.9655268349474","325.0000000000066"
"320.80280861824065","319.9999999999951"
"311.00338509381857","303.9999999999957"
"285.6001534097265","279.000000000013"
"266.70980439445657","268.99999999999"
"262.7389251094057","257.999999999946"
"257.66034278493794","262.00000000003"
"257.38026001828536","259.999999999988"
"256.7417787530038","256.999999999925"
"259.4548209320429","249.99999999996498"
"256.0937108429503","252.000000000007"
"261.4949524263077","265.000000000093"
"274.33431244213705","273.000000000074"
"278.2350088713009","274.999999999929"
"296.7060473820818","326.0000000000089"
"328.0425754081874","327.9999999999948"
"313.4321896956223","323.000000000002"
"305.8401986965987","291.000000000078"
"291.6090178905561","280.000000000034"
"271.56642852587527","279.000000000013"
"279.08139277048394","276.999999999971"
"270.3762658767703","273.999999999908"
"274.5139958496566","274.999999999929"
"263.35048178776594","271.000000000032"
"263.8291741738997","276.999999999971"
"273.39955529819883","271.000000000032"
"268.0473705416961","271.000000000032"
"260.92243898509753","265.000000000093"
"261.390400250051","258.999999999967"
"249.59891382837247","249.99999999996498"
"245.42864623955086","247.000000000089"
"242.78357043037585","245.000000000047"
"243.49866480712905","244.000000000026"
"242.73055072000147","246.00000000006798"
"253.19204526867463","255.00000000007"
"257.20455126891216","263.000000000051"
"272.44818601242537","276.999999999971"
"357.19899856293955","386.00000000001603"
"400.0415808394865","416.00000000008504"
"427.65898256643595","437.999999999986"
"385.5207536492853","408.999999999938"
"392.0979303066896","408.999999999938"
"410.7473445206443","422.000000000024"
"378.4623746719581","377.000000000014"
"355.39999749766713","354.999999999926"
"334.6873384116478","336.999999999922"
"349.8724152093596","342.000000000027"
"411.8992804889223","442.00000000007003"
"480.18801922052194","482.999999999996"
"379.05176933115655","374.999999999972"
"310.2884761464975","285.999999999973"
"281.11074017704254","280.000000000034"
"266.4079566310432","273.000000000074"
"267.20313533101364","268.99999999999"
"264.437717474921","267.999999999969"
"266.21804638720863","263.000000000051"
"259.88403487493156","262.00000000003"
"264.5951486346422","263.000000000051"
"264.09240736444036","264.000000000072"
"272.5814409946495","266.999999999948"
"281.9128335858402","271.000000000032"
"273.8354863002267","274.999999999929"
"274.25573931817894","275.99999999995"
"288.28996157270836","282.99999999991"
"277.4771817180456","291.000000000078"
"289.5374131570835","290.000000000057"
"296.1866185847705","284.999999999952"
"278.05303795708113","283.999999999931"
"270.7357799809647","282.99999999991"
"287.6274502825","288.000000000015"
"286.0220195824979","319.9999999999951"
"393.600590491023","396.000000000039"
"460.599695765912","449.00000000003"
"312.73029036715116","315.00000000000045"
"291.13534813996534","285.999999999973"
"279.48488693298617","282.000000000076"
"271.6915957480028","279.000000000013"
"269.21620525539277","274.999999999929"
"272.58778126471566","273.000000000074"
"265.69285474207356","268.99999999999"
"261.29281102150765","265.999999999927"
"263.2207239878849","259.999999999988"
"264.6744887297609","248.999999999944"
"254.51539489440103","247.999999999923"
"262.25479566775897","250.99999999998602"
"261.94249643919636","261.000000000009"
"266.7474483257848","266.999999999948"
"265.89861201458484","273.999999999908"
"272.8272896298787","279.000000000013"
"283.9069174574447","276.999999999971"
"267.8939051032685","273.999999999908"
"268.9648637984824","272.000000000053"
"268.40600721090277","272.000000000053"
"277.7634358377495","273.000000000074"
"288.8000030776285","282.000000000076"
"290.4444108475151","293.999999999954"
"278.02609259393057","289.000000000036"
"281.02148613256617","283.999999999931"
"272.1058931979859","275.99999999995"
"263.40507260925796","272.000000000053"
"266.2853664721559","266.999999999948"
"260.43345616021645","261.000000000009"
"254.56672459891274","259.999999999988"
"256.011983060545","254.000000000049"
"251.0398559865357","241.999999999984"
"241.35469665211912","238.000000000087"
"244.00960887257366","244.000000000026"
"255.63015125295823","238.999999999921"
"290.4657916598097","291.999999999912"
"371.1409366225005","371.000000000075"
"410.6582367573055","421.000000000003"
"414.00564154364474","395.000000000018"
"351.0839411178862","362.999999999907"
"333.97655584054564","336.999999999922"
"328.1598660335256","335.000000000067"
"332.6273639506068","334.000000000046"
"335.9812848537491","327.9999999999948"
"344.6049613240135","323.000000000002"
"331.2816895988895","334.000000000046"
"409.4472132549961","409.999999999959"
"353.8289574985966","352.00000000005"
"333.46096683774056","335.000000000067"
"301.59794856870815","289.000000000036"
"275.1267757688607","279.000000000013"
"260.97313486939885","267.999999999969"
"263.5000979902512","263.000000000051"
"265.2164586530941","271.000000000032"
"262.571871218174","268.99999999999"
"265.642432020903","271.000000000032"
"270.883792769563","273.000000000074"
"276.37980304211976","274.999999999929"
"298.1836650108738","280.000000000034"
"312.7204525823353","326.9999999999925"
"407.4606232614207","408.999999999938"
"406.33907521317695","452.000000000093"
"402.5734248145947","452.999999999927"
"378.73708146142144","393.999999999997"
"349.54042593634966","336.000000000088"
"309.6413126796109","333.000000000025"
"330.71107513718596","333.000000000025"
"321.2652398191167","326.9999999999925"
"325.3233282194998","326.9999999999925"
"336.34975837232133","336.000000000088"
"431.2072855950987","434.000000000089"
"410.60908307760053","423.000000000045"
"359.7541137990379","371.000000000075"
"318.7710365222339","326.9999999999925"
"320.93992390240504","296.9999999999983"
"290.84901255323257","282.99999999991"
"287.1924023274403","291.999999999912"
"283.082028949917","288.000000000015"
"287.29836714982605","285.999999999973"
"290.41438638889974","288.000000000015"
"290.1388330121821","296.9999999999983"
"313.51829912408886","323.000000000002"
"355.3776202882698","335.000000000067"
"416.1441607710184","416.999999999919"
"410.89682936661745","443.99999999992497"
"399.43954891167147","454.999999999969"
"448.8684859850078","462.99999999995"
"438.55953294774355","441.000000000049"
"419.04464913670876","434.99999999992303"
"418.624466381113","407.999999999917"
"408.267129248351","378.000000000035"
"373.77891633048796","365.99999999997"
"410.05835568027175","363.999999999928"
"425.92056304811126","424.000000000066"
"420.31756575912493","423.000000000045"
"416.69228293895026","382.999999999953"
"350.28000996710415","356.999999999968"
"334.6578534117509","339.999999999985"
"306.3749928457618","310.9999999999931"
"301.89598857530564","311.9999999999954"
"298.2015448492751","300.0000000000052"
"300.6444025071937","295.999999999996"
"303.68066414953927","300.0000000000052"
"301.6079155021295","310.9999999999931"
"323.42673039011305","323.000000000002"
"368.35707051238103","354.000000000092"
"427.3557749767968","482.999999999996"
"422.1153424540703","439.000000000007"
"411.9206163908664","416.999999999919"
"421.9755245736386","423.000000000045"
"412.21087464438733","408.999999999938"
"436.35688845280373","491.99999999999795"
"414.1248403997771","417.99999999994"
"355.6362975584334","368.000000000012"
"323.6058536561072","326.9999999999925"
"326.3136332889207","341.000000000006"
"330.60705942972163","326.0000000000089"
"316.5406592037949","312.99999999999955"
"321.06119648017267","316.0000000000046"
"318.71991434421307","318.9999999999928"
"316.83186239918217","318.9999999999928"
"371.5804940595325","386.00000000001603"
"426.00061283383513","433.000000000068"
"408.27534695508035","404.00000000002"
"401.3670463542357","401.999999999978"
"435.093751530632","434.000000000089"
"429.553254963704","431.00000000002603"
"379.4434459838376","377.000000000014"
"367.3789694789043","393.999999999997"
"336.6528767117212","328.9999999999971"
"370.86072111493934","377.000000000014"
"342.00521119907967","342.000000000027"
"333.07535233895567","331.0000000000017"
"333.5169229350551","336.000000000088"
"340.1605035968629","339.999999999985"
"330.052330758784","327.9999999999948"
"310.68935847892203","317.0000000000069"
"323.6152486872237","328.9999999999971"
"353.7821569072557","346.999999999945"
"397.08880086343095","393.999999999997"
"380.7793551831762","413.000000000022"
"387.8629577593415","380.999999999911"
"374.0099351075822","357.999999999989"
"330.5088412086276","336.000000000088"
"331.2645025095663","328.9999999999971"
"338.28246555329116","334.000000000046"
"391.05933398344047","378.000000000035"
"437.41551429149996","498.999999999958"
"454.4294481302902","386.00000000001603"
"350.3251839512524","355.999999999947"
"341.17949650379825","352.00000000005"
"322.7082516781609","323.000000000002"
"327.77504442481745","328.9999999999971"
"319.4841119775895","318.9999999999928"
"309.25177667466414","307.0000000000026"
"308.8264230407484","306.0000000000003"
"310.2964609834012","307.0000000000026"
"310.23574376601266","301.9999999999911"
"314.25332729090843","301.0000000000075"
"312.20002519573507","301.9999999999911"
"305.4253927310835","301.9999999999911"
"316.6512130497397","320.9999999999974"
"316.9981451433058","318.0000000000092"
"308.1607448877772","318.0000000000092"
"315.4630185215579","306.0000000000003"
"316.38018029255994","291.999999999912"
"295.6480689016962","291.000000000078"
"308.45146864567545","309.0000000000072"
"315.952596410931","321.9999999999997"
"385.8346456213901","386.00000000001603"
"433.1117555379504","437.999999999986"
"426.14223773399067","392.999999999976"
"340.3613788586399","338.999999999964"
"320.9994547050622","335.000000000067"
"320.4043027871739","326.0000000000089"
"313.90093530941016","318.0000000000092"
"320.3496470934031","306.0000000000003"
"301.8195211517555","303.9999999999957"
"302.3643060894462","302.9999999999934"
"311.2500544890861","299.0000000000029"
"305.2436304882751","315.00000000000045"
"326.839754039045","318.0000000000092"
"428.9232298291998","431.00000000002603"
"456.94533762222295","494.00000000004"
"409.6232273705225","392.999999999976"
"338.1138313256835","335.000000000067"
"317.8908624070129","318.0000000000092"
"336.5549341811482","323.000000000002"
"320.8176308793122","319.9999999999951"
"321.6117897694326","319.9999999999951"
"328.94979863714957","323.000000000002"
"335.1287450735848","335.000000000067"
"346.108421226295","350.000000000008"
"438.10164305838356","496.999999999916"
"415.3674712727364","398.999999999915"
"343.9476284123435","335.000000000067"
"318.06757127256833","316.0000000000046"
"329.6764600496973","323.000000000002"
"319.4382042408153","318.9999999999928"
"317.10014037854415","316.0000000000046"
"315.02101284529033","317.0000000000069"
"321.93286614272057","329.9999999999994"
"347.50239576729126","339.999999999985"
"478.678814078096","481.999999999975"
"377.7017308554178","371.999999999909"
"325.37332931105396","326.9999999999925"
"333.73291951000004","326.0000000000089"
"315.77965759635094","318.9999999999928"
"308.98064634042225","317.0000000000069"
"324.5791683959456","315.00000000000045"
"321.8084281045641","323.000000000002"
"327.7396161611049","335.000000000067"
"449.61251979714586","449.00000000003"
"421.12208085903774","446.999999999988"
"425.55994820729904","410.99999999998"
"387.3271303387372","379.000000000056"
"340.4971968738722","345.00000000009"
"317.198027916985","327.9999999999948"
"331.0967352622486","332.000000000004"
"319.83194116033815","326.0000000000089"
"326.96087324268836","325.0000000000066"
"331.8047421599684","335.000000000067"
"337.3577423590211","343.000000000048"
"363.85877101047373","368.000000000012"
"469.85789400145836","445.99999999996703"
"439.9299898277331","446.999999999988"
"441.5990118877991","445.99999999996703"
"409.9157805313405","378.000000000035"
"357.213731535208","351.000000000029"
"334.00280774700786","326.0000000000089"
"335.217022476208","335.000000000067"
"328.460072949418","329.9999999999994"
"320.7189711061966","320.9999999999974"
"316.4621421721209","314.0"
"326.46191734824134","312.99999999999955"
"310.1218375380137","311.9999999999954"
"304.5263699618032","300.0000000000052"
"300.42563684587793","310.9999999999931"
"320.7436534277538","323.000000000002"
"318.15664282250935","329.9999999999994"
"313.33056722369736","332.000000000004"
"341.82767024863773","329.9999999999994"
"334.1106773642155","325.0000000000066"
"317.0254218295749","317.0000000000069"
"322.21950356586626","312.99999999999955"
"323.6394328124471","316.0000000000046"
"333.08396000043365","325.0000000000066"
"376.42245538176013","346.999999999945"
"340.46072658165247","342.000000000027"
"346.556773752155","326.0000000000089"
"309.67162037859146","318.9999999999928"
"318.62630315148385","318.0000000000092"
"313.75945492216704","316.0000000000046"
"304.36826416562735","308.0000000000049"
"305.86432083525267","295.999999999996"
"291.6739533798443","291.000000000078"
"287.0333444634774","289.000000000036"
"286.40924006011716","285.999999999973"
"297.9935891870913","285.999999999973"
"288.0342699565907","283.999999999931"
"291.2850425733768","270.000000000011"
"270.79012624612966","267.999999999969"
"291.40652619463526","273.000000000074"
"276.3389129553123","275.99999999995"
"277.20723165881833","281.000000000055"
"288.74666528771195","285.999999999973"
"287.36452069997426","286.999999999994"
"288.65664341589337","274.999999999929"
"275.9344250212259","273.000000000074"
"277.77572009835336","277.999999999992"
"275.1925127203967","273.999999999908"
"320.024918293425","327.9999999999948"
"319.83955714197333","326.0000000000089"
"305.668835494264","326.0000000000089"
"318.1331842812194","317.0000000000069"
"323.803021502287","315.00000000000045"
"322.00957101260343","311.9999999999954"
"304.70614894166","307.0000000000026"
"315.7340798141307","306.0000000000003"
"292.3209982255117","298.0000000000006"
"301.78420700691686","298.0000000000006"
"290.8513523850698","298.0000000000006"
"308.44459706966626","307.0000000000026"
"322.56668724610984","318.0000000000092"
"396.6309008393211","407.999999999917"
"437.4219985375226","446.999999999988"
"405.2022038656895","391.999999999955"
"377.44048523338074","363.999999999928"
"356.1460648201637","344.000000000069"
"342.3767028321764","345.00000000009"
"323.8007746943048","336.999999999922"
"325.2605684574854","334.000000000046"
"340.92713037221574","346.999999999945"
"423.4720752387226","413.000000000022"
"331.24978461006936","343.000000000048"
"327.791366395453","325.0000000000066"
"299.43664560012974","317.0000000000069"
"308.35527588206384","311.9999999999954"
"310.16912492294824","308.0000000000049"
"296.08976899389774","295.999999999996"
"271.97297718524186","291.000000000078"
"289.2019828670685","284.999999999952"
"280.5744230043239","284.999999999952"
"279.1693918862461","285.999999999973"
"296.0376091211721","294.999999999975"
"290.37394824007276","303.9999999999957"
"319.27615214308537","315.00000000000045"
"362.84363435227897","350.000000000008"
"401.2657527695507","389.99999999991303"
"396.3556323919669","347.999999999966"
"346.4404348921731","338.999999999964"
"335.9478593437756","331.0000000000017"
"327.12367041701634","321.9999999999997"
"326.7476848917695","318.9999999999928"
"312.68842005607","316.0000000000046"
"311.11676480679597","311.9999999999954"
"309.3471497292954","310.9999999999931"
"311.93944288910603","317.0000000000069"
"316.17525976709595","314.0"
"317.3953640253633","304.999999999998"
"284.24600912280795","295.999999999996"
"288.93426737750656","288.000000000015"
"270.0898461846485","276.999999999971"
"264.9607398600659","253.000000000028"
"243.57041482002086","248.999999999944"
"233.81217303439098","230.99999999994"
"228.26380377806146","226.000000000022"
"221.52507947395074","229.999999999919"
"241.2728462902652","239.99999999994202"
"248.10027458116804","237.000000000066"
"269.13162638863935","270.000000000011"
"299.07478164309634","300.0000000000052"
"312.1255662448355","310.9999999999931"
"294.15030519385846","301.0000000000075"
"287.7815928520905","294.999999999975"
"289.01810886564516","290.000000000057"
"283.9091844261658","285.999999999973"
"283.3814095287603","282.99999999991"
"282.65679069189594","282.000000000076"
"295.19565097539225","282.99999999991"
"291.6655053472681","285.999999999973"
"305.5987451306793","314.0"
"309.077935354313","317.0000000000069"
"287.1824790166639","311.9999999999954"
"304.893994033228","298.0000000000006"
"284.8857494863656","288.000000000015"
"278.31559756564627","283.999999999931"
"272.1883294291466","276.999999999971"
"288.9331817013343","279.000000000013"
"269.59705560284453","279.000000000013"
"273.45612848547944","280.000000000034"
"278.9210435859856","282.99999999991"
"285.5885774185631","299.0000000000029"
"323.1914647343734","318.9999999999928"
"382.5829819106001","379.000000000056"
"463.92045440868134","478.000000000078"
"445.59757940396327","460.999999999908"
"402.293451998136","379.000000000056"
"357.05615738536125","363.999999999928"
"349.9556326300185","339.999999999985"
"339.053989187829","328.9999999999971"
"313.3559202433447","316.0000000000046"
"328.57413213846297","326.0000000000089"
"380.337977479463","373.999999999951"
"343.4302911355448","335.000000000067"
"310.94777819591565","301.0000000000075"
"283.36219966097275","288.000000000015"
"283.84351744714314","282.99999999991"
"279.10856359561814","276.999999999971"
"273.95751526336784","270.000000000011"
"271.15680237024173","264.000000000072"
"256.40996324342234","258.999999999967"
"254.36331409202978","256.999999999925"
"252.7556012676124","261.000000000009"
"269.8045123215446","265.000000000093"
"259.2865195754456","271.000000000032"
"283.5972139126179","290.000000000057"
"312.88126827018556","321.9999999999997"
"338.52495177406007","344.000000000069"
"309.5449330017616","314.0"
"298.188964016164","296.9999999999983"
"295.922196970521","296.9999999999983"
"299.2709070660803","293.999999999954"
"296.8793940000472","291.999999999912"
"286.54711663474274","293.999999999954"
"301.3375561685626","286.999999999994"
"288.5616124191799","292.999999999933"
"372.30020719106676","391.999999999955"
"336.7243662569227","323.000000000002"
"305.22942795836724","318.0000000000092"
"306.736686092833","301.0000000000075"
"289.28315804038414","282.000000000076"
"259.98116505071084","276.999999999971"
"269.9093844499502","273.000000000074"
"266.75689625743394","271.000000000032"
"267.4879029462849","264.000000000072"
"259.2182747429188","262.00000000003"
"264.02250876242556","261.000000000009"
"266.1509201508881","262.00000000003"
"264.16964362724764","262.00000000003"
"285.35384116278885","261.000000000009"
"264.5513241402924","261.000000000009"
"270.03121367251833","263.000000000051"
"258.860309638066","265.000000000093"
"265.0312852919952","265.999999999927"
"268.3179673326267","264.000000000072"
"263.45479420370106","261.000000000009"
"254.8140282930075","259.999999999988"
"250.50998951975185","257.999999999946"
"251.20703922871138","257.999999999946"
"259.94736775465555","261.000000000009"
"263.7147166714093","266.999999999948"
"261.59567334428505","267.999999999969"
"261.01001232594064","265.000000000093"
"266.58999254087615","262.00000000003"
"260.0208733046336","253.000000000028"
"261.256372934006","255.00000000007"
"254.81540354011165","243.000000000005"
"234.75178833420563","231.999999999961"
"232.51356626203622","227.000000000043"
"226.1641618207247","221.99999999993798"
"234.35395756850852","223.99999999998"
"231.4774751556342","228.000000000064"
"241.60625606476725","237.000000000066"
"249.59964726074693","237.000000000066"
"242.07704914282658","235.000000000024"
"240.08594158650945","232.99999999998198"
"247.4417142778916","254.000000000049"
"253.4191131691215","261.000000000009"
"262.65779985049016","258.999999999967"
"249.3022368597234","241.999999999984"
"237.33461178530234","222.99999999995902"
"218.32841040625578","210.00000000006"
"225.7326754691498","209.000000000039"
"208.16927957395134","208.000000000018"
"316.30299572024956","311.9999999999954"
"281.76475943277643","274.999999999929"
"263.7405103294775","272.000000000053"
"269.5487749474754","267.999999999969"
"265.96702322241936","266.999999999948"
"262.44780866628827","262.00000000003"
"253.6522509496985","256.999999999925"
"254.7339074306511","256.999999999925"
"253.22245569081042","255.00000000007"
"252.15486686083108","256.999999999925"
"263.2024036842132","261.000000000009"
"268.7198787656004","266.999999999948"
"271.4234852120643","273.999999999908"
"295.19232487318516","293.999999999954"
"413.8426625087557","482.999999999996"
"452.5386049957642","452.000000000093"
"396.16596991856125","378.000000000035"
"330.37833493538085","318.9999999999928"
"294.7366824831621","293.999999999954"
"288.61585753430114","283.999999999931"
"280.6448904746402","280.000000000034"
"276.29536898104993","283.999999999931"
"270.40114227236865","263.000000000051"
"248.1635712762388","227.000000000043"
"320.92652252980406","326.0000000000089"
"293.01654405131995","279.000000000013"
"271.0215195042472","272.000000000053"
"268.93450015926504","267.999999999969"
"264.9708154115093","263.000000000051"
"253.07725074597033","256.000000000091"
"246.62514976169388","241.999999999984"
"244.87177000640924","229.999999999919"
"222.2618408566504","227.000000000043"
"229.89975259493332","227.000000000043"
"226.4193939426719","229.999999999919"
"242.009370536147","238.000000000087"
"251.97715580107283","238.999999999921"
"263.6519868781983","259.999999999988"
"274.0269776520949","272.000000000053"
"282.0054621722015","276.999999999971"
"271.9864580708122","275.99999999995"
"273.69475358439274","276.999999999971"
"281.9459271508328","275.99999999995"
"281.5272953065747","274.999999999929"
"275.1695187708526","273.999999999908"
"278.1368657665852","273.999999999908"
"280.6758776747912","273.999999999908"
"280.14347839062793","277.999999999992"
"324.8899814870597","327.9999999999948"
"305.1968525179483","334.000000000046"
"319.5024325883969","318.9999999999928"
"298.98577403398696","282.000000000076"
"276.39956527083916","275.99999999995"
"270.721463769251","267.999999999969"
"260.4618593795429","261.000000000009"
"251.91718379729676","243.000000000005"
"237.85263602597502","239.99999999994202"
"236.31533565022542","237.000000000066"
"246.12216531638649","240.999999999963"
"236.0135734450268","247.000000000089"
"249.98905487954647","247.999999999923"
"265.13046857547613","261.000000000009"
"293.62572193117796","270.000000000011"
"272.34373307585446","272.000000000053"
"262.0492599961262","267.999999999969"
"271.6527472516972","266.999999999948"
"269.26957841300504","265.000000000093"
"260.1360151765807","263.000000000051"
"259.7395363302479","262.00000000003"
"256.8583429268587","261.000000000009"
"252.58585298659045","257.999999999946"
"258.7506073167157","256.999999999925"
"266.59573313829486","263.000000000051"
"254.42812871826965","263.000000000051"
"256.8664731451528","258.999999999967"
"254.03369555858433","252.000000000007"
"245.2514019724265","243.000000000005"
"239.15251321925055","229.999999999919"
"213.38428501166686","211.000000000081"
"183.6890444602274","152.999999999985"
"164.01583062919266","154.000000000006"
"211.39277905182604","208.000000000018"
"217.26768276764147","231.999999999961"
"249.07585046746846","247.999999999923"
"249.66717513268276","252.000000000007"
"248.38657234631458","252.000000000007"
"253.96950304955388","252.000000000007"
"247.1746618557325","248.999999999944"
"238.7978194671686","246.00000000006798"
"237.86204854471367","243.000000000005"
"233.31014280679318","243.000000000005"
"244.47492783338214","243.000000000005"
"239.7942667578217","246.00000000006798"
"244.84037365228573","255.00000000007"
"252.75212813283895","256.999999999925"
"246.67820129313162","255.00000000007"
"252.8047423646968","249.99999999996498"
"248.67510879284617","245.000000000047"
"241.9497605967589","238.000000000087"
"223.8468932878318","227.000000000043"
"210.26768946677208","217.00000000002"
"203.74709743320005","219.00000000006202"
"211.95630602109927","213.999999999957"
"208.9850984423478","214.999999999978"
"209.22745904384794","215.999999999999"
"215.86058793759403","226.000000000022"
"240.48268625218037","237.000000000066"
"243.24931640886498","249.99999999996498"
"250.9330227237068","253.000000000028"
"257.4725873917294","250.99999999998602"
"255.1305327341074","248.999999999944"
"242.58299182320297","246.00000000006798"
"240.2677811259962","240.999999999963"
"231.9138498940817","236.00000000004502"
"236.576625490698","230.99999999994"
"231.13672768359842","229.00000000008498"
"228.86117676605588","229.999999999919"
"235.90031382197702","240.999999999963"
"251.8246077528509","245.000000000047"
"235.22454658353615","243.000000000005"
"237.55817474697685","235.000000000024"
"229.68889100067733","227.000000000043"
"219.49115112713616","221.99999999993798"
"206.88701370759713","220.000000000083"
"230.57704269637918","225.00000000000102"
"220.44925281705463","220.999999999917"
"213.94959123744292","219.00000000006202"
"216.96724528442604","218.00000000004098"
"213.73781868635956","219.00000000006202"
"221.58259205187724","221.99999999993798"
"221.5050134313131","221.99999999993798"
"224.65130884543527","220.999999999917"
"225.1080197077119","222.99999999995902"
"235.7222200811869","226.000000000022"
"226.0265375978242","229.999999999919"
"226.77553354484212","228.000000000064"
"219.95665359374328","225.00000000000102"
"224.50531572625027","223.99999999998"
"219.59538251056046","223.99999999998"
"218.5691552653622","227.000000000043"
"229.23123553345303","230.99999999994"
"246.96932840783091","246.00000000006798"
"253.22236692189898","250.99999999998602"
"239.05026967583626","247.999999999923"
"237.1848301655802","239.99999999994202"
"234.38136375760658","241.999999999984"
"238.3859377685942","239.99999999994202"
"227.22876426795602","238.999999999921"
"228.3952241061265","244.000000000026"
"241.936602408001","234.000000000003"
"230.61689115735186","225.00000000000102"
"226.29552445160132","228.000000000064"
"231.11248015658379","236.00000000004502"
"238.63746298397916","245.000000000047"
"252.71241387620088","237.000000000066"
"237.3105832830476","234.000000000003"
"239.61195345971376","254.000000000049"
"251.63039263701518","279.000000000013"
"305.8359804381357","316.0000000000046"
"370.1460853472473","373.999999999951"
"375.42849989805774","380.999999999911"
"334.73151942681625","343.000000000048"
"316.58734521388766","320.9999999999974"
"307.2049425403137","298.0000000000006"
"297.3387324712491","282.99999999991"
"370.23103271458","319.9999999999951"
"397.88590940460114","408.999999999938"
"470.8878624284537","498.999999999958"
"451.44928484399054","468.000000000055"
"409.46107148214554","410.99999999998"
"324.5562927261112","326.9999999999925"
"309.37956012107844","323.000000000002"
"302.18670441422944","309.0000000000072"
"267.63710000553186","256.000000000091"
"252.40354813509822","252.000000000007"
"242.40183057279646","252.000000000007"
"251.7795321763455","248.999999999944"
"268.1581304446087","262.00000000003"
"285.3823839385441","326.0000000000089"
"446.5983687825177","431.00000000002603"
"438.1329853154844","443.99999999992497"
"396.3082708281894","412.000000000001"
"402.6129614670127","386.00000000001603"
"366.0342456227454","363.999999999928"
"338.04799470106093","332.000000000004"
"324.6188606778305","361.000000000052"
"328.25142104748267","342.000000000027"
"329.4120861001803","334.000000000046"
"325.71777066574424","334.000000000046"
"376.03732188619995","383.99999999997397"
"469.58293045261837","482.999999999996"
"453.5965850835738","486.000000000059"
"412.2885162505612","381.999999999932"
"363.50655402285616","364.999999999949"
"309.59657493112513","324.0000000000043"
"295.41721258690586","291.000000000078"
"257.9570756180278","243.000000000005"
"238.5822277231048","238.999999999921"
"236.22005070701994","237.000000000066"
"246.27231912674756","238.000000000087"
"249.10917832364782","244.000000000026"
"238.76656885957973","246.00000000006798"
"257.06826132943917","249.99999999996498"
"254.99625366410694","257.999999999946"
"261.91425178678617","259.999999999988"
"266.81732072810223","257.999999999946"
"255.7185120170623","255.00000000007"
"254.50644715653803","253.000000000028"
"242.87223999368868","253.000000000028"
"247.3308730296664","252.000000000007"
"257.4909130334481","250.99999999998602"
"250.12924915116452","249.99999999996498"
"246.28289659283553","249.99999999996498"
"272.38736670533126","256.999999999925"
"260.80215865732845","274.999999999929"
"273.28006593865547","256.999999999925"
"258.7271509030057","253.000000000028"
"244.4875934762258","249.99999999996498"
"241.35945421581343","246.00000000006798"
"252.24957620238285","240.999999999963"
"242.85650140390294","232.99999999998198"
"228.30010164361065","225.00000000000102"
"223.9540565236827","223.99999999998"
"223.94659537719747","239.99999999994202"
"245.66305030737635","246.00000000006798"
"256.8697896865934","247.999999999923"
"258.6787465530738","256.000000000091"
"288.0631990332529","324.0000000000043"
"328.14627762942513","371.000000000075"
"354.88045549246306","383.99999999997397"
"392.337588635112","390.999999999934"
"393.7888295642498","399.999999999936"
"363.115957393131","354.999999999926"
"321.3342609412799","342.000000000027"
"324.4102796731005","325.0000000000066"
"318.3406501672239","324.0000000000043"
"314.79455289980785","324.0000000000043"
"358.1597617439398","389.99999999991303"
"468.4246625671915","479.99999999993304"
"368.4913569113967","354.999999999926"
"328.86830558282963","355.999999999947"
"323.33368295579254","301.9999999999911"
"264.3956112244592","263.000000000051"
"248.0410300564473","240.999999999963"
"238.20610873268987","234.000000000003"
"229.36131443930356","229.00000000008498"
"224.80522918292078","227.000000000043"
"228.8441544591352","229.999999999919"
"238.07939557838301","239.99999999994202"
"242.45120115914625","241.999999999984"
"246.8835341926016","249.99999999996498"
"314.33422363214567","316.0000000000046"
"320.27455139606934","320.9999999999974"
"322.7035831540114","317.0000000000069"
"314.34881913335624","317.0000000000069"
"318.117683958223","316.0000000000046"
"298.66366100845755","295.999999999996"
"281.5481320541234","299.0000000000029"
"280.54579690206253","265.000000000093"
"264.0599778569305","263.000000000051"
"264.11992676596384","249.99999999996498"
"304.15077556069576","294.999999999975"
"319.51821687958164","316.0000000000046"
"312.1277789615197","285.999999999973"
"266.4586243596562","263.000000000051"
"251.03984513450277","246.00000000006798"
"241.73278485607509","238.999999999921"
"225.0021429407814","231.999999999961"
"215.8274538291172","225.00000000000102"
"213.00648867301624","220.999999999917"
"218.44634641681995","218.00000000004098"
"223.95765233163306","226.000000000022"
"226.81705174136795","235.000000000024"
"251.30019676160745","238.000000000087"
"246.14474834100164","256.999999999925"
"282.28169847353183","309.9999999999908"
"309.023968375187","312.99999999999955"
"317.8595612985514","315.00000000000045"
"315.2500802623227","312.99999999999955"
"320.140328668515","311.9999999999954"
"324.47772221313664","312.99999999999955"
"306.00355685460374","309.9999999999908"
"303.4505230421074","309.0000000000072"
"312.35544330210274","309.0000000000072"
"311.893873685992","309.9999999999908"
"386.0168942094049","386.00000000001603"
"451.15035819422906","449.00000000003"
"404.5854096325658","428.99999999998397"
"322.7554317433702","311.9999999999954"
"290.0661631543591","292.999999999933"
"254.47895253647158","238.999999999921"
"228.86235561820558","238.000000000087"
"241.54392290693906","238.000000000087"
"232.6652640648243","235.000000000024"
"229.4905345712061","234.000000000003"
"239.76788407208159","234.000000000003"
"239.3223679803128","234.000000000003"
"230.84899729259908","231.999999999961"
"233.78110288381384","229.00000000008498"
"234.73424569147025","230.99999999994"
"236.92330531749974","235.000000000024"
"237.16246589790674","238.999999999921"
"244.63772254749227","238.999999999921"
"237.3627436297229","238.000000000087"
"236.36871994097146","231.999999999961"
"232.27115341980817","226.000000000022"
"232.74779921615436","227.000000000043"
"228.99676954059015","229.00000000008498"
"237.77984184839448","232.99999999998198"
"264.98815060214383","240.999999999963"
"246.73704367799223","245.000000000047"
"241.5099838996538","241.999999999984"
"238.36307049828778","238.000000000087"
"236.1767973015604","237.000000000066"
"233.66885978062425","232.99999999998198"
"225.44736131042387","234.000000000003"
"216.58009725287002","230.99999999994"
"230.22856912418845","226.000000000022"
"223.22013441631879","220.000000000083"
"219.34000228244406","223.99999999998"
"229.87116221286598","223.99999999998"
"228.1125940534198","230.99999999994"
"244.55865703273724","223.99999999998"
"235.8019450551243","225.00000000000102"
"231.98707753954704","236.00000000004502"
"242.56391893132903","238.999999999921"
"242.72457763755","239.99999999994202"
"231.0420088821113","239.99999999994202"
"233.96857006779632","238.000000000087"
"224.19578249087448","237.000000000066"
"236.12102977524614","236.00000000004502"
"232.49182190524016","236.00000000004502"
"244.7837818025277","238.000000000087"
"248.046036839186","245.000000000047"
"259.5680166394252","281.000000000055"
"266.6246421110007","253.000000000028"
"244.3339869771242","248.999999999944"
"241.4182727139863","246.00000000006798"
"242.6714706504253","241.999999999984"
"231.9215555730155","238.000000000087"
"227.6698238159654","231.999999999961"
"227.78370698894457","222.99999999995902"
"220.21318056218786","215.999999999999"
"219.37799540544458","203.999999999934"
"210.81881479457434","211.000000000081"
"218.01192600286805","201.00000000005798"
"223.37562281845493","264.000000000072"
"295.3305709973707","298.0000000000006"
"346.2259653766718","368.000000000012"
"351.2583845488168","348.999999999987"
"327.09421044608416","327.9999999999948"
"318.3694184806806","298.0000000000006"
"288.37903280771724","265.999999999927"
"262.1437945677892","256.000000000091"
"247.3234620798553","254.000000000049"
"251.7705310940656","250.99999999998602"
"256.703830867497","248.999999999944"
"266.8954808685149","281.000000000055"
"320.48535120055635","351.000000000029"
"298.0501699228527","289.000000000036"
"270.3864700723713","250.99999999998602"
"247.22814313906923","245.000000000047"
"236.11541716048666","239.99999999994202"
"233.05502796795255","237.000000000066"
"243.22376751719423","234.000000000003"
"234.5990948170083","232.99999999998198"
"231.0353644676826","230.99999999994"
"238.11167969116354","234.000000000003"
"231.55151323682355","236.00000000004502"
"240.6775351274419","238.000000000087"
"252.67027986438575","243.000000000005"
"263.5753161748312","292.999999999933"
"303.3182814101513","316.0000000000046"
"302.0897786356919","290.000000000057"
"285.81506305438523","270.000000000011"
"270.68011911138524","256.999999999925"
"251.76170221041062","253.000000000028"
"247.9399310185171","249.99999999996498"
"252.78201934186956","248.999999999944"
"254.19321684294255","248.999999999944"
"259.3588969185488","247.999999999923"
"261.9639357977967","254.000000000049"
"269.3996634935341","285.999999999973"
"272.35163279995135","258.999999999967"
"247.86286350296987","249.99999999996498"
"244.64385099564274","245.000000000047"
"244.13157281010768","239.99999999994202"
"231.38805561047445","236.00000000004502"
"226.72038665735244","225.00000000000102"
"218.98257833118723","225.00000000000102"
"220.22675752438806","222.99999999995902"
"219.98777528957459","223.99999999998"
"231.52020665771857","225.00000000000102"
"229.31561086177942","225.00000000000102"
"246.98242763457029","237.000000000066"
"251.1703245253141","247.999999999923"
"275.58880410434756","258.999999999967"
"249.51077950120265","245.000000000047"
"246.5551251654322","243.000000000005"
"230.1744151004504","239.99999999994202"
"242.5167385174185","236.00000000004502"
"234.12822343943088","238.000000000087"
"239.42599926726456","232.99999999998198"
"233.2752919167462","230.99999999994"
"224.59078428907412","236.00000000004502"
"252.74217885357734","238.999999999921"
"260.5848109684558","241.999999999984"
"233.66745765752637","240.999999999963"
"240.01301946113688","238.999999999921"
"233.53359122318676","236.00000000004502"
"236.06908688507733","229.999999999919"
"219.77544540291103","225.00000000000102"
"218.9414873515363","220.000000000083"
"213.5902130604577","217.00000000002"
"213.64332551796377","214.999999999978"
"214.36826439531418","218.00000000004098"
"226.4989113763502","222.99999999995902"
"226.91032623249748","226.000000000022"
"243.93539412842256","238.000000000087"
"255.06213243884508","247.999999999923"
"278.7576636362524","275.99999999995"
"271.26203847371687","270.000000000011"
"270.28504801841586","262.00000000003"
"264.68277175536076","250.99999999998602"
"244.2691818240878","247.999999999923"
"244.86648822865956","247.000000000089"
"250.1130640227962","244.000000000026"
"249.63762007961674","241.999999999984"
"253.4818964231189","241.999999999984"
"250.6179158083174","247.999999999923"
"271.35038199144964","309.9999999999908"
"294.4538681555489","279.000000000013"
"254.99763963864797","248.999999999944"
"243.30249875825734","243.000000000005"
"243.54402794326955","238.000000000087"
"230.6082356372219","234.000000000003"
"233.3838153891575","229.00000000008498"
"221.66131771980577","226.000000000022"
"223.42931171798335","225.00000000000102"
"225.8840405709352","225.00000000000102"
"230.4976871985545","226.000000000022"
"230.93418675493427","228.000000000064"
"246.35844503921336","238.000000000087"
"249.65392698652226","250.99999999998602"
"271.00194771357474","256.999999999925"
"262.7649590105664","249.99999999996498"
"250.25401445691807","244.000000000026"
"244.4890705647242","239.99999999994202"
"237.61635075569268","236.00000000004502"
"237.72043857892703","231.999999999961"
"232.4883602940152","229.999999999919"
"221.52181359815611","225.00000000000102"
"221.91610084654576","223.99999999998"
"233.95893240442987","229.999999999919"
"245.3901855136838","234.000000000003"
"231.07350505521777","231.999999999961"
"224.11586046460542","227.000000000043"
"225.37262334736045","220.999999999917"
"217.88554189382324","213.999999999957"
"197.50147223382368","210.00000000006"
"205.86437832422013","214.999999999978"
"215.13606950055294","208.000000000018"
"212.1937616792726","206.999999999997"
"211.46029935717488","206.999999999997"
"218.76700635958025","210.00000000006"
"212.2384836262108","215.999999999999"
"218.1320393858193","217.00000000002"
"225.69941033226593","220.999999999917"
"230.75379015788434","222.99999999995902"
"236.6263739860736","227.000000000043"
"237.76765794335455","225.00000000000102"
"226.5778498963109","221.99999999993798"
"221.29680937097086","213.999999999957"
"210.95619129733007","206.999999999997"
"197.8595892428234","202.999999999913"
"211.1725231062562","202.000000000079"
"213.31547919124063","204.99999999995498"
"218.59909030918394","213.999999999957"
"232.13321675965895","225.00000000000102"
"231.52315861942378","223.99999999998"
"230.7529369112013","215.999999999999"
"204.44203261089223","210.00000000006"
"199.64298662702885","202.999999999913"
"193.40522766530233","201.00000000005798"
"200.82788369181185","184.999999999909"
"148.233193630192","147.00000000004601"
"140.26737853321575","129.000000000042"
"145.98144367027294","154.000000000006"
"152.4148466043853","167.000000000092"
"177.90364655769662","175.00000000007302"
"188.87092231449148","175.00000000007302"
"191.77201246791736","178.99999999997"
"204.05822270741044","202.999999999913"
"217.38565170342923","220.000000000083"
"230.09634551150955","222.99999999995902"
"225.71307124142092","221.99999999993798"
"218.55980760974091","215.999999999999"
"212.0831246219387","211.000000000081"
"204.05849691975328","202.999999999913"
"210.31357915759511","201.00000000005798"
"209.74384089899408","205.999999999976"
"214.49342918485837","215.999999999999"
"228.4827649371193","229.999999999919"
"231.35708026868525","229.00000000008498"
"225.74339505825296","222.99999999995902"
"210.75509529917557","213.999999999957"
"204.46659898186704","205.999999999976"
"188.10678120920977","202.000000000079"
"204.25533551524958","195.999999999953"
"183.21573267916696","193.99999999991098"
"195.41547291031839","193.000000000077"
"186.42845345206243","188.999999999993"
"190.88294644486763","194.99999999993202"
"202.86823619733647","213.999999999957"
"227.79324637082104","226.000000000022"
"233.32693127726031","244.000000000026"
"255.51498046801655","247.000000000089"
"252.26818713561465","244.000000000026"
