"DataEntries: 8756, TestEntries: 24, Epochs: 3000, UseTestData: true, LimitEntries: true, Firstlayer#: 11, SecondLayer: true, SecondLayer#: 23, Predict: true, Curvebehaviour: false, Stacksize: 6, useLastXDays: false, Max: 501.0, Min: 127.0, Curve behaviour: false, Historical: true, useAverage: false, priceStack24, Skewness: false, SkewStack: 24",", useNewMethod: false"
"Range: 6567 to 8756"
"Actual","Ideal"
"266.68040966774754","273.999999999908"
"234.5032671417203","268.99999999999"
"253.92478180093522","266.999999999948"
"262.9647068628599","263.000000000051"
"256.1882105427173","264.000000000072"
"263.8905350791314","258.999999999967"
"248.039548824497","259.999999999988"
"269.96446745413675","271.000000000032"
"296.21699179851976","281.000000000055"
"305.376566729837","293.999999999954"
"300.5890864693165","293.999999999954"
"313.4508831198208","289.000000000036"
"295.6286693646327","289.000000000036"
"293.2129948277476","294.999999999975"
"281.9823244432477","293.999999999954"
"277.8507135815408","294.999999999975"
"269.9937508152803","294.999999999975"
"305.106022282742","298.0000000000006"
"310.5490491662415","301.0000000000075"
"306.98957266004544","301.0000000000075"
"307.4020898277276","294.999999999975"
"287.6205573304868","288.000000000015"
"280.2531904984656","282.000000000076"
"249.4146894525627","281.000000000055"
"266.9716688685034","276.999999999971"
"235.2486242980902","268.99999999999"
"253.8113624435763","263.000000000051"
"257.32841074750473","259.999999999988"
"249.4226503877744","259.999999999988"
"254.98550633437992","257.999999999946"
"252.71477183851323","259.999999999988"
"268.82302907584113","273.999999999908"
"294.47275871073106","286.999999999994"
"341.23701265088647","323.000000000002"
"324.1094035893622","324.0000000000043"
"329.69850028255007","301.9999999999911"
"306.0489658485044","296.9999999999983"
"312.8408589752395","312.99999999999955"
"301.45130774897007","309.0000000000072"
"335.5606917841023","309.0000000000072"
"320.6338417357322","317.0000000000069"
"326.99122467941066","336.000000000088"
"362.5954230570089","364.999999999949"
"415.6184313627915","379.000000000056"
"392.9115450524073","319.9999999999951"
"296.0404302904184","295.999999999996"
"291.0602428694564","291.000000000078"
"295.9988552317446","289.000000000036"
"276.5036002739737","282.99999999991"
"271.78542138864015","273.999999999908"
"253.92663487416013","259.999999999988"
"256.48429513864306","259.999999999988"
"252.515035595893","249.99999999996498"
"262.3210727267777","246.00000000006798"
"244.01260954919525","256.000000000091"
"267.78189842480856","273.000000000074"
"328.24741284086036","291.999999999912"
"362.7076116502124","343.000000000048"
"380.505779881575","345.999999999924"
"365.9350872938323","319.9999999999951"
"321.88665314724824","315.00000000000045"
"341.85850831561254","326.0000000000089"
"310.66191047359297","334.000000000046"
"297.1915595408815","335.000000000067"
"327.9270083154552","327.9999999999948"
"344.90059475849904","323.000000000002"
"343.27685693295854","329.9999999999994"
"325.2130603220562","318.0000000000092"
"272.0408044045813","293.999999999954"
"272.5917484839771","284.999999999952"
"289.1939223389726","277.999999999992"
"244.46294158627578","274.999999999929"
"264.77151302831237","267.999999999969"
"235.4395795455255","258.999999999967"
"192.53079839244805","227.000000000043"
"200.88697232616897","201.00000000005798"
"198.3081040836612","197.999999999995"
"183.61393600637373","212.999999999936"
"216.90057910718514","222.99999999995902"
"234.35713726198287","256.000000000091"
"238.11026255709942","271.000000000032"
"306.1117520639233","284.999999999952"
"283.0800207925793","288.000000000015"
"286.8324235217491","286.999999999994"
"289.1055412066145","285.999999999973"
"264.7717546717457","284.999999999952"
"241.24762472130334","282.99999999991"
"230.68840371988796","279.000000000013"
"267.05976517145047","281.000000000055"
"289.512741973667","284.999999999952"
"262.3623235221582","286.999999999994"
"287.7543466330974","285.999999999973"
"229.96345558584323","280.000000000034"
"266.2129703343183","272.000000000053"
"273.68301419952144","266.999999999948"
"232.98617403255406","264.000000000072"
"249.69485175391827","261.000000000009"
"234.64783760284146","256.000000000091"
"192.53079838075368","249.99999999996498"
"233.54942717702653","232.99999999998198"
"225.26592901519325","226.000000000022"
"201.6235012044073","225.00000000000102"
"216.94552644919594","234.000000000003"
"242.14839320790801","240.999999999963"
"239.0901501500378","245.000000000047"
"290.07312740443126","249.99999999996498"
"251.6276285829107","252.000000000007"
"265.3512890431568","256.000000000091"
"253.01196466514247","258.999999999967"
"256.61143837116754","259.999999999988"
"241.33415188319537","258.999999999967"
"216.66177886790769","257.999999999946"
"255.34292576045812","259.999999999988"
"266.7885611897574","266.999999999948"
"269.3220948421746","272.000000000053"
"274.6197573332008","275.99999999995"
"265.1935179333742","271.000000000032"
"247.65758843623814","266.999999999948"
"257.4713454490252","262.00000000003"
"234.3752010584505","259.999999999988"
"247.62922600271753","256.000000000091"
"236.05045563633684","254.000000000049"
"253.92124985453364","255.00000000007"
"246.8860725396317","252.000000000007"
"243.53499084110382","243.000000000005"
"219.7884452226272","238.999999999921"
"226.0624552628675","253.000000000028"
"257.49144790715394","250.99999999998602"
"240.0147254805807","258.999999999967"
"271.05683963971927","261.000000000009"
"250.75078032099827","262.00000000003"
"260.4150759552906","264.000000000072"
"265.76582420170166","267.999999999969"
"274.98023517875015","271.000000000032"
"263.80663935395756","271.000000000032"
"270.29996010585074","272.000000000053"
"268.52893217041","273.999999999908"
"280.3130455376678","282.99999999991"
"285.53043363491855","286.999999999994"
"291.1129581544033","286.999999999994"
"275.17527850456185","283.999999999931"
"266.1407516103595","277.999999999992"
"265.652305600604","273.000000000074"
"248.19140389604732","270.000000000011"
"257.3235546989618","263.000000000051"
"231.3378388601568","257.999999999946"
"253.9240098846545","256.000000000091"
"247.07137161841732","253.000000000028"
"243.54532521067117","252.000000000007"
"235.0464813868701","230.99999999994"
"226.50086817898668","239.99999999994202"
"249.52333787340274","264.000000000072"
"243.53485462118988","309.0000000000072"
"347.29780934117406","375.999999999993"
"345.4531781420502","291.999999999912"
"288.7334221784565","290.000000000057"
"293.56503331574453","289.000000000036"
"291.22939421144406","290.000000000057"
"281.012739797564","289.000000000036"
"292.1984764324007","289.000000000036"
"268.76905967235564","300.0000000000052"
"301.3933548604399","407.999999999917"
"405.80231007766656","375.999999999993"
"401.10324596922794","335.000000000067"
"316.98503551491496","290.000000000057"
"333.6662545382939","283.999999999931"
"275.2095691293144","275.99999999995"
"278.14567369443176","271.000000000032"
"260.6594063787708","264.000000000072"
"228.9613649627646","256.000000000091"
"253.92473469369676","255.00000000007"
"247.17978363135882","249.99999999996498"
"240.11257640267468","240.999999999963"
"216.37446081621897","213.999999999957"
"216.9208457776062","215.999999999999"
"227.68536751312044","277.999999999992"
"239.09068126148748","300.0000000000052"
"334.55411902510355","343.000000000048"
"332.19605954838323","283.999999999931"
"277.327938463246","276.999999999971"
"275.83028723535074","277.999999999992"
"268.49720456026176","274.999999999929"
"264.63440181606717","300.0000000000052"
"275.350425318396","290.000000000057"
"268.87840282600723","304.999999999998"
"344.59235423309764","347.999999999966"
"348.2632082724702","348.999999999987"
"318.5687955546879","284.999999999952"
"275.0515010229472","279.000000000013"
"278.0368358739287","273.999999999908"
"268.9438707450712","267.999999999969"
"265.2533247678277","265.999999999927"
"252.12829883459074","257.999999999946"
"234.8696085838057","246.00000000006798"
"192.53079809952192","234.000000000003"
"218.70215712859834","196.999999999974"
"195.6039562084713","202.000000000079"
"184.72003710260353","175.999999999907"
"210.66232242242535","209.000000000039"
"222.92394257484756","250.99999999998602"
"239.0903696211193","263.000000000051"
"302.798021731709","274.999999999929"
"259.35343938390827","276.999999999971"
"280.8815486426458","273.000000000074"
"273.904527695131","273.999999999908"
"263.6130240846515","273.999999999908"
"265.1800604351138","273.000000000074"
"273.2105295280049","277.999999999992"
"268.6476280459517","284.999999999952"
"289.20741216581234","288.000000000015"
"280.78325517301334","289.000000000036"
"296.8806852708322","289.000000000036"
"275.54997586090764","282.99999999991"
"265.6235450367366","273.000000000074"
"259.11377764391665","265.000000000093"
"266.45114858610566","262.00000000003"
"250.37438424329997","256.000000000091"
"235.29897243414882","246.00000000006798"
"192.53081979130178","243.000000000005"
"233.14034382301662","206.999999999997"
"203.79017193327815","202.999999999913"
"186.30846760184508","181.000000000012"
"212.01292899601356","199.000000000016"
"215.4888867118884","253.000000000028"
"239.0962580818109","265.999999999927"
"275.25109198908984","276.999999999971"
"266.40527213393494","283.999999999931"
"309.59604394326914","279.000000000013"
"281.4096687560139","279.000000000013"
"272.91869259904365","280.000000000034"
"293.2403587258129","281.000000000055"
"275.170162897629","282.000000000076"
"268.6379136904369","283.999999999931"
"289.7739352399251","291.999999999912"
"310.06928194807347","309.0000000000072"
"315.84751349027033","295.999999999996"
"285.44574931013074","291.000000000078"
"289.1911137664084","280.000000000034"
"266.0210486955175","272.000000000053"
"273.3026551338671","273.000000000074"
"260.73820872692704","265.000000000093"
"258.6728123590489","258.999999999967"
"253.95889360193556","250.99999999998602"
"241.14894121086286","248.999999999944"
"240.10463421196226","248.999999999944"
"260.42993413872284","254.000000000049"
"247.02360575170468","256.999999999925"
"267.9014055391809","263.000000000051"
"328.21684692346304","279.000000000013"
"345.3498872810932","294.999999999975"
"297.4240646343815","300.0000000000052"
"317.73157451410725","291.000000000078"
"292.24091977915094","289.000000000036"
"291.26062430734254","288.000000000015"
"277.2166534038142","293.999999999954"
"291.114322454751","291.000000000078"
"268.84931997879056","291.999999999912"
"293.9180421181687","292.999999999933"
"309.58563086080596","294.999999999975"
"292.84592944394166","292.999999999933"
"277.41721470915826","286.999999999994"
"266.6652500352915","281.000000000055"
"272.3667687730931","271.000000000032"
"272.1399978097986","267.999999999969"
"254.99733822483216","263.000000000051"
"230.27385874580602","256.999999999925"
"253.92499765224028","228.000000000064"
"203.10629191950466","193.000000000077"
"192.5334215999944","172.00000000001"
"153.98093338484617","167.99999999992602"
"174.39368581411998","170.999999999989"
"190.87923014335817","185.99999999993"
"239.0719826926321","229.00000000008498"
"264.40302605776327","238.000000000087"
"259.1900672325837","252.000000000007"
"276.76864993401904","262.00000000003"
"258.9899207115096","264.000000000072"
"259.92153740267554","264.000000000072"
"256.997164449717","261.000000000009"
"247.21962317728187","259.999999999988"
"268.1241565261478","263.000000000051"
"269.06917155295895","266.999999999948"
"264.86851500511887","272.000000000053"
"292.53386451027103","273.999999999908"
"280.0821833446836","270.000000000011"
"264.8033135062285","263.000000000051"
"251.91577635011112","257.999999999946"
"260.0156820476474","252.000000000007"
"240.51138562392634","247.999999999923"
"224.8406566514983","235.000000000024"
"253.92509601922163","227.000000000043"
"219.56534339309707","184.000000000075"
"189.7314963336828","158.00000000009"
"150.446963851726","136.00000000000202"
"174.35810623500436","137.000000000023"
"172.15583209751156","149.999999999922"
"233.68407454718687","159.999999999945"
"186.29258577595078","170.999999999989"
"188.8147522901296","208.000000000018"
"211.93003866552738","249.99999999996498"
"245.80859960970434","253.000000000028"
"258.1449933595844","256.000000000091"
"252.70499743732375","253.000000000028"
"241.04007489406757","250.99999999998602"
"266.9717222051284","253.000000000028"
"277.29212061993536","259.999999999988"
"264.3932037071352","267.999999999969"
"268.2671133882262","272.000000000053"
"282.9135666764837","267.999999999969"
"262.2958815903805","263.000000000051"
"251.8535087093992","256.999999999925"
"260.42765007107903","252.000000000007"
"241.03787933717587","247.999999999923"
"231.17703038464737","236.00000000004502"
"242.46500110546708","246.00000000006798"
"234.5207704343062","245.000000000047"
"233.67561684735864","246.00000000006798"
"219.65603792703973","247.000000000089"
"229.5169062479701","249.99999999996498"
"256.99256451586456","257.999999999946"
"238.92892468522473","270.000000000011"
"270.29396974902573","282.000000000076"
"272.10683973979656","285.999999999973"
"294.56286605159056","282.99999999991"
"285.7080206233764","283.999999999931"
"272.83072798541","283.999999999931"
"274.14710242338504","282.99999999991"
"264.6093614885021","282.99999999991"
"268.6455010053611","283.999999999931"
"291.45699737807917","289.000000000036"
"301.5513953978866","292.999999999933"
"301.4268083425291","292.999999999933"
"277.64525486404204","285.999999999973"
"277.8092185910881","276.999999999971"
"262.3757697910397","268.99999999999"
"272.61552982586716","262.00000000003"
"251.7032342729162","258.999999999967"
"231.1042818810528","248.999999999944"
"253.9250127313124","246.00000000006798"
"230.77257835906065","243.000000000005"
"232.94575065893702","243.000000000005"
"231.33261784923715","245.000000000047"
"242.82897429320673","247.999999999923"
"254.33233807727484","256.000000000091"
"243.50402200434957","273.000000000074"
"286.0028255326464","289.000000000036"
"298.160132271847","294.999999999975"
"288.9424914577854","288.000000000015"
"291.2315209316349","285.999999999973"
"285.43994333255125","285.999999999973"
"277.4060288164915","285.999999999973"
"291.7166296307142","285.999999999973"
"341.95458949053597","290.000000000057"
"295.54095121009584","306.0000000000003"
"336.0045667034804","304.999999999998"
"372.44487757714194","300.0000000000052"
"312.94222409972576","290.000000000057"
"280.30651384502625","282.99999999991"
"266.0768487018356","273.000000000074"
"277.71327903940215","267.999999999969"
"258.0384891058692","262.00000000003"
"262.4545911207167","249.99999999996498"
"254.10387822792603","248.999999999944"
"244.48897763109397","246.00000000006798"
"234.47163865973664","246.00000000006798"
"243.36380750433207","247.000000000089"
"239.62223759949148","248.999999999944"
"253.44840370625593","256.999999999925"
"284.5825350838905","271.000000000032"
"313.0511680150264","290.000000000057"
"280.3449474825198","298.0000000000006"
"308.3745457218005","289.000000000036"
"291.1820913978439","286.999999999994"
"288.6846590234109","289.000000000036"
"277.85939961381587","289.000000000036"
"297.1797831873108","286.999999999994"
"342.0757393355013","290.000000000057"
"295.2871077827013","300.0000000000052"
"330.4236341608025","304.999999999998"
"345.83236192813285","300.0000000000052"
"344.7184041814067","289.000000000036"
"280.28347726578613","282.99999999991"
"266.7433980104619","273.999999999908"
"278.4761942683624","266.999999999948"
"258.2392594751498","258.999999999967"
"273.3102266356543","252.000000000007"
"255.02652421008526","250.99999999998602"
"245.10971940790546","247.000000000089"
"237.62114202007342","247.000000000089"
"253.84369571776412","247.000000000089"
"248.14181745785731","248.999999999944"
"254.02684853664294","257.999999999946"
"250.9000830952461","274.999999999929"
"307.4760053060644","285.999999999973"
"299.8688087419554","289.000000000036"
"296.5780932731107","282.99999999991"
"284.8670570759935","281.000000000055"
"281.98586299845726","280.000000000034"
"270.92542188542143","281.000000000055"
"278.0718686648244","282.000000000076"
"294.37164562034656","281.000000000055"
"286.92531800602546","282.000000000076"
"313.31895281589755","283.999999999931"
"311.70301730631354","282.000000000076"
"285.5950857439998","276.999999999971"
"279.5706025222741","271.000000000032"
"258.1090071225564","261.000000000009"
"265.39462395051044","254.000000000049"
"244.28180459447094","247.999999999923"
"233.12895166348264","238.999999999921"
"253.95588146645602","238.999999999921"
"229.9080600054744","235.000000000024"
"227.69047572306528","230.99999999994"
"216.73040401621776","232.99999999998198"
"228.06120932999028","234.000000000003"
"243.53219643444538","238.000000000087"
"239.09058025866688","244.000000000026"
"263.23456209647463","250.99999999998602"
"259.03645406050583","254.000000000049"
"257.2279634911281","250.99999999998602"
"251.95704097010506","248.999999999944"
"259.1307060733777","247.999999999923"
"249.90119911820807","247.000000000089"
"234.09861806177233","245.000000000047"
"265.04965955296143","245.000000000047"
"250.38031526862216","246.00000000006798"
"260.66104586875974","248.999999999944"
"259.5865088595566","249.99999999996498"
"276.2558227165784","247.000000000089"
"244.33074670019755","239.99999999994202"
"236.98502778623453","235.000000000024"
"239.44195917060253","235.000000000024"
"224.42130858288857","229.999999999919"
"232.25645598501973","219.00000000006202"
"253.92712750609414","181.000000000012"
"147.3461848978934","141.999999999941"
"172.87671248833502","127.0"
"158.4885359968757","167.000000000092"
"188.06661733845908","205.999999999976"
"212.25874304181528","230.99999999994"
"228.32456184393396","237.000000000066"
"234.23070905369124","238.000000000087"
"242.03867790166433","237.000000000066"
"220.51360997856779","235.000000000024"
"258.8984930632926","235.000000000024"
"243.2438113048148","235.000000000024"
"260.1070299990394","245.000000000047"
"257.87391330951493","245.000000000047"
"299.151033137804","238.000000000087"
"228.2272585485752","230.99999999994"
"227.3789447482785","228.000000000064"
"226.75127465454335","223.99999999998"
"214.48279460815365","221.99999999993798"
"234.53644054564597","205.999999999976"
"192.53077718524585","146.000000000025"
"155.97832255914446","169.999999999968"
"234.13375759492754","194.99999999993202"
"200.71597902152297","184.999999999909"
"174.93087007147548","166.000000000071"
"217.98216717799698","146.000000000025"
"159.5799415973048","155.000000000027"
"173.00323470644742","173.00000000003098"
"234.7292719538509","217.00000000002"
"215.07572307326552","212.999999999936"
"178.13201585355475","193.000000000077"
"184.9438163808337","167.000000000092"
"147.1730819912039","159.999999999945"
"170.67406198914935","145.000000000004"
"150.56540657722886","163.000000000008"
"234.1333405664745","174.000000000052"
"172.43129818672261","168.999999999947"
"217.83331623722356","170.999999999989"
"217.98248041159817","178.99999999997"
"184.7047423637549","204.99999999995498"
"244.16633535625732","220.000000000083"
"255.94467429838585","217.00000000002"
"204.54539827190757","204.99999999995498"
"178.33598182939394","177.999999999949"
"159.96969059217363","159.999999999945"
"148.31945965921307","151.999999999964"
"131.3464071044281","130.000000000063"
"128.31506076393578","127.0"
"164.54153705584437","151.999999999964"
"193.7825888512599","193.99999999991098"
"217.07522412203272","211.999999999915"
"222.53052596821374","220.999999999917"
"211.1031729115653","229.999999999919"
"231.56001427964873","232.99999999998198"
"236.02452193964695","234.000000000003"
"244.4642843350352","235.000000000024"
"224.00499875882772","237.000000000066"
"265.54389242145015","239.99999999994202"
"247.20277233770187","248.999999999944"
"258.77303004030875","254.000000000049"
"266.64150979204726","253.000000000028"
"286.42454391395927","249.99999999996498"
"263.1841256779237","245.000000000047"
"229.05193004003746","238.999999999921"
"216.91957337573857","237.000000000066"
"229.34468491911605","229.999999999919"
"229.59285848419887","210.00000000006"
"253.92478463075184","221.99999999993798"
"218.3324447456474","212.999999999936"
"211.01010540967093","205.999999999976"
"200.39369067667616","204.99999999995498"
"216.99821977197013","214.999999999978"
"230.29273811002668","222.99999999995902"
"239.0902099198899","231.999999999961"
"247.81112450961098","238.000000000087"
"239.56925506500656","244.000000000026"
"235.48810946813774","245.000000000047"
"244.5478225670504","245.000000000047"
"234.80791136149625","244.000000000026"
"243.21016551869752","238.999999999921"
"205.77328752982507","236.00000000004502"
"242.0789357443232","238.000000000087"
"261.75042079417995","241.999999999984"
"242.87009516041417","244.000000000026"
"253.70755984364163","243.000000000005"
"226.55116663895313","238.999999999921"
"217.57216255027214","231.999999999961"
"228.17482991025759","220.999999999917"
"205.43948056780647","210.00000000006"
"185.85633698962116","185.99999999993"
"166.32654419208245","161.999999999987"
"161.02935254259882","160.999999999966"
"145.2780849226094","134.999999999981"
"167.9972150238086","167.99999999992602"
"191.7066695399575","208.000000000018"
"191.2317432239688","220.999999999917"
"202.15554707573162","226.000000000022"
"223.65127304912335","228.000000000064"
"234.10180452009809","228.000000000064"
"212.86363764437525","226.000000000022"
"204.73126022441323","223.99999999998"
"218.76589694923564","225.00000000000102"
"231.7985461684226","231.999999999961"
"246.46604730600023","236.00000000004502"
"251.55565595723942","238.000000000087"
"280.40541104572173","236.00000000004502"
"233.58233996469943","230.99999999994"
"232.00655450319445","227.000000000043"
"219.2880633832705","222.99999999995902"
"213.26081355931305","211.999999999915"
"185.1870164837488","184.999999999909"
"253.92472980977888","155.000000000027"
"144.7112001982904","149.000000000088"
"177.89830428296546","147.00000000004601"
"149.6429739564754","148.000000000067"
"174.3581409769936","149.000000000088"
"176.57572735996246","188.999999999993"
"239.0831602536427","229.00000000008498"
"246.4891216507916","238.000000000087"
"255.03193223894127","243.000000000005"
"246.8241695702222","245.000000000047"
"246.01340655265278","248.999999999944"
"249.5706934748008","247.999999999923"
"285.93375755307596","247.000000000089"
"238.39971329996064","245.000000000047"
"267.10134762473757","246.00000000006798"
"253.3677056686182","255.00000000007"
"268.91220109916765","261.000000000009"
"274.4155972001861","265.000000000093"
"276.30811027461755","261.000000000009"
"279.52514165573785","255.00000000007"
"250.77942117812083","247.000000000089"
"242.93981466128716","244.000000000026"
"231.4859125309212","241.999999999984"
"257.7050726289109","235.000000000024"
"253.92474094518332","247.000000000089"
"243.6962938951828","229.00000000008498"
"228.65664166903343","210.00000000006"
"223.36575757175302","202.000000000079"
"203.86381858237718","204.99999999995498"
"223.43234979785507","212.999999999936"
"239.09125856011784","212.999999999936"
"234.19739890876906","229.999999999919"
"257.65775398566825","246.00000000006798"
"246.96860644670534","249.99999999996498"
"247.06296964993703","255.00000000007"
"259.39219616965835","256.000000000091"
"253.55286588202497","256.999999999925"
"256.9729129094829","256.999999999925"
"268.2292742337072","258.999999999967"
"278.0292377349538","279.000000000013"
"322.1132653716485","333.000000000025"
"330.4103249514154","334.000000000046"
"293.6210779934056","283.999999999931"
"266.40169099572364","256.999999999925"
"247.55367399164612","247.999999999923"
"244.26449330906124","245.000000000047"
"234.34821992057505","240.999999999963"
"253.92474201385593","186.999999999951"
"161.72649281523255","175.999999999907"
"186.57398049503206","215.999999999999"
"202.958697026762","211.999999999915"
"217.87633223277697","205.999999999976"
"222.92975526773728","205.999999999976"
"239.0896930673888","193.000000000077"
"206.91543392605834","193.000000000077"
"208.17130007333657","181.000000000012"
"193.65650520162757","181.000000000012"
"173.12635395661985","199.000000000016"
"234.14700416875044","215.999999999999"
"235.39703199331154","218.00000000004098"
"219.5239996725649","215.999999999999"
"219.43233266139356","217.00000000002"
"204.8969406084173","222.99999999995902"
"258.7102314831237","230.99999999994"
"269.34252135962356","245.000000000047"
"284.6221559333554","250.99999999998602"
"244.34193467718194","246.00000000006798"
"239.91653960208444","229.999999999919"
"219.85245665527117","218.00000000004098"
"207.86744801183244","209.000000000039"
"224.31819595794522","183.000000000054"
"253.92192128891628","219.00000000006202"
"214.2579336071779","212.999999999936"
"209.05174334636774","205.999999999976"
"199.79369702836857","206.999999999997"
"218.09036417121987","214.999999999978"
"230.01425602156525","211.999999999915"
"239.09025990361994","208.000000000018"
"215.42173655545844","284.999999999952"
"289.50143461009367","285.999999999973"
"275.9704530210558","282.000000000076"
"284.7459875692584","289.000000000036"
"303.99335718895753","301.0000000000075"
"287.96991553935237","261.000000000009"
"248.85246369133495","264.000000000072"
"268.48427504154375","268.99999999999"
"242.63537657415816","279.000000000013"
"291.5697738254509","280.000000000034"
"286.6779025280616","282.000000000076"
"269.7141550601135","265.999999999927"
"261.5669271860299","259.999999999988"
"237.74580008785864","253.000000000028"
"252.62346885798303","247.999999999923"
"237.68343075399142","238.000000000087"
"244.75911153835727","219.00000000006202"
"253.92474662974837","215.999999999999"
"201.49714531719331","190.00000000001398"
"194.9243644165776","161.999999999987"
"151.43491994483674","147.00000000004601"
"174.35812826274102","141.999999999941"
"172.5009066339588","181.000000000012"
"239.07061120350835","247.000000000089"
"255.05952856037396","274.999999999929"
"273.8214942399147","249.99999999996498"
"220.44245175533518","248.999999999944"
"247.53023875913135","248.999999999944"
"252.94461120044713","247.999999999923"
"249.8264614226855","247.999999999923"
"206.7177121802401","248.999999999944"
"259.4471528946865","248.999999999944"
"257.75731492713425","250.99999999998602"
"249.13867974878698","252.000000000007"
"265.0729060140637","250.99999999998602"
"266.6050551224552","249.99999999996498"
"219.66104014230223","246.00000000006798"
"239.1645164223009","250.99999999998602"
"217.0169645644691","214.999999999978"
"214.3620123085252","214.999999999978"
"215.72410949242982","154.000000000006"
"177.8692667994245","294.999999999975"
"244.95957855522084","245.000000000047"
"221.26311063304274","244.000000000026"
"252.24765956184683","247.000000000089"
"193.41600298116896","247.000000000089"
"246.56937462526338","246.00000000006798"
"222.71676865931272","246.00000000006798"
"263.3523491280167","247.999999999923"
"244.13573592313605","248.999999999944"
"273.03194212441906","252.000000000007"
"262.3613166225453","252.000000000007"
"273.08037021937656","250.99999999998602"
"243.72002325672008","247.000000000089"
"242.45786627635627","241.999999999984"
"236.52955615784524","234.000000000003"
"230.23745153068364","227.000000000043"
"230.89654036291532","202.000000000079"
"216.1019790032022","265.000000000093"
"262.99293458907584","261.000000000009"
"254.04217794691579","262.00000000003"
"265.96264789867354","265.000000000093"
"268.9112774043179","265.000000000093"
"262.9824331518744","261.000000000009"
"259.537283183146","258.999999999967"
"267.2727717553968","262.00000000003"
"259.7035931982186","268.99999999999"
"263.21715575082425","279.000000000013"
"283.5037970675404","284.999999999952"
"275.6879144069168","259.999999999988"
"249.35127512307116","252.000000000007"
"230.83692558659607","246.00000000006798"
"248.54451645700252","231.999999999961"
"224.25401645442173","220.000000000083"
"227.1443607705237","140.99999999992"
"192.5860256417427","213.999999999957"
"194.04132054166638","156.000000000048"
"174.35920089715586","154.000000000006"
"175.3387121168487","159.999999999945"
"238.8529520849945","174.000000000052"
"189.42661420337816","271.000000000032"
"289.27605177651344","290.000000000057"
"297.84413516428987","288.000000000015"
"287.7198102908015","291.000000000078"
"306.1122622560255","332.000000000004"
"312.4979564011333","301.0000000000075"
"292.08054934816863","274.999999999929"
"268.7199926152326","259.999999999988"
"268.6297814802381","264.000000000072"
"272.16888372101994","327.9999999999948"
"379.9677668504387","389.99999999991303"
"361.13094928764394","363.999999999928"
"335.6661451439716","332.000000000004"
"274.3449085102969","255.00000000007"
"255.77160268072095","248.999999999944"
"237.87230615029142","240.999999999963"
"225.9393802866447","232.99999999998198"
"253.92474253363616","245.000000000047"
"229.88962831494925","228.000000000064"
"223.81202025031305","210.00000000006"
"200.53217495993522","149.000000000088"
"174.35812937984588","132.999999999939"
"224.91752417646265","204.99999999995498"
"225.3025552723264","199.000000000016"
"227.2901975907371","259.999999999988"
"299.5091059614816","247.999999999923"
"246.1091417574146","249.99999999996498"
"259.0154790407293","248.999999999944"
"249.750411666587","247.000000000089"
"233.77744867789156","243.000000000005"
"263.8939672682528","246.00000000006798"
"247.18143694944968","247.000000000089"
"261.48554516151785","254.000000000049"
"284.4109823047547","273.999999999908"
"285.1822413736184","265.000000000093"
"272.85419569665044","255.00000000007"
"233.4554658141299","253.000000000028"
"257.67867502823987","235.000000000024"
"228.97546792812938","234.000000000003"
"229.64359314272406","217.00000000002"
"253.92472359650964","202.000000000079"
"218.87178936121217","193.99999999991098"
"239.08868887579854","210.00000000006"
"231.38706462127033","212.999999999936"
"233.2914161538157","220.000000000083"
"206.9316077461466","197.999999999995"
"209.99359612817318","250.99999999998602"
"261.2093258412963","282.99999999991"
"280.5338980756795","261.000000000009"
"270.93766560894153","259.999999999988"
"268.4722330921918","247.000000000089"
"260.45592980711297","247.000000000089"
"263.3159315243896","277.999999999992"
"341.91288918309806","342.000000000027"
"333.17145005484343","404.00000000002"
"328.4929139260009","408.999999999938"
"329.0430289950386","345.999999999924"
"322.6517375678861","296.9999999999983"
"284.0609736128468","280.000000000034"
"276.40021213394795","253.000000000028"
"255.44906111124556","259.999999999988"
"251.12598703125923","247.999999999923"
"240.26240337477964","243.000000000005"
"255.21096691541578","240.999999999963"
"246.84501407612143","241.999999999984"
"252.4222808975776","268.99999999999"
"328.2431041842624","319.9999999999951"
"379.220877826574","439.000000000007"
"442.0022525730769","478.999999999912"
"439.2630179099151","435.999999999944"
"406.2854152363273","418.999999999961"
"386.9363892074962","416.00000000008504"
"402.5894553495742","414.000000000043"
"387.6159411155357","407.000000000083"
"341.9153178266011","389.000000000079"
"332.44877787544567","377.000000000014"
"354.51323924959553","384.999999999995"
"424.9975631787375","424.000000000066"
"408.63628385936624","454.999999999969"
"362.54262927901203","389.99999999991303"
"336.9841972966935","300.0000000000052"
"299.1222212706806","268.99999999999"
"262.67207224040516","249.99999999996498"
"259.8664461895602","241.999999999984"
"253.92474313007983","236.00000000004502"
"231.1954492538058","230.99999999994"
"226.74972608425477","228.000000000064"
"216.36956879551775","209.000000000039"
"224.86140037838564","227.000000000043"
"243.22162111817195","250.99999999998602"
"328.12510340942345","295.999999999996"
"374.17807965398697","356.999999999968"
"409.3432079063252","393.999999999997"
"375.0261425500479","380.999999999911"
"376.01206429020505","379.000000000056"
"374.1960703622393","393.999999999997"
"425.86807397162204","388.000000000058"
"413.1900062397574","393.999999999997"
"385.6764678778341","387.000000000037"
"356.7033766199431","386.00000000001603"
"389.1088195378902","408.999999999938"
"388.89140804650424","454.999999999969"
"430.5535554655665","453.999999999948"
"373.1910594314367","303.9999999999957"
"278.7656244954563","266.999999999948"
"271.4938880152603","258.999999999967"
"250.6126103509956","246.00000000006798"
"241.64722720710938","238.000000000087"
"253.92487625336764","229.00000000008498"
"222.5362724506097","228.000000000064"
"224.0121008569248","226.000000000022"
"213.86615929083428","219.00000000006202"
"222.29960585117175","223.99999999998"
"241.18055852973646","243.000000000005"
"251.62197656745394","254.000000000049"
"267.9202457422618","279.000000000013"
"309.95187443020916","309.9999999999908"
"293.3079634494499","294.999999999975"
"294.7856576399993","282.99999999991"
"259.4980388433127","291.999999999912"
"277.80942469310105","296.9999999999983"
"276.06949151651634","300.0000000000052"
"280.1155835152827","300.0000000000052"
"316.27365267315065","316.0000000000046"
"322.33955883691317","339.999999999985"
"385.90750251801836","351.000000000029"
"357.14327621989037","307.0000000000026"
"296.4451694341934","281.000000000055"
"263.0997047794416","263.000000000051"
"269.57444720037375","254.000000000049"
"245.73313054408018","244.000000000026"
"227.3079542484121","234.000000000003"
"253.8631843170072","232.99999999998198"
"221.25501243174998","228.000000000064"
"226.98962605607068","220.000000000083"
"202.19651468387832","214.999999999978"
"216.97468338115817","217.00000000002"
"235.22287127117585","238.000000000087"
"239.06553059541105","249.99999999996498"
"261.33931141158035","256.999999999925"
"258.04779815565075","263.000000000051"
"238.27163575209477","256.999999999925"
"259.1021606885587","256.999999999925"
"246.6495693262681","256.000000000091"
"252.3156890074804","256.000000000091"
"220.89778596865108","256.999999999925"
"264.7247221355455","256.999999999925"
"269.25104434949253","256.000000000091"
"260.56858570489277","257.999999999946"
"269.0474810867761","265.999999999927"
"275.03051014043524","263.000000000051"
"251.12000442674923","256.999999999925"
"251.13544818042547","254.000000000049"
"231.60642487700596","250.99999999998602"
"246.5109238621243","246.00000000006798"
"225.38284272456795","232.99999999998198"
"192.433309980788","182.000000000033"
"148.15554993173183","138.000000000044"
"174.35849637118807","137.000000000023"
"172.8114651104217","192.000000000056"
"239.07872491095617","249.99999999996498"
"260.68585861489345","279.000000000013"
"283.40163011816264","282.99999999991"
"266.7910861210187","265.999999999927"
"268.02093620275224","256.000000000091"
"258.94579076922423","253.000000000028"
"255.00984176347305","252.000000000007"
"230.4096235439074","250.99999999998602"
"265.9457552062696","249.99999999996498"
"263.0445338892143","249.99999999996498"
"249.74070709266732","252.000000000007"
"265.5370489130099","264.000000000072"
"250.80525770120715","259.999999999988"
"257.15252248922747","250.99999999998602"
"248.02460273562338","246.00000000006798"
"225.66873130960994","245.000000000047"
"240.272898277786","238.000000000087"
"231.01238642523953","222.99999999995902"
"253.85831101099495","223.99999999998"
"224.9582988164414","212.999999999936"
"217.3978056759264","208.000000000018"
"201.16956706632976","215.999999999999"
"225.25589250847412","219.00000000006202"
"236.58069432089013","229.00000000008498"
"239.10498389615321","231.999999999961"
"255.28838718410006","238.999999999921"
"258.6116965256511","244.000000000026"
"248.42704948874928","247.999999999923"
"246.61127116170286","257.999999999946"
"263.6344581738797","263.000000000051"
"258.9927153298478","263.000000000051"
"272.72247183892483","252.000000000007"
"268.1395028513112","252.000000000007"
"269.3732392760649","262.00000000003"
"272.39924772724135","286.999999999994"
"312.0648960846603","308.0000000000049"
"292.5110920292188","291.999999999912"
"279.5733840436707","268.99999999999"
"256.71187105920967","258.999999999967"
"279.887987498212","255.00000000007"
"243.68409743117462","254.000000000049"
"267.7072258902116","250.99999999998602"
"253.9346990748926","254.000000000049"
"247.4517882400892","250.99999999998602"
"245.9793478953091","249.99999999996498"
"262.3421321417451","248.999999999944"
"244.624422467762","243.000000000005"
"251.62841508092546","248.999999999944"
"279.37308220024556","246.00000000006798"
"251.43582903958207","252.000000000007"
"246.7791528064102","254.000000000049"
"255.31584520084652","259.999999999988"
"257.06252526631494","268.99999999999"
"272.1221600869562","272.000000000053"
"263.8239920978614","272.000000000053"
"274.92250090088146","267.999999999969"
"268.59070582540966","273.000000000074"
"299.03874591579574","284.999999999952"
"294.6168423514156","293.999999999954"
"315.3801872696143","346.999999999945"
"359.83439800540305","343.000000000048"
"326.4381738092118","300.0000000000052"
"289.9065266421969","291.999999999912"
"293.7643408722609","292.999999999933"
"282.94333218926056","265.999999999927"
"255.01858933862937","256.000000000091"
"255.47341657236265","253.000000000028"
"245.64539700681618","249.99999999996498"
"241.3220986868941","247.999999999923"
"254.99288930204284","249.99999999996498"
"251.89492873633907","248.999999999944"
"256.7603363464707","267.999999999969"
"328.2393565401401","314.0"
"366.85042120382195","431.00000000002603"
"440.40044089832617","452.000000000093"
"383.50476819010237","355.999999999947"
"335.9671194782332","337.999999999943"
"342.9097379468929","360.000000000031"
"382.3895367337802","395.000000000018"
"389.1355174336768","386.00000000001603"
"341.9586410034822","364.999999999949"
"324.74744446713544","371.000000000075"
"382.9581149519981","389.99999999991303"
"438.1091262434969","446.999999999988"
"405.58210112323303","353.000000000071"
"326.3702991446718","318.9999999999928"
"301.96192552884247","296.9999999999983"
"297.2544931304209","280.000000000034"
"270.57385741384144","261.000000000009"
"250.38458927666937","255.00000000007"
"254.37065063594358","255.00000000007"
"245.25074049872248","250.99999999998602"
"241.82322906142588","248.999999999944"
"256.5239289129535","250.99999999998602"
"250.28853258737902","256.000000000091"
"263.18396465888054","298.0000000000006"
"328.24829323328186","345.999999999924"
"422.92904847546106","425.999999999921"
"440.2217608206002","440.00000000002797"
"395.1801964119761","393.999999999997"
"392.54906170497105","365.99999999997"
"363.76343762446857","371.000000000075"
"386.8311438257857","388.000000000058"
"380.06369628823586","380.999999999911"
"343.78233912231383","371.000000000075"
"327.3407316626011","372.99999999992997"
"383.8122709166032","398.000000000081"
"438.58241327386514","457.000000000011"
"444.969257188671","434.000000000089"
"327.7765766708038","342.000000000027"
"306.5278184950422","329.9999999999994"
"315.98994009548306","283.999999999931"
"272.07197349634623","268.99999999999"
"273.65481589388924","255.00000000007"
"278.03698092687574","253.000000000028"
"241.57467005922916","249.99999999996498"
"240.89177885273372","247.000000000089"
"239.01963089897623","247.999999999923"
"238.69391354459668","253.000000000028"
"255.00964987858418","295.999999999996"
"328.2442178069042","326.0000000000089"
"382.80914944521754","383.99999999997397"
"412.74631850468535","388.000000000058"
"364.6669904840156","326.9999999999925"
"316.89972893778986","321.9999999999997"
"307.74308862270993","321.9999999999997"
"325.295792658691","320.9999999999974"
"290.3604172085147","304.999999999998"
"268.8004147031304","308.0000000000049"
"303.6283971604222","304.999999999998"
"316.51666027534066","317.0000000000069"
"335.93757689285104","325.0000000000066"
"302.7849886718277","298.0000000000006"
"281.13752310381597","276.999999999971"
"259.96455211990514","263.000000000051"
"266.0996898869584","259.999999999988"
"249.59497249915512","254.000000000049"
"232.24779725285833","245.000000000047"
"253.94821460136782","236.00000000004502"
"228.52665279603886","229.999999999919"
"221.68218816981226","230.99999999994"
"220.034628615195","232.99999999998198"
"232.03568235188465","240.999999999963"
"248.2125667840648","250.99999999998602"
"240.85315476609833","277.999999999992"
"308.40113800330255","300.0000000000052"
"303.71302412856465","315.00000000000045"
"296.92929140455067","298.0000000000006"
"297.2177814990932","288.000000000015"
"277.95830353999725","300.0000000000052"
"297.58047265653016","306.0000000000003"
"291.5492618854885","300.0000000000052"
"268.68384750031237","290.000000000057"
"292.71094182930295","291.999999999912"
"280.50815125557716","314.0"
"335.06139644423087","331.0000000000017"
"303.08125905569216","303.9999999999957"
"264.4336678215846","279.000000000013"
"261.98006762024113","272.000000000053"
"276.4340683746593","266.999999999948"
"256.8122423268934","256.000000000091"
"240.88927381085324","250.99999999998602"
"253.95456991808686","236.00000000004502"
"225.9995503162595","235.000000000024"
"221.33337493925927","225.00000000000102"
"202.0358471237839","223.99999999998"
"224.5223410936809","232.99999999998198"
"237.19740474331536","232.99999999998198"
"239.91696652685994","291.999999999912"
"354.638911947369","341.000000000006"
"374.39033314784206","371.000000000075"
"373.1923191364923","341.000000000006"
"328.3062511588149","329.9999999999994"
"333.8151185344134","336.000000000088"
"363.68720096156886","334.000000000046"
"353.3412850747885","314.0"
"308.12665275856347","304.999999999998"
"301.9426919493187","318.9999999999928"
"339.3669427608381","335.000000000067"
"401.79077017502436","372.99999999992997"
"361.84979758317695","334.000000000046"
"292.5997196928636","291.999999999912"
"270.9103679929334","271.000000000032"
"270.3004656768577","271.000000000032"
"256.3368049036061","262.00000000003"
"261.9520945372469","256.000000000091"
"310.2386606467569","255.00000000007"
"243.5087838993923","252.000000000007"
"236.89692447233875","249.99999999996498"
"256.11379200110673","248.999999999944"
"242.327374254749","246.00000000006798"
"252.3544849650599","246.00000000006798"
"239.11029328371416","246.00000000006798"
"290.1976057996143","252.000000000007"
"261.36654636640424","253.000000000028"
"255.62330673467568","256.000000000091"
"259.00844158460984","256.999999999925"
"233.9391380115174","256.999999999925"
"256.25919375966214","255.00000000007"
"236.24498158778772","250.99999999998602"
"267.4233892289926","247.999999999923"
"258.2304195344251","247.000000000089"
"260.1369306364234","256.000000000091"
"286.9514014541144","273.000000000074"
"284.90353902556643","267.999999999969"
"260.37071230916877","256.000000000091"
"248.03525770126038","252.000000000007"
"256.38730604429304","246.00000000006798"
"237.122864038907","243.000000000005"
"227.18608813627327","228.000000000064"
"253.9312050992173","220.999999999917"
"214.13657816687464","206.999999999997"
"203.68814876582798","197.999999999995"
"184.0028148234931","195.999999999953"
"216.92013906582568","195.999999999953"
"213.16417841498645","203.999999999934"
"239.08951063414366","212.999999999936"
"232.1897907684048","215.999999999999"
"232.21466406412063","221.99999999993798"
"226.44291104506928","229.999999999919"
"229.60909047239488","235.000000000024"
"234.31810179265415","237.000000000066"
"244.22671200294678","237.000000000066"
"224.12104260109098","235.000000000024"
"235.8920671228855","236.00000000004502"
"240.46022313954472","240.999999999963"
"257.76649395081165","222.99999999995902"
"261.2320356123666","296.9999999999983"
"291.4152192087939","291.000000000078"
"279.70086193398015","275.99999999995"
"278.1988690729499","264.000000000072"
"255.4424966916849","256.000000000091"
"243.6766668312975","253.000000000028"
"258.6770283364268","247.000000000089"
"273.41949614389364","238.000000000087"
"229.13761229838644","232.99999999998198"
"225.41298348777235","229.999999999919"
"235.18585380756588","226.000000000022"
"241.05807543393541","235.000000000024"
"253.4222465614115","235.000000000024"
"278.8166631712191","306.0000000000003"
"385.86935482973723","387.000000000037"
"409.28499507016267","408.999999999938"
"376.88101323777727","379.000000000056"
"381.33456226716055","377.000000000014"
"380.28666582617416","382.999999999953"
"393.8202524234258","371.999999999909"
"371.46349094938415","355.999999999947"
"343.6831591903047","347.999999999966"
"324.81171222735287","335.000000000067"
"353.3612009905023","353.000000000071"
"394.98540922637295","408.999999999938"
"385.1970592018889","448.000000000009"
"330.2721884731065","386.00000000001603"
"325.55844457130274","321.9999999999997"
"309.9507895628441","301.0000000000075"
"285.5424801349123","275.99999999995"
"272.8138863915669","265.000000000093"
"253.97353931536668","261.000000000009"
"251.7480372878127","254.000000000049"
"247.35955642060878","255.00000000007"
"263.6692836213065","256.000000000091"
"248.36466056394573","261.000000000009"
"290.39798547165765","277.999999999992"
"328.24734862632965","311.9999999999954"
"409.16890584851905","408.999999999938"
"443.12695832706413","407.999999999917"
"378.3603864298503","416.00000000008504"
"405.0840428560389","402.999999999999"
"406.60808260178635","400.999999999957"
"397.71945870473485","392.999999999976"
"351.0323783598764","389.000000000079"
"358.6359659224197","380.999999999911"
"390.5192210544506","379.000000000056"
"381.4646611127274","409.999999999959"
"441.10338287763085","479.99999999993304"
"445.00348272526276","497.999999999937"
"404.6777253007182","408.999999999938"
"330.70411431292104","315.00000000000045"
"309.58182752053676","314.0"
"303.43058777653675","277.999999999992"
"277.78813888722595","268.99999999999"
"272.55781678767727","270.000000000011"
"260.8344364431747","265.000000000093"
"256.58152312315406","264.000000000072"
"264.0801294167451","265.000000000093"
"276.76960684976376","274.999999999929"
"284.46589895510726","286.999999999994"
"328.24830028330837","320.9999999999974"
"423.2219255360774","431.00000000002603"
"440.31453971086285","431.00000000002603"
"380.2559991414205","408.999999999938"
"402.6837265122846","382.999999999953"
"378.4333111470176","372.99999999992997"
"383.0406624311929","353.000000000071"
"347.9905467991018","339.999999999985"
"330.3109259964341","335.000000000067"
"335.10021005328247","335.000000000067"
"345.13051222098557","345.999999999924"
"393.8682589056147","431.00000000002603"
"411.8200323321759","325.0000000000066"
"338.2855775034759","319.9999999999951"
"298.6538842281287","303.9999999999957"
"299.82408864548495","279.000000000013"
"265.8795946354832","268.99999999999"
"268.6539862356871","257.999999999946"
"253.92475464614722","262.00000000003"
"258.0023215222831","259.999999999988"
"256.55296111379863","256.999999999925"
"262.48979307865676","249.99999999996498"
"251.18844528642953","252.000000000007"
"268.76441292073815","265.000000000093"
"268.17197046349344","273.000000000074"
"308.61464502446364","274.999999999929"
"313.6486485211518","326.0000000000089"
"316.7300167963817","327.9999999999948"
"320.7912415725696","323.000000000002"
"294.3395523847929","291.000000000078"
"289.0185869438009","280.000000000034"
"274.2314542521565","279.000000000013"
"268.6142076674183","276.999999999971"
"284.28295487011064","273.999999999908"
"284.0119283387772","274.999999999929"
"303.7286881157924","271.000000000032"
"275.16482794623744","276.999999999971"
"262.514855783078","271.000000000032"
"259.8808029889247","271.000000000032"
"247.1586757142046","265.000000000093"
"260.3303040325695","258.999999999967"
"249.31897918257403","249.99999999996498"
"253.92474094498192","247.000000000089"
"244.05715599954777","245.000000000047"
"246.1018307235302","244.000000000026"
"230.90184132713216","246.00000000006798"
"253.78595769628666","255.00000000007"
"271.779138159989","263.000000000051"
"240.03171503084593","276.999999999971"
"297.97986953161444","386.00000000001603"
"402.24841058028426","416.00000000008504"
"375.97973514735145","437.999999999986"
"396.31995152332155","408.999999999938"
"396.3385043239812","408.999999999938"
"399.77449971911983","422.000000000024"
"414.3362015608751","377.000000000014"
"343.59903121635847","354.999999999926"
"322.8196646671424","336.999999999922"
"352.88988237104047","342.000000000027"
"438.9429784700899","442.00000000007003"
"396.2263140262185","482.999999999996"
"375.02988958109154","374.999999999972"
"303.57140427228705","285.999999999973"
"288.1755455160525","280.000000000034"
"274.0837362470695","273.000000000074"
"273.2945569296745","268.99999999999"
"253.92474094507787","267.999999999969"
"265.8469769835221","263.000000000051"
"266.15930403472254","262.00000000003"
"264.367825735965","263.000000000051"
"248.0807470876115","264.000000000072"
"274.3465902127443","266.999999999948"
"291.10811816121924","271.000000000032"
"305.3969647540214","274.999999999929"
"282.964424164646","275.99999999995"
"288.19323552797476","282.99999999991"
"273.7791606539931","291.000000000078"
"284.9835873111776","290.000000000057"
"271.9036715880525","284.999999999952"
"274.67911314675655","283.999999999931"
"269.4519401481749","282.99999999991"
"286.49346006530243","288.000000000015"
"279.39920335129335","319.9999999999951"
"335.35144485353607","396.000000000039"
"360.45722512650167","449.00000000003"
"370.7456241242258","315.00000000000045"
"287.36168934730574","285.999999999973"
"286.9545339473144","282.000000000076"
"271.46440769727144","279.000000000013"
"271.5088315970407","274.999999999929"
"253.9459727963271","273.000000000074"
"265.1260823248245","268.99999999999"
"261.46841183761256","265.999999999927"
"264.55049266932724","259.999999999988"
"246.78499822541906","248.999999999944"
"255.73694460858354","247.999999999923"
"239.97188609703983","250.99999999998602"
"265.04386761912644","261.000000000009"
"261.26460265010303","266.999999999948"
"300.66760397517197","273.999999999908"
"271.2719488543755","279.000000000013"
"268.66430919255725","276.999999999971"
"267.15821041843105","273.999999999908"
"275.11379137700584","272.000000000053"
"268.6135635538523","272.000000000053"
"277.40945059593196","273.000000000074"
"279.29779173737745","282.000000000076"
"304.54209004590325","293.999999999954"
"286.2443059886662","289.000000000036"
"279.82850299254363","283.999999999931"
"259.9465681483267","275.99999999995"
"250.05846413240522","272.000000000053"
"269.86692305192963","266.999999999948"
"274.67865107955805","261.000000000009"
"253.924741862743","259.999999999988"
"259.5776126990667","254.000000000049"
"250.57581471378256","241.999999999984"
"251.0708499314793","238.000000000087"
"241.46972707439267","244.000000000026"
"256.28017063404644","238.999999999921"
"239.19268433443773","291.999999999912"
"387.46695798364186","371.000000000075"
"389.36765468174383","421.000000000003"
"395.71000979850953","395.000000000018"
"362.74931140061756","362.999999999907"
"346.10065285517663","336.999999999922"
"300.72909293982707","335.000000000067"
"328.7391074826403","334.000000000046"
"342.6959898019624","327.9999999999948"
"328.8321897959224","323.000000000002"
"343.8993166154239","334.000000000046"
"341.7380434254572","409.999999999959"
"387.1017238053272","352.00000000005"
"279.83074751151173","335.000000000067"
"323.47590913079523","289.000000000036"
"278.8912840722059","279.000000000013"
"278.0961771515896","267.999999999969"
"274.52902040035434","263.000000000051"
"253.92474398572014","271.000000000032"
"268.2800803249147","268.99999999999"
"265.60350716578847","271.000000000032"
"265.1951597143281","273.000000000074"
"249.320033357145","274.999999999929"
"281.1748668494807","280.000000000034"
"328.1974238889834","326.9999999999925"
"428.86514020024174","408.999999999938"
"422.8953388572192","452.000000000093"
"400.5768716822761","452.999999999927"
"438.85790105669116","393.999999999997"
"378.4196453759077","336.000000000088"
"327.14466120264615","333.000000000025"
"321.6255962383091","333.000000000025"
"328.7480654483127","326.9999999999925"
"333.41697499927625","326.9999999999925"
"350.82746267090977","336.000000000088"
"435.7501706713922","434.000000000089"
"357.4945141777539","423.000000000045"
"352.13682261331684","371.000000000075"
"347.40596115084134","326.9999999999925"
"317.20913244813664","296.9999999999983"
"278.0303484967078","282.99999999991"
"253.92542818366158","291.999999999912"
"276.70266600277216","288.000000000015"
"293.9403711154731","285.999999999973"
"266.0661026080418","288.000000000015"
"296.820908568498","296.9999999999983"
"291.3023728841546","323.000000000002"
"328.2483011071004","335.000000000067"
"402.9397205026356","416.999999999919"
"440.8978587006026","443.99999999992497"
"390.6370471230755","454.999999999969"
"439.87789793893654","462.99999999995"
"404.1694567933986","441.000000000049"
"438.7739057921698","434.99999999992303"
"407.893981417955","407.999999999917"
"378.15273200150955","378.000000000035"
"377.02620756103","365.99999999997"
"365.5216048432543","363.999999999928"
"401.32459193831176","424.000000000066"
"357.73575345844256","423.000000000045"
"372.13730849454595","382.999999999953"
"359.1728349503608","356.999999999968"
"336.8968284631514","339.999999999985"
"302.17274907532135","310.9999999999931"
"253.92770062430375","311.9999999999954"
"304.64829675986573","300.0000000000052"
"300.86605494411566","295.999999999996"
"266.39389803776777","300.0000000000052"
"314.70538892553054","310.9999999999931"
"294.8908266974186","323.000000000002"
"328.24830110802117","354.000000000092"
"374.70144566342435","482.999999999996"
"439.012180079003","439.000000000007"
"416.3075027906278","416.999999999919"
"401.46051571654004","423.000000000045"
"418.93382794084573","408.999999999938"
"356.5894620092114","491.99999999999795"
"382.53131928207114","417.99999999994"
"375.0360711781258","368.000000000012"
"357.15538669176556","326.9999999999925"
"306.04052863244726","341.000000000006"
"325.9876751176093","326.0000000000089"
"313.3418748351209","312.99999999999955"
"352.4992097647001","316.0000000000046"
"317.6538090245757","318.9999999999928"
"296.7566212612912","318.9999999999928"
"328.2483011063983","386.00000000001603"
"391.808980291953","433.000000000068"
"424.2123891289674","404.00000000002"
"398.09555127553364","401.999999999978"
"421.5025925263439","434.000000000089"
"352.793438101301","431.00000000002603"
"379.95506829790133","377.000000000014"
"362.76406539151424","393.999999999997"
"357.1615958190323","328.9999999999971"
"311.0449493103053","377.000000000014"
"342.0096783654356","342.000000000027"
"324.65434291472843","331.0000000000017"
"352.97725002930343","336.000000000088"
"317.70930579949464","339.999999999985"
"312.92362019653564","327.9999999999948"
"328.248301106249","317.0000000000069"
"380.12156779361925","328.9999999999971"
"345.41774159250724","346.999999999945"
"372.39744493107514","393.999999999997"
"403.39905726304676","413.000000000022"
"387.6960254956699","380.999999999911"
"385.8546701802515","357.999999999989"
"384.50063942906513","336.000000000088"
"342.09582378779623","328.9999999999971"
"337.46838997096984","334.000000000046"
"379.6371691493617","378.000000000035"
"350.49416971353145","498.999999999958"
"384.25007899621284","386.00000000001603"
"356.2268531556811","355.999999999947"
"329.7069250526137","352.00000000005"
"323.2163017004491","323.000000000002"
"311.04469971655686","328.9999999999971"
"318.6584094511174","318.9999999999928"
"311.5079207922022","307.0000000000026"
"352.3803611520899","306.0000000000003"
"318.250557201814","307.0000000000026"
"293.3629508540472","301.9999999999911"
"328.24828911057904","301.0000000000075"
"379.0370970348357","301.9999999999911"
"294.09356785320676","301.9999999999911"
"313.51687742307007","320.9999999999974"
"317.92505550917633","318.0000000000092"
"330.08403829289443","318.0000000000092"
"302.36099197748024","306.0000000000003"
"290.43106446877766","291.999999999912"
"268.6706492847365","291.000000000078"
"298.59233078042934","309.0000000000072"
"336.7283650301125","321.9999999999997"
"381.8644927796777","386.00000000001603"
"411.7236027333498","437.999999999986"
"367.15003471460676","392.999999999976"
"332.69474757853004","338.999999999964"
"322.5911025655185","335.000000000067"
"321.39100151485775","326.0000000000089"
"278.7053050062698","318.0000000000092"
"256.8803082710952","306.0000000000003"
"297.4086622867809","303.9999999999957"
"305.254986034147","302.9999999999934"
"266.72846056995974","299.0000000000029"
"317.72102228399075","315.00000000000045"
"297.2259849676258","318.0000000000092"
"328.2483011066156","431.00000000002603"
"350.44689678392206","494.00000000004"
"382.60195654475626","392.999999999976"
"370.8934931021564","335.000000000067"
"357.153211186384","318.0000000000092"
"293.02293164407416","323.000000000002"
"317.12411097659106","319.9999999999951"
"316.6448221505036","319.9999999999951"
"352.8712257928512","323.000000000002"
"319.56800385070056","335.000000000067"
"301.0400821185049","350.000000000008"
"328.2483011080773","496.999999999916"
"382.55972270324963","398.999999999915"
"370.5894048813555","335.000000000067"
"357.15058451420094","316.0000000000046"
"311.00847427083124","323.000000000002"
"315.17924777515015","318.9999999999928"
"312.644184963411","316.0000000000046"
"352.7161971283013","317.0000000000069"
"317.7282953731377","329.9999999999994"
"300.33685455567763","339.999999999985"
"328.24830110757864","481.999999999975"
"372.5355787600259","371.999999999909"
"357.15768877164334","326.9999999999925"
"310.8835363111327","326.0000000000089"
"311.3108961751721","318.9999999999928"
"311.37275509848985","317.0000000000069"
"319.2763973752008","315.00000000000045"
"317.59961493020955","323.000000000002"
"299.14189355435155","335.000000000067"
"328.24830067512517","449.00000000003"
"403.59725352494974","446.999999999988"
"388.79658231685386","410.99999999998"
"378.4926827840385","379.000000000056"
"364.8960150776827","345.00000000009"
"357.0423647022994","327.9999999999948"
"311.04493589436646","332.000000000004"
"321.21375942218134","326.0000000000089"
"317.57619602164675","325.0000000000066"
"352.86867348408305","335.000000000067"
"344.9841888597087","343.000000000048"
"302.6862208653628","368.000000000012"
"328.2483011080859","445.99999999996703"
"424.6643160375015","446.999999999988"
"403.5695595808744","445.99999999996703"
"381.2034625598502","378.000000000035"
"368.1927606778552","351.000000000029"
"357.15871207656306","326.0000000000089"
"253.92475121167485","335.000000000067"
"325.05725429388394","329.9999999999994"
"319.7253716578103","320.9999999999974"
"352.8170576003281","314.0"
"318.2482517290157","312.99999999999955"
"295.6068131994993","311.9999999999954"
"328.2483011017048","300.0000000000052"
"414.52551852737275","310.9999999999931"
"332.10906566736435","323.000000000002"
"329.11629391052725","329.9999999999994"
"366.32459810209326","332.000000000004"
"373.91098037291374","329.9999999999994"
"314.16430765992305","325.0000000000066"
"337.7169090587943","317.0000000000069"
"342.16162349604144","312.99999999999955"
"307.68876039001395","316.0000000000046"
"330.5971164306093","325.0000000000066"
"371.14012481775626","346.999999999945"
"360.01612932444596","342.000000000027"
"346.98261435748566","326.0000000000089"
"317.7799749280661","318.9999999999928"
"315.9334680905367","318.0000000000092"
"314.7377632804003","316.0000000000046"
"277.39634553451333","308.0000000000049"
"253.92474095175726","295.999999999996"
"295.7912650433935","291.000000000078"
"298.08681821448795","289.000000000036"
"266.3488859199615","285.999999999973"
"283.9102889702675","285.999999999973"
"287.16079774362464","283.999999999931"
"328.2293723274632","270.000000000011"
"280.7747781778438","267.999999999969"
"268.5016916300235","273.000000000074"
"312.1333807486118","275.99999999995"
"277.54762102853175","281.000000000055"
"287.9548458710785","285.999999999973"
"287.0759170145487","286.999999999994"
"278.3797335320513","274.999999999929"
"268.63204446323846","273.000000000074"
"277.73769072496236","277.999999999992"
"280.68099743046474","273.999999999908"
"304.96941710723246","327.9999999999948"
"359.0906088881252","326.0000000000089"
"328.29779589117544","326.0000000000089"
"304.6343652884256","317.0000000000069"
"315.16034167851285","315.00000000000045"
"310.8117047048133","311.9999999999954"
"278.56512692330006","307.0000000000026"
"253.9313495586514","306.0000000000003"
"286.98447321833595","298.0000000000006"
"302.55483309640726","298.0000000000006"
"352.4125125863143","298.0000000000006"
"306.10733733648334","307.0000000000026"
"296.46648190440425","318.0000000000092"
"328.24830110758654","407.999999999917"
"378.0881178871414","446.999999999988"
"407.2094242130815","391.999999999955"
"390.0878931207162","363.999999999928"
"385.65666559892475","344.000000000069"
"384.97003764623764","345.00000000009"
"341.94312717572546","336.999999999922"
"318.71804151286983","334.000000000046"
"381.877197545781","346.999999999945"
"393.2244251998346","413.000000000022"
"389.8799598028518","343.000000000048"
"326.3803165994764","325.0000000000066"
"304.2430425771846","317.0000000000069"
"312.847007239755","311.9999999999954"
"303.99386044733","308.0000000000049"
"277.4723463182702","295.999999999996"
"253.9249096720716","291.000000000078"
"288.9749418758481","284.999999999952"
"288.7730808630486","284.999999999952"
"283.4633682130521","285.999999999973"
"297.0132053499986","294.999999999975"
"289.487543626063","303.9999999999957"
"328.248299603831","315.00000000000045"
"379.0752311623951","350.000000000008"
"376.0909718087068","389.99999999991303"
"376.61786667596925","347.999999999966"
"374.9266876416332","338.999999999964"
"368.6198480588477","331.0000000000017"
"316.34570007553657","321.9999999999997"
"333.0854076132324","318.9999999999928"
"341.9610779462456","316.0000000000046"
"311.59368132221994","311.9999999999954"
"340.0352366781164","310.9999999999931"
"337.3809771277396","317.0000000000069"
"296.00153168554266","314.0"
"281.3363815946735","304.999999999998"
"298.2120439498076","295.999999999996"
"267.5833001193078","288.000000000015"
"282.80760407015174","276.999999999971"
"240.04107962415446","253.000000000028"
"253.924740924417","248.999999999944"
"243.61063525703352","230.99999999994"
"227.9911362876672","226.000000000022"
"224.89925259773253","229.999999999919"
"232.18810364273006","239.99999999994202"
"252.55445566939198","237.000000000066"
"239.10335756904752","270.000000000011"
"304.9391548338539","300.0000000000052"
"301.8083954224584","310.9999999999931"
"310.4740728037631","301.0000000000075"
"298.44724798295033","294.999999999975"
"298.4114383843066","290.000000000057"
"279.911938547772","285.999999999973"
"307.170266860905","282.99999999991"
"268.6325031131311","282.000000000076"
"289.49595472325296","282.99999999991"
"282.91645856793747","285.999999999973"
"313.6778852937144","314.0"
"313.83190399460653","317.0000000000069"
"326.7200225542444","311.9999999999954"
"299.48778743162984","298.0000000000006"
"294.9367298985683","288.000000000015"
"275.8910674135566","283.999999999931"
"275.10879610933796","276.999999999971"
"254.25939015012918","279.000000000013"
"258.47438318177484","279.000000000013"
"289.99505321402313","280.000000000034"
"271.8094253101624","282.99999999991"
"297.04273042684855","299.0000000000029"
"306.22017396613705","318.9999999999928"
"328.2483011079089","379.000000000056"
"434.46856272966994","478.000000000078"
"446.3921532149129","460.999999999908"
"379.5401353688186","379.000000000056"
"370.0849339493911","363.999999999928"
"345.7737713745376","339.999999999985"
"342.0490309245891","328.9999999999971"
"316.204748382806","316.0000000000046"
"356.2462021716332","326.0000000000089"
"363.42541719564275","373.999999999951"
"319.90217362918315","335.000000000067"
"338.8282558749339","301.0000000000075"
"282.31092409624694","288.000000000015"
"290.04511119435335","282.99999999991"
"275.1515706631181","276.999999999971"
"265.4750515621471","270.000000000011"
"253.9249284358184","264.000000000072"
"247.24895944307949","258.999999999967"
"256.66822133407334","256.999999999925"
"262.0074098102295","261.000000000009"
"270.738014039405","265.000000000093"
"277.35784538997933","271.000000000032"
"328.0911101660016","290.000000000057"
"326.75668107608516","321.9999999999997"
"330.2420494268232","344.000000000069"
"314.6057281819326","314.0"
"311.82917150087565","296.9999999999983"
"294.31796789339626","296.9999999999983"
"287.3562768740544","293.999999999954"
"271.8961314617452","291.999999999912"
"271.7668887264913","293.999999999954"
"296.95739352219505","286.999999999994"
"287.24417399946384","292.999999999933"
"319.1537574359723","391.999999999955"
"356.1845181061825","323.000000000002"
"338.9014334813637","318.0000000000092"
"303.12053540160025","301.0000000000075"
"299.4360707316393","282.000000000076"
"275.52230484247144","276.999999999971"
"254.37367142919976","273.000000000074"
"253.92474123592825","271.000000000032"
"263.4401021769183","264.000000000072"
"260.2171940723241","262.00000000003"
"262.7564144181922","261.000000000009"
"249.3570165937404","262.00000000003"
"274.98258190530936","262.00000000003"
"265.53129875508574","261.000000000009"
"268.2686204034343","261.000000000009"
"259.2232121377882","263.000000000051"
"282.636141014684","265.000000000093"
"269.80870368077854","265.999999999927"
"285.0465437471829","264.000000000072"
"263.4659583027026","261.000000000009"
"263.6305702240644","259.999999999988"
"268.7425516713195","257.999999999946"
"271.1512740494705","257.999999999946"
"250.1810960271492","261.000000000009"
"291.64318612049897","266.999999999948"
"276.25699097474114","267.999999999969"
"262.3713914716058","265.000000000093"
"255.3374784507463","262.00000000003"
"267.6702759466664","253.000000000028"
"246.01199709696382","255.00000000007"
"249.145931316935","243.000000000005"
"253.92476611018586","231.999999999961"
"233.5652461319059","227.000000000043"
"226.33925090807188","221.99999999993798"
"225.53690596196472","223.99999999998"
"222.77840914819964","228.000000000064"
"243.51668254898985","237.000000000066"
"239.08956293025363","237.000000000066"
"254.88336858902525","235.000000000024"
"242.25485527926287","232.99999999998198"
"214.0756818662946","254.000000000049"
"257.41631752492","261.000000000009"
"265.7361140474226","258.999999999967"
"227.2232175224135","241.999999999984"
"230.4012053754314","222.99999999995902"
"233.8299324062889","210.00000000006"
"193.68744658696983","209.000000000039"
"204.52187792591513","208.000000000018"
"252.14420987240305","311.9999999999954"
"303.99502812348334","274.999999999929"
"262.6397603348682","272.000000000053"
"259.6010152975537","267.999999999969"
"245.49860562213397","266.999999999948"
"260.71166882200043","262.00000000003"
"254.32988181943867","256.999999999925"
"253.924740949983","256.999999999925"
"254.8894398967404","255.00000000007"
"248.73681442197946","256.999999999925"
"261.8542856962071","261.000000000009"
"268.0563580522309","266.999999999948"
"275.4843138239758","273.999999999908"
"300.6281076665407","293.999999999954"
"379.9075813056338","482.999999999996"
"441.22951184844345","452.000000000093"
"372.23131521217556","378.000000000035"
"342.5740717679476","318.9999999999928"
"295.2182189412435","293.999999999954"
"333.7817332217162","283.999999999931"
"265.66524785226187","280.000000000034"
"268.63179932390324","283.999999999931"
"293.70972877792025","263.000000000051"
"268.23297423578407","227.000000000043"
"260.66417463279316","326.0000000000089"
"299.8279089732699","279.000000000013"
"263.5000453678782","272.000000000053"
"260.04416562570856","267.999999999969"
"240.62374980978586","263.000000000051"
"256.62260147456607","256.000000000091"
"232.38206819061298","241.999999999984"
"253.9247409439363","229.999999999919"
"229.09715002075563","227.000000000043"
"227.9839408474372","227.000000000043"
"244.3155418905937","229.999999999919"
"246.00114785303833","238.000000000087"
"254.43797267554635","238.999999999921"
"239.16048702100412","259.999999999988"
"268.2629899986352","272.000000000053"
"285.94330246600487","276.999999999971"
"296.1344529297372","275.99999999995"
"280.35184048150865","276.999999999971"
"273.5586831684329","275.99999999995"
"273.41990618576506","274.999999999929"
"265.14386274502465","273.999999999908"
"268.71455805992866","273.999999999908"
"272.07417106311095","273.999999999908"
"275.05581843781135","277.999999999992"
"296.7252998854725","327.9999999999948"
"315.95369448018107","334.000000000046"
"305.9892073285044","318.9999999999928"
"284.85130042408525","282.000000000076"
"284.0819396445397","275.99999999995"
"266.50778188540437","267.999999999969"
"258.2727817665808","261.000000000009"
"253.9247409754906","243.000000000005"
"240.336743602225","239.99999999994202"
"236.42701102950565","237.000000000066"
"255.74590619610103","240.999999999963"
"241.89905420920337","247.000000000089"
"260.4135616947461","247.999999999923"
"240.54202952494558","261.000000000009"
"263.48842913549777","270.000000000011"
"264.7187634235911","272.000000000053"
"269.3472904409764","267.999999999969"
"275.7283870795717","266.999999999948"
"260.6609305557548","265.000000000093"
"265.99897063957394","263.000000000051"
"264.17747463218916","262.00000000003"
"268.5558874492321","261.000000000009"
"259.6553278758906","257.999999999946"
"257.5709686786945","256.999999999925"
"265.0810284036914","263.000000000051"
"271.9210525746637","263.000000000051"
"254.4726340162369","258.999999999967"
"253.0905651174995","252.000000000007"
"228.74765177442026","243.000000000005"
"239.31220984326322","229.999999999919"
"230.94201581072036","211.000000000081"
"202.49379918910483","152.999999999985"
"174.3581845563636","154.000000000006"
"185.61810599797226","208.000000000018"
"239.0875743252106","231.999999999961"
"247.15199500425612","247.999999999923"
"255.21992611020454","252.000000000007"
"251.58992061638614","252.000000000007"
"256.23843172454895","252.000000000007"
"268.4174136209793","248.999999999944"
"302.645945352209","246.00000000006798"
"264.70096836686184","243.000000000005"
"267.99090911736465","243.000000000005"
"242.2145225160227","243.000000000005"
"229.22534337169378","246.00000000006798"
"257.32836498922336","255.00000000007"
"290.87723068074393","256.999999999925"
"262.3720537596695","255.00000000007"
"250.99336664748677","249.99999999996498"
"227.85975752089325","245.000000000047"
"240.00110145354122","238.000000000087"
"227.34103529461314","227.000000000043"
"253.92474075453546","217.00000000002"
"215.4477912281474","219.00000000006202"
"218.20513947527337","213.999999999957"
"217.01086451236193","214.999999999978"
"232.98554626108694","215.999999999999"
"235.08554930571248","226.000000000022"
"239.00637713601526","237.000000000066"
"252.2866588625345","249.99999999996498"
"262.6367162820434","253.000000000028"
"257.85199137187084","250.99999999998602"
"256.1984036669859","248.999999999944"
"264.7976218836185","246.00000000006798"
"251.91870127263138","240.999999999963"
"227.55669355173364","236.00000000004502"
"265.8641356147772","230.99999999994"
"234.0217469393679","229.00000000008498"
"246.48088875836424","229.999999999919"
"249.09121707673387","240.999999999963"
"268.3346361872864","245.000000000047"
"243.6988164778887","243.000000000005"
"242.88851637060964","235.000000000024"
"210.08830514822932","227.000000000043"
"224.55711332578386","221.99999999993798"
"235.30429035588685","220.000000000083"
"253.85089767084054","225.00000000000102"
"224.995993493536","220.999999999917"
"218.1330432089075","219.00000000006202"
"218.60999039149848","218.00000000004098"
"226.81220234030764","219.00000000006202"
"217.42919509849156","221.99999999993798"
"223.334649178594","221.99999999993798"
"240.73420260502456","220.999999999917"
"260.0669982664949","222.99999999995902"
"222.196457541816","226.000000000022"
"226.92196164993283","229.999999999919"
"235.50968408145593","228.000000000064"
"238.69053893541857","225.00000000000102"
"205.21822110875482","223.99999999998"
"253.56935683574713","223.99999999998"
"227.5914800734817","227.000000000043"
"246.75985751643148","230.99999999994"
"248.6941022325165","246.00000000006798"
"277.07047875317875","250.99999999998602"
"254.37350373401222","247.999999999923"
"242.96558909001254","239.99999999994202"
"226.56402623520881","241.999999999984"
"231.79779487825465","239.99999999994202"
"233.14624397388081","238.999999999921"
"253.92474332243643","244.000000000026"
"239.56050054366202","234.000000000003"
"228.68867681571822","225.00000000000102"
"238.57270846574914","228.000000000064"
"245.7153525940769","236.00000000004502"
"248.76093186937942","245.000000000047"
"250.75798307880495","237.000000000066"
"256.68968024591766","234.000000000003"
"240.5844885679051","254.000000000049"
"227.9647253060264","279.000000000013"
"283.0179220600722","316.0000000000046"
"306.7083738452182","373.999999999951"
"347.77288189139426","380.999999999911"
"346.5327057443424","343.000000000048"
"320.0378288040253","320.9999999999974"
"309.4395558304009","298.0000000000006"
"319.3491351993599","282.99999999991"
"285.74168321715837","319.9999999999951"
"340.65948991962097","408.999999999938"
"335.34130826410563","498.999999999958"
"378.086733628712","468.000000000055"
"382.0176159744642","410.99999999998"
"373.93247424335317","326.9999999999925"
"278.71860006187893","323.000000000002"
"253.92479200335578","309.0000000000072"
"302.91004925635315","256.000000000091"
"251.74238397599117","252.000000000007"
"263.77397491778675","252.000000000007"
"248.95456880829323","248.999999999944"
"266.81300519432426","262.00000000003"
"326.69248067551564","326.0000000000089"
"393.8749137946531","431.00000000002603"
"434.04077922468014","443.99999999992497"
"413.2917774652185","412.000000000001"
"387.2961047424147","386.00000000001603"
"372.44156921762306","363.999999999928"
"378.1278057286686","332.000000000004"
"300.5520777918643","361.000000000052"
"361.26381762382687","342.000000000027"
"332.54652736090804","334.000000000046"
"334.1142472205987","334.000000000046"
"382.533357990044","383.99999999997397"
"411.7174356087749","482.999999999996"
"417.49910718465446","486.000000000059"
"376.843714852671","381.999999999932"
"340.7699208922512","364.999999999949"
"338.55247356973246","324.0000000000043"
"277.94145920224673","291.000000000078"
"253.92474229715884","243.000000000005"
"245.3398608014761","238.999999999921"
"234.53881866217722","237.000000000066"
"254.11516652452605","238.000000000087"
"244.36984588527417","244.000000000026"
"252.58785270991194","246.00000000006798"
"239.5230347250801","249.99999999996498"
"261.8810589667413","257.999999999946"
"249.43846547037774","259.999999999988"
"260.0362155442261","257.999999999946"
"252.68639819612025","255.00000000007"
"260.9902705621961","253.000000000028"
"253.0700298673146","253.000000000028"
"268.7945082019153","252.000000000007"
"273.38575064224193","250.99999999998602"
"221.4804220131058","249.99999999996498"
"262.445641652999","249.99999999996498"
"280.21063599802943","256.999999999925"
"290.33215384505297","274.999999999929"
"308.44660732754795","256.999999999925"
"251.69095737505555","253.000000000028"
"244.670461283577","249.99999999996498"
"244.25937827325097","246.00000000006798"
"226.9702696790731","240.999999999963"
"253.92474118887802","232.99999999998198"
"210.8977950687999","225.00000000000102"
"221.23780945396493","223.99999999998"
"219.3033364989591","239.99999999994202"
"239.28178630657516","246.00000000006798"
"255.09312078570582","247.999999999923"
"247.91285616507048","256.000000000091"
"279.3216214534971","324.0000000000043"
"350.0227327252912","371.000000000075"
"370.2924637963458","383.99999999997397"
"381.2060397627404","390.999999999934"
"370.903783420669","399.999999999936"
"383.9944131474283","354.999999999926"
"333.6589214801681","342.000000000027"
"323.4677625401279","325.0000000000066"
"327.04106278571004","324.0000000000043"
"312.512992942909","324.0000000000043"
"324.20340298990305","389.99999999991303"
"318.83437470413406","479.99999999993304"
"364.1528636853816","354.999999999926"
"322.97996629105","355.999999999947"
"300.7484724155419","301.9999999999911"
"291.64666291888864","263.000000000051"
"248.10531277144173","240.999999999963"
"253.92474225674812","234.000000000003"
"227.3630366140291","229.00000000008498"
"223.43114810864523","227.000000000043"
"216.78634936963198","229.999999999919"
"228.40551674680694","239.99999999994202"
"250.17099683859402","241.999999999984"
"239.19104566552218","249.99999999996498"
"272.96392786984507","316.0000000000046"
"304.69809226891226","320.9999999999974"
"310.30827134993547","317.0000000000069"
"310.9628269153152","317.0000000000069"
"319.4799629608417","316.0000000000046"
"296.62939173919494","295.999999999996"
"274.72117919241236","299.0000000000029"
"270.76492247588396","265.000000000093"
"266.4129457557846","263.000000000051"
"265.0828926756202","249.99999999996498"
"281.6693486846499","294.999999999975"
"286.69226941648037","316.0000000000046"
"335.1344649863013","285.999999999973"
"268.7330420602348","263.000000000051"
"265.43253815867956","246.00000000006798"
"237.72286132851264","238.999999999921"
"225.85733958356093","231.999999999961"
"253.92474161554145","225.00000000000102"
"218.60904897022044","220.999999999917"
"217.59298123399165","218.00000000004098"
"212.8579841568045","226.000000000022"
"233.44797355557705","235.000000000024"
"245.79331353802257","238.000000000087"
"246.26425010657843","256.999999999925"
"295.372397596971","309.9999999999908"
"304.54360168841083","312.99999999999955"
"326.09867151655436","315.00000000000045"
"309.9867042626536","312.99999999999955"
"330.09059745229195","311.9999999999954"
"295.75451748552126","312.99999999999955"
"319.5865495353412","309.9999999999908"
"306.87080476636476","309.0000000000072"
"302.218654196453","309.0000000000072"
"329.8118152154744","309.9999999999908"
"332.6942006014735","386.00000000001603"
"411.7434379936801","449.00000000003"
"335.77569230714624","428.99999999998397"
"352.33455985723606","311.9999999999954"
"311.3843573743981","292.999999999933"
"281.6659122190223","238.999999999921"
"251.30734229019998","238.000000000087"
"253.92474109056295","238.000000000087"
"240.36471462538438","235.000000000024"
"236.67851533957744","234.000000000003"
"255.58365568866","234.000000000003"
"243.175910031851","234.000000000003"
"245.05163807939027","231.999999999961"
"239.13164275654376","229.00000000008498"
"244.7198942123511","230.99999999994"
"259.3341236938271","235.000000000024"
"234.56503813656752","238.999999999921"
"235.59308514347774","238.999999999921"
"243.31212617502115","238.000000000087"
"242.71368194164012","231.999999999961"
"220.40117005400202","226.000000000022"
"241.80753667195845","227.000000000043"
"222.6963584729354","229.00000000008498"
"258.40454476245134","232.99999999998198"
"269.50462383906466","240.999999999963"
"280.05536822986676","245.000000000047"
"271.2408381249382","241.999999999984"
"230.67337294732778","238.000000000087"
"245.44199849945585","237.000000000066"
"232.26231971370723","232.99999999998198"
"228.60571325263066","234.000000000003"
"253.92474094160735","230.99999999994"
"230.42078328010385","226.000000000022"
"223.71830422209194","220.000000000083"
"213.4925673151789","223.99999999998"
"226.12244758990784","223.99999999998"
"237.16187783867971","230.99999999994"
"239.0918117650246","223.99999999998"
"247.55972262369497","225.00000000000102"
"234.19172010712606","236.00000000004502"
"237.71732967980148","238.999999999921"
"238.52887813994425","239.99999999994202"
"237.69437315141963","239.99999999994202"
"289.50525756434234","238.000000000087"
"229.5144107874172","237.000000000066"
"238.03556598627688","236.00000000004502"
"241.41732667916568","236.00000000004502"
"258.38643359484786","238.000000000087"
"251.25932667120424","245.000000000047"
"259.0229857153297","281.000000000055"
"258.94461080732935","253.000000000028"
"249.88080497193226","248.999999999944"
"236.7078514631047","246.00000000006798"
"239.3622011539245","241.999999999984"
"225.50373816066462","238.000000000087"
"253.9247409431463","231.999999999961"
"229.0436950579745","222.99999999995902"
"220.46111492707942","215.999999999999"
"203.0432875607641","203.999999999934"
"217.0794114125851","211.000000000081"
"227.73457124874795","201.00000000005798"
"239.09007591842914","264.000000000072"
"267.83931332794987","298.0000000000006"
"323.01209644772854","368.000000000012"
"349.4776549711164","348.999999999987"
"331.15616173655224","327.9999999999948"
"298.6664230424144","298.0000000000006"
"286.6178528678903","265.999999999927"
"263.4531837357754","256.000000000091"
"268.61430672362314","254.000000000049"
"271.7030199711773","250.99999999998602"
"263.31249417353956","248.999999999944"
"263.97938423247274","281.000000000055"
"350.37909756471174","351.000000000029"
"325.0377619217934","289.000000000036"
"267.87564960599457","250.99999999998602"
"231.34803119480938","245.000000000047"
"242.36054856523202","239.99999999994202"
"226.97200302133962","237.000000000066"
"253.92474425423734","234.000000000003"
"232.2254018379865","232.99999999998198"
"229.37932481347667","230.99999999994"
"226.46630481947773","234.000000000003"
"238.11550222852458","236.00000000004502"
"249.5540466210516","238.000000000087"
"240.16034376776855","243.000000000005"
"274.6817965194591","292.999999999933"
"302.38567691946946","316.0000000000046"
"312.1045659414495","290.000000000057"
"289.87086257910835","270.000000000011"
"266.05327018142634","256.999999999925"
"255.67455981469965","253.000000000028"
"259.39369815543114","249.99999999996498"
"267.724434321087","248.999999999944"
"259.06903054251995","248.999999999944"
"261.7151035513077","247.999999999923"
"258.26025230893305","254.000000000049"
"284.4192127535216","285.999999999973"
"267.1701618899758","258.999999999967"
"254.36529613402246","249.99999999996498"
"253.12868612109304","245.000000000047"
"237.0777214188339","239.99999999994202"
"225.48237717864146","236.00000000004502"
"253.92474165431554","225.00000000000102"
"223.1215471173602","225.00000000000102"
"219.94895796413533","222.99999999995902"
"213.90406298509998","223.99999999998"
"226.25684015162412","225.00000000000102"
"238.47750490156943","225.00000000000102"
"239.09258970186426","237.000000000066"
"251.2339999762053","247.999999999923"
"257.91796971474935","258.999999999967"
"241.594532175165","245.000000000047"
"248.04856539167818","243.000000000005"
"256.9578733154678","239.99999999994202"
"259.6487779418871","236.00000000004502"
"232.07771886924397","238.000000000087"
"267.09901426915303","232.99999999998198"
"225.5873256003851","230.99999999994"
"242.1393605963557","236.00000000004502"
"254.41124178160385","238.999999999921"
"255.14186168609956","241.999999999984"
"254.0206712193364","240.999999999963"
"240.85894114238772","238.999999999921"
"245.29667567219673","236.00000000004502"
"231.79373714307502","229.999999999919"
"232.16999857598458","225.00000000000102"
"253.92474869665983","220.000000000083"
"217.2089712329846","217.00000000002"
"214.00204018817527","214.999999999978"
"209.9660222685489","218.00000000004098"
"225.77108555940532","222.99999999995902"
"238.2453278690209","226.000000000022"
"239.3040226507095","238.000000000087"
"253.18416242913986","247.999999999923"
"279.1363221732356","275.99999999995"
"270.05657065394115","270.000000000011"
"277.26959817290543","262.00000000003"
"254.90824899457212","250.99999999998602"
"253.23573774204868","247.999999999923"
"261.90401394266223","247.000000000089"
"268.1474027275488","244.000000000026"
"240.6576537727354","241.999999999984"
"261.72534889318547","241.999999999984"
"255.6572848895812","247.999999999923"
"280.73087774936187","309.9999999999908"
"279.63317343675556","279.000000000013"
"264.59336114023756","248.999999999944"
"253.65522149977954","243.000000000005"
"234.77383273773006","238.000000000087"
"236.13530154270367","234.000000000003"
"253.92617430854594","229.00000000008498"
"222.06975954680624","226.000000000022"
"219.63132734311984","225.00000000000102"
"215.71775327712334","225.00000000000102"
"226.24549300400867","226.000000000022"
"237.43700650280994","228.000000000064"
"239.11472456774345","238.000000000087"
"252.74393919159508","250.99999999998602"
"252.25519622001895","256.999999999925"
"248.47838700481492","249.99999999996498"
"256.22543023494677","244.000000000026"
"260.01824805739903","239.99999999994202"
"249.60350936503949","236.00000000004502"
"223.5956998299796","231.999999999961"
"231.51570245995265","229.999999999919"
"226.1659689539311","225.00000000000102"
"216.8936399394075","223.99999999998"
"254.37780835844313","229.999999999919"
"241.71702212563645","234.000000000003"
"257.71778157201175","231.999999999961"
"238.11955529065335","227.000000000043"
"213.88462773682267","220.999999999917"
"217.12338136179937","213.999999999957"
"232.16080890002894","210.00000000006"
"253.92260099155533","214.999999999978"
"195.09216582494577","208.000000000018"
"202.79338435549292","206.999999999997"
"198.39809314411247","206.999999999997"
"217.00381559754857","210.00000000006"
"223.5836303290293","215.999999999999"
"239.09012602670134","217.00000000002"
"237.6107510151034","220.999999999917"
"233.21393303567805","222.99999999995902"
"226.99577200262434","227.000000000043"
"226.44211719528482","225.00000000000102"
"234.19878979149848","221.99999999993798"
"237.21183338540823","213.999999999957"
"219.34601197066607","206.999999999997"
"218.4280546017","202.999999999913"
"200.83881082174642","202.000000000079"
"250.2388508195329","204.99999999995498"
"248.53383225760933","213.999999999957"
"225.2116300584836","225.00000000000102"
"213.25642932489345","223.99999999998"
"225.06857363741642","215.999999999999"
"198.8405417060229","210.00000000006"
"192.73604689005893","202.999999999913"
"234.80754959958153","201.00000000005798"
"253.90525711777786","184.999999999909"
"152.2087963321315","147.00000000004601"
"175.03156272937187","129.000000000042"
"146.0862973223999","154.000000000006"
"174.3593012452525","167.000000000092"
"190.65818622183969","175.00000000007302"
"239.05348390468177","175.00000000007302"
"197.5715320594125","178.99999999997"
"192.27361536123374","202.999999999913"
"211.61813182219","220.000000000083"
"220.2799861551568","222.99999999995902"
"234.33501464525858","221.99999999993798"
"236.90093961812687","215.999999999999"
"214.46254531775529","211.000000000081"
"222.53541015831806","202.999999999913"
"198.8653729527107","201.00000000005798"
"190.59798459977162","205.999999999976"
"247.8964880028791","215.999999999999"
"231.6797559495321","229.999999999919"
"243.40965843436166","229.00000000008498"
"219.78607659709746","222.99999999995902"
"197.4319587641079","213.999999999957"
"193.00621727585758","205.999999999976"
"233.587398503555","202.000000000079"
"193.96073306392586","195.999999999953"
"171.47962061914114","193.99999999991098"
"198.9207453375305","193.000000000077"
"183.98885818264844","188.999999999993"
"216.9104271412936","194.99999999993202"
"214.19193827666115","213.999999999957"
"239.07321909172157","226.000000000022"
"242.95464850140553","244.000000000026"
"258.4238095409933","247.000000000089"
"241.2864105679925","244.000000000026"
