"DataEntries: 8756, TestEntries: 24, Epochs: 3000, UseTestData: true, LimitEntries: true, Firstlayer#: 5, SecondLayer: true, SecondLayer#: 30, Predict: true, Curvebehaviour: true, Stacksize: 6, useLastXDays: false, Max: 632.0, Min: 61.0, Curve behaviour: true, Historical: false, Skewness: false"
"Actual","Ideal"
"339.4909735716236","338.9736379613424"
"315.3285684077195","335.9630931458565"
"314.9374931054515","313.8857644990455"
"289.6509145039938","309.8717047451785"
"267.9714242546665","310.87521968378803"
"277.3917365416129","302.8471001757685"
"279.90850544266834","291.80843585249147"
"283.4050629636328","290.80492091388203"
"291.4036726480243","283.780316344472"
"283.312731238185","280.769771528929"
"234.74938880550863","277.7592267136715"
"306.47911858598513","277.7592267136715"
"263.8916412144538","275.7521968364525"
"314.2495778984772","282.7768014058625"
"327.13730315660365","286.79086116001497"
"308.8868665625736","293.815465729425"
"290.2439817572643","311.878734622112"
"298.0899947031499","316.8963093145885"
"303.2266877545147","316.8963093145885"
"303.47944926044573","320.9103690685412"
"291.8385648775219","311.878734622112"
"308.8950744661343","314.889279437655"
"288.908795623559","315.892794375979"
"308.90053287018617","343.99121265377886"
"363.1242651652634","349.00878734622114"
"315.4506621885232","339.9771528998377"
"315.2236355771314","322.9173989455318"
"301.76436436965895","311.878734622112"
"277.13139452801306","312.8822495607215"
"277.4522363231963","307.864674868245"
"279.98410849768914","292.8119507908155"
"283.4050629632392","283.780316344472"
"285.53875481136305","275.7521968364525"
"283.2422329130859","262.706502636242"
"234.74938880550863","259.695957820699"
"300.25645833015176","276.75571177506197"
"266.0123109547084","290.80492091388203"
"314.99431455581475","364.06151142355355"
"363.3700849370096","432.3005272406915"
"380.9955612379075","383.1282952548215"
"379.4633283070985","357.0369068541435"
"332.12702904989175","357.0369068541435"
"335.6345055540918","371.0861159929635"
"308.7004171579405","422.265377856024"
"363.3158328279958","389.149384885622"
"381.0519097180125","380.1177504392785"
"388.9143179464999","409.219683655528"
"380.9950196834501","496.525483303991"
"438.77243851973304","513.585237258354"
"438.7876495497503","362.05448154656295"
"315.4387965615991","316.8963093145885"
"301.5299985990023","307.864674868245"
"279.43752454670704","302.8471001757685"
"287.99271983051784","300.84007029883503"
"279.5543718483535","289.8014059752725"
"283.4050629601983","289.8014059752725"
"290.3915688069319","285.7873462214055"
"283.3049787007962","287.794376098339"
"234.74938880550863","283.780316344472"
"307.5489388483903","288.7978910369485"
"273.0934536778612","305.85764499131153"
"315.358030454306","338.9736379613424"
"363.2007837777512","409.219683655528"
"380.99532134951676","368.0755711775062"
"378.94517314412894","352.0193321616956"
"336.7330575200716","342.987697715295"
"334.47204384804263","353.0228471001623"
"308.5867347551817","360.0474516696009"
"332.12182281675956","353.0228471001623"
"350.95956271168836","347.0017574692448"
"334.6272653203317","365.06502636204885"
"380.98555593085234","429.289982425434"
"438.2154281316813","456.3848857644645"
"438.7541963372678","357.0369068541435"
"315.4028207436244","344.9947275922685"
"306.9324033169886","319.9068541300459"
"293.120440326362","318.9033391915506"
"314.1527696801776","306.8611599296355"
"279.3153967152282","295.82249560635853"
"283.40506296386434","295.82249560635853"
"300.81769269904396","288.7978910369485"
"283.3229067712725","289.8014059752725"
"234.74938880550863","291.80843585249147"
"307.9903647455461","297.829525483292"
"268.5392133071263","311.878734622112"
"315.3959909355015","342.987697715295"
"363.08571104955456","373.0931458699541"
"371.13373071308524","379.1142355009545"
"379.7174434258073","365.06502636204885"
"341.7892978297926","362.05448154656295"
"342.0729972503185","366.0685413005156"
"308.71896855488023","363.05799648505825"
"332.9370338320837","359.0439367311056"
"309.94580802398764","358.0404217926103"
"341.4629631015084","369.0790861160015"
"380.98279238539106","409.219683655528"
"435.3715753385096","484.4833040421045"
"438.78005081609604","360.0474516696009"
"315.40767921623075","336.9666080843518"
"305.79984075406526","318.9033391915506"
"287.8559548865703","322.9173989455318"
"314.10499201364314","319.9068541300459"
"280.9034233005379","300.84007029883503"
"283.40506296463616","304.854130052702"
"310.40270562479657","296.8260105446825"
"283.3354204313128","297.829525483292"
"234.74938880550863","299.8365553602255"
"308.1130907456166","308.868189806569"
"270.41520705495276","320.9103690685412"
"315.4223075879639","344.9947275922685"
"363.0968945463037","410.2231985941375"
"380.99455711887174","334.9595782073897"
"334.86028658649957","323.9209138839985"
"314.25177678180546","319.9068541300459"
"315.0650456459406","330.94551845343705"
"307.43010872109437","368.0755711775062"
"332.71751958040187","345.9982425307552"
"308.90278563868947","350.012302284705"
"327.57237451183624","373.0931458699541"
"380.9860762858854","430.293497363758"
"438.18744373718687","508.5676625658775"
"438.78681864484815","382.12478031621197"
"319.5885657137278","324.9244288224938"
"302.8207421236736","317.899824253198"
"281.8534189712682","319.9068541300459"
"279.9070135205618","313.8857644990455"
"280.03322305534834","303.850615114378"
"283.40506296465543","305.85764499131153"
"303.66656233483695","296.8260105446825"
"283.3389817744196","295.82249560635853"
"234.74938880550863","297.829525483292"
"308.02820947367724","293.815465729425"
"272.88399317733365","307.864674868245"
"315.2770599885651","335.9630931458565"
"372.99709645635534","378.110720562345"
"370.971323404238","336.9666080843518"
"316.010173834748","332.9525483303991"
"308.6250370310439","328.93848857644645"
"306.60207370599045","336.9666080843518"
"305.98117970516654","334.9595782073897"
"294.82350685984557","329.94200351494175"
"308.89842049308413","327.93497363795115"
"297.9267807510362","329.94200351494175"
"350.53820730689534","364.06151142355355"
"386.8394524853242","385.135325131755"
"416.02987457551274","344.9947275922685"
"314.9774502329135","321.9138840070365"
"287.92591372577806","319.9068541300459"
"269.46546273969966","317.899824253198"
"287.33610114530927","312.8822495607215"
"278.6116847652261","303.850615114378"
"283.4050629646207","304.854130052702"
"292.46505740485253","293.815465729425"
"283.31309056737985","280.769771528929"
"234.74938880550863","277.7592267136715"
"305.0190967512214","281.77328646753847"
"263.48542029248773","288.7978910369485"
"314.33982853571746","298.8330404219015"
"296.2893534782769","311.878734622112"
"308.8967215653498","317.899824253198"
"291.0564501813317","318.9033391915506"
"295.2149183909087","318.9033391915506"
"296.199491600003","318.9033391915506"
"300.2092416220882","312.8822495607215"
"287.65704325350134","311.878734622112"
"308.8946925141871","313.8857644990455"
"291.23332960531576","318.9033391915506"
"308.9019113478498","330.94551845343705"
"362.9798314715597","334.9595782073897"
"315.4150571872124","328.93848857644645"
"315.1760810285875","319.9068541300459"
"303.70942896666145","316.8963093145885"
"299.2960969780498","320.9103690685412"
"314.69082422952675","321.9138840070365"
"282.6468412180419","313.8857644990455"
"283.4050629646786","318.9033391915506"
"312.2120234690784","307.864674868245"
"283.39343518082933","292.8119507908155"
"234.74938880550863","291.80843585249147"
"308.4210555326141","293.815465729425"
"270.9618817718807","293.815465729425"
"315.2727263534442","288.7978910369485"
"329.7970805661194","290.80492091388203"
"308.89687439067376","298.8330404219015"
"319.92073433737863","319.9068541300459"
"313.7279392689371","327.93497363795115"
"324.18482236555974","325.9279437609891"
"307.32651376446165","323.9209138839985"
"301.98881325908036","320.9103690685412"
"308.89997682825987","318.9033391915506"
"322.7416698580228","322.9173989455318"
"308.902949916618","345.9982425307552"
"389.3233177534455","350.012302284705"
"361.72863449592626","341.9841827767997"
"315.4121097693504","332.9525483303991"
"307.21527396012937","326.9314586994844"
"323.84689145696564","329.94200351494175"
"315.1657846714065","321.9138840070365"
"282.7971399853517","307.864674868245"
"283.4050629646786","309.8717047451785"
"308.8318614285779","300.84007029883503"
"283.38524705008854","289.8014059752725"
"234.74938880550863","289.8014059752725"
"308.44098492865356","296.8260105446825"
"286.84754929276784","318.9033391915506"
"319.0526423500428","344.9947275922685"
"396.5314458694798","366.0685413005156"
"371.32914095185146","333.9560632688944"
"371.3227293133681","325.9279437609891"
"329.9648639721217","326.9314586994844"
"332.3170701872182","333.9560632688944"
"308.39846197905047","341.9841827767997"
"330.7972972566613","345.9982425307552"
"312.13897138667045","350.012302284705"
"355.97942162464005","347.0017574692448"
"380.9772989548054","352.0193321616956"
"406.6019000417458","348.0052724077315"
"406.7946009471458","331.9490333919038"
"315.3780515365379","318.9033391915506"
"306.573677518275","314.889279437655"
"321.7178931031211","329.94200351494175"
"315.2147941819208","324.9244288224938"
"282.8297810632223","314.889279437655"
"283.4050629646786","315.892794375979"
"311.6869881276013","313.8857644990455"
"283.39341661356406","312.8822495607215"
"234.74938880550863","308.868189806569"
"308.6768344743127","312.8822495607215"
"270.55740121825966","326.9314586994844"
"329.31201748159367","368.0755711775062"
"406.651673112309","410.2231985941375"
"380.9957073555402","329.94200351494175"
"360.90519077393975","324.9244288224938"
"326.73007113739504","324.9244288224938"
"327.60352421380924","327.93497363795115"
"307.9485224108155","374.0966608084494"
"341.935278277241","376.1036906854115"
"381.1688963047619","363.05799648505825"
"387.0443365811278","385.135325131755"
"380.9939997319482","439.32513181010154"
"438.58717412637253","465.416520210808"
"438.7806198971","379.1142355009545"
"362.26174330290365","344.9947275922685"
"308.284474253857","333.9560632688944"
"308.01875924694565","337.9701230228471"
"315.27159762595335","327.93497363795115"
"282.7784701809154","316.8963093145885"
"283.4050629646786","316.8963093145885"
"310.6113325128392","311.878734622112"
"283.39465817277954","310.87521968378803"
"234.74938880550863","303.850615114378"
"308.67201372740146","308.868189806569"
"270.56888599920416","329.94200351494175"
"359.97266208361594","360.0474516696009"
"406.62606120489073","379.1142355009545"
"383.6490744871971","364.06151142355355"
"379.46609532513986","344.9947275922685"
"336.3046868606969","343.99121265377886"
"335.81500795309427","340.9806678383044"
"308.26787200918767","342.987697715295"
"322.20921331960375","339.9771528998377"
"308.90210609865346","338.9736379613424"
"283.4593514580326","351.0158172232003"
"380.9753826020216","377.107205624021"
"411.94486189790723","409.219683655528"
"438.4957342099025","343.99121265377886"
"315.40907638231647","338.9736379613424"
"307.62900864061686","323.9209138839985"
"321.3329358271479","329.94200351494175"
"315.01308393238395","326.9314586994844"
"282.70952356700417","317.899824253198"
"283.4050629646786","317.899824253198"
"311.7816777022572","315.892794375979"
"283.3975410103245","315.892794375979"
"234.74938880550863","314.889279437655"
"308.8039998095024","319.9068541300459"
"314.52393809408005","326.9314586994844"
"364.6023579225004","365.06502636204885"
"406.69526387791285","352.0193321616956"
"349.63749603627014","352.0193321616956"
"378.99094132971845","343.99121265377886"
"341.1410981302739","342.987697715295"
"341.23758270623057","343.99121265377886"
"308.63539217977666","348.0052724077315"
"332.7453342442533","347.0017574692448"
"348.81903866148554","353.0228471001623"
"357.9466042517","408.2161687169185"
"380.99602756820036","438.3216168717775"
"438.6348040929336","520.6098418277641"
"438.7887059497372","456.3848857644645"
"407.86617704504863","409.219683655528"
"308.90439680168663","340.9806678383044"
"340.1660802498224","339.9771528998377"
"315.21988054047983","331.9490333919038"
"282.7774313462685","325.9279437609891"
"283.4050629646786","319.9068541300459"
"310.9242635861277","315.892794375979"
"283.3941914781589","311.878734622112"
"234.74938880550863","307.864674868245"
"308.59868612543454","305.85764499131153"
"286.5471093390447","323.9209138839985"
"317.061420484141","373.0931458699541"
"406.62115586761286","433.304042179301"
"380.9965168853273","409.219683655528"
"380.9265809166088","355.0298769771529"
"336.88961971232055","354.0263620386576"
"336.9804660582955","355.0298769771529"
"308.46048017031654","345.9982425307552"
"316.31721211918534","336.9666080843518"
"308.9010337406672","332.9525483303991"
"340.2364711049464","339.9771528998377"
"380.9574517419249","353.0228471001623"
"404.9088715757084","387.14235500868847"
"434.68136968414063","332.9525483303991"
"315.06955925376815","323.9209138839985"
"299.5394529816922","316.8963093145885"
"275.3669344718768","315.892794375979"
"277.35447730067045","312.8822495607215"
"280.07973265108507","308.868189806569"
"283.4050629646786","304.854130052702"
"302.5406481507404","301.843585237159"
"283.35177153363463","299.8365553602255"
"234.74938880550863","298.8330404219015"
"307.8366114945817","300.84007029883503"
"274.51172299254574","304.854130052702"
"315.2142667878678","310.87521968378803"
"355.8649886109316","310.87521968378803"
"308.89871246422086","312.8822495607215"
"369.7028396886008","312.8822495607215"
"297.3899199353962","315.892794375979"
"300.4912286536619","315.892794375979"
"302.8068680173501","314.889279437655"
"289.786356495009","313.8857644990455"
"308.89690523835947","313.8857644990455"
"293.5572809341694","316.8963093145885"
"308.9013844780548","331.9490333919038"
"362.9756015880946","336.9666080843518"
"315.4148262867788","326.9314586994844"
"315.05087263762067","317.899824253198"
"301.7826668580806","315.892794375979"
"291.1711773651095","314.889279437655"
"313.95723753272614","314.889279437655"
"281.8410669987041","312.8822495607215"
"283.4050629646786","311.878734622112"
"304.57307797178817","306.8611599296355"
"283.38276306886337","304.854130052702"
"234.74938880550863","304.854130052702"
"308.55033279852125","297.829525483292"
"268.7273921643016","293.815465729425"
"315.1459142405211","303.850615114378"
"341.33625948157174","304.854130052702"
"308.8982293310145","309.8717047451785"
"370.70940108434297","311.878734622112"
"301.48823989199445","312.8822495607215"
"303.70686389272146","314.889279437655"
"304.8275343074013","314.889279437655"
"295.19831580085093","313.8857644990455"
"308.8991904653021","314.889279437655"
"316.18128284227157","316.8963093145885"
"308.9019091738721","317.899824253198"
"376.3700345446572","317.899824253198"
"315.3520116136055","317.899824253198"
"315.0936055755289","316.8963093145885"
"305.03697196993187","315.892794375979"
"310.17870469966385","315.892794375979"
"314.6185306103831","314.889279437655"
"282.3786350010142","311.878734622112"
"283.4050629646786","299.8365553602255"
"300.86895063590566","295.82249560635853"
"283.38276169184024","295.82249560635853"
"234.74938880550863","296.8260105446825"
"308.3830861541594","297.829525483292"
"272.03060549959883","312.8822495607215"
"315.5359504022516","331.9490333919038"
"363.22661620279865","323.9209138839985"
"308.9021599726216","319.9068541300459"
"347.5567307954196","316.8963093145885"
"323.8463409668094","319.9068541300459"
"328.346603220725","323.9209138839985"
"308.10478867561864","331.9490333919038"
"322.28962826352995","324.9244288224938"
"308.9017419298748","322.9173989455318"
"304.22162460297506","361.0509666080962"
"380.98811087316983","484.4833040421045"
"438.77631501137785","518.6028119508305"
"438.7886008196218","366.0685413005156"
"330.9839276110271","316.8963093145885"
"305.71437031008554","312.8822495607215"
"307.71170223825703","312.8822495607215"
"314.616351433244","309.8717047451785"
"281.9800343863205","305.85764499131153"
"283.4050629646786","300.84007029883503"
"301.7068846317221","297.829525483292"
"283.37873512290696","296.8260105446825"
"234.74938880550863","298.8330404219015"
"308.5730790859812","300.84007029883503"
"286.6575324694963","315.892794375979"
"315.7689458168973","329.94200351494175"
"363.10746697976595","320.9103690685412"
"308.90204205665276","320.9103690685412"
"341.83914585477817","314.889279437655"
"318.4443641103403","313.8857644990455"
"316.7445250219397","316.8963093145885"
"306.8287002104115","316.8963093145885"
"302.74874553466725","313.8857644990455"
"308.9007249063275","311.878734622112"
"324.853946005458","327.93497363795115"
"380.95639814468103","402.19507908611797"
"437.2539608373064","402.19507908611797"
"438.3730552432054","323.9209138839985"
"315.2464090755951","310.87521968378803"
"303.4027780787787","306.8611599296355"
"296.3863613338609","305.85764499131153"
"280.07075687535234","302.8471001757685"
"280.88037365435514","298.8330404219015"
"283.4050629646786","297.829525483292"
"291.8394963871217","290.80492091388203"
"283.3588000876691","290.80492091388203"
"234.74938880550863","293.815465729425"
"308.2714864296657","297.829525483292"
"270.93165501824177","308.868189806569"
"315.4175541517239","313.8857644990455"
"352.61534375025104","313.8857644990455"
"308.90163703304887","312.8822495607215"
"316.44225038823834","305.85764499131153"
"307.0872626321878","304.854130052702"
"309.9410830308497","305.85764499131153"
"305.1708791698545","304.854130052702"
"295.009733346816","304.854130052702"
"308.8986241902316","304.854130052702"
"300.4259750613593","315.892794375979"
"374.0146861768161","319.9068541300459"
"352.6781771817982","315.892794375979"
"315.1731229295271","307.864674868245"
"314.10901517098034","303.850615114378"
"285.56680212252803","298.8330404219015"
"263.794709391174","292.8119507908155"
"277.07564124902694","289.8014059752725"
"270.4205642877422","281.77328646753847"
"283.40506094233456","274.7486818981285"
"226.45705945305465","269.731107205652"
"283.0352258811123","268.7275922670425"
"234.74938880550863","270.734622143976"
"303.8973932027015","274.7486818981285"
"263.8115586566762","282.7768014058625"
"314.8478112250157","295.82249560635853"
"351.99815411388687","304.854130052702"
"308.90026190881946","304.854130052702"
"352.8048923557801","299.8365553602255"
"296.13752728876585","298.8330404219015"
"294.6840752730282","300.84007029883503"
"298.0767906465711","300.84007029883503"
"286.7956593072728","299.8365553602255"
"308.8928123146695","303.850615114378"
"279.757416424888","320.9103690685412"
"310.22685594515497","309.8717047451785"
"336.9582639460029","314.889279437655"
"314.92647849419956","304.854130052702"
"287.94475269305315","300.84007029883503"
"275.1509941768071","295.82249560635853"
"259.1253735156017","291.80843585249147"
"273.2317387781536","287.794376098339"
"261.41599956999625","277.7592267136715"
"283.402141061636","262.706502636242"
"230.27332444915746","253.6748681898985"
"218.41163682672877","249.660808435746"
"234.74938880550863","252.67135325128902"
"214.86778206092015","260.6994727593085"
"237.95058617363452","266.72056239010897"
"270.04575023211453","283.780316344472"
"308.4328540731586","290.80492091388203"
"308.87510102287257","289.8014059752725"
"288.97777538854837","287.794376098339"
"280.6154951059743","287.794376098339"
"282.0441551672397","288.7978910369485"
"269.63441011343696","288.7978910369485"
"280.03796801673525","289.8014059752725"
"308.86261623178086","289.8014059752725"
"260.33778059472445","291.80843585249147"
"308.8969008756932","297.829525483292"
"327.7554938554485","299.8365553602255"
"279.79289004351256","292.8119507908155"
"270.19664294419863","285.7873462214055"
"253.539702131526","277.7592267136715"
"255.62112905059126","272.741652021195"
"261.7280978789871","270.734622143976"
"242.816790657885","261.7029876976325"
"244.4812951977458","251.667838312965"
"191.47536136381552","237.61862917385952"
"214.5118601803585","230.5940246044495"
"234.74938880550863","228.58699472751601"
"221.6542457954618","233.60456941999252"
"233.07176721215876","242.63620386633602"
"266.04203728504797","254.6783831282225"
"263.2994008665626","255.681898066832"
"283.14606710274353","259.695957820699"
"249.86871181888972","264.7135325131755"
"265.2840810895576","267.7240773287185"
"268.36914031709415","268.7275922670425"
"230.60303003498078","264.7135325131755"
"259.03125571349057","262.706502636242"
"253.56132450601706","264.7135325131755"
"254.68843733706154","274.7486818981285"
"283.8733686388783","280.769771528929"
"295.2373361623689","283.780316344472"
"273.5624720706896","279.766256590605"
"260.84750831402584","271.7381370825855"
"239.156804481851","264.7135325131755"
"254.8252897047036","261.7029876976325"
"253.69942893059363","256.68541300515597"
"218.94110697732117","239.6256590510785"
"221.04604638123962","223.5694200350395"
"185.9682336672493","194.4674868190755"
"149.08805166740171","161.351493848959"
"234.74938880550863","150.3128295253965"
"148.91260097625278","185.4358523724465"
"231.10529433079464","171.3866432336265"
"194.81654671236643","180.4182776802555"
"254.67049886751403","189.44991212659897"
"203.46276334374582","224.572934973649"
"197.36784636300328","255.681898066832"
"220.7399767942223","259.695957820699"
"222.92647075984297","262.706502636242"
"190.1010765646155","264.7135325131755"
"217.6694463461209","258.692442882375"
"237.5971841349683","255.681898066832"
"247.1405911439619","262.706502636242"
"248.8689689962317","281.77328646753847"
"285.1404649663645","286.79086116001497"
"257.0532199231417","282.7768014058625"
"241.17527831440032","278.7627416519955"
"234.7916510472436","274.7486818981285"
"254.8207970751608","267.7240773287185"
"253.82880813930745","258.692442882375"
"220.35344740171126","252.67135325128902"
"221.11932724659246","195.47100175739948"
"161.70431977718155","197.478031634333"
"187.97200357616882","241.632688928012"
"234.74938880550863","247.65377855881252"
"252.26883325284456","252.67135325128902"
"238.93062005485245","262.706502636242"
"287.8843422634673","278.7627416519955"
"307.4639321995494","303.850615114378"
"308.8986261651445","303.850615114378"
"290.64068437998316","304.854130052702"
"295.1440067671952","302.8471001757685"
"293.0625443573423","310.87521968378803"
"299.8304130228649","316.8963093145885"
"291.69194516252776","302.8471001757685"
"308.8923039564474","317.899824253198"
"294.6431755122911","333.9560632688944"
"381.4762232694735","372.0896309314588"
"421.83339008464515","419.254833040481"
"438.15509224792305","312.8822495607215"
"314.09373712223015","294.818980667749"
"275.411479283023","282.7768014058625"
"257.1899715868584","277.7592267136715"
"268.19553739474793","268.7275922670425"
"249.78811241547817","256.68541300515597"
"239.24463490951638","256.68541300515597"
"225.25063442742976","248.65729349742202"
"218.79869407309832","247.65377855881252"
"234.74938880550863","249.660808435746"
"216.531205482717","253.6748681898985"
"240.6885201799592","261.7029876976325"
"286.7602000922637","282.7768014058625"
"324.3838165632929","300.84007029883503"
"308.89401605319017","293.815465729425"
"290.0010071085869","284.7838312830815"
"282.51121898689996","286.79086116001497"
"283.61789966382753","287.794376098339"
"268.8462667353097","287.794376098339"
"280.23388880652806","287.794376098339"
"308.87198709646754","289.8014059752725"
"262.6820963814853","302.8471001757685"
"308.9008276531367","306.8611599296355"
"305.08569488379817","304.854130052702"
"313.99507081531635","289.8014059752725"
"268.9061782369279","281.77328646753847"
"256.96821040798017","271.7381370825855"
"255.38874334610193","266.72056239010897"
"257.56528871030287","257.6889279437655"
"225.21506242671796","244.6432337432695"
"221.04680527113464","235.611599296926"
"190.4909609543985","207.513181019286"
"196.82544769838438","199.485061511552"
"234.74938880550863","212.5307557117625"
"174.8693345168461","234.608084358602"
"233.2448956007585","252.67135325128902"
"269.15815480886255","263.710017574566"
"295.893445021368","277.7592267136715"
"308.8718836912195","278.7627416519955"
"277.15746745019464","277.7592267136715"
"277.70066972408506","276.75571177506197"
"279.3227395497434","275.7521968364525"
"286.51817798488634","277.7592267136715"
"278.17267013437015","277.7592267136715"
"308.861795939562","279.766256590605"
"261.20260189905724","284.7838312830815"
"308.89503353274125","288.7978910369485"
"331.21262155764816","293.815465729425"
"314.3252690880044","283.780316344472"
"272.05085866295394","277.7592267136715"
"271.65439219660766","271.7381370825855"
"256.5841981354804","267.7240773287185"
"263.84473431382037","261.7029876976325"
"239.35850975993304","251.667838312965"
"222.39519739380256","241.632688928012"
"186.75745186197457","218.55184534284848"
"202.13429506357744","215.54130052730548"
"234.74938880550863","220.558875219782"
"176.0924559662038","233.60456941999252"
"232.98773462296026","253.6748681898985"
"275.1395779154341","264.7135325131755"
"275.83922257201255","277.7592267136715"
"308.8340540163741","277.7592267136715"
"277.0232300102109","274.7486818981285"
"268.4193372502371","273.745166959519"
"267.042176227252","274.7486818981285"
"277.2013267327288","273.745166959519"
"272.6853665697","273.745166959519"
"283.90028229850776","275.7521968364525"
"258.75300312658686","283.780316344472"
"308.89218254346036","288.7978910369485"
"329.90305031233476","289.8014059752725"
"314.32095414683096","281.77328646753847"
"277.17886104337833","277.7592267136715"
"280.56732141849284","273.745166959519"
"258.9744492588702","271.7381370825855"
"274.57478647866844","268.7275922670425"
"267.83556034597916","259.695957820699"
"283.4048074536874","255.681898066832"
"230.38939624590358","252.67135325128902"
"282.50913025643206","252.67135325128902"
"234.74938880550863","256.68541300515597"
"304.4434888941904","260.6994727593085"
"263.4103305263976","271.7381370825855"
"314.8860434752172","275.7521968364525"
"340.2212366470389","289.8014059752725"
"308.9001350450931","290.80492091388203"
"290.7361998871699","288.7978910369485"
"294.95746155847655","287.794376098339"
"294.14457836624865","288.7978910369485"
"294.0019290124794","288.7978910369485"
"282.90625489952816","289.8014059752725"
"308.88426016592456","292.8119507908155"
"268.9136703445988","297.829525483292"
"308.8993191028981","296.8260105446825"
"335.89588377407546","293.815465729425"
"314.44145974297624","290.80492091388203"
"279.91679308868873","287.794376098339"
"271.236566052607","282.7768014058625"
"259.0784333864784","278.7627416519955"
"273.3952601168478","272.741652021195"
"257.49554688009647","264.7135325131755"
"282.1815474939537","263.710017574566"
"256.9016688184559","256.68541300515597"
"218.57052538287178","253.6748681898985"
"234.74938880550863","248.65729349742202"
"233.74293118334114","242.63620386633602"
"232.79754697533977","246.6502636204885"
"254.86882224294027","251.667838312965"
"257.33831971780677","255.681898066832"
"252.81814073313927","256.68541300515597"
"247.8537489342233","260.6994727593085"
"250.1784318698309","263.710017574566"
"261.60627648821077","263.710017574566"
"264.83969590435106","262.706502636242"
"253.44117126700888","260.6994727593085"
"253.55416031943662","261.7029876976325"
"254.91584320795988","267.7240773287185"
"290.5098385309758","276.75571177506197"
"295.17668689693426","280.769771528929"
"275.1642683610046","276.75571177506197"
"264.2199066055147","267.7240773287185"
"243.1215777124507","258.692442882375"
"254.93261626071893","256.68541300515597"
"254.5776128210199","250.6643233743555"
"225.09123393833596","244.6432337432695"
"221.0602043015536","237.61862917385952"
"187.73732828412085","176.404217926103"
"179.08471511297736","147.302284710139"
"234.74938880550863","140.277680140729"
"149.33110425531646","123.21792618636601"
"148.6232983787206","104.15114235506948"
"148.67717941442018","143.28822495598652"
"254.67073720637956","198.4815465729425"
"238.04801777357653","229.5905096661255"
"209.60308897886384","252.67135325128902"
"255.5848472655374","257.6889279437655"
"251.3624387139186","260.6994727593085"
"285.20440691725975","260.6994727593085"
"256.11501222101873","262.706502636242"
"253.9358730855035","265.717047451785"
"255.59604450253698","272.741652021195"
"308.8618148079989","279.766256590605"
"312.40701474631135","283.780316344472"
"286.7753744705598","282.7768014058625"
"277.0273330669246","280.769771528929"
"265.17228652835655","275.7521968364525"
"256.52003070315016","273.745166959519"
"264.65783025779837","267.7240773287185"
"247.26285467587354","257.6889279437655"
"265.6498268991305","265.717047451785"
"282.3167474311475","253.6748681898985"
"218.5284165439681","217.548330404239"
"234.74938880550863","221.56239015810598"
"207.25626735443603","233.60456941999252"
"234.2647287674036","265.717047451785"
"286.9018612940943","282.7768014058625"
"366.49051063473655","295.82249560635853"
"308.89310584479915","293.815465729425"
"289.8591558562124","291.80843585249147"
"285.91215031961","293.815465729425"
"287.2130177303718","293.815465729425"
"280.0976591937534","291.80843585249147"
"281.6595680969757","291.80843585249147"
"308.87798290859035","295.82249560635853"
"266.7501850384017","324.9244288224938"
"371.31588821416346","303.850615114378"
"336.7173186920074","306.8611599296355"
"314.8479425480265","294.818980667749"
"287.6377360207948","289.8014059752725"
"272.6158382202281","283.780316344472"
"258.7773267944734","281.77328646753847"
"272.81857977774035","273.745166959519"
"262.81158707615407","268.7275922670425"
"283.40477656563934","266.72056239010897"
"232.96253961319428","262.706502636242"
"282.78674788375565","263.710017574566"
"234.74938880550863","258.692442882375"
"302.1537910812586","259.695957820699"
"259.28171425502944","270.734622143976"
"314.29439207481397","280.769771528929"
"296.5489439268754","293.815465729425"
"308.8981340157401","293.815465729425"
"290.3541717611574","288.7978910369485"
"293.78087242290235","288.7978910369485"
"288.42964236634066","294.818980667749"
"292.3937135638693","293.815465729425"
"285.85429744459924","294.818980667749"
"308.89183941949005","294.818980667749"
"272.44284796023726","297.829525483292"
"308.8981947776989","300.84007029883503"
"332.62588032513366","300.84007029883503"
"314.5822134250673","294.818980667749"
"287.79085771222543","287.794376098339"
"264.35472079068415","281.77328646753847"
"256.51083404619004","280.769771528929"
"263.9419311114709","276.75571177506197"
"249.2357264636109","268.7275922670425"
"282.2273479658761","262.706502636242"
"274.3032615008906","259.695957820699"
"240.23875436399675","259.695957820699"
"234.74938880550863","257.6889279437655"
"292.7996185874192","259.695957820699"
"254.85116764035848","273.745166959519"
"314.3089973714822","286.79086116001497"
"335.9073308985567","322.9173989455318"
"308.9017912668616","323.9209138839985"
"320.485497463452","301.843585237159"
"303.4721260419992","296.8260105446825"
"305.1886555123742","312.8822495607215"
"306.65048268016653","308.868189806569"
"302.7540827167951","308.868189806569"
"308.90102513918765","316.8963093145885"
"323.2251080314219","335.9630931458565"
"380.9699507227653","365.06502636204885"
"406.6770346412646","379.1142355009545"
"327.92755665027926","319.9068541300459"
"315.3269267792082","295.82249560635853"
"298.35695686752695","290.80492091388203"
"269.7651685031143","288.7978910369485"
"287.07535189211904","282.7768014058625"
"277.0116088010862","273.745166959519"
"283.4050623817969","259.695957820699"
"238.23104492624037","259.695957820699"
"283.1651900479954","249.660808435746"
"234.74938880550863","245.646748681879"
"300.26831463146783","255.681898066832"
"256.9189030229741","272.741652021195"
"315.0633630474611","291.80843585249147"
"342.97002704175964","342.987697715295"
"308.90237732659875","345.9982425307552"
"374.95029338388","319.9068541300459"
"318.06645137194965","314.889279437655"
"314.9748615236034","325.9279437609891"
"306.78151810498616","333.9560632688944"
"302.62360036473336","334.9595782073897"
"308.9000796909378","327.93497363795115"
"288.3909265848272","322.9173989455318"
"309.20753427947125","329.94200351494175"
"335.2403617986805","317.899824253198"
"293.8257951543878","293.815465729425"
"269.1116034875119","284.7838312830815"
"253.72568470952962","277.7592267136715"
"255.5294791771999","274.7486818981285"
"261.25521587552294","267.7240773287185"
"237.97482341176436","258.692442882375"
"221.0812163642845","226.5799648505825"
"185.27723818420694","200.488576449876"
"170.3723044070492","197.478031634333"
"234.74938880550863","212.5307557117625"
"160.13207293032193","222.56590509671548"
"231.67836958529386","255.681898066832"
"253.53607511713432","270.734622143976"
"262.6543281731441","284.7838312830815"
"308.7409268537697","287.794376098339"
"240.00970422927003","286.79086116001497"
"261.04360372693185","285.7873462214055"
"259.58564599051476","284.7838312830815"
"279.8443472121247","282.7768014058625"
"253.81445819428092","278.7627416519955"
"253.40733733238883","280.769771528929"
"254.75494525656353","284.7838312830815"
"287.1228164054959","286.79086116001497"
"292.88283445993005","285.7873462214055"
"269.6280822879377","279.766256590605"
"256.37130232321874","271.7381370825855"
"237.3886179230142","266.72056239010897"
"254.8374710644057","263.710017574566"
"253.3440267922482","260.6994727593085"
"217.3919611272465","255.681898066832"
"221.04976939838298","249.660808435746"
"183.15099536529425","232.60105448166848"
"206.00009038196066","225.5764499122585"
"234.74938880550863","224.572934973649"
"176.16435808452908","233.60456941999252"
"232.26594584126443","240.6291739894025"
"248.0906726197101","244.6432337432695"
"257.3455601302469","249.660808435746"
"253.48269178129775","251.667838312965"
"246.60593324501875","255.681898066832"
"251.11124181458752","258.692442882375"
"246.6700054019118","259.695957820699"
"251.3524725726","258.692442882375"
"238.63837145999418","257.6889279437655"
"251.96558133322986","259.695957820699"
"254.17031255867357","266.72056239010897"
"254.34620018444008","271.7381370825855"
"290.6535590186839","275.7521968364525"
"270.0785704908567","270.734622143976"
"245.82497815584796","266.72056239010897"
"240.73830096319676","261.7029876976325"
"254.95135357244","259.695957820699"
"255.4974783524442","255.681898066832"
"233.3443702142227","253.6748681898985"
"223.21671203456543","254.6783831282225"
"225.39242330117656","251.667838312965"
"219.36604540083198","242.63620386633602"
"234.74938880550863","238.62214411246902"
"252.6002794818563","252.67135325128902"
"240.60288100642697","250.6643233743555"
"269.1365737281871","258.692442882375"
"277.58735280608926","260.6994727593085"
"308.8103893072532","261.7029876976325"
"276.8981256648228","263.710017574566"
"275.6644330201628","267.7240773287185"
"274.61260644113094","270.734622143976"
"272.2067442405947","270.734622143976"
"269.396846584994","271.7381370825855"
"255.69636617086007","273.745166959519"
"256.0740791164794","282.7768014058625"
"308.8711708045525","286.79086116001497"
"313.2787632339217","286.79086116001497"
"272.0422913044087","283.780316344472"
"272.55149566990474","277.7592267136715"
"255.66775901178985","272.741652021195"
"255.43184795395808","269.731107205652"
"259.9306794760001","262.706502636242"
"244.10637267696245","257.6889279437655"
"232.2354033738298","255.681898066832"
"222.60881834931342","252.67135325128902"
"219.16180438914182","251.667838312965"
"234.74938880550863","230.5940246044495"
"234.46417939221442","239.6256590510785"
"236.05696244625577","263.710017574566"
"288.02050706097293","308.868189806569"
"346.8885790244094","376.1036906854115"
"308.90244378876173","291.80843585249147"
"290.3054814751549","289.8014059752725"
"288.9387500385877","288.7978910369485"
"289.1652766467034","289.8014059752725"
"294.9259031723494","288.7978910369485"
"285.2729392922706","288.7978910369485"
"308.88649585276033","299.8365553602255"
"279.25423088234305","408.2161687169185"
"380.99461360057256","376.1036906854115"
"406.6387984200143","334.9595782073897"
"315.37601392735365","289.8014059752725"
"286.9866056353337","283.780316344472"
"274.94700327937886","275.7521968364525"
"257.2761037451181","270.734622143976"
"268.3919090213708","263.710017574566"
"253.6270989536244","255.681898066832"
"247.6380852314735","254.6783831282225"
"229.4004603519951","249.660808435746"
"218.67719818568122","240.6291739894025"
"234.74938880550863","213.534270650372"
"171.1354250159767","215.54130052730548"
"231.86179683266693","277.7592267136715"
"272.0950348246794","299.8365553602255"
"359.12811949039445","342.987697715295"
"308.9000963212693","283.780316344472"
"277.78668936784493","276.75571177506197"
"267.3700867528349","277.7592267136715"
"267.95660793814386","274.7486818981285"
"265.19718975242444","299.8365553602255"
"280.187406625848","289.8014059752725"
"308.8601715464126","304.854130052702"
"269.7373852909369","348.0052724077315"
"380.88007996206755","349.00878734622114"
"376.4701680186326","284.7838312830815"
"278.80246761574045","278.7627416519955"
"269.9563098250259","273.745166959519"
"251.20473247464426","267.7240773287185"
"255.2169063179236","265.717047451785"
"256.83399643475275","257.6889279437655"
"225.43310062138002","245.646748681879"
"221.04606578099265","233.60456941999252"
"188.07571905846538","196.47451669600898"
"173.3277844024893","201.4920913884855"
"234.74938880550863","175.40070298777897"
"150.8976594929616","208.51669595789548"
"231.90716619400024","250.6643233743555"
"274.63782750841654","262.706502636242"
"279.62127921469323","274.7486818981285"
"308.840889913547","276.75571177506197"
"278.91908020586993","272.741652021195"
"273.4886815843753","273.745166959519"
"273.05050839814635","273.745166959519"
"281.7426410851052","272.741652021195"
"275.2610563527503","277.7592267136715"
"308.83285739655753","284.7838312830815"
"261.23319978770127","287.794376098339"
"308.89258750369464","288.7978910369485"
"323.2256741270704","288.7978910369485"
"283.0372944436301","282.7768014058625"
"275.2759373169806","272.741652021195"
"252.0829525360807","264.7135325131755"
"255.44284719638125","261.7029876976325"
"258.3953160582178","255.681898066832"
"228.65137506825937","245.646748681879"
"221.04856918501093","242.63620386633602"
"188.70504136910404","206.509666080962"
"201.49441244448752","202.49560632680948"
"234.74938880550863","180.4182776802555"
"161.81193060704942","198.4815465729425"
"231.97790403657174","252.67135325128902"
"269.50738168186723","265.717047451785"
"302.56352875484447","276.75571177506197"
"308.8776349510621","283.780316344472"
"289.6462053170026","278.7627416519955"
"281.3322990977021","278.7627416519955"
"281.1042233524094","279.766256590605"
"261.47209037114317","280.769771528929"
"281.02541637609914","281.77328646753847"
"308.8766210672945","283.780316344472"
"263.71704772298915","291.80843585249147"
"308.89772307341764","308.868189806569"
"342.0006579174017","295.82249560635853"
"314.6064564315226","290.80492091388203"
"277.39716413868797","279.766256590605"
"273.5725273135732","271.7381370825855"
"258.53671630713865","272.741652021195"
"273.94238141557","264.7135325131755"
"266.20944353072383","258.692442882375"
"283.40188054452426","250.6643233743555"
"249.2074762577846","248.65729349742202"
"246.34748234657633","248.65729349742202"
"234.74938880550863","253.6748681898985"
"303.4649593465416","256.68541300515597"
"242.8978914188109","262.706502636242"
"314.65446566491505","278.7627416519955"
"340.80154526531163","294.818980667749"
"308.90073101744235","299.8365553602255"
"370.84412042032136","290.80492091388203"
"300.9571379137783","288.7978910369485"
"297.71392198686465","287.794376098339"
"294.82416342301343","293.815465729425"
"286.52906100993465","290.80492091388203"
"308.88789869846306","291.80843585249147"
"267.2349347429398","292.8119507908155"
"308.89838065863376","294.818980667749"
"333.0778192141627","292.8119507908155"
"314.3154569473753","286.79086116001497"
"286.4145107491511","280.769771528929"
"271.3328932358597","270.734622143976"
"256.6846797116234","267.7240773287185"
"265.92912023671346","262.706502636242"
"254.3152720190874","256.68541300515597"
"278.05493978259256","227.58347978919198"
"185.700613276327","192.460456942142"
"200.0046081126818","171.3866432336265"
"234.74938880550863","167.3725834797595"
"160.12476359877533","170.3831282953025"
"231.64274358746098","185.4358523724465"
"199.36745328796786","228.58699472751601"
"260.6973887112506","237.61862917385952"
"251.75844065161198","251.667838312965"
"274.934614428465","261.7029876976325"
"274.56378574073415","263.710017574566"
"272.99217905683264","263.710017574566"
"268.98711266786813","260.6994727593085"
"268.1842329228969","259.695957820699"
"254.83030312454102","262.706502636242"
"255.9759381496055","266.72056239010897"
"308.85711503361694","271.7381370825855"
"309.25993138073227","273.745166959519"
"271.98044258879355","269.731107205652"
"272.5466402228463","262.706502636242"
"254.32080828650214","257.6889279437655"
"255.3936776060763","251.667838312965"
"258.60745626515984","247.65377855881252"
"240.7510689884037","234.608084358602"
"221.0827345061826","226.5799648505825"
"192.19167022498334","183.428822495513"
"198.55646353236216","157.3374340948065"
"234.74938880550863","135.26010544825252"
"149.91264657313152","136.26362038657652"
"167.327149367013","149.30931458707252"
"195.3484350898228","159.34446397174"
"254.7660785149946","170.3831282953025"
"227.60861853398583","207.513181019286"
"213.8671074742597","249.660808435746"
"266.6190164155049","252.67135325128902"
"265.32334699768046","255.681898066832"
"220.57019855689745","252.67135325128902"
"261.5801383976367","250.6643233743555"
"253.8754003923229","252.67135325128902"
"255.26394471900983","259.695957820699"
"283.87082286059655","267.7240773287185"
"306.8626369500027","271.7381370825855"
"271.3595681100893","267.7240773287185"
"271.3192084605629","262.706502636242"
"254.98202060250472","256.68541300515597"
"255.34142163263488","251.667838312965"
"257.3977276323286","247.65377855881252"
"232.00361280791572","235.611599296926"
"221.0491087799752","245.646748681879"
"192.9662726762042","244.6432337432695"
"215.58808338155976","245.646748681879"
"234.74938880550863","246.6502636204885"
"240.9640574422694","249.660808435746"
"235.6162770176875","257.6889279437655"
"270.6818250802364","269.731107205652"
"300.6456566361346","281.77328646753847"
"308.8800805854785","285.7873462214055"
"289.7102143336675","282.7768014058625"
"281.5094734983959","283.780316344472"
"280.3948742421697","283.780316344472"
"300.9227331508413","282.7768014058625"
"276.96449777931565","282.7768014058625"
"308.8612621575748","283.780316344472"
"260.9109501014908","288.7978910369485"
"308.8933458582119","292.8119507908155"
"329.40596403838447","292.8119507908155"
"314.35190358050676","285.7873462214055"
"286.3846452668125","276.75571177506197"
"271.65633806007907","268.7275922670425"
"256.5197041830522","261.7029876976325"
"264.64434962176074","258.692442882375"
"247.28946525817776","248.65729349742202"
"241.13111196431078","245.646748681879"
"227.80579684485596","242.63620386633602"
"219.37492356883524","242.63620386633602"
"234.74938880550863","244.6432337432695"
"221.81357152832078","247.65377855881252"
"243.00034756377033","255.681898066832"
"277.3740920688848","272.741652021195"
"309.30654778764324","288.7978910369485"
"308.897599158494","294.818980667749"
"290.5833344712169","287.794376098339"
"292.9692241120263","285.7873462214055"
"294.03725310780726","285.7873462214055"
"295.74403642936863","285.7873462214055"
"287.52308903051005","285.7873462214055"
"308.8950681947104","289.8014059752725"
"290.65942915360347","305.85764499131153"
"308.9538687680191","304.854130052702"
"352.63266755232263","299.8365553602255"
"315.2755325806261","289.8014059752725"
"314.3741155236851","282.7768014058625"
"291.5882685135811","272.741652021195"
"263.7576111354335","267.7240773287185"
"275.96197645763743","261.7029876976325"
"265.06710010588034","249.660808435746"
"283.1808066374643","248.65729349742202"
"286.17156781883483","245.646748681879"
"240.92924791865988","245.646748681879"
"234.74938880550863","246.6502636204885"
"260.3117724719531","248.65729349742202"
"247.0200511877677","256.68541300515597"
"280.15790635853165","270.734622143976"
"297.56268199242373","289.8014059752725"
"308.89947170521685","297.829525483292"
"302.0250201255358","288.7978910369485"
"294.9537464138018","286.79086116001497"
"295.14416953345585","288.7978910369485"
"296.92944236518866","288.7978910369485"
"287.099242972212","286.79086116001497"
"308.89501620337774","289.8014059752725"
"287.81674388484197","299.8365553602255"
"308.90155376516896","304.854130052702"
"376.3476582605032","299.8365553602255"
"315.32230195692205","288.7978910369485"
"314.65100797249676","282.7768014058625"
"296.49639322627985","273.745166959519"
"267.07331919915976","266.72056239010897"
"270.3875192231145","258.692442882375"
"269.66408836286115","251.667838312965"
"283.4026908798382","250.6643233743555"
"235.57654470716088","246.6502636204885"
"280.19827030943554","246.6502636204885"
"234.74938880550863","246.6502636204885"
"296.868978064314","248.65729349742202"
"246.00529020654972","257.6889279437655"
"270.62910647907603","274.7486818981285"
"308.03199118774353","285.7873462214055"
"308.89613090506265","288.7978910369485"
"290.38672558739853","282.7768014058625"
"288.42595562083903","280.769771528929"
"288.9269848481014","279.766256590605"
"289.19177180652173","280.769771528929"
"283.09826233653496","281.77328646753847"
"308.88681747404854","280.769771528929"
"270.2221431807178","281.77328646753847"
"308.89773762230914","283.780316344472"
"289.76243112469973","281.77328646753847"
"314.32969396790367","276.75571177506197"
"286.9060767478598","270.734622143976"
"274.69961704946365","260.6994727593085"
"256.7436390809718","253.6748681898985"
"263.14463767308933","247.65377855881252"
"245.74098833848302","238.62214411246902"
"224.80930162969054","238.62214411246902"
"221.48105159497942","234.608084358602"
"219.07007384527952","230.5940246044495"
"234.74938880550863","232.60105448166848"
"228.785556243249","233.60456941999252"
"234.99709301045158","237.61862917385952"
"273.387298964833","243.6397188049455"
"269.3037219470701","250.6643233743555"
"308.76706372125653","253.6748681898985"
"275.82366504380514","250.6643233743555"
"267.43943885681745","248.65729349742202"
"264.60731273351865","247.65377855881252"
"245.63877854754372","246.6502636204885"
"256.12252274924896","244.6432337432695"
"253.5939670662035","244.6432337432695"
"254.78868274908825","245.646748681879"
"254.86813262827246","248.65729349742202"
"293.77802412156404","249.660808435746"
"270.8208917234441","246.6502636204885"
"227.4917244058246","239.6256590510785"
"240.86269481390792","234.608084358602"
"254.91725929483636","234.608084358602"
"254.69165686088922","229.5905096661255"
"224.85649269184182","218.55184534284848"
"221.04607762676264","180.4182776802555"
"162.03137923497525","141.28119507905302"
"135.59844057811299","126.22847100162349"
"234.74938880550863","95.119507908726"
"148.73463191061245","95.119507908726"
"148.61751280167087","90.1019332162495"
"148.65490721839802","104.15114235506948"
"254.65741877284756","166.3690685414355"
"206.42347181627474","205.5061511423525"
"204.6026956668794","230.5940246044495"
"236.25769104927986","236.6151142355355"
"240.03848844751766","237.61862917385952"
"235.19712596866572","236.6151142355355"
"232.5901110118927","234.608084358602"
"252.31160607706187","234.608084358602"
"254.42743007186039","234.608084358602"
"254.10659549598438","244.6432337432695"
"293.0526578636281","244.6432337432695"
"239.31060633452307","237.61862917385952"
"244.56775266989285","230.5940246044495"
"233.8929299952964","227.58347978919198"
"254.71355032912882","223.5694200350395"
"233.65298984696352","221.56239015810598"
"209.42480020476762","205.5061511423525"
"221.04583325551772","145.29525483292"
"161.12523352334176","97.12653778565948"
"254.65596849153098","93.11247803150701"
"152.7871958684448","101.14059753952651"
"148.6776047965532","125.22495606329949"
"90.36462902159866","169.37961335669303"
"204.88230243966856","194.4674868190755"
"167.04602897020328","184.4323374341225"
"205.78332486282017","165.365553602826"
"186.9847202269219","145.29525483292"
"179.59177822325543","154.326889279549"
"186.95416374687537","172.390158172236"
"254.6986900889391","216.5448154656295"
"232.85528952753873","212.5307557117625"
"231.98078416784747","192.460456942142"
"163.19633332191785","166.3690685414355"
"159.3599334705972","159.34446397174"
"148.63698781076084","125.22495606329949"
"254.66219906523625","88.09490333931598"
"151.84039010164733","92.10896309318298"
"148.64920417656379","144.291739894596"
"162.40058614027907","162.35500878728303"
"205.29105474454084","173.3936731108455"
"165.7108783923307","168.376098418369"
"170.37116730304598","170.3831282953025"
"186.56983631697014","178.4112478030365"
"205.28388916940628","204.502636203743"
"239.41936327413646","219.5553602811725"
"255.55503627033835","216.5448154656295"
"234.205729557359","204.502636203743"
"232.14609088719413","177.4077328647125"
"159.64740431106787","159.34446397174"
"151.30601617582408","151.316344464006"
"148.62864557678935","129.23901581716652"
"204.04081195792727","94.11599297011651"
"106.90749605192835","126.22847100162349"
"161.09722807679304","94.11599297011651"
"162.01552268231364","82.07381370822998"
"234.74938880550863","86.08787346209704"
"148.6224463104304","115.18980667834651"
"148.61634784443928","151.316344464006"
"194.66878485083356","193.463971880466"
"254.79947250643937","211.527240773153"
"243.99305161624864","220.558875219782"
"209.87322897075228","229.5905096661255"
"232.63623943349202","232.60105448166848"
"234.79654003878224","233.60456941999252"
"219.77895303059194","234.608084358602"
"234.41662351058062","236.6151142355355"
"252.95714043661818","239.6256590510785"
"254.83608033585284","248.65729349742202"
"256.5089469745353","253.6748681898985"
"301.33688434359857","252.67135325128902"
"249.5972533200742","249.660808435746"
"245.19938950995885","244.6432337432695"
"249.34184463382874","238.62214411246902"
"255.12026509023767","236.6151142355355"
"255.29731035064248","229.5905096661255"
"220.23092614856608","209.5202108962195"
"221.04603910047456","221.56239015810598"
"185.30571201541065","212.5307557117625"
"205.80398611417104","205.5061511423525"
"234.74938880550863","204.502636203743"
"171.26915753078904","214.537785588696"
"232.22177694419952","222.56590509671548"
"234.65254739640602","231.59753954305899"
"257.8480962189567","237.61862917385952"
"253.2383432923954","243.6397188049455"
"229.42162703133036","244.6432337432695"
"244.24549219566944","244.6432337432695"
"240.3247454373767","243.6397188049455"
"222.33417811901978","238.62214411246902"
"226.39730835443953","235.611599296926"
"250.10504809737728","237.61862917385952"
"253.32339810866546","241.632688928012"
"253.46792356347328","243.6397188049455"
"284.02525491528536","242.63620386633602"
"246.57461913026526","238.62214411246902"
"235.86811855334497","231.59753954305899"
"232.45800383970928","220.558875219782"
"254.66806261464723","209.5202108962195"
"195.66357835084722","185.4358523724465"
"204.36667736259588","161.351493848959"
"106.91005728891321","160.3479789103495"
"161.1118243309457","116.19332161695601"
"163.94519426642796","97.12653778565948"
"234.74938880550863","90.1019332162495"
"148.62359714276673","92.10896309318298"
"148.61564118913938","134.25659050964302"
"167.35196653980302","167.3725834797595"
"254.67461478465754","207.513181019286"
"228.49870837940398","220.558875219782"
"200.3762752790711","225.5764499122585"
"213.8587966070622","227.58347978919198"
"212.72151799123168","227.58347978919198"
"180.24464041598324","225.5764499122585"
"212.01491913152574","223.5694200350395"
"241.73796153505606","224.572934973649"
"251.66897498360777","231.59753954305899"
"253.0348369841211","235.611599296926"
"268.59906285886245","237.61862917385952"
"253.9494907588944","235.611599296926"
"245.99172825594653","230.5940246044495"
"236.1971671069519","226.5799648505825"
"254.78619134290562","222.56590509671548"
"211.61127070912352","211.527240773153"
"213.46627638774152","184.4323374341225"
"221.0460384636484","154.326889279549"
"161.23621272102764","148.30579964846302"
"128.44687692675598","146.2987697715295"
"234.74938880550863","147.302284710139"
"149.75363081983906","148.30579964846302"
"218.39183561028224","188.4463971879895"
"197.7561154579526","228.58699472751601"
"257.79043008975106","237.61862917385952"
"253.558052210111","242.63620386633602"
"231.06427099032936","244.6432337432695"
"252.53018976054307","248.65729349742202"
"254.79134671606369","247.65377855881252"
"282.96386708140693","246.6502636204885"
"251.89562831456465","244.6432337432695"
"253.89674473003913","245.646748681879"
"255.4377213124989","254.6783831282225"
"283.2870215892671","260.6994727593085"
"311.81465880169327","264.7135325131755"
"286.93758889409935","260.6994727593085"
"275.2636578345077","254.6783831282225"
"255.602694456199","246.6502636204885"
"255.60098357550106","243.6397188049455"
"261.5266447824418","241.632688928012"
"247.867076338866","234.608084358602"
"223.8898166859463","246.6502636204885"
"285.48243397617784","228.58699472751601"
"218.58358437092272","209.5202108962195"
"234.74938880550863","201.4920913884855"
"196.85965424211633","204.502636203743"
"233.15619013505585","212.5307557117625"
"265.79709353328366","212.5307557117625"
"258.2555446678371","229.5905096661255"
"290.85623861562794","245.646748681879"
"275.3772306429142","249.660808435746"
"273.30853986052426","254.6783831282225"
"273.52877775383604","255.681898066832"
"273.02371851692646","256.68541300515597"
"268.99805163420723","256.68541300515597"
"254.244674311991","258.692442882375"
"256.0338360495376","278.7627416519955"
"308.8829808036787","332.9525483303991"
"352.85862288645006","333.9560632688944"
"315.2370505446949","283.780316344472"
"296.00128402075967","256.68541300515597"
"244.19797899814773","247.65377855881252"
"254.9281269010482","244.6432337432695"
"254.6117326166768","240.6291739894025"
"221.19168490068165","186.439367311056"
"171.2827373749777","175.40070298777897"
"186.64831633003104","215.54130052730548"
"234.74938880550863","211.527240773153"
"195.94573128152098","205.5061511423525"
"232.44218586053995","205.5061511423525"
"206.4215233355002","192.460456942142"
"255.10446711959526","192.460456942142"
"243.02531562869416","180.4182776802555"
"180.4475707048508","180.4182776802555"
"211.5657570421719","198.4815465729425"
"217.7022855259758","215.54130052730548"
"210.9824659713799","217.548330404239"
"230.87122093811647","215.54130052730548"
"250.78076609424355","216.5448154656295"
"253.81717977836718","222.56590509671548"
"253.66124559899464","230.5940246044495"
"274.0141123326488","244.6432337432695"
"277.9910339506855","250.6643233743555"
"265.5901287829471","245.646748681879"
"242.74384610631148","229.5905096661255"
"254.8237380413643","217.548330404239"
"235.54118966294533","208.51669595789548"
"212.2925919035683","182.42530755718897"
"221.04569911004876","218.55184534284848"
"185.44707595709184","212.5307557117625"
"213.56626435180712","205.5061511423525"
"234.74938880550863","206.509666080962"
"197.0878836041357","214.537785588696"
"233.87599609416202","211.527240773153"
"211.08698692839715","207.513181019286"
"257.65700046780205","284.7838312830815"
"308.8870925505498","285.7873462214055"
"290.1579154594994","281.77328646753847"
"283.6799175375518","288.7978910369485"
"286.71642542810014","300.84007029883503"
"294.37114273562","260.6994727593085"
"269.29278647481715","263.710017574566"
"268.68918742384767","268.7275922670425"
"260.2244813932619","278.7627416519955"
"308.8916483032339","279.766256590605"
"317.1219832403053","281.77328646753847"
"270.62984105757135","265.717047451785"
"275.53090484043867","259.695957820699"
"253.85925243053964","252.67135325128902"
"255.53456994225252","247.65377855881252"
"260.6827501207484","237.61862917385952"
"226.34231194859888","218.55184534284848"
"221.04618745325644","215.54130052730548"
"188.64909371046","189.44991212659897"
"195.9772957450461","161.351493848959"
"234.74938880550863","146.2987697715295"
"152.31735045851045","141.28119507905302"
"225.96693036291538","180.4182776802555"
"200.8928656308096","246.6502636204885"
"291.44877212539325","274.7486818981285"
"308.88161555230874","249.660808435746"
"275.88582713467133","248.65729349742202"
"259.72182956318875","248.65729349742202"
"254.5084843415898","247.65377855881252"
"241.6575983962877","247.65377855881252"
"237.4005944942139","248.65729349742202"
"253.90104612084258","248.65729349742202"
"255.15447319549287","250.6643233743555"
"254.43367322326498","251.667838312965"
"293.4685454031482","250.6643233743555"
"227.2396159307638","249.660808435746"
"246.66699148997253","245.646748681879"
"234.5824547175569","250.6643233743555"
"254.72397490963016","214.537785588696"
"193.79438506421786","214.537785588696"
"204.67690550091612","118.20035149388949"
"148.70003397123048","73.04217926188653"
"148.61565470620246","81.070298769906"
"148.62942795639037","153.3233743409395"
"254.72306773596208","294.818980667749"
"308.8845336328799","244.6432337432695"
"243.37881452309597","243.6397188049455"
"250.44033451854602","246.6502636204885"
"256.7270719253132","246.6502636204885"
"285.7410151566928","245.646748681879"
"246.95482332187777","245.646748681879"
"254.17922670384303","247.65377855881252"
"255.57833877380307","248.65729349742202"
"254.748278544657","251.667838312965"
"295.84378990969924","251.667838312965"
"267.58459921755934","250.6643233743555"
"226.76316188126268","246.6502636204885"
"249.82018916106594","241.632688928012"
"255.131254181743","233.60456941999252"
"255.89798291151203","226.5799648505825"
"219.02171234616156","201.4920913884855"
"202.4936868478065","125.22495606329949"
"254.67514957632562","264.7135325131755"
"308.86904677858047","260.6994727593085"
"262.27686635388596","261.7029876976325"
"263.38797309965446","264.7135325131755"
"265.765845273766","264.7135325131755"
"262.26812550061345","260.6994727593085"
"268.3925193759094","258.692442882375"
"254.17566408821415","261.7029876976325"
"255.6400929488829","268.7275922670425"
"283.37584552302064","278.7627416519955"
"314.8926434839217","284.7838312830815"
"270.53871260231017","259.695957820699"
"268.76051529193717","251.667838312965"
"251.47525064573708","245.646748681879"
"255.30502409467837","231.59753954305899"
"256.4686219418466","219.5553602811725"
"225.21529835927444","140.277680140729"
"213.59338959003938","213.534270650372"
"189.13138261047283","155.33040421787302"
"171.39415995757196","118.20035149388949"
"234.74938880550863","121.21089630943251"
"149.4887359461275","153.3233743409395"
"231.6039696212464","159.34446397174"
"196.09097384324747","173.3936731108455"
"255.22022548286304","270.734622143976"
"308.8843655602741","289.8014059752725"
"290.36152314995115","287.794376098339"
"290.60680725654043","290.80492091388203"
"291.44990762033433","331.9490333919038"
"307.1967496870884","300.84007029883503"
"286.1706898114949","274.7486818981285"
"308.86711418000664","259.695957820699"
"257.2202347838246","263.710017574566"
"308.8832732657544","327.93497363795115"
"376.51015884999583","390.1528998242315"
"371.24485292330826","364.06151142355355"
"315.4604288016899","331.9490333919038"
"304.1739370528217","254.6783831282225"
"255.3206386027137","248.65729349742202"
"257.87373729482044","240.6291739894025"
"222.35535138293804","232.60105448166848"
"221.05190420964266","244.6432337432695"
"278.0803082404645","227.58347978919198"
"216.05316028628053","209.5202108962195"
"234.74938880550863","148.30579964846302"
"151.243694050251","132.2495606327095"
"163.54312592724767","111.17574692447948"
"148.79619663871148","204.502636203743"
"255.91286608812197","198.4815465729425"
"250.7397393785997","259.695957820699"
"277.7298952899778","247.65377855881252"
"266.68828052157016","249.660808435746"
"269.8742900194619","248.65729349742202"
"244.42732888949593","246.6502636204885"
"258.2162966912396","242.63620386633602"
"253.94450307999415","245.646748681879"
"255.3249833477684","246.6502636204885"
"259.7406742848797","253.6748681898985"
"303.6210488381256","273.745166959519"
"277.35203098704795","264.7135325131755"
"275.04550153092964","254.6783831282225"
"256.16084101597954","252.67135325128902"
"255.479220029783","234.608084358602"
"256.0709003717219","233.60456941999252"
"230.62176416501455","216.5448154656295"
"221.04604003628054","201.4920913884855"
"215.02160259618915","73.04217926188653"
"148.6164543767969","193.463971880466"
"200.88274119800855","209.5202108962195"
"255.82201862238315","212.5307557117625"
"248.6560191405291","219.5553602811725"
"207.73905150858837","197.478031634333"
"218.86922298114027","250.6643233743555"
"268.5287127733114","282.7768014058625"
"255.94800248694443","260.6994727593085"
"269.98809425721487","259.695957820699"
"254.18800507188058","246.6502636204885"
"255.0602295918651","246.6502636204885"
"254.65773946418676","277.7592267136715"
"320.9440716621504","341.9841827767997"
"315.42713595232345","404.2021089630515"
"376.4230872459109","409.219683655528"
"308.86660156515404","345.9982425307552"
"300.36047762896516","296.8260105446825"
"277.31401206899477","279.766256590605"
"276.6186994054277","252.67135325128902"
"283.38765495121163","259.695957820699"
"245.69475799981018","247.65377855881252"
"247.09044831067575","242.63620386633602"
"234.74938880550863","240.6291739894025"
"211.28451742601644","241.632688928012"
"246.76377309689065","268.7275922670425"
"314.61980262341996","319.9068541300459"
"355.3998111668718","439.32513181010154"
"381.00368450485064","479.46572934962796"
"370.78455366971923","436.31458699484403"
"410.77011281211753","419.254833040481"
"406.6428791173552","416.24428822493803"
"308.8933116613674","414.2372583480045"
"363.3885947905982","407.2126537785945"
"381.55446683100337","389.149384885622"
"356.85624256438547","377.107205624021"
"380.99281114727705","385.135325131755"
"420.14529979464737","424.2724077329575"
"438.74173702737505","455.3813708261405"
"438.7705192409509","390.1528998242315"
"308.85901278554167","299.8365553602255"
"284.2843545130871","268.7275922670425"
"276.01574156589504","249.660808435746"
"257.56553921289384","241.632688928012"
"241.9939123953919","235.611599296926"
"286.6622603781213","230.5940246044495"
"219.34806203499534","227.58347978919198"
"234.74938880550863","208.51669595789548"
"237.67471231807002","226.5799648505825"
"242.70883609148262","250.6643233743555"
"314.51538954160657","295.82249560635853"
"352.3773408669678","357.0369068541435"
"370.9935274625967","394.1669595780985"
"452.265638354547","381.121265377888"
"363.1454093399038","379.1142355009545"
"363.0242418042521","394.1669595780985"
"308.882018332155","388.145869947298"
"376.39582155709627","394.1669595780985"
"380.99291553363884","387.14235500868847"
"357.08743276457466","386.1388400703645"
"380.99364405787315","409.219683655528"
"437.1034097868932","455.3813708261405"
"438.77504736096415","454.377855887531"
"324.89961007924336","303.850615114378"
"293.1911731721408","266.72056239010897"
"257.27441366197525","258.692442882375"
"269.02218263603686","245.646748681879"
"242.73118226364556","237.61862917385952"
"221.64581681605804","228.58699472751601"
"219.04472286645327","227.58347978919198"
"217.96335357394614","225.5764499122585"
"234.74938880550863","218.55184534284848"
"228.06015254471595","223.5694200350395"
"236.7107475715831","242.63620386633602"
"277.5483854588954","253.6748681898985"
"324.7604341461766","278.7627416519955"
"308.8954398146631","309.8717047451785"
"371.157630644246","294.818980667749"
"296.2714803484405","282.7768014058625"
"289.67458003640996","291.80843585249147"
"296.7392201122578","296.8260105446825"
"289.84091038539935","299.8365553602255"
"308.89744037873186","299.8365553602255"
"295.7141991815375","315.892794375979"
"308.922302072492","339.9771528998377"
"363.3287608814479","351.0158172232003"
"407.0277737627846","306.8611599296355"
"314.07737263921234","280.769771528929"
"280.18953138613017","262.706502636242"
"256.971975667151","253.6748681898985"
"264.634526288478","243.6397188049455"
"237.27116061823932","233.60456941999252"
"221.05723814401438","232.60105448166848"
"224.5436270259474","227.58347978919198"
"216.06116517094728","219.5553602811725"
"234.74938880550863","214.537785588696"
"214.1931226654638","216.5448154656295"
"233.68594340989887","237.61862917385952"
"275.04989747213153","249.660808435746"
"271.5715876271313","256.68541300515597"
"283.03710470395936","262.706502636242"
"277.09347664947177","256.68541300515597"
"258.3943725034724","256.68541300515597"
"257.9021913541616","255.681898066832"
"257.255202377394","255.681898066832"
"256.87387614394424","256.68541300515597"
"254.20841087384082","256.68541300515597"
"256.0783837493042","255.681898066832"
"255.2308132290799","257.6889279437655"
"304.11806839175995","265.717047451785"
"270.48355424795193","262.706502636242"
"270.5381805999082","256.68541300515597"
"256.07654027646726","253.6748681898985"
"255.81612466906915","250.6643233743555"
"260.6643780618365","245.646748681879"
"234.3399332686425","232.60105448166848"
"221.04689265076246","181.4217926185795"
"163.64165754582692","137.267135325186"
"125.53392950397472","121.21089630943251"
"234.74938880550863","121.21089630943251"
"149.3516330637571","136.26362038657652"
"162.40979024968215","191.4569420035325"
"210.46067195846345","249.660808435746"
"297.08381988533097","278.7627416519955"
"308.88874501550663","282.7768014058625"
"289.97629686414336","265.717047451785"
"275.6989325290391","255.681898066832"
"270.804886541355","252.67135325128902"
"267.5639845490476","251.667838312965"
"263.2777314319938","250.6643233743555"
"254.13303976927065","249.660808435746"
"255.46183938314158","249.660808435746"
"254.36602228440972","251.667838312965"
"295.99696256685","263.710017574566"
"269.3686820167683","259.695957820699"
"269.2542232000996","250.6643233743555"
"250.69469613515363","245.646748681879"
"255.3557158101222","244.6432337432695"
"259.691699682351","237.61862917385952"
"235.11300523610797","222.56590509671548"
"221.04610719723587","223.5694200350395"
"191.74305515893718","212.5307557117625"
"210.0939268899989","207.513181019286"
"234.74938880550863","215.54130052730548"
"217.25649335258046","218.55184534284848"
"234.2909169756432","228.58699472751601"
"275.58085352969175","231.59753954305899"
"270.7594608589452","238.62214411246902"
"283.2780594866012","243.6397188049455"
"247.20060496216792","247.65377855881252"
"271.5355635585716","257.6889279437655"
"275.40269844355356","262.706502636242"
"292.1575094183848","262.706502636242"
"273.87805029843423","251.667838312965"
"254.16931193127547","251.667838312965"
"255.78035156774246","261.7029876976325"
"308.85545524809396","286.79086116001497"
"328.5124013440407","307.864674868245"
"314.99920777670803","291.80843585249147"
"277.31391504945407","268.7275922670425"
"268.78640120714005","258.692442882375"
"256.6245383664103","254.6783831282225"
"266.30965224990666","253.6748681898985"
"260.4822080704552","250.6643233743555"
"283.34065128907184","253.6748681898985"
"229.35996514716564","250.6643233743555"
"282.6307885548257","249.660808435746"
"234.74938880550863","248.65729349742202"
"301.944569159831","242.63620386633602"
"247.0578678310462","248.65729349742202"
"287.09356464818393","245.646748681879"
"286.06991704292597","251.667838312965"
"308.8201384607777","253.6748681898985"
"277.68885288025683","259.695957820699"
"277.5019775096419","268.7275922670425"
"280.9214727811965","271.7381370825855"
"297.2796606722598","271.7381370825855"
"277.61356548631807","267.7240773287185"
"288.39715771062856","272.741652021195"
"258.7238212167598","284.7838312830815"
"308.8926853778874","293.815465729425"
"331.46595059098564","347.0017574692448"
"315.491048474173","342.987697715295"
"315.35293914950023","299.8365553602255"
"287.19731948063566","291.80843585249147"
"264.2589146141796","292.8119507908155"
"272.0692018919068","265.717047451785"
"266.1088854287625","255.681898066832"
"283.3453982917407","252.67135325128902"
"250.4653170396729","249.660808435746"
"244.8911643840789","247.65377855881252"
"234.74938880550863","249.660808435746"
"296.37337564273764","248.65729349742202"
"254.03933969498138","267.7240773287185"
"314.8172142942028","313.8857644990455"
"352.71635987307616","431.2970123023675"
"380.9993553244052","452.3708260105975"
"356.3502113966328","356.0333919156482"
"336.9924008852236","337.9701230228471"
"331.19638795121347","360.0474516696009"
"308.60729703013476","395.170474516708"
"352.65566924036267","386.1388400703645"
"365.1434123991634","365.06502636204885"
"386.631237421032","371.0861159929635"
"380.9895628932661","390.1528998242315"
"429.90206234090067","447.353251318121"
"438.7662509761818","353.0228471001623"
"315.41817380031586","318.9033391915506"
"303.8358547740993","296.8260105446825"
"268.71162032945745","279.766256590605"
"268.39393524324726","260.6994727593085"
"256.6585368186186","254.6783831282225"
"283.3950353278566","254.6783831282225"
"222.12583157502448","250.6643233743555"
"282.1924917589598","248.65729349742202"
"234.74938880550863","250.6643233743555"
"302.227465013292","255.681898066832"
"257.6734671174891","297.829525483292"
"315.42194093394573","345.9982425307552"
"422.6836627770002","426.27943760989103"
"438.78883747988226","440.328646748711"
"438.787215871691","394.1669595780985"
"406.63149853454615","366.0685413005156"
"362.91509911530915","371.0861159929635"
"308.861259745994","388.145869947298"
"363.16041276401086","381.121265377888"
"380.9930352784512","371.0861159929635"
"356.87372994393036","373.0931458699541"
"380.994474737968","398.181019332251"
"437.8487394110447","457.388400703074"
"438.78367167006013","434.307557117625"
"371.62944459091176","341.9841827767997"
"308.2712050701115","329.94200351494175"
"299.6557766017313","283.780316344472"
"287.4332701983547","268.7275922670425"
"273.6514296416042","254.6783831282225"
"283.35083342918756","252.67135325128902"
"249.82130978877106","249.660808435746"
"241.71627952563176","246.6502636204885"
"234.74938880550863","247.65377855881252"
"297.88756553973855","252.67135325128902"
"257.6968631938863","295.82249560635853"
"315.3327747310931","325.9279437609891"
"376.5192268954166","384.131810193431"
"381.01096460083477","388.145869947298"
"380.59219609903624","326.9314586994844"
"316.07695816524375","321.9138840070365"
"318.0846179562381","321.9138840070365"
"307.10414347908187","320.9103690685412"
"301.53165439377284","304.854130052702"
"308.8985039414298","307.864674868245"
"302.4970167208286","304.854130052702"
"308.90150680832124","316.8963093145885"
"376.3699712230854","324.9244288224938"
"379.6308647341516","297.829525483292"
"280.2619823414289","276.75571177506197"
"277.1823366646096","262.706502636242"
"256.03436843644835","259.695957820699"
"263.7547880116788","253.6748681898985"
"249.54930917042347","244.6432337432695"
"243.54570969601332","235.611599296926"
"222.72596262582334","229.5905096661255"
"218.30485501964174","230.5940246044495"
"234.74938880550863","232.60105448166848"
"226.83092735848467","240.6291739894025"
"247.62506957682774","250.6643233743555"
"270.45285410817837","277.7592267136715"
"284.2874100655185","299.8365553602255"
"308.900371094426","314.889279437655"
"291.11304560994546","297.829525483292"
"296.0633979319361","287.794376098339"
"289.8464273416966","299.8365553602255"
"297.49285400179025","305.85764499131153"
"288.60362401630186","299.8365553602255"
"308.8915897305916","289.8014059752725"
"273.2915234271503","291.80843585249147"
"308.89808068896355","313.8857644990455"
"377.99816367600647","330.94551845343705"
"315.3623613392711","303.850615114378"
"314.2434220225613","278.7627416519955"
"269.9090888484427","271.7381370825855"
"259.605552809374","266.72056239010897"
"271.446279341987","255.681898066832"
"252.7019883870097","250.6643233743555"
"279.97079357434376","235.611599296926"
"228.06475430401423","234.608084358602"
"219.2360339462839","224.572934973649"
"234.74938880550863","223.5694200350395"
"213.59616632692027","232.60105448166848"
"238.15833475282324","232.60105448166848"
"271.15162477761265","291.80843585249147"
"354.09152324275317","340.9806678383044"
"308.902317973557","371.0861159929635"
"379.8318416158661","340.9806678383044"
"332.9791540890954","329.94200351494175"
"329.98051893314926","335.9630931458565"
"308.18780229817907","333.9560632688944"
"314.34560545911586","313.8857644990455"
"308.8999080423286","304.854130052702"
"309.1517639610877","318.9033391915506"
"308.9020308392902","334.9595782073897"
"363.3698170709755","373.0931458699541"
"406.7306507720896","333.9560632688944"
"315.35892648679675","291.80843585249147"
"290.493838298564","270.734622143976"
"258.1572428017206","270.734622143976"
"275.26072763363186","261.7029876976325"
"268.10228979269687","255.681898066832"
"283.4033644941462","254.6783831282225"
"238.54455323809543","251.667838312965"
"282.0086251434511","249.660808435746"
"234.74938880550863","248.65729349742202"
"245.7485102553997","245.646748681879"
"244.79699523085378","245.646748681879"
"271.3511574903559","245.646748681879"
"273.19752608223735","251.667838312965"
"283.6607097865119","252.67135325128902"
"277.90332994982606","255.681898066832"
"275.2729841360016","256.68541300515597"
"273.53059674632607","256.68541300515597"
"292.6805772464231","254.6783831282225"
"268.12995140077965","250.6643233743555"
"254.36075335098647","247.65377855881252"
"256.3165589401362","246.6502636204885"
"259.3426134020495","255.681898066832"
"300.1473787590177","272.741652021195"
"286.47856461076844","267.7240773287185"
"274.97543573208105","255.681898066832"
"252.780021435761","251.667838312965"
"255.79934032948364","245.646748681879"
"260.96553066938424","242.63620386633602"
"239.48878492546982","227.58347978919198"
"221.0616264345024","220.558875219782"
"192.0070013885979","206.509666080962"
"216.57812630007342","197.478031634333"
"234.74938880550863","195.47100175739948"
"180.70101665270624","195.47100175739948"
"232.4376722286502","203.49912126541898"
"209.8243854433453","212.5307557117625"
"256.9753308916406","215.54130052730548"
"251.31718908441076","221.56239015810598"
"209.35136273108373","229.5905096661255"
"242.60678768636348","234.608084358602"
"244.75985928918232","236.6151142355355"
"248.51545234604689","236.6151142355355"
"242.89853488010124","234.608084358602"
"252.4203514652968","235.611599296926"
"254.40876490338667","240.6291739894025"
"253.92154778057704","222.56590509671548"
"248.02146868276046","296.8260105446825"
"291.326513790078","290.80492091388203"
"286.94186367102196","275.7521968364525"
"263.2043790823366","263.710017574566"
"256.7869943405396","255.681898066832"
"265.8991009700588","252.67135325128902"
"257.53601029563094","246.6502636204885"
"283.2251871792463","237.61862917385952"
"277.37398504403023","232.60105448166848"
"219.40480546501783","229.5905096661255"
"234.74938880550863","225.5764499122585"
"213.96517800522682","234.608084358602"
"245.90838711692265","234.608084358602"
"287.55737086794335","305.85764499131153"
"354.0003843820053","387.14235500868847"
"309.03478013358773","409.219683655528"
"380.91407097046664","379.1142355009545"
"363.0230394862438","377.107205624021"
"376.190707349425","383.1282952548215"
"308.8424480438707","372.0896309314588"
"341.85590920825916","356.0333919156482"
"308.90238227510144","348.0052724077315"
"356.8656285607424","334.9595782073897"
"308.9055267752866","353.0228471001623"
"406.63029479465337","409.219683655528"
"438.6908013779463","448.3567662567305"
"371.1426181769264","386.1388400703645"
"308.8472155044628","321.9138840070365"
"314.9333682022112","300.84007029883503"
"277.5907711206455","275.7521968364525"
"274.2208158722084","264.7135325131755"
"283.4042719779008","260.6994727593085"
"261.7639879786049","253.6748681898985"
"282.8507135198175","254.6783831282225"
"234.74938880550863","255.681898066832"
"306.0394483693548","260.6994727593085"
"277.74394909538245","277.7592267136715"
"315.24071308864114","311.878734622112"
"363.19923300907647","409.219683655528"
"406.7392977658866","408.2161687169185"
"438.7781199777479","416.24428822493803"
"409.28383199570976","403.1985940247275"
"406.6822817936936","401.19156414750853"
"308.9068747965357","393.1634446397745"
"363.42307901198234","389.149384885622"
"380.9948321584711","381.121265377888"
"358.3136115813127","379.1142355009545"
"380.99533755850644","410.2231985941375"
"438.4604390993533","480.4692442882375"
"438.788281161082","498.5325131809245"
"438.788133673045","409.219683655528"
"309.09097935749264","314.889279437655"
"358.8030484680308","313.8857644990455"
"314.87036449596934","277.7592267136715"
"278.4235520255478","268.7275922670425"
"283.4050628907046","269.731107205652"
"308.05475286440173","264.7135325131755"
"283.3233536626095","263.710017574566"
"234.74938880550863","264.7135325131755"
"308.15649552080373","274.7486818981285"
"269.42678211633483","286.79086116001497"
"315.4293146628583","320.9103690685412"
"380.719267329851","431.2970123023675"
"438.7552291190959","431.2970123023675"
"438.78623595480576","409.219683655528"
"406.7041448229398","383.1282952548215"
"387.2112468154289","373.0931458699541"
"308.87213486749584","353.0228471001623"
"341.9159379731564","339.9771528998377"
"308.9058436041873","334.9595782073897"
"359.41948924719827","334.9595782073897"
"380.9777984115941","345.9982425307552"
"406.7361514245675","431.2970123023675"
"438.7741126249804","324.9244288224938"
"315.44309105229087","319.9068541300459"
"306.9057822418947","303.850615114378"
"290.3341340473054","278.7627416519955"
"271.2762193533688","268.7275922670425"
"268.5462808638489","257.6889279437655"
"283.392620560275","261.7029876976325"
"259.7975499265511","259.695957820699"
"283.1763056995034","256.68541300515597"
"234.74938880550863","249.660808435746"
"304.2511332009046","251.667838312965"
"258.5281271496632","264.7135325131755"
"314.7138600632592","272.741652021195"
"324.7113489163474","274.7486818981285"
"308.8965292650263","325.9279437609891"
"351.6478551793394","327.93497363795115"
"324.0205463245666","322.9173989455318"
"322.9024667607116","290.80492091388203"
"294.764413983317","279.766256590605"
"281.9774570181732","278.7627416519955"
"308.8809390490837","276.75571177506197"
"264.94096635724964","273.745166959519"
"308.8907468348148","274.7486818981285"
"324.9607018024693","270.734622143976"
"277.5483376698147","276.75571177506197"
"287.5164133174544","270.734622143976"
"270.2863392077519","270.734622143976"
"261.20663033554234","264.7135325131755"
"273.1514814741632","258.692442882375"
"254.3583087037855","249.660808435746"
"236.08022890039956","246.6502636204885"
"251.92937633577304","244.6432337432695"
"219.8670892532576","243.6397188049455"
"234.74938880550863","245.646748681879"
"241.0374018306315","254.6783831282225"
"257.8031631715361","262.706502636242"
"314.19795301640295","276.75571177506197"
"323.8999432968582","386.1388400703645"
"308.93065964859693","416.24428822493803"
"383.83744217477545","438.3216168717775"
"406.98813396151127","409.219683655528"
"390.00105364625335","409.219683655528"
"308.8806735170356","422.265377856024"
"363.3925170246809","377.107205624021"
"308.9025251939648","355.0298769771529"
"336.89961978620966","336.9666080843518"
"308.90215110476043","341.9841827767997"
"363.2566749081295","442.3356766256445"
"438.7378218995777","483.4797891037805"
"452.26744499500927","375.100175746802"
"308.6481230561326","285.7873462214055"
"262.3945895266935","279.766256590605"
"269.8980955367283","272.741652021195"
"268.29566362888556","268.7275922670425"
"283.4050295933109","267.7240773287185"
"277.6107742789077","262.706502636242"
"283.2199557486905","261.7029876976325"
"234.74938880550863","262.706502636242"
"306.0166315346671","263.710017574566"
"261.9354469567402","266.72056239010897"
"314.26660560448624","270.734622143976"
"324.426892982964","274.7486818981285"
"308.8888352872732","275.7521968364525"
"289.96476464659156","282.7768014058625"
"288.69473123952366","290.80492091388203"
"291.3299356113875","289.8014059752725"
"294.8125660980449","284.7838312830815"
"283.8342089627004","283.780316344472"
"308.8809845281102","282.7768014058625"
"264.8741814826916","287.794376098339"
"308.8959136746556","319.9068541300459"
"352.66671711502164","396.1739894553175"
"438.0749229444324","449.36028119505454"
"349.7442482363778","314.889279437655"
"302.13916963693714","285.7873462214055"
"264.5934492272505","281.77328646753847"
"270.364460313931","278.7627416519955"
"273.29141362153086","274.7486818981285"
"283.40506265516393","272.741652021195"
"286.29113533692396","268.7275922670425"
"283.25222814727607","265.717047451785"
"234.74938880550863","259.695957820699"
"306.41609627294554","248.65729349742202"
"247.82843828463194","247.65377855881252"
"287.30647887905036","250.6643233743555"
"282.2693147615902","260.6994727593085"
"308.8434802367446","266.72056239010897"
"288.6022737979486","273.745166959519"
"281.5916628674178","278.7627416519955"
"284.18351628835455","276.75571177506197"
"263.3068546377724","273.745166959519"
"278.00770823617813","271.7381370825855"
"283.2240775969331","271.7381370825855"
"258.9639296867257","272.741652021195"
"308.88801378557434","281.77328646753847"
"328.58499983574046","293.815465729425"
"314.96298476067767","288.7978910369485"
"270.64800754870544","283.780316344472"
"284.29547962631017","275.7521968364525"
"260.6862293143613","271.7381370825855"
"270.4500408669581","266.72056239010897"
"270.6278300766595","260.6994727593085"
"283.4048234952559","259.695957820699"
"264.0369579895003","253.6748681898985"
"283.01791562527166","241.632688928012"
"234.74938880550863","237.61862917385952"
"238.40211891293305","243.6397188049455"
"219.49238012217336","238.62214411246902"
"287.9304780116556","291.80843585249147"
"427.35097567075854","371.0861159929635"
"382.4800433089619","421.2618629174145"
"380.94753462904777","395.170474516708"
"363.98054660472303","363.05799648505825"
"352.6871154642297","336.9666080843518"
"308.1992946009759","334.9595782073897"
"320.9450900910508","333.9560632688944"
"308.9019860134013","327.93497363795115"
"311.6493773735873","322.9173989455318"
"337.26196204063035","333.9560632688944"
"363.3842896293207","410.2231985941375"
"438.5363897219642","352.0193321616956"
"315.8148587568334","334.9595782073897"
"307.83244754552015","288.7978910369485"
"275.61947778257274","278.7627416519955"
"287.0173861767951","267.7240773287185"
"271.38117734702683","262.706502636242"
"283.4050429964949","270.734622143976"
"292.93532096555396","268.7275922670425"
"283.2592026468392","270.734622143976"
"234.74938880550863","272.741652021195"
"308.2110328934921","274.7486818981285"
"276.2569337185133","279.766256590605"
"315.29319576809155","326.9314586994844"
"363.40184268892204","409.219683655528"
"411.6397256638087","452.3708260105975"
"438.78737773803573","453.3743409489215"
"436.1369009414138","394.1669595780985"
"368.61656265097554","335.9630931458565"
"308.3965417659979","332.9525483303991"
"323.2928906702052","332.9525483303991"
"308.9066108194837","326.9314586994844"
"302.49141833600856","326.9314586994844"
"381.80252645710436","335.9630931458565"
"404.77592619638034","434.307557117625"
"438.7555001005467","527.634446397174"
"438.7887292795331","423.268892794348"
"371.32336778981403","371.0861159929635"
"342.398877879878","326.9314586994844"
"315.1412379386338","296.8260105446825"
"280.41656040959583","282.7768014058625"
"283.4050629645783","291.80843585249147"
"306.2442470798523","287.794376098339"
"283.3754516350969","285.7873462214055"
"234.74938880550863","287.794376098339"
"308.6576245047331","296.8260105446825"
"280.0154601033002","322.9173989455318"
"363.1711999158398","334.9595782073897"
"427.3343734874856","417.2478031635475"
"438.78635552713104","444.342706502578"
"438.7867744673924","455.3813708261405"
"436.6370166284239","463.4094903338745"
"436.98141593615003","441.332161687035"
"371.20714067794574","435.3110720562345"
"406.6367679208198","408.2161687169185"
"380.9949694655224","378.110720562345"
"356.2572673773706","366.0685413005156"
"380.99038178118764","364.06151142355355"
"407.0660198228545","424.2724077329575"
"438.7591727411966","587.8453427066065"
"438.78911380117734","423.268892794348"
"380.21971351254973","383.1282952548215"
"363.5347920256146","357.0369068541435"
"326.7134188620005","339.9771528998377"
"283.1705197965299","310.87521968378803"
"283.4050629646786","311.878734622112"
"314.32197233264776","299.8365553602255"
"283.3921699715732","295.82249560635853"
"234.74938880550863","299.8365553602255"
"308.8001584293229","310.87521968378803"
"314.8780333657267","322.9173989455318"
"362.86812475823905","354.0263620386576"
"406.70463833406114","584.8347978910635"
"438.78912249085073","543.6906854129275"
"438.7800931697928","543.6906854129275"
"438.7818082550354","542.6871704746035"
"384.5432208954047","483.4797891037805"
"438.31352959186097","439.32513181010154"
"380.9964697713851","417.2478031635475"
"423.46207873967467","423.268892794348"
"380.99643395947555","409.219683655528"
"438.2719742337581","557.7398945517475"
"380.99706969006263","492.511423550124"
"438.6817273216639","418.2513181018715"
"380.53184438697065","368.0755711775062"
"283.37568248077923","326.9314586994844"
"283.4050629646786","340.9806678383044"
"317.1892864759243","325.9279437609891"
"283.4003888940432","312.8822495607215"
"234.74938880550863","315.892794375979"
"308.8524546006977","318.9033391915506"
"314.9885072524532","318.9033391915506"
"352.0316742453418","386.1388400703645"
"435.7877107876051","594.8699472760165"
"438.7887625420315","630.9964850613906"
"438.78913055661883","503.550087873401"
"438.696320559443","433.304042179301"
"380.9964817777409","404.2021089630515"
"406.6468020681693","402.19507908611797"
"380.99633583931825","434.307557117625"
"438.76379975870225","559.746924428681"
"384.5432280030848","431.2970123023675"
"410.7780730954346","377.107205624021"
"376.50367201965526","394.1669595780985"
"283.40055904986286","328.93848857644645"
"283.4050629646786","377.107205624021"
"317.56507118374157","341.9841827767997"
"283.4046717781914","330.94551845343705"
"335.9885267789952","335.9630931458565"
"339.94933986813123","339.9771528998377"
"315.40421999006674","327.93497363795115"
"367.0481581482677","316.8963093145885"
"363.3619553145919","328.93848857644645"
"308.9023696792424","347.0017574692448"
"380.0437901802472","394.1669595780985"
"406.62541805576177","413.233743409395"
"409.508892655433","381.121265377888"
"371.2098752263894","358.0404217926103"
"376.251836650653","335.9630931458565"
"336.9129592840424","328.93848857644645"
"351.8600428821319","333.9560632688944"
"371.22126442132924","378.110720562345"
"435.0929728792032","508.5676625658775"
"438.78867978318715","499.53602811953397"
"380.99242220851465","386.1388400703645"
"382.62395213342415","356.0333919156482"
"356.0060612028734","352.0193321616956"
"283.36281871026483","322.9173989455318"
"283.4050629646786","328.93848857644645"
"317.09804335383666","318.9033391915506"
"283.40196095651345","306.8611599296355"
"234.74938880539182","305.85764499131153"
"308.8299234266197","306.8611599296355"
"314.1189815877","301.843585237159"
"315.42907831416517","300.84007029883503"
"384.7111109115805","301.843585237159"
"308.9004520496127","301.843585237159"
"353.0124910658548","320.9103690685412"
"326.9285597559663","317.899824253198"
"324.315666790648","317.899824253198"
"306.77221986073477","305.85764499131153"
"293.8836858530758","291.80843585249147"
"308.89551106553495","290.80492091388203"
"289.09865500530276","308.868189806569"
"308.9017984937662","321.9138840070365"
"363.30369322221065","386.1388400703645"
"438.5665792851246","438.3216168717775"
"438.759433529529","393.1634446397745"
"338.9222020334175","338.9736379613424"
"332.55202094343446","334.9595782073897"
"315.41590973592326","325.9279437609891"
"282.9861884309596","317.899824253198"
"283.4050629646786","305.85764499131153"
"313.326812032108","303.850615114378"
"283.39336891974693","302.8471001757685"
"234.74938880550863","298.8330404219015"
"308.80086595299224","314.889279437655"
"314.91555368301636","317.899824253198"
"360.0941863625744","431.2970123023675"
"384.31558339506796","594.8699472760165"
"438.78817005317904","592.862917399083"
"380.996584989723","549.7117750440135"
