"DataEntries: 8756, TestEntries: 24, Epochs: 3000, UseTestData: true, LimitEntries: true, Firstlayer#: 5, SecondLayer: true, SecondLayer#: 30, Predict: true, Curvebehaviour: true, Stacksize: 6, useLastXDays: false, Max: 632.0, Min: 61.0, Curve behaviour: true, Historical: true, Skewness: false"
"Actual","Ideal"
"312.39985839695396","338.9736379613424"
"302.5514577853856","335.9630931458565"
"289.2862629417317","313.8857644990455"
"300.09122913821795","309.8717047451785"
"285.2425781964431","310.87521968378803"
"268.63863402610696","302.8471001757685"
"287.65591349556473","291.80843585249147"
"287.6586323339149","290.80492091388203"
"300.0496519445883","283.780316344472"
"287.6559441246473","280.769771528929"
"289.0727911244037","277.7592267136715"
"241.30328942296902","277.7592267136715"
"269.95415672309485","275.7521968364525"
"303.06611783839946","282.7768014058625"
"242.3354049702986","286.79086116001497"
"278.2314763363092","293.815465729425"
"255.5657736210249","311.878734622112"
"306.8219667493035","316.8963093145885"
"287.6586321738431","316.8963093145885"
"295.42282794778896","320.9103690685412"
"294.71228109280776","311.878734622112"
"298.3130025926325","314.889279437655"
"310.40715589255694","315.892794375979"
"301.9238586546031","343.99121265377886"
"321.26760392567036","349.00878734622114"
"320.66689868016607","339.9771528998377"
"289.28937961402175","322.9173989455318"
"300.19883002955453","311.878734622112"
"297.37310183486613","312.8822495607215"
"267.0851059710212","307.864674868245"
"287.65736695850273","292.8119507908155"
"287.65863238919167","283.780316344472"
"298.88137369248614","275.7521968364525"
"287.59603137136173","262.706502636242"
"262.93301799313423","259.695957820699"
"241.5642761134829","276.75571177506197"
"271.408530815763","290.80492091388203"
"304.3728064076","364.06151142355355"
"362.6127522594216","432.3005272406915"
"381.8928296915981","383.1282952548215"
"348.666892488736","357.0369068541435"
"335.672274282685","357.0369068541435"
"287.65863409543357","371.0861159929635"
"421.98916577261","422.265377856024"
"367.5574184320229","389.149384885622"
"404.3852679591157","380.1177504392785"
"399.9288876740754","409.219683655528"
"435.81044183428094","496.525483303991"
"434.7659443976463","513.585237258354"
"437.94402964968583","362.05448154656295"
"291.348691481516","316.8963093145885"
"300.19961404699495","307.864674868245"
"300.3307055494595","302.8471001757685"
"266.10057106268044","300.84007029883503"
"287.65339865032183","289.8014059752725"
"287.6586167845585","289.8014059752725"
"293.04311586709144","285.7873462214055"
"287.3259972467214","287.794376098339"
"289.5248949175301","283.780316344472"
"287.08630869880903","288.7978910369485"
"279.79539306132136","305.85764499131153"
"308.04772859544056","338.9736379613424"
"362.40893206547054","409.219683655528"
"387.7087772962967","368.0755711775062"
"348.2274723979891","352.0193321616956"
"334.66127844981975","342.987697715295"
"287.65863409511013","353.0228471001623"
"374.5696532430698","360.0474516696009"
"295.04589955364315","353.0228471001623"
"405.1721894893665","347.0017574692448"
"362.1722227671177","365.06502636204885"
"440.04892206844636","429.289982425434"
"437.77024062673763","456.3848857644645"
"356.2483767930106","357.0369068541435"
"289.3012986742602","344.9947275922685"
"300.1998902511013","319.9068541300459"
"301.1972021876573","318.9033391915506"
"269.2849288425909","306.8611599296355"
"287.6494414472199","295.82249560635853"
"287.6586275600455","295.82249560635853"
"298.76052200492927","288.7978910369485"
"287.6272772199197","289.8014059752725"
"289.7662206432724","291.80843585249147"
"287.55849237942596","297.829525483292"
"284.3427784991539","311.878734622112"
"309.5556224104244","342.987697715295"
"362.1405285509602","373.0931458699541"
"328.9872150593627","379.1142355009545"
"362.35094774277184","365.06502636204885"
"335.6486251803514","362.05448154656295"
"287.65863409540634","366.0685413005156"
"382.09250916576724","363.05799648505825"
"294.79053801948396","359.0439367311056"
"404.33162383775067","358.0404217926103"
"362.4135647341901","369.0790861160015"
"420.429921393727","409.219683655528"
"437.32307383972704","484.4833040421045"
"432.78751649001896","360.0474516696009"
"289.43562602692174","336.9666080843518"
"300.19982271527516","318.9033391915506"
"298.14398624866294","322.9173989455318"
"267.8449424748136","319.9068541300459"
"287.6571676312963","300.84007029883503"
"287.6586332673627","304.854130052702"
"300.06915039386786","296.8260105446825"
"287.6544905346953","297.829525483292"
"290.01637415706904","299.8365553602255"
"287.6529080975054","308.868189806569"
"287.23957001954653","320.9103690685412"
"308.8331698148798","344.9947275922685"
"361.4915025443669","410.2231985941375"
"335.1790099482165","334.9595782073897"
"354.70133375360984","323.9209138839985"
"324.01237836889","319.9068541300459"
"287.6586340904017","330.94551845343705"
"301.0000705958114","368.0755711775062"
"294.8378816173189","345.9982425307552"
"343.18997627199303","350.012302284705"
"361.24978424683604","373.0931458699541"
"424.23488281148366","430.293497363758"
"438.0473893355789","508.5676625658775"
"434.5728477143218","382.12478031621197"
"292.34300704525816","324.9244288224938"
"300.19944941169814","317.899824253198"
"290.40811938334326","319.9068541300459"
"266.1274494492668","313.8857644990455"
"287.6575006169846","303.850615114378"
"287.6586337577867","305.85764499131153"
"300.1047955313696","296.8260105446825"
"287.65750956249644","295.82249560635853"
"289.9091146877965","297.829525483292"
"287.6491956748214","293.815465729425"
"282.9925588208445","307.864674868245"
"304.4376055613713","335.9630931458565"
"329.20409870474987","378.110720562345"
"322.19420482834613","336.9666080843518"
"337.45420244294405","332.9525483303991"
"313.9948974896359","328.93848857644645"
"287.6586340408377","336.9666080843518"
"303.3338795632205","334.9595782073897"
"294.712395919564","329.94200351494175"
"328.7232746934117","327.93497363795115"
"311.75249550656633","329.94200351494175"
"308.9821780676624","364.06151142355355"
"355.42531432270863","385.135325131755"
"330.8062589340208","344.9947275922685"
"289.28637212760253","321.9138840070365"
"300.07652483629306","319.9068541300459"
"270.58505187238495","317.899824253198"
"261.4833654662835","312.8822495607215"
"287.6522511351944","303.850615114378"
"287.6586326959704","304.854130052702"
"299.63491883648254","293.815465729425"
"287.64967690467677","280.769771528929"
"288.8395648735871","277.7592267136715"
"287.4980801803009","281.77328646753847"
"271.11115245242814","288.7978910369485"
"303.819315844478","298.8330404219015"
"315.12096150388527","311.878734622112"
"285.6633751936091","317.899824253198"
"255.37769749012705","318.9033391915506"
"302.1513431654487","318.9033391915506"
"287.65863246637804","318.9033391915506"
"286.6510543948504","312.8822495607215"
"294.7122818516353","311.878734622112"
"321.22142173526504","313.8857644990455"
"330.262833400729","318.9033391915506"
"323.765418540613","330.94551845343705"
"368.8735739284795","334.9595782073897"
"331.1360787037311","328.93848857644645"
"289.28925026321133","319.9068541300459"
"300.1995660893189","316.8963093145885"
"308.5544354361565","320.9103690685412"
"277.5347959761031","321.9138840070365"
"287.6586244701053","313.8857644990455"
"287.65863409360963","318.9033391915506"
"300.1995401581374","307.864674868245"
"287.65862603648054","292.8119507908155"
"292.7638032260171","291.80843585249147"
"287.6586338473919","293.815465729425"
"308.78869804164015","293.815465729425"
"310.4264977681686","288.7978910369485"
"346.14493644034303","290.80492091388203"
"306.41685901908954","298.8330404219015"
"264.79240751906366","319.9068541300459"
"327.82923369576815","327.93497363795115"
"287.65863409039684","325.9279437609891"
"308.4078709257733","323.9209138839985"
"294.7126369793332","320.9103690685412"
"329.5745810784248","318.9033391915506"
"360.88076436326287","322.9173989455318"
"328.944357839883","345.9982425307552"
"434.6278039010799","350.012302284705"
"345.97379593627835","341.9841827767997"
"289.3872427201661","332.9525483303991"
"300.1999544959237","326.9314586994844"
"318.5945070260502","329.94200351494175"
"289.6670315607171","321.9138840070365"
"287.6586316661616","307.864674868245"
"287.65863409419916","309.8717047451785"
"300.1994600296849","300.84007029883503"
"287.65860933903593","289.8014059752725"
"292.2657197556505","289.8014059752725"
"287.65863207907285","296.8260105446825"
"315.590876820278","318.9033391915506"
"361.8639939861778","344.9947275922685"
"402.5470191245596","366.0685413005156"
"390.2553633610804","333.9560632688944"
"397.6972935756034","325.9279437609891"
"364.1238134674165","326.9314586994844"
"287.6586340945905","333.9560632688944"
"331.1904940212749","341.9841827767997"
"294.7529946592507","345.9982425307552"
"404.4636122704951","350.012302284705"
"401.94706146366804","347.0017574692448"
"369.5157842970016","352.0193321616956"
"438.5793966453924","348.0052724077315"
"349.7306768452224","331.9490333919038"
"289.36064613971354","318.9033391915506"
"300.1999393624252","314.889279437655"
"315.6277791899306","329.94200351494175"
"289.63871131729655","324.9244288224938"
"287.6586298058607","314.889279437655"
"287.65863409373975","315.892794375979"
"300.1990909521545","313.8857644990455"
"287.65861477180005","312.8822495607215"
"292.64506010345514","308.868189806569"
"287.6586339528436","312.8822495607215"
"312.50884538352443","326.9314586994844"
"332.06526593040775","368.0755711775062"
"401.8463610602367","410.2231985941375"
"389.84620402853056","329.94200351494175"
"324.81980675750793","324.9244288224938"
"332.1913396780983","324.9244288224938"
"287.65863407453884","327.93497363795115"
"312.09662173179953","374.0966608084494"
"295.1169005916797","376.1036906854115"
"404.463244155384","363.05799648505825"
"401.02633962790077","385.135325131755"
"397.9618299250201","439.32513181010154"
"434.4862219684616","465.416520210808"
"436.0796962077275","379.1142355009545"
"290.4801250579355","344.9947275922685"
"300.1999667659805","333.9560632688944"
"317.2879703423234","337.9701230228471"
"289.1699705419559","327.93497363795115"
"287.65862580669386","316.8963093145885"
"287.6586340922975","316.8963093145885"
"300.1994520046916","311.878734622112"
"287.65863000507443","310.87521968378803"
"293.08972583770947","303.850615114378"
"287.6586340934057","308.868189806569"
"316.01309075781694","329.94200351494175"
"359.38757395129755","360.0474516696009"
"401.4151412291807","379.1142355009545"
"389.08287421597794","364.06151142355355"
"399.01829613816506","344.9947275922685"
"347.4532679915968","343.99121265377886"
"287.6586340902784","340.9806678383044"
"309.8592385271866","342.987697715295"
"294.71894808182503","339.9771528998377"
"397.07157297787666","338.9736379613424"
"362.5208307246682","351.0158172232003"
"376.7071855034629","377.107205624021"
"438.1034607383424","409.219683655528"
"353.4366021069937","343.99121265377886"
"289.3348520598569","338.9736379613424"
"300.19995373525074","323.9209138839985"
"309.88235087400153","329.94200351494175"
"285.0819300810125","326.9314586994844"
"287.6586279413165","317.899824253198"
"287.65863409311044","317.899824253198"
"300.19971975051294","315.892794375979"
"287.65863298030445","315.892794375979"
"293.44672110081484","314.889279437655"
"287.6586340954627","319.9068541300459"
"324.86266650049606","326.9314586994844"
"362.111823928781","365.06502636204885"
"402.580400470453","352.0193321616956"
"363.9443735529283","352.0193321616956"
"400.22524185402654","343.99121265377886"
"341.11507042732984","342.987697715295"
"287.65863409540054","343.99121265377886"
"348.65783382329033","348.0052724077315"
"294.8579391504985","347.0017574692448"
"404.4412927495314","353.0228471001623"
"401.18903059588814","408.2161687169185"
"439.45248556437195","438.3216168717775"
"435.0416494580081","520.6098418277641"
"439.4517696157708","456.3848857644645"
"408.9224048637035","409.219683655528"
"300.1999754318567","340.9806678383044"
"321.2105721273223","339.9771528998377"
"288.6459356556221","331.9490333919038"
"287.6586290650088","325.9279437609891"
"287.6586340944342","319.9068541300459"
"300.1996932891417","315.892794375979"
"287.65863129474167","311.878734622112"
"292.7034494651929","307.864674868245"
"287.6586340912554","305.85764499131153"
"307.9779242968977","323.9209138839985"
"331.2687509852104","373.0931458699541"
"401.49326569555234","433.304042179301"
"416.3768685710056","409.219683655528"
"401.1400074280852","355.0298769771529"
"335.43170542155616","354.0263620386576"
"287.65863409524127","355.0298769771529"
"313.6529002366289","345.9982425307552"
"294.7151369968823","336.9666080843518"
"331.2087206010902","332.9525483303991"
"332.1856674216899","339.9771528998377"
"349.591854738294","353.0228471001623"
"387.2306562318777","387.14235500868847"
"337.8262097080138","332.9525483303991"
"289.3090644178824","323.9209138839985"
"300.19627462325155","316.8963093145885"
"287.65887248390953","315.892794375979"
"265.3784608904382","312.8822495607215"
"287.65740830607933","308.868189806569"
"287.6586339349383","304.854130052702"
"300.1259791282309","301.843585237159"
"287.6579761778928","299.8365553602255"
"290.66986375048316","298.8330404219015"
"287.65852240216475","300.84007029883503"
"282.99783810627747","304.854130052702"
"303.318082783515","310.87521968378803"
"311.37739395012795","310.87521968378803"
"293.5355430258171","312.8822495607215"
"265.38436793615995","312.8822495607215"
"311.17861312069357","315.892794375979"
"287.6586338483486","315.892794375979"
"301.1504227745722","314.889279437655"
"294.71229106673286","313.8857644990455"
"326.236540049375","313.8857644990455"
"330.655511317113","316.8963093145885"
"319.49635392086697","331.9490333919038"
"328.5074995958109","336.9666080843518"
"328.00355581932564","326.9314586994844"
"289.28659384420666","317.899824253198"
"300.19805658560404","315.892794375979"
"304.7305313456892","314.889279437655"
"270.7912105494119","314.889279437655"
"287.6584951088455","312.8822495607215"
"287.65863407977173","311.878734622112"
"300.1931679072473","306.8611599296355"
"287.6584626508033","304.854130052702"
"292.3531648888969","304.854130052702"
"287.6586340852795","297.829525483292"
"297.2725940192358","293.815465729425"
"306.0896222345093","303.850615114378"
"313.65906713539533","304.854130052702"
"300.94296224274075","309.8717047451785"
"262.53025537940414","311.878734622112"
"320.92839143013305","312.8822495607215"
"287.65863352436185","314.889279437655"
"294.0777181946003","314.889279437655"
"294.71233076722746","313.8857644990455"
"328.7331327171231","314.889279437655"
"360.8562813353706","316.8963093145885"
"327.661657162675","317.899824253198"
"365.65549859182175","317.899824253198"
"332.2810752679417","317.899824253198"
"289.2865580898173","316.8963093145885"
"300.199713407867","315.892794375979"
"315.4908078828053","315.892794375979"
"288.1743728154725","314.889279437655"
"287.65861448466313","311.878734622112"
"287.6586340928462","299.8365553602255"
"300.1959476184219","295.82249560635853"
"287.6586033052255","295.82249560635853"
"292.743501846745","296.8260105446825"
"287.6586340241007","297.829525483292"
"311.2332154739854","312.8822495607215"
"331.39628587805646","331.9490333919038"
"400.179392688694","323.9209138839985"
"326.8813657592425","319.9068541300459"
"318.9280657694845","316.8963093145885"
"333.2119826762634","319.9068541300459"
"287.6586340835983","323.9209138839985"
"316.67313263869227","331.9490333919038"
"294.7131548821349","324.9244288224938"
"343.0941337172795","322.9173989455318"
"349.1206773916855","361.0509666080962"
"485.26602486502946","484.4833040421045"
"434.8851310090112","518.6028119508305"
"438.57837955429545","366.0685413005156"
"292.48830661266913","316.8963093145885"
"300.1998034832705","312.8822495607215"
"314.7910037024245","312.8822495607215"
"288.45573536039524","309.8717047451785"
"287.6585461509806","305.85764499131153"
"287.65863406582025","300.84007029883503"
"300.1885787798976","297.829525483292"
"287.65841513393775","296.8260105446825"
"292.7126365933168","298.8330404219015"
"287.65863409511303","300.84007029883503"
"311.9370429393622","315.892794375979"
"331.9467937756424","329.94200351494175"
"400.3449098458574","320.9103690685412"
"325.2170646640717","320.9103690685412"
"318.4141563939517","314.889279437655"
"330.3428216956114","313.8857644990455"
"287.65863403458985","316.8963093145885"
"307.69691938678824","316.8963093145885"
"294.7123259564423","313.8857644990455"
"343.1930906024536","311.878734622112"
"349.1128689000282","327.93497363795115"
"365.7799723772908","402.19507908611797"
"439.2531275907294","402.19507908611797"
"354.5527112700313","323.9209138839985"
"289.28727637288847","310.87521968378803"
"300.1983142956882","306.8611599296355"
"314.11736991534553","305.85764499131153"
"270.93398172478106","302.8471001757685"
"287.6577347781721","298.8330404219015"
"287.65863383173496","297.829525483292"
"300.09730096604017","290.80492091388203"
"287.6572187193716","290.80492091388203"
"291.80622604732076","293.815465729425"
"287.6586340568938","297.829525483292"
"305.82123616996","308.868189806569"
"314.245081598755","313.8857644990455"
"362.711670912188","313.8857644990455"
"321.7312395553066","312.8822495607215"
"267.83469364739796","305.85764499131153"
"326.0775627182874","304.854130052702"
"287.6586335189512","305.85764499131153"
"300.61173037305923","304.854130052702"
"294.7122916645591","304.854130052702"
"321.6020419118781","304.854130052702"
"359.77594334145704","315.892794375979"
"326.65039684679726","319.9068541300459"
"353.6871792937533","315.892794375979"
"315.2502179022363","307.864674868245"
"289.2859449518611","303.850615114378"
"299.93385461691645","298.8330404219015"
"283.9142257821732","292.8119507908155"
"261.99760793816625","289.8014059752725"
"287.11083612905935","281.77328646753847"
"287.6571876647756","274.7486818981285"
"226.91445241948472","269.731107205652"
"285.5820417647593","268.7275922670425"
"288.4398757452335","270.734622143976"
"287.6584473301079","274.7486818981285"
"280.7524334669148","282.7768014058625"
"305.8722624838407","295.82249560635853"
"326.5184973018066","304.854130052702"
"312.90894935115233","304.854130052702"
"262.8888479610714","299.8365553602255"
"319.0545271064766","298.8330404219015"
"287.65861352398156","300.84007029883503"
"302.92226817416747","300.84007029883503"
"294.7122758542657","299.8365553602255"
"294.73264768379386","303.850615114378"
"312.62074470839434","320.9103690685412"
"322.7215503673865","309.8717047451785"
"352.9591983693453","314.889279437655"
"317.763204078245","304.854130052702"
"289.28593884598627","300.84007029883503"
"297.4285044007779","295.82249560635853"
"268.5406808325423","291.80843585249147"
"264.4972163923927","287.794376098339"
"271.883396175607","277.7592267136715"
"229.79946331498593","262.706502636242"
"215.35033729580942","253.6748681898985"
"248.59292112601486","249.660808435746"
"266.4456538227457","252.67135325128902"
"241.96862885140314","260.6994727593085"
"243.44888274782005","266.72056239010897"
"297.3296306970524","283.780316344472"
"285.2830237312536","290.80492091388203"
"273.6364101687326","289.8014059752725"
"253.93214758742766","287.794376098339"
"283.84508287075664","287.794376098339"
"287.64701682087747","288.7978910369485"
"274.02722934453703","288.7978910369485"
"294.71227552493855","289.8014059752725"
"255.39160323095388","289.8014059752725"
"260.406175132797","291.80843585249147"
"309.87842475661364","297.829525483292"
"307.5855748951841","299.8365553602255"
"285.28806084455044","292.8119507908155"
"289.2859388012947","285.7873462214055"
"255.11060416653635","277.7592267136715"
"246.8690892236644","272.741652021195"
"255.5954553474072","270.734622143976"
"220.9293036368207","261.7029876976325"
"249.65459048671738","251.667838312965"
"214.4199855812089","237.61862917385952"
"212.4562216962176","230.5940246044495"
"264.017011570619","228.58699472751601"
"241.3006151561449","233.60456941999252"
"236.92083906469094","242.63620386633602"
"292.6040925803732","254.6783831282225"
"260.0288120499116","255.681898066832"
"242.48242158594599","259.695957820699"
"246.81118675521404","264.7135325131755"
"277.97235657396","267.7240773287185"
"287.3964875115033","268.7275922670425"
"209.90196470918522","264.7135325131755"
"294.71227552121","262.706502636242"
"235.64832177899558","264.7135325131755"
"246.32542862343365","274.7486818981285"
"268.2977164450929","280.769771528929"
"262.5830619529585","283.780316344472"
"251.11000502218198","279.766256590605"
"289.285938745451","271.7381370825855"
"214.73373864005495","264.7135325131755"
"225.64975909756475","261.7029876976325"
"248.9564685981995","256.68541300515597"
"202.22688070088174","239.6256590510785"
"223.26750007300984","223.5694200350395"
"214.28320703108466","194.4674868190755"
"186.32510825892925","161.351493848959"
"150.76998779905315","150.3128295253965"
"159.91054694598603","185.4358523724465"
"176.08630675243572","171.3866432336265"
"125.28434579865987","180.4182776802555"
"213.95861725744209","189.44991212659897"
"211.6824376246145","224.572934973649"
"180.33932442688405","255.681898066832"
"223.64612637273","259.695957820699"
"212.43172699501034","262.706502636242"
"209.60213559084482","264.7135325131755"
"294.7122700019065","258.692442882375"
"214.6583191817516","255.681898066832"
"180.54846231887188","262.706502636242"
"212.30106274985926","281.77328646753847"
"219.79263345120822","286.79086116001497"
"235.85035280420186","282.7768014058625"
"289.28585753261564","278.7627416519955"
"214.2851670319108","274.7486818981285"
"220.51115093901956","267.7240773287185"
"247.52638706371022","258.692442882375"
"197.0697428509686","252.67135325128902"
"208.90493031767062","195.47100175739948"
"214.28306019788565","197.478031634333"
"186.33461336533816","241.632688928012"
"268.1687765806015","247.65377855881252"
"241.61767710260494","252.67135325128902"
"259.4480226851428","262.706502636242"
"300.47650311632003","278.7627416519955"
"334.58298939622955","303.850615114378"
"306.8401242051625","303.850615114378"
"260.13314646483326","304.854130052702"
"316.3887941454744","302.8471001757685"
"287.65858459181237","310.87521968378803"
"302.4119870903593","316.8963093145885"
"294.7122768482182","302.8471001757685"
"294.4904629297456","317.899824253198"
"353.6916907885645","333.9560632688944"
"331.2850033733196","372.0896309314588"
"437.1108376334844","419.254833040481"
"348.0492989643366","312.8822495607215"
"289.28594112241024","294.818980667749"
"292.00408850790785","282.7768014058625"
"265.8207048192937","277.7592267136715"
"264.7387614331904","268.7275922670425"
"246.62703763979755","256.68541300515597"
"228.7889083194607","256.68541300515597"
"214.37945198809757","248.65729349742202"
"211.25935961987676","247.65377855881252"
"268.31785138236654","249.660808435746"
"242.47753788871302","253.6748681898985"
"257.9648826875235","261.7029876976325"
"301.60702514964703","282.7768014058625"
"303.3156754783189","300.84007029883503"
"284.65005874907706","293.815465729425"
"254.19935526365268","284.7838312830815"
"291.08065750175103","286.79086116001497"
"287.6583058016895","287.794376098339"
"269.55854748287476","287.794376098339"
"294.7122755360485","287.794376098339"
"276.73164019955925","289.8014059752725"
"293.1664736792784","302.8471001757685"
"302.0997803889576","306.8611599296355"
"309.0200957579677","304.854130052702"
"285.69434905086285","289.8014059752725"
"289.28593876430216","281.77328646753847"
"263.64634265382256","271.7381370825855"
"245.1173684835185","266.72056239010897"
"250.650361367099","257.6889279437655"
"212.5121611120901","244.6432337432695"
"225.10893180881357","235.611599296926"
"214.28573453319387","207.513181019286"
"187.07496055146586","199.485061511552"
"259.0360403205308","212.5307557117625"
"241.26516401130596","234.608084358602"
"236.4671927537333","252.67135325128902"
"298.4497482843414","263.710017574566"
"260.1840191979861","277.7592267136715"
"273.4513521808534","278.7627416519955"
"252.55007981811343","277.7592267136715"
"302.24888936781514","276.75571177506197"
"287.65594149290314","275.7521968364525"
"263.42590565115404","277.7592267136715"
"294.71227553202084","277.7592267136715"
"276.95646176019756","279.766256590605"
"304.1456306354635","284.7838312830815"
"308.8652043215944","288.7978910369485"
"317.53822053359033","293.815465729425"
"305.0165277682791","283.780316344472"
"289.2859389049425","277.7592267136715"
"286.4384577746259","271.7381370825855"
"268.1719417258583","267.7240773287185"
"262.6604026361776","261.7029876976325"
"218.82350723573165","251.667838312965"
"226.59443832821125","241.632688928012"
"214.2924466368259","218.55184534284848"
"186.92106875178735","215.54130052730548"
"243.69146644831113","220.558875219782"
"241.26281982270808","233.60456941999252"
"211.88350232113265","253.6748681898985"
"294.9619763434907","264.7135325131755"
"250.59771625742104","277.7592267136715"
"251.5896759943173","277.7592267136715"
"246.04956582648612","274.7486818981285"
"279.14732108856316","273.745166959519"
"286.9724297126745","274.7486818981285"
"245.14021506470965","273.745166959519"
"294.7122755217191","273.745166959519"
"252.43498169890347","275.7521968364525"
"260.93755399956063","283.780316344472"
"299.65653674592613","288.7978910369485"
"312.9336652708041","289.8014059752725"
"303.5690734014181","281.77328646753847"
"289.28593880819926","277.7592267136715"
"296.89432692168083","273.745166959519"
"285.8852765721395","271.7381370825855"
"265.6189803752027","268.7275922670425"
"287.1159660348069","259.695957820699"
"287.6585110815334","255.681898066832"
"242.94723663774738","252.67135325128902"
"285.65227017685913","252.67135325128902"
"290.56602670600506","256.68541300515597"
"264.85862491362514","260.6994727593085"
"294.2816230220823","271.7381370825855"
"307.10848999291466","275.7521968364525"
"323.91726739108714","289.8014059752725"
"315.1803413511181","290.80492091388203"
"263.07705756519715","288.7978910369485"
"320.2477023437474","287.794376098339"
"287.6586197027683","288.7978910369485"
"302.4048793320106","288.7978910369485"
"294.71227559115397","289.8014059752725"
"293.9890430440656","292.8119507908155"
"337.82218263013976","297.829525483292"
"313.4606361875644","296.8260105446825"
"320.0003386475711","293.815465729425"
"306.96313840858284","290.80492091388203"
"289.2859477925218","287.794376098339"
"299.5477013828666","282.7768014058625"
"276.0823802344952","278.7627416519955"
"261.61879849151455","272.741652021195"
"283.65240953928287","264.7135325131755"
"243.30321801043277","263.710017574566"
"232.82491958763467","256.68541300515597"
"249.61775184023455","253.6748681898985"
"262.3777024948205","248.65729349742202"
"241.30274940234148","242.63620386633602"
"221.66482876536844","246.6502636204885"
"251.7807347381546","251.667838312965"
"219.4257675899401","255.681898066832"
"220.5276617407048","256.68541300515597"
"217.4322549689264","260.6994727593085"
"251.01970625236504","263.710017574566"
"287.35494971689553","263.710017574566"
"229.98376359523536","262.706502636242"
"294.71227515592113","260.6994727593085"
"235.87648262966664","261.7029876976325"
"248.42297265085966","267.7240773287185"
"264.47973430579384","276.75571177506197"
"261.0291523723946","280.769771528929"
"252.38761610413545","276.75571177506197"
"289.28593773931584","267.7240773287185"
"232.28350206591782","258.692442882375"
"253.9463759783406","256.68541300515597"
"251.88204173667663","250.6643233743555"
"211.80213594254266","244.6432337432695"
"248.90028397529045","237.61862917385952"
"216.8285362953028","176.404217926103"
"202.61916141423288","147.302284710139"
"167.04097134487566","140.277680140729"
"200.03329127450897","123.21792618636601"
"188.87108650319192","104.15114235506948"
"132.5620278979577","143.28822495598652"
"215.7174476390933","198.4815465729425"
"219.93433048766676","229.5905096661255"
"231.11620075541765","252.67135325128902"
"269.7511577952477","257.6889279437655"
"285.2304993947634","260.6994727593085"
"230.80541623828418","260.6994727593085"
"294.7122753409718","262.706502636242"
"236.14996750680044","265.717047451785"
"254.3813336602914","272.741652021195"
"301.62576928162025","279.766256590605"
"294.33444378978834","283.780316344472"
"276.13518990074886","282.7768014058625"
"289.28593878078465","280.769771528929"
"290.35472234248","275.7521968364525"
"264.23631985237216","273.745166959519"
"258.535207558735","267.7240773287185"
"268.90815045532304","257.6889279437655"
"229.72332193326207","265.717047451785"
"216.98587350740695","253.6748681898985"
"213.14505916933038","217.548330404239"
"265.0043517740148","221.56239015810598"
"241.2208537702722","233.60456941999252"
"250.9374543097031","265.717047451785"
"301.97114178589123","282.7768014058625"
"320.3612048605358","295.82249560635853"
"291.0214997165785","293.815465729425"
"253.51288463450356","291.80843585249147"
"302.7839908303797","293.815465729425"
"287.6581729046253","293.815465729425"
"286.95399005915294","291.80843585249147"
"294.71227555115183","291.80843585249147"
"275.0771660660657","295.82249560635853"
"305.1172506309809","324.9244288224938"
"324.97453836124805","303.850615114378"
"340.98098416956645","306.8611599296355"
"304.9105458777555","294.818980667749"
"289.28593897919046","289.8014059752725"
"298.7197524073249","283.780316344472"
"273.104676510747","281.77328646753847"
"258.6045281627355","273.745166959519"
"286.7032216817862","268.7275922670425"
"287.65787240645375","266.72056239010897"
"282.1668101154814","262.706502636242"
"286.2145854315042","263.710017574566"
"278.1983192192386","258.692442882375"
"241.3654936303634","259.695957820699"
"269.5764695242687","270.734622143976"
"302.3215170253734","280.769771528929"
"324.96468809060246","293.815465729425"
"304.2578115011483","293.815465729425"
"258.68858224301476","288.7978910369485"
"318.65515853929014","288.7978910369485"
"287.65858934023953","294.818980667749"
"292.8434055307522","293.815465729425"
"294.71227867038596","294.818980667749"
"305.0837352636032","294.818980667749"
"313.7467163517943","297.829525483292"
"309.79935356316315","300.84007029883503"
"312.12416983742037","300.84007029883503"
"301.0388848392553","294.818980667749"
"289.28593902941185","287.794376098339"
"286.7744338883674","281.77328646753847"
"254.00492218204892","280.769771528929"
"252.5912663113915","276.75571177506197"
"278.0328981095433","268.7275922670425"
"244.12264029105998","262.706502636242"
"259.81318107267185","259.695957820699"
"286.3843997877985","259.695957820699"
"268.8001209247045","257.6889279437655"
"241.30293222006347","259.695957820699"
"265.6614914391185","273.745166959519"
"300.83772699577383","286.79086116001497"
"344.5908215738839","322.9173989455318"
"316.6327934800853","323.9209138839985"
"321.15171602550174","301.843585237159"
"323.1875333671807","296.8260105446825"
"287.6586339434918","312.8822495607215"
"303.63708821577205","308.868189806569"
"294.7129351395972","308.868189806569"
"329.81895636941744","316.8963093145885"
"348.4873184429019","335.9630931458565"
"398.75767431188746","365.06502636204885"
"379.3917167336525","379.1142355009545"
"349.34806251549384","319.9068541300459"
"289.3060488550982","295.82249560635853"
"300.19641597417365","290.80492091388203"
"299.8017235589328","288.7978910369485"
"269.49340320522674","282.7768014058625"
"287.65595042219513","273.745166959519"
"287.6586326146914","259.695957820699"
"298.43311849618425","259.695957820699"
"287.6494844509573","249.660808435746"
"290.1712384422713","245.646748681879"
"241.30693777073296","255.681898066832"
"287.86663102272274","272.741652021195"
"310.0505863015042","291.80843585249147"
"340.31243047072945","342.987697715295"
"326.52187763522693","345.9982425307552"
"344.7386804421222","319.9068541300459"
"325.3032456267662","314.889279437655"
"287.65863406840174","325.9279437609891"
"292.0035025807095","333.9560632688944"
"294.71248179998594","334.9595782073897"
"329.05736611126736","327.93497363795115"
"308.6280971318009","322.9173989455318"
"289.76548425697086","329.94200351494175"
"294.87807182649084","317.899824253198"
"256.2096990229721","293.815465729425"
"289.2859382180316","284.7838312830815"
"258.8122273105024","277.7592267136715"
"241.54053423313272","274.7486818981285"
"252.3792394709427","267.7240773287185"
"255.957769493856","258.692442882375"
"229.9886317372191","226.5799648505825"
"214.2860973580291","200.488576449876"
"186.4272790028713","197.478031634333"
"182.8807454967209","212.5307557117625"
"236.09617387459758","222.56590509671548"
"207.6320543321324","255.681898066832"
"226.12398098768614","270.734622143976"
"221.13267623684203","284.7838312830815"
"226.0232402143029","287.794376098339"
"229.6376307553873","286.79086116001497"
"243.9731110467751","285.7873462214055"
"286.9652450204404","284.7838312830815"
"218.07300851839528","282.7768014058625"
"294.7122755129045","278.7627416519955"
"214.7378673321976","280.769771528929"
"232.02941976300843","284.7838312830815"
"250.8514144391442","286.79086116001497"
"246.1714176899492","285.7873462214055"
"242.8080417569167","279.766256590605"
"289.28589991816017","271.7381370825855"
"214.61435019408611","266.72056239010897"
"223.58751179035974","263.710017574566"
"245.46210481526487","260.6994727593085"
"255.68784127163264","255.681898066832"
"224.97790485831004","249.660808435746"
"214.28702031704915","232.60105448166848"
"188.5198723996513","225.5764499122585"
"262.0900407150274","224.572934973649"
"241.27378398135662","233.60456941999252"
"221.37194955517202","240.6291739894025"
"288.714101254868","244.6432337432695"
"221.46684966090743","249.660808435746"
"210.78649610803367","251.667838312965"
"231.41063770781597","255.681898066832"
"255.79391611766283","258.692442882375"
"284.16024952779134","259.695957820699"
"220.405123667827","258.692442882375"
"294.71226271443817","257.6889279437655"
"238.83784501289125","259.695957820699"
"232.64947882161198","266.72056239010897"
"254.25614600262628","271.7381370825855"
"253.57889801349734","275.7521968364525"
"248.25788202049534","270.734622143976"
"289.2859207700312","266.72056239010897"
"223.20238532043902","261.7029876976325"
"236.4202785891482","259.695957820699"
"254.70665803862988","255.681898066832"
"253.7698598941053","253.6748681898985"
"229.8144010671396","254.6783831282225"
"219.85724815587324","251.667838312965"
"286.94540342358687","242.63620386633602"
"266.6393135109348","238.62214411246902"
"241.3029136304893","252.67135325128902"
"243.48471939095282","250.6643233743555"
"296.93400450027735","258.692442882375"
"253.97520881935327","260.6994727593085"
"265.7448861889028","261.7029876976325"
"254.53425613766595","263.710017574566"
"283.48759104797836","267.7240773287185"
"287.6525129642972","270.734622143976"
"254.25641791612395","270.734622143976"
"294.7122755216907","271.7381370825855"
"244.7962976693658","273.745166959519"
"250.94863850852897","282.7768014058625"
"297.9073669937494","286.79086116001497"
"289.4943118641392","286.79086116001497"
"265.523423787022","283.780316344472"
"289.28593875057004","277.7592267136715"
"272.73450757127017","272.741652021195"
"248.6386450998273","269.731107205652"
"254.9968619169956","262.706502636242"
"272.72133000038195","257.6889279437655"
"284.6762054075724","255.681898066832"
"243.30691269376197","252.67135325128902"
"278.2089555898092","251.667838312965"
"269.2047962612513","230.5940246044495"
"241.30290116771198","239.6256590510785"
"253.05448197233292","263.710017574566"
"304.19936718493346","308.868189806569"
"322.98293502519994","376.1036906854115"
"321.2953475471464","291.80843585249147"
"262.08177119667283","289.8014059752725"
"309.6852408671949","288.7978910369485"
"287.6584956778339","289.8014059752725"
"303.95394151824047","288.7978910369485"
"294.7122758248389","288.7978910369485"
"293.34573504824124","299.8365553602255"
"349.85653809175074","408.2161687169185"
"434.3636084618147","376.1036906854115"
"364.4908894506997","334.9595782073897"
"318.03687444594857","289.8014059752725"
"289.2859389961451","283.780316344472"
"298.75219494271124","275.7521968364525"
"272.50901012741224","270.734622143976"
"260.4978622949514","263.710017574566"
"283.6370109542811","255.681898066832"
"229.7702424687902","254.6783831282225"
"236.6223238751922","249.660808435746"
"259.88020326334885","240.6291739894025"
"265.3517761502179","213.534270650372"
"241.2805295816177","215.54130052730548"
"220.31332638975653","277.7592267136715"
"294.326158176618","299.8365553602255"
"251.75018985215584","342.987697715295"
"269.55692819348843","283.780316344472"
"244.97452371109023","276.75571177506197"
"269.85612182082775","277.7592267136715"
"287.1983003505243","274.7486818981285"
"210.95823482454034","299.8365553602255"
"294.7122755294037","289.8014059752725"
"301.8980001219283","304.854130052702"
"308.00266159891345","348.0052724077315"
"346.4918452719937","349.00878734622114"
"319.1082754736942","284.7838312830815"
"278.4317900311683","278.7627416519955"
"289.2859387461423","273.745166959519"
"241.37853926278993","267.7240773287185"
"243.04289404047012","265.717047451785"
"255.56035032899064","257.6889279437655"
"233.57351037216094","245.646748681879"
"225.00305168971624","233.60456941999252"
"214.30466412164395","196.47451669600898"
"186.45702435557735","201.4920913884855"
"254.02099387360232","175.40070298777897"
"191.7424154465486","208.51669595789548"
"225.40280208731565","250.6643233743555"
"296.2386592179908","262.706502636242"
"253.92770981209264","274.7486818981285"
"262.6231556431981","276.75571177506197"
"251.90600875230905","272.741652021195"
"294.6916758140212","273.745166959519"
"287.5254714645309","273.745166959519"
"258.29391965948577","272.741652021195"
"294.7122755226088","277.7592267136715"
"300.92494408589835","284.7838312830815"
"333.26624004989935","287.794376098339"
"303.42404024378374","288.7978910369485"
"311.96568582956684","288.7978910369485"
"286.7162198933287","282.7768014058625"
"289.28593875059244","272.741652021195"
"266.56146560746663","264.7135325131755"
"253.93968175088793","261.7029876976325"
"255.21617420578522","255.681898066832"
"234.05908019895645","245.646748681879"
"226.2755686491671","242.63620386633602"
"214.33410731410473","206.509666080962"
"189.7100899818992","202.49560632680948"
"260.40497905061034","180.4182776802555"
"240.59115605530147","198.4815465729425"
"237.034265430072","252.67135325128902"
"299.67422734961207","265.717047451785"
"311.4454612367017","276.75571177506197"
"287.22792506656083","283.780316344472"
"255.9277585948309","278.7627416519955"
"296.30840487750936","278.7627416519955"
"287.65235747340057","279.766256590605"
"283.2326759056323","280.769771528929"
"294.71227553165687","281.77328646753847"
"277.4269865166461","283.780316344472"
"311.98777257003354","291.80843585249147"
"317.7334048618547","308.868189806569"
"328.40270583013273","295.82249560635853"
"313.88746426977764","290.80492091388203"
"289.28594196188465","279.766256590605"
"298.9965179437728","271.7381370825855"
"287.5782279892918","272.741652021195"
"265.2186582837314","264.7135325131755"
"287.3264201285628","258.692442882375"
"287.6585708126717","250.6643233743555"
"238.38212665802428","248.65729349742202"
"286.2733253816675","248.65729349742202"
"289.8263187787356","253.6748681898985"
"241.3040565068767","256.68541300515597"
"295.1955413011992","262.706502636242"
"308.7248604801548","278.7627416519955"
"311.9961587267967","294.818980667749"
"321.4085600818127","299.8365553602255"
"269.41231385681135","290.80492091388203"
"327.4912731881037","288.7978910369485"
"287.65863080965744","287.794376098339"
"281.899665676288","293.815465729425"
"294.7122765355648","290.80492091388203"
"295.1208904645984","291.80843585249147"
"293.385676798768","292.8119507908155"
"311.33149171513605","294.818980667749"
"315.2702823727763","292.8119507908155"
"301.2322622385843","286.79086116001497"
"289.2859390554041","280.769771528929"
"294.33992956568","270.734622143976"
"268.8037237623729","267.7240773287185"
"264.94419089337964","262.706502636242"
"283.11747881502936","256.68541300515597"
"242.72101373140356","227.58347978919198"
"214.58369369439376","192.460456942142"
"207.89451461698982","171.3866432336265"
"244.34063216045297","167.3725834797595"
"241.21504639169385","170.3831282953025"
"197.89877338695504","185.4358523724465"
"282.0414790412078","228.58699472751601"
"251.1550690105476","237.61862917385952"
"256.9340444734038","251.667838312965"
"252.92801842243705","261.7029876976325"
"301.88242569723985","263.710017574566"
"287.64851020200985","263.710017574566"
"254.94373496880553","260.6994727593085"
"294.712275521932","259.695957820699"
"252.7955018810134","262.706502636242"
"253.59128343629706","266.72056239010897"
"281.40661826988037","271.7381370825855"
"294.7666930629018","273.745166959519"
"276.860092595734","269.731107205652"
"289.2859387631943","262.706502636242"
"250.65696773017876","257.6889279437655"
"258.36215347393374","251.667838312965"
"259.22689472073773","247.65377855881252"
"261.3835927507818","234.608084358602"
"262.6506087307582","226.5799648505825"
"214.4900914897771","183.428822495513"
"186.92794241844936","157.3374340948065"
"263.96331953847937","135.26010544825252"
"136.91605442984115","136.26362038657652"
"192.11453101600029","149.30931458707252"
"223.29850950604802","159.34446397174"
"223.3066964199512","170.3831282953025"
"212.06060261344544","207.513181019286"
"245.27491964134404","249.660808435746"
"296.64953532339126","252.67135325128902"
"287.4779921087927","255.681898066832"
"246.31547344240272","252.67135325128902"
"294.7122755211963","250.6643233743555"
"236.26769002234505","252.67135325128902"
"252.42987661876683","259.695957820699"
"280.9310807282366","267.7240773287185"
"296.3455738939779","271.7381370825855"
"277.4549056587631","267.7240773287185"
"289.28593874849827","262.706502636242"
"258.7083224577255","256.68541300515597"
"258.0178175219886","251.667838312965"
"257.082587248701","247.65377855881252"
"210.54562541331958","235.611599296926"
"223.74290033122023","245.646748681879"
"214.29171169641467","244.6432337432695"
"204.225958281973","245.646748681879"
"267.53783269580725","246.6502636204885"
"241.28153282488344","249.660808435746"
"245.52655308333277","257.6889279437655"
"291.6091395069684","269.731107205652"
"313.68075542943353","281.77328646753847"
"279.51483824874543","285.7873462214055"
"253.76035550192194","282.7768014058625"
"291.8552668344836","283.780316344472"
"287.64721060294085","283.780316344472"
"264.39678867653873","282.7768014058625"
"294.7122755219094","282.7768014058625"
"221.51863615812536","283.780316344472"
"263.66673090081235","288.7978910369485"
"316.39407085347244","292.8119507908155"
"320.5079289877162","292.8119507908155"
"304.95282470323167","285.7873462214055"
"289.2859388181676","276.75571177506197"
"283.8976496847335","268.7275922670425"
"268.8620872331595","261.7029876976325"
"265.599376852385","258.692442882375"
"259.3164580419993","248.65729349742202"
"270.5416076126635","245.646748681879"
"221.43182663840133","242.63620386633602"
"268.55983253650516","242.63620386633602"
"270.64085475622824","244.6432337432695"
"241.30291221153038","247.65377855881252"
"267.4557110941424","255.681898066832"
"300.4709721258119","272.741652021195"
"324.7888343912438","288.7978910369485"
"302.9720595451551","294.818980667749"
"260.1440933599237","287.794376098339"
"316.52840042901437","285.7873462214055"
"287.6586195053795","285.7873462214055"
"285.07961277797244","285.7873462214055"
"294.71227657382775","285.7873462214055"
"296.32218693131085","289.8014059752725"
"345.83271042905824","305.85764499131153"
"334.4707737207962","304.854130052702"
"363.16025041537023","299.8365553602255"
"331.9509544461959","289.8014059752725"
"289.2859647955246","282.7768014058625"
"300.15487425548906","272.741652021195"
"303.2339566158662","267.7240773287185"
"267.2018641686499","261.7029876976325"
"287.03612892508346","249.660808435746"
"287.65806482109883","248.65729349742202"
"214.61807555653186","245.646748681879"
"284.24233458881014","245.646748681879"
"277.43113057806636","246.6502636204885"
"241.30291418225426","248.65729349742202"
"270.99748556860345","256.68541300515597"
"302.1578274511857","270.734622143976"
"250.38143974118083","289.8014059752725"
"309.7274429939153","297.829525483292"
"263.7304945442871","288.7978910369485"
"318.91690564403376","286.79086116001497"
"287.6586234321033","288.7978910369485"
"280.60391918708115","288.7978910369485"
"294.71227644232386","286.79086116001497"
"300.3388692429228","289.8014059752725"
"359.2824060918474","299.8365553602255"
"327.3892110717145","304.854130052702"
"362.1994796629799","299.8365553602255"
"334.90480700757297","288.7978910369485"
"289.286020184654","282.7768014058625"
"300.18778806811036","273.745166959519"
"307.05886551989653","266.72056239010897"
"270.17879823632086","258.692442882375"
"287.51218038013724","251.667838312965"
"287.6585553055092","250.6643233743555"
"279.78027767222306","246.6502636204885"
"287.3145550709898","246.6502636204885"
"289.0381019999068","246.6502636204885"
"241.30291410500817","248.65729349742202"
"268.44086921656407","257.6889279437655"
"299.88072058627426","274.7486818981285"
"246.02601060423692","285.7873462214055"
"297.13875023664593","288.7978910369485"
"262.7128549020058","282.7768014058625"
"309.2977716069619","280.769771528929"
"287.6585032021625","279.766256590605"
"298.4856261400251","280.769771528929"
"294.712275581843","281.77328646753847"
"294.44938667911174","280.769771528929"
"332.5784842301988","281.77328646753847"
"316.22498432938124","283.780316344472"
"319.84104621286866","281.77328646753847"
"311.6793469240089","276.75571177506197"
"289.2859393550617","270.734622143976"
"297.584232244775","260.6994727593085"
"280.03270445921197","253.6748681898985"
"260.4292398954159","247.65377855881252"
"269.6746317132364","238.62214411246902"
"287.65511647082036","238.62214411246902"
"230.9159730746548","234.608084358602"
"272.82994611856725","230.5940246044495"
"270.4266033390568","232.60105448166848"
"241.30327071187585","233.60456941999252"
"250.00841650772895","237.61862917385952"
"298.4209657542432","243.6397188049455"
"303.3370360983581","250.6643233743555"
"263.9314815064269","253.6748681898985"
"253.30693587317919","250.6643233743555"
"296.07980953889546","248.65729349742202"
"287.3465879154633","247.65377855881252"
"244.9360732815399","246.6502636204885"
"294.7122755211247","244.6432337432695"
"235.80423136272015","244.6432337432695"
"253.74942373959158","245.646748681879"
"290.03970326523927","248.65729349742202"
"285.2241720936692","249.660808435746"
"264.18866104188163","246.6502636204885"
"289.28593866251396","239.6256590510785"
"227.22594199351158","234.608084358602"
"253.78186814799213","234.608084358602"
"256.3339442978517","229.5905096661255"
"234.31212415250866","218.55184534284848"
"287.4987287906638","180.4182776802555"
"214.28853566300504","141.28119507905302"
"186.45399367772808","126.22847100162349"
"172.80980638113948","95.119507908726"
"131.8314457270133","95.119507908726"
"213.52607221838684","90.1019332162495"
"161.20793332590344","104.15114235506948"
"215.7079531885505","166.3690685414355"
"221.13602330359674","205.5061511423525"
"230.62571029258817","230.5940246044495"
"260.8513586060562","236.6151142355355"
"263.3610790076661","237.61862917385952"
"227.54303658906693","236.6151142355355"
"294.71225379444263","234.608084358602"
"235.60896513363247","234.608084358602"
"253.11016481893842","234.608084358602"
"287.441500023678","244.6432337432695"
"287.4143069656686","244.6432337432695"
"259.4887797495809","237.61862917385952"
"289.2858332687913","230.5940246044495"
"214.36047572075938","227.58347978919198"
"211.08362243626974","223.5694200350395"
"249.0749973970182","221.56239015810598"
"187.0724051300482","205.5061511423525"
"124.97750850794745","145.29525483292"
"214.2830539287955","97.12653778565948"
"115.43795844122661","93.11247803150701"
"91.32687739601985","101.14059753952651"
"179.78921687573944","125.22495606329949"
"169.43984929197006","169.37961335669303"
"186.32354697553893","194.4674868190755"
"210.70162737630025","184.4323374341225"
"235.59737738989855","165.365553602826"
"216.85127326193","145.29525483292"
"180.83844463111947","154.326889279549"
"213.48281124636574","172.390158172236"
"215.09976260512474","216.5448154656295"
"234.20364042609197","212.5307557117625"
"179.1327802206341","192.460456942142"
"214.2830542249619","166.3690685414355"
"209.3141030169224","159.34446397174"
"182.13688403771124","125.22495606329949"
"216.9616596467538","88.09490333931598"
"95.31942024769708","92.10896309318298"
"180.10906644981097","144.291739894596"
"220.8789400584139","162.35500878728303"
"186.39653926286448","173.3936731108455"
"211.0840523755516","168.376098418369"
"235.59738198600218","170.3831282953025"
"201.38194578579004","178.4112478030365"
"182.25660389629334","204.502636203743"
"229.50657718341867","219.5553602811725"
"211.82108638985596","216.5448154656295"
"237.7677752664126","204.502636203743"
"190.23988036575662","177.4077328647125"
"214.28305395037984","159.34446397174"
"163.88980010826782","151.316344464006"
"177.96870720759387","129.23901581716652"
"124.74606119230162","94.11599297011651"
"124.74606119461569","126.22847100162349"
"214.2830539286529","94.11599297011651"
"186.3234312233972","82.07381370822998"
"128.83909255793728","86.08787346209704"
"117.38196537301823","115.18980667834651"
"174.99926122999847","151.316344464006"
"126.04923284784994","193.463971880466"
"219.64900683039997","211.527240773153"
"214.9170378945169","220.558875219782"
"231.57819352659868","229.5905096661255"
"272.075063880525","232.60105448166848"
"234.8811585785412","233.60456941999252"
"231.72328657833137","234.608084358602"
"294.71185625001146","236.6151142355355"
"235.59865075765845","239.6256590510785"
"251.03891754975075","248.65729349742202"
"280.95121286468697","253.6748681898985"
"296.1518738664232","252.67135325128902"
"287.31019015337637","249.660808435746"
"289.28593859785656","244.6432337432695"
"214.82173812401615","238.62214411246902"
"275.64014338866116","236.6151142355355"
"247.72595880658127","229.5905096661255"
"187.37868282891873","209.5202108962195"
"248.7924524927307","221.56239015810598"
"214.28341393290884","212.5307557117625"
"186.38521999308537","205.5061511423525"
"268.8658570593463","204.502636203743"
"232.6712508575062","214.537785588696"
"241.62258215862352","222.56590509671548"
"271.0811963514015","231.59753954305899"
"260.1489739097743","237.61862917385952"
"240.80650521287475","243.6397188049455"
"243.3574861544472","244.6432337432695"
"263.83463746605287","244.6432337432695"
"240.91230600462987","243.6397188049455"
"221.82784404661487","238.62214411246902"
"294.6892037069152","235.611599296926"
"235.5975922513649","237.61862917385952"
"231.76648263939109","241.632688928012"
"246.29183676957905","243.6397188049455"
"244.75467597529223","242.63620386633602"
"240.65437497102516","238.62214411246902"
"288.4684148673214","231.59753954305899"
"214.28483837433552","220.558875219782"
"217.73909341459796","209.5202108962195"
"230.49275762486417","185.4358523724465"
"124.74608567432924","161.351493848959"
"124.74612258917907","160.3479789103495"
"214.28305393006477","116.19332161695601"
"186.3234312391779","97.12653778565948"
"130.25239920881927","90.1019332162495"
"159.85491367191577","92.10896309318298"
"132.75738902283055","134.25659050964302"
"125.36310988926161","167.3725834797595"
"215.27669802625422","207.513181019286"
"215.0887911540296","220.558875219782"
"181.52888075940422","225.5764499122585"
"226.99830124930438","227.58347978919198"
"198.74822139899118","227.58347978919198"
"210.09041972657528","225.5764499122585"
"264.37845180434203","223.5694200350395"
"235.59499007255127","224.572934973649"
"230.11243969313202","231.59753954305899"
"248.670450643693","235.611599296926"
"251.85975008341694","237.61862917385952"
"251.92066985684602","235.611599296926"
"289.2858479361154","230.5940246044495"
"215.25239580918213","226.5799648505825"
"251.77587066309457","222.56590509671548"
"256.4867025474894","211.527240773153"
"189.60027237817363","184.4323374341225"
"209.37860392064195","154.326889279549"
"214.28305416026294","148.30579964846302"
"186.32349269306098","146.2987697715295"
"243.7240745818202","147.302284710139"
"160.13735202171628","148.30579964846302"
"222.59880555878317","188.4463971879895"
"228.93880529822957","228.58699472751601"
"260.18274323765877","237.61862917385952"
"243.88073501513747","242.63620386633602"
"244.71092822387197","244.6432337432695"
"277.1657660199159","248.65729349742202"
"280.85688447278926","247.65377855881252"
"209.95906064932683","246.6502636204885"
"294.7122621243397","244.6432337432695"
"235.63008337099868","245.646748681879"
"253.18124295092983","254.6783831282225"
"282.44261376271004","260.6994727593085"
"301.1078081128985","264.7135325131755"
"292.147508016746","260.6994727593085"
"289.285938438406","254.6783831282225"
"251.45262026541874","246.6502636204885"
"274.659002120369","243.6397188049455"
"262.729436567338","241.632688928012"
"259.09320961419843","234.608084358602"
"287.52308088900037","246.6502636204885"
"216.82703771070896","228.58699472751601"
"210.8623863872281","209.5202108962195"
"288.11015442949883","201.4920913884855"
"241.29930062498488","204.502636203743"
"262.5712450586991","212.5307557117625"
"300.30003677010257","212.5307557117625"
"254.0303632263333","229.5905096661255"
"265.782540681902","245.646748681879"
"250.32338385279488","249.660808435746"
"287.2737439920502","254.6783831282225"
"287.64427501200225","255.681898066832"
"262.36642489793974","256.68541300515597"
"294.707347814484","256.68541300515597"
"254.04523031973673","258.692442882375"
"255.16047012270107","278.7627416519955"
"288.14707673293185","332.9525483303991"
"296.6725801931027","333.9560632688944"
"273.33471832088884","283.780316344472"
"179.0980932562532","256.68541300515597"
"254.82570884096282","247.65377855881252"
"238.43091579821083","244.6432337432695"
"250.35426955360538","240.6291739894025"
"231.53924182651465","186.439367311056"
"214.28548045838758","175.40070298777897"
"186.9926524436089","215.54130052730548"
"266.9974634321325","211.527240773153"
"241.28379010987499","205.5061511423525"
"237.41296974378798","205.5061511423525"
"233.96587008870534","192.460456942142"
"222.34243839041594","192.460456942142"
"192.35896742746596","180.4182776802555"
"229.9057229257719","180.4182776802555"
"247.60310393596984","198.4815465729425"
"210.78131980692552","215.54130052730548"
"227.37304193013318","217.548330404239"
"264.4930775587071","215.54130052730548"
"235.63250097732077","216.5448154656295"
"222.5244563697437","222.56590509671548"
"230.6008464176478","230.5940246044495"
"249.07166093757021","244.6432337432695"
"250.21045237283153","250.6643233743555"
"245.6916267742949","245.646748681879"
"239.2266000758387","229.5905096661255"
"239.0475392405002","217.548330404239"
"252.86946424255694","208.51669595789548"
"233.5573818014952","182.42530755718897"
"218.78223686181323","218.55184534284848"
"214.38678720188767","212.5307557117625"
"233.42973110751677","205.5061511423525"
"267.23622712053873","206.509666080962"
"241.30251783666367","214.537785588696"
"245.60599932368314","211.527240773153"
"293.37125658238017","207.513181019286"
"256.17826668733784","284.7838312830815"
"263.00675620774894","285.7873462214055"
"250.30541392872584","281.77328646753847"
"288.26880330454543","288.7978910369485"
"287.6580297422495","300.84007029883503"
"274.31668778811894","260.6994727593085"
"293.5390366813418","263.710017574566"
"245.80581820580682","268.7275922670425"
"257.9629033557802","278.7627416519955"
"287.10985740426185","279.766256590605"
"285.4648788526139","281.77328646753847"
"277.8341187969731","265.717047451785"
"289.2450603815855","259.695957820699"
"262.250056447834","252.67135325128902"
"252.04908541425462","247.65377855881252"
"256.14056474599784","237.61862917385952"
"218.5626817622863","218.55184534284848"
"245.29145676972024","215.54130052730548"
"215.23724171879658","189.44991212659897"
"212.47474079424396","161.351493848959"
"174.26807914231586","146.2987697715295"
"241.10970742433315","141.28119507905302"
"190.62067474168063","180.4182776802555"
"250.51080584412438","246.6502636204885"
"274.9086710966918","274.7486818981285"
"264.84312275485985","249.660808435746"
"247.8493246117486","248.65729349742202"
"274.9563548046384","248.65729349742202"
"285.36974591271286","247.65377855881252"
"225.14579528537445","247.65377855881252"
"293.519210480507","248.65729349742202"
"214.6619471943035","248.65729349742202"
"249.16547587697073","250.6643233743555"
"271.5352089282875","251.667838312965"
"261.0589444588272","250.6643233743555"
"245.93513796163506","249.660808435746"
"274.108522291606","245.646748681879"
"214.2847886062119","250.6643233743555"
"215.53332159461954","214.537785588696"
"213.07594590684832","214.537785588696"
"124.74606165541394","118.20035149388949"
"114.86607643222052","73.04217926188653"
"89.68400712300075","81.070298769906"
"129.69615851811056","153.3233743409395"
"217.0037118987051","294.818980667749"
"253.70494040772294","244.6432337432695"
"245.12234030034745","243.6397188049455"
"270.7958797484509","246.6502636204885"
"284.9447632774322","246.6502636204885"
"210.6856054746852","245.646748681879"
"294.6988869791551","245.646748681879"
"254.82033931056426","247.65377855881252"
"254.30742108238084","248.65729349742202"
"286.0055192689415","251.667838312965"
"269.5117939379597","251.667838312965"
"254.4931706357113","250.6643233743555"
"288.8837385965147","246.6502636204885"
"214.59509981475787","241.632688928012"
"243.90028117881718","233.60456941999252"
"252.407485659716","226.5799648505825"
"212.31213746238794","201.4920913884855"
"129.57484242726488","125.22495606329949"
"217.5979561258181","264.7135325131755"
"266.79438520247436","260.6994727593085"
"252.61037227342786","261.7029876976325"
"301.8871024098446","264.7135325131755"
"262.41986597064664","264.7135325131755"
"248.26848632074265","260.6994727593085"
"235.59737992975397","258.692442882375"
"217.29952608682342","261.7029876976325"
"245.389831447761","268.7275922670425"
"271.04094534195053","278.7627416519955"
"275.31535121730803","284.7838312830815"
"271.2827752303085","259.695957820699"
"289.04892082044745","251.667838312965"
"232.4432606576217","245.646748681879"
"256.59438078954986","231.59753954305899"
"258.2488588801601","219.5553602811725"
"192.7468458060321","140.277680140729"
"118.6011399588377","213.534270650372"
"214.66069073311309","155.33040421787302"
"186.45826418041364","118.20035149388949"
"177.12095870097306","121.21089630943251"
"154.89704921483064","153.3233743409395"
"211.05278000594748","159.34446397174"
"229.08127898110848","173.3936731108455"
"259.9604779135107","270.734622143976"
"288.8359554445415","289.8014059752725"
"261.0838211814891","287.794376098339"
"307.63121333236745","290.80492091388203"
"287.6586323803565","331.9490333919038"
"293.3828981581245","300.84007029883503"
"294.7121680540255","274.7486818981285"
"295.333660741692","259.695957820699"
"283.4932132110318","263.710017574566"
"290.34384642883845","327.93497363795115"
"323.0893149088652","390.1528998242315"
"339.7421590537479","364.06151142355355"
"289.28859433558586","331.9490333919038"
"300.17475959136436","254.6783831282225"
"255.371018140687","248.65729349742202"
"257.37190579972156","240.6291739894025"
"190.93951932348438","232.60105448166848"
"249.66748090538084","244.6432337432695"
"214.33743348080813","227.58347978919198"
"188.38676482829382","209.5202108962195"
"268.1751922820747","148.30579964846302"
"131.56614517419666","132.2495606327095"
"224.3281156366176","111.17574692447948"
"213.09475454542357","204.502636203743"
"228.6530425492878","198.4815465729425"
"241.822752244766","259.695957820699"
"251.94684553776204","247.65377855881252"
"288.31927440158745","249.660808435746"
"287.6531976566255","248.65729349742202"
"247.70957757259077","246.6502636204885"
"294.6776175587556","242.63620386633602"
"236.03831309859143","245.646748681879"
"253.7642133490435","246.6502636204885"
"288.77643419335084","253.6748681898985"
"279.93058771709536","273.745166959519"
"274.75743547516095","264.7135325131755"
"289.2859378949598","254.6783831282225"
"249.8596927144115","252.67135325128902"
"257.8994722414255","234.608084358602"
"257.10781922165387","233.60456941999252"
"234.0060538732451","216.5448154656295"
"238.48892773503258","201.4920913884855"
"241.29705209839565","73.04217926188653"
"217.0409718720607","193.463971880466"
"217.4767652920546","209.5202108962195"
"220.2933700158116","212.5307557117625"
"241.54687238555624","219.5553602811725"
"244.42899806923919","197.478031634333"
"262.54687883637746","250.6643233743555"
"287.586011214469","282.7768014058625"
"265.5173863988009","260.6994727593085"
"294.71073043214784","259.695957820699"
"247.92284984335282","246.6502636204885"
"255.14038582068366","246.6502636204885"
"289.7582583178114","277.7592267136715"
"300.9991212194229","341.9841827767997"
"318.3769630095438","404.2021089630515"
"366.8304575612068","409.219683655528"
"300.1999781514987","345.9982425307552"
"307.2164580043781","296.8260105446825"
"267.9480265362223","279.766256590605"
"287.6560801105288","252.67135325128902"
"287.6585880323261","259.695957820699"
"293.1189138430545","247.65377855881252"
"287.24240459465466","242.63620386633602"
"289.62416912424527","240.6291739894025"
"241.29984416874603","241.632688928012"
"282.3097043573568","268.7275922670425"
"305.8041408710406","319.9068541300459"
"361.79524149546785","439.32513181010154"
"416.5423098297762","479.46572934962796"
"402.71112085868066","436.31458699484403"
"392.74061918050836","419.254833040481"
"287.6586340954627","416.24428822493803"
"413.96157607227974","414.2372583480045"
"372.7646334668854","407.2126537785945"
"329.87634193037604","389.149384885622"
"377.0453152663087","377.107205624021"
"364.3501280506522","385.135325131755"
"361.9629220213017","424.2724077329575"
"350.8275301945596","455.3813708261405"
"430.1767424784465","390.1528998242315"
"300.1999754050329","299.8365553602255"
"298.4175953704818","268.7275922670425"
"264.0493698981883","249.660808435746"
"263.63295793307014","241.632688928012"
"230.79045833906298","235.611599296926"
"226.88509425860966","230.5940246044495"
"261.39996990362914","227.58347978919198"
"288.6105980022338","208.51669595789548"
"241.30829273973606","226.5799648505825"
"281.9932217092107","250.6643233743555"
"306.8007440776821","295.82249560635853"
"360.4496683617687","357.0369068541435"
"329.9113356027029","394.1669595780985"
"400.7417827537978","381.121265377888"
"436.45685319084805","379.1142355009545"
"287.65863409546364","394.1669595780985"
"351.3631473047521","388.145869947298"
"347.71645449724684","394.1669595780985"
"329.87582855300167","387.14235500868847"
"399.69766099939324","386.1388400703645"
"431.5371791933242","409.219683655528"
"387.75010134009597","455.3813708261405"
"430.5544610283802","454.377855887531"
"435.262997523199","303.850615114378"
"300.19338721801466","266.72056239010897"
"272.98089401763144","258.692442882375"
"261.524974973853","245.646748681879"
"250.65638713485296","237.61862917385952"
"238.99199221600833","228.58699472751601"
"214.7622744139236","227.58347978919198"
"209.0949330037974","225.5764499122585"
"270.73885528623134","218.55184534284848"
"241.30157582832874","223.5694200350395"
"253.81906320298862","242.63620386633602"
"303.5016179449308","253.6748681898985"
"260.954314347449","278.7627416519955"
"285.3167779343578","309.8717047451785"
"305.30839409444377","294.818980667749"
"304.86206771063985","282.7768014058625"
"287.65863392114795","291.80843585249147"
"262.837267834713","296.8260105446825"
"235.90938638260639","299.8365553602255"
"329.8721985108969","299.8365553602255"
"312.2710338677752","315.892794375979"
"331.84124688231185","339.9771528998377"
"323.720745626929","351.0158172232003"
"324.9181341993235","306.8611599296355"
"289.28602924420596","280.769771528929"
"297.42466672157616","262.706502636242"
"270.26045711459903","253.6748681898985"
"263.4669334153912","243.6397188049455"
"210.37555355873852","233.60456941999252"
"226.11402422173393","232.60105448166848"
"214.33210244263003","227.58347978919198"
"211.9037704839384","219.5553602811725"
"266.03138565300287","214.537785588696"
"241.03384764713743","216.5448154656295"
"212.82588516135985","237.61862917385952"
"248.15768895116724","249.660808435746"
"224.97864754554308","256.68541300515597"
"237.672332449081","262.706502636242"
"230.89664895806519","256.68541300515597"
"267.3103392883987","256.68541300515597"
"284.62270452194656","255.681898066832"
"230.1723719202512","255.681898066832"
"294.71227424135003","256.68541300515597"
"232.44738765756927","256.68541300515597"
"254.59852622632638","255.681898066832"
"290.06311091521945","257.6889279437655"
"284.97781233665205","265.717047451785"
"266.033917373207","262.706502636242"
"289.28593873771604","256.68541300515597"
"233.74533763102534","253.6748681898985"
"258.3039650450839","250.6643233743555"
"255.85134837481775","245.646748681879"
"233.74541005310974","232.60105448166848"
"226.02592891368306","181.4217926185795"
"214.28310878127036","137.267135325186"
"186.32730452713366","121.21089630943251"
"228.21047888518422","121.21089630943251"
"160.7514596744156","136.26362038657652"
"210.61054212193127","191.4569420035325"
"162.26859636006273","249.660808435746"
"249.21339593881828","278.7627416519955"
"260.6296311088711","282.7768014058625"
"253.29549855380827","265.717047451785"
"280.95125574371207","255.681898066832"
"287.2373685479948","252.67135325128902"
"257.411086489751","251.667838312965"
"294.7122755211404","250.6643233743555"
"235.6354159230272","249.660808435746"
"252.42588919336873","249.660808435746"
"286.40372772377435","251.667838312965"
"279.62032179043547","263.710017574566"
"265.6903981523712","259.695957820699"
"289.28593874638955","250.6643233743555"
"214.85367145367985","245.646748681879"
"271.1479911134054","244.6432337432695"
"265.94937991814686","237.61862917385952"
"208.88100162303374","222.56590509671548"
"224.00876297786863","223.5694200350395"
"214.28541854410346","212.5307557117625"
"186.9022660506634","207.513181019286"
"269.32345999650113","215.54130052730548"
"241.24935945568618","218.55184534284848"
"249.4436655993947","228.58699472751601"
"297.2629912108988","231.59753954305899"
"251.29142162674827","238.62214411246902"
"250.14604964405896","243.6397188049455"
"252.3368168052555","247.65377855881252"
"281.98200022132744","257.6889279437655"
"287.6459425420889","262.706502636242"
"270.2938379079636","262.706502636242"
"294.71227552303355","251.667838312965"
"240.42238379750393","251.667838312965"
"257.0150412985284","261.7029876976325"
"293.53528730851593","286.79086116001497"
"312.0796466044345","307.864674868245"
"311.5797799480224","291.80843585249147"
"289.28594025921495","268.7275922670425"
"296.6134907285292","258.692442882375"
"285.41073163973664","254.6783831282225"
"264.30070393533595","253.6748681898985"
"284.3783876038956","250.6643233743555"
"287.6581447099303","253.6748681898985"
"253.31058207356705","250.6643233743555"
"286.67801036454983","249.660808435746"
"290.14908878060453","248.65729349742202"
"241.30291392996082","242.63620386633602"
"265.47869792154285","248.65729349742202"
"301.00748630496685","245.646748681879"
"239.97815580859842","251.667838312965"
"265.4218587538818","253.6748681898985"
"254.10117365879844","259.695957820699"
"292.2680467379041","268.7275922670425"
"287.6546151005068","271.7381370825855"
"274.63104766849403","271.7381370825855"
"294.71227552599794","267.7240773287185"
"215.58453568638475","272.741652021195"
"352.6255461976116","284.7838312830815"
"302.35991571241976","293.815465729425"
"318.16410563137583","347.0017574692448"
"341.11378996377863","342.987697715295"
"289.2860354073915","299.8365553602255"
"299.435177547459","291.80843585249147"
"296.09498405145905","292.8119507908155"
"267.95712190110186","265.717047451785"
"286.9229542098376","255.681898066832"
"287.658283806706","252.67135325128902"
"245.8900280461457","249.660808435746"
"286.063797025528","247.65377855881252"
"289.01430220168146","249.660808435746"
"241.30564062419006","248.65729349742202"
"274.4037715547605","267.7240773287185"
"305.5895848995848","313.8857644990455"
"362.67252985885983","431.2970123023675"
"437.67281200708334","452.3708260105975"
"402.73921692696337","356.0333919156482"
"335.2287630802671","337.9701230228471"
"287.65861099775714","360.0474516696009"
"318.9971489634624","395.170474516708"
"294.7128225823361","386.1388400703645"
"404.4631389257061","365.06502636204885"
"400.9142430508079","371.0861159929635"
"363.3100877063101","390.1528998242315"
"438.29644226769614","447.353251318121"
"435.8926591455724","353.0228471001623"
"289.28598834190683","318.9033391915506"
"299.661697622097","296.8260105446825"
"284.84584842401904","279.766256590605"
"262.2313333175342","260.6994727593085"
"264.7784646860412","254.6783831282225"
"287.6533437760139","254.6783831282225"
"250.12394669056278","250.6643233743555"
"284.4865905904653","248.65729349742202"
"289.1398256487788","250.6643233743555"
"241.30309643690964","255.681898066832"
"283.35196535824525","297.829525483292"
"313.22912444328296","345.9982425307552"
"400.6331194011708","426.27943760989103"
"419.75690512145616","440.328646748711"
"403.57958639643687","394.1669595780985"
"370.5894879894977","366.0685413005156"
"287.6586340952898","371.0861159929635"
"382.1607581462397","388.145869947298"
"296.2206810753113","381.121265377888"
"404.46362664994365","371.0861159929635"
"402.759606505251","373.0931458699541"
"401.25223894521713","398.181019332251"
"434.52260717409763","457.388400703074"
"439.06375171354176","434.307557117625"
"361.765631768296","341.9841827767997"
"300.19989074573596","329.94200351494175"
"317.33207019722835","283.780316344472"
"269.7343624188063","268.7275922670425"
"287.5719808442107","254.6783831282225"
"287.6583764721236","252.67135325128902"
"257.7263794051271","249.660808435746"
"286.0900192612227","246.6502636204885"
"288.50157545863283","247.65377855881252"
"241.3029418649259","252.67135325128902"
"280.7299044874861","295.82249560635853"
"306.0814753519981","325.9279437609891"
"359.60889954529756","384.131810193431"
"330.23200566856883","388.145869947298"
"362.55005104946684","326.9314586994844"
"316.0781404669327","321.9138840070365"
"287.65863404335505","321.9138840070365"
"290.3272580794427","320.9103690685412"
"294.7126221751863","304.854130052702"
"328.2003819752991","307.864674868245"
"329.4081505040018","304.854130052702"
"313.25510768726804","316.8963093145885"
"324.9136165700425","324.9244288224938"
"309.58352272972456","297.829525483292"
"289.2859450425789","276.75571177506197"
"299.6873431855398","262.706502636242"
"263.58837345307984","259.695957820699"
"263.96730255452894","253.6748681898985"
"276.6778128252996","244.6432337432695"
"287.5375548825741","235.611599296926"
"219.13800525828586","229.5905096661255"
"250.7106324890218","230.5940246044495"
"252.77556661961137","232.60105448166848"
"241.30290897022647","240.6291739894025"
"266.8419276833408","250.6643233743555"
"303.33190108872094","277.7592267136715"
"244.93037750857496","299.8365553602255"
"300.0981010138562","314.889279437655"
"267.52448068176403","297.829525483292"
"308.50283444684453","287.794376098339"
"287.65858274455593","299.8365553602255"
"286.41762827931996","305.85764499131153"
"294.7122757661335","299.8365553602255"
"276.99901864678463","289.8014059752725"
"266.6012179021075","291.80843585249147"
"295.1066614380049","313.8857644990455"
"316.93420596784983","330.94551845343705"
"303.24123265620864","303.850615114378"
"289.28593877034996","278.7627416519955"
"239.38035040318908","271.7381370825855"
"277.59397135781626","266.72056239010897"
"255.90646251971413","255.681898066832"
"271.173495446439","250.6643233743555"
"287.603074716872","235.611599296926"
"235.0558949305032","234.608084358602"
"286.65318635329436","224.572934973649"
"239.16105552276798","223.5694200350395"
"241.30291325046517","232.60105448166848"
"260.1810390882034","232.60105448166848"
"299.0804959021582","291.80843585249147"
"341.0040223891217","340.9806678383044"
"323.06267313949155","371.0861159929635"
"347.62483964978856","340.9806678383044"
"328.99048879219566","329.94200351494175"
"287.6586340478809","335.9630931458565"
"299.31943662256595","333.9560632688944"
"294.71230827274763","313.8857644990455"
"295.15866291935646","304.854130052702"
"346.040028101568","318.9033391915506"
"320.9665114625863","334.9595782073897"
"327.9710257706384","373.0931458699541"
"340.7406963120156","333.9560632688944"
"289.28609851363075","291.80843585249147"
"299.5318301812235","270.734622143976"
"278.68339667608257","270.734622143976"
"264.9290435397798","261.7029876976325"
"287.5214947108496","255.681898066832"
"287.6585657648831","254.6783831282225"
"277.3404218512874","251.667838312965"
"287.2252304875553","249.660808435746"
"289.7146335453756","248.65729349742202"
"241.30291506683892","245.646748681879"
"261.04555118058147","245.646748681879"
"299.0946126083115","245.646748681879"
"249.8348534484252","251.667838312965"
"253.3508513510383","252.67135325128902"
"249.95874155830808","255.681898066832"
"299.0417178561746","256.68541300515597"
"287.64097482287485","256.68541300515597"
"256.10790986780165","254.6783831282225"
"294.71227536799336","250.6643233743555"
"238.52661017857542","247.65377855881252"
"253.26783933638603","246.6502636204885"
"292.2358700425661","255.681898066832"
"283.0825297648416","272.741652021195"
"273.5356862023009","267.7240773287185"
"289.2859387167922","255.681898066832"
"232.82814193984575","251.667838312965"
"262.7298139853018","245.646748681879"
"263.7195685438302","242.63620386633602"
"226.94830838460524","227.58347978919198"
"287.6106930242137","220.558875219782"
"215.33383745748404","206.509666080962"
"219.3983222521291","197.478031634333"
"267.648350176981","195.47100175739948"
"241.30187708260127","195.47100175739948"
"243.04759031747307","203.49912126541898"
"290.70073202608785","212.5307557117625"
"231.9283712550819","215.54130052730548"
"213.1187718235402","221.56239015810598"
"231.79239820698857","229.5905096661255"
"265.38134351535916","234.608084358602"
"264.158511195021","236.6151142355355"
"232.87111443124047","236.6151142355355"
"294.7122754468048","234.608084358602"
"235.59965660557225","235.611599296926"
"253.00913153487568","240.6291739894025"
"274.861415568684","222.56590509671548"
"272.15148294771427","296.8260105446825"
"294.42183413485276","290.80492091388203"
"289.2859387479599","275.7521968364525"
"250.97999177821464","263.710017574566"
"278.6208220675793","255.681898066832"
"261.61055207011975","252.67135325128902"
"269.2201454162398","246.6502636204885"
"287.6555985189541","237.61862917385952"
"220.39289735037275","232.60105448166848"
"228.52217512881683","229.5905096661255"
"287.2192273391276","225.5764499122585"
"241.30265359262285","234.608084358602"
"276.51355571648514","234.608084358602"
"302.44509928904847","305.85764499131153"
"349.329505439041","387.14235500868847"
"389.6732730674019","409.219683655528"
"378.6339967154593","379.1142355009545"
"364.6525974065316","377.107205624021"
"287.65863364437587","383.1282952548215"
"324.98051685077087","372.0896309314588"
"294.712283045782","356.0333919156482"
"378.79389099124893","348.0052724077315"
"340.5216115249667","334.9595782073897"
"334.32608826106156","353.0228471001623"
"436.78010117972326","409.219683655528"
"398.779351199563","448.3567662567305"
"359.5789456488956","386.1388400703645"
"300.20190218003256","321.9138840070365"
"301.3219261446142","300.84007029883503"
"265.5907041436562","275.7521968364525"
"287.4565191907512","264.7135325131755"
"287.6585125827738","260.6994727593085"
"322.8757053592307","253.6748681898985"
"286.88664630902497","254.6783831282225"
"291.0050420676127","255.681898066832"
"242.85652774026053","260.6994727593085"
"302.22899368778235","277.7592267136715"
"312.0471124929614","311.878734622112"
"401.151704465347","409.219683655528"
"418.80664011438273","408.2161687169185"
"402.7804889297447","416.24428822493803"
"403.3497232829747","403.1985940247275"
"287.6586340954617","401.19156414750853"
"382.23356756374733","393.1634446397745"
"294.83932899839056","389.149384885622"
"404.46362109562534","381.121265377888"
"402.09331944881814","379.1142355009545"
"293.8256640299102","410.2231985941375"
"439.4178604024601","480.4692442882375"
"403.3012977667832","498.5325131809245"
"435.86002282636184","409.219683655528"
"316.8089256601973","314.889279437655"
"314.8943664417749","313.8857644990455"
"287.54848904914223","277.7592267136715"
"287.6506535632875","268.7275922670425"
"287.65863127102165","269.731107205652"
"299.67588303949924","264.7135325131755"
"287.65071380426144","263.710017574566"
"292.7484021178419","264.7135325131755"
"287.11895171719476","274.7486818981285"
"311.75641839613075","286.79086116001497"
"332.2603401009389","320.9103690685412"
"401.7467867773407","431.2970123023675"
"418.90589983554133","431.2970123023675"
"402.9939706217163","409.219683655528"
"422.0053582497712","383.1282952548215"
"287.6586340954617","373.0931458699541"
"360.8825151089691","353.0228471001623"
"294.71478173106345","339.9771528998377"
"330.3446116579062","334.9595782073897"
"399.9639451339958","334.9595782073897"
"371.9674207460827","345.9982425307552"
"387.3131891164747","431.2970123023675"
"400.3449404460903","324.9244288224938"
"289.34965406095967","319.9068541300459"
"300.19743614884123","303.850615114378"
"294.19850615869615","278.7627416519955"
"264.1508255384048","268.7275922670425"
"286.2971345498863","257.6889279437655"
"235.6754716407809","261.7029876976325"
"261.4277436075712","259.695957820699"
"287.35160333982134","256.68541300515597"
"289.6837926728116","249.660808435746"
"241.30294554433289","251.667838312965"
"276.3026276720154","264.7135325131755"
"300.3790916222272","272.741652021195"
"274.81391850612283","274.7486818981285"
"290.72485893506064","325.9279437609891"
"266.09295117309875","327.93497363795115"
"313.350153275497","322.9173989455318"
"287.6586330840827","290.80492091388203"
"273.2797783923028","279.766256590605"
"294.71227552337785","278.7627416519955"
"219.07401292884504","276.75571177506197"
"254.91324914740773","273.745166959519"
"299.2101047792051","274.7486818981285"
"286.30010657345844","270.734622143976"
"265.81520691872123","276.75571177506197"
"289.2859378689549","270.734622143976"
"256.52069044746077","270.734622143976"
"269.8392102344933","264.7135325131755"
"262.98813356804465","258.692442882375"
"243.59393066737664","249.660808435746"
"245.57845589412193","246.6502636204885"
"222.54369037639486","244.6432337432695"
"243.80649201473906","243.6397188049455"
"253.56277118827595","245.646748681879"
"241.3028692359586","254.6783831282225"
"266.9306400539516","262.706502636242"
"303.3742842051434","276.75571177506197"
"320.9917068866654","386.1388400703645"
"325.273948901131","416.24428822493803"
"398.3898744606976","438.3216168717775"
"393.02212967132186","409.219683655528"
"287.6586340951995","409.219683655528"
"325.11642541190173","422.265377856024"
"294.8389943124276","377.107205624021"
"329.71788321189246","355.0298769771529"
"359.15186300720427","336.9666080843518"
"317.69666601026364","341.9841827767997"
"326.3076003596725","442.3356766256445"
"351.88172171220566","483.4797891037805"
"396.77905014885533","375.100175746802"
"300.19996978007663","285.7873462214055"
"280.31076755417376","279.766256590605"
"264.2377620417958","272.741652021195"
"285.5240883673004","268.7275922670425"
"287.6583493978883","267.7240773287185"
"276.05037229720267","262.706502636242"
"287.3381463179084","261.7029876976325"
"290.2190236770301","262.706502636242"
"241.4428120732896","263.710017574566"
"278.0391929249121","266.72056239010897"
"299.5033594471634","270.734622143976"
"262.15284196755744","274.7486818981285"
"277.5657281934556","275.7521968364525"
"254.55254514786498","282.7768014058625"
"298.6891926958797","290.80492091388203"
"287.6586339369759","289.8014059752725"
"281.9630379823096","284.7838312830815"
"294.7122833687018","283.780316344472"
"301.9250476069969","282.7768014058625"
"278.17919549431446","287.794376098339"
"291.3159006585756","319.9068541300459"
"316.27413991275057","396.1739894553175"
"331.0868653178086","449.36028119505454"
"380.17188390779654","314.889279437655"
"300.1864813256018","285.7873462214055"
"285.0263494171989","281.77328646753847"
"264.5079018396208","278.7627416519955"
"287.60172751335733","274.7486818981285"
"287.65862631388586","272.741652021195"
"298.59233066141826","268.7275922670425"
"287.62564881344554","265.717047451785"
"290.2229545682383","259.695957820699"
"241.30291451584355","248.65729349742202"
"271.1693906495358","247.65377855881252"
"303.13125201937044","250.6643233743555"
"260.634161600681","260.6994727593085"
"265.3463224143321","266.72056239010897"
"255.3568824419626","273.745166959519"
"287.455840408907","278.7627416519955"
"287.6584446486694","276.75571177506197"
"266.4448179071966","273.745166959519"
"294.71227549194214","271.7381370825855"
"247.8263066619887","271.7381370825855"
"254.39066950235357","272.741652021195"
"302.17582992415015","281.77328646753847"
"299.8060625045008","293.815465729425"
"299.7675303861372","288.7978910369485"
"289.2859444478881","283.780316344472"
"299.4494768653659","275.7521968364525"
"272.19145773018874","271.7381370825855"
"263.74901209097857","266.72056239010897"
"286.93118826238","260.6994727593085"
"287.60941585233434","259.695957820699"
"273.7435326905911","253.6748681898985"
"287.0656479905832","241.632688928012"
"288.2213664779627","237.61862917385952"
"241.3029059144127","243.6397188049455"
"274.79035854457015","238.62214411246902"
"300.28052113925634","291.80843585249147"
"329.29507915053813","371.0861159929635"
"362.94397575530496","421.2618629174145"
"401.372480782115","395.170474516708"
"365.67099643176766","363.05799648505825"
"287.6586340054728","336.9666080843518"
"301.5905511474966","334.9595782073897"
"294.71227880494547","333.9560632688944"
"311.00933507122426","327.93497363795115"
"351.5903622487542","322.9173989455318"
"324.03585357582534","333.9560632688944"
"373.9609216159915","410.2231985941375"
"355.0795505729027","352.0193321616956"
"289.28621564596256","334.9595782073897"
"300.193984134094","288.7978910369485"
"299.7082746085885","278.7627416519955"
"268.06306971976744","267.7240773287185"
"286.8099055981365","262.706502636242"
"235.80609269917744","270.734622143976"
"278.9895431664751","268.7275922670425"
"287.2622046563119","270.734622143976"
"291.8650325653647","272.741652021195"
"284.18593286624537","274.7486818981285"
"298.8988211062559","279.766256590605"
"309.4375200401762","326.9314586994844"
"389.4376371926046","409.219683655528"
"416.01057798622577","452.3708260105975"
"402.999620667834","453.3743409489215"
"434.12865421344884","394.1669595780985"
"287.65863409543357","335.9630931458565"
"311.27686311339704","332.9525483303991"
"294.7123894059921","332.9525483303991"
"343.9721007678913","326.9314586994844"
"361.8097439188553","326.9314586994844"
"331.161018730991","335.9630931458565"
"434.59226631561484","434.307557117625"
"435.5590657038899","527.634446397174"
"435.5286317566438","423.268892794348"
"300.19997542511027","371.0861159929635"
"328.41692054965074","326.9314586994844"
"286.38235504918777","296.8260105446825"
"287.65213118371526","282.7768014058625"
"287.65863181465465","291.80843585249147"
"300.11780915852904","287.794376098339"
"287.657973991017","285.7873462214055"
"292.92038918047535","287.794376098339"
"287.6585688261411","296.8260105446825"
"317.41606723423615","322.9173989455318"
"360.25122248945286","334.9595782073897"
"401.23738218440417","417.2478031635475"
"418.04583437965294","444.342706502578"
"403.1304730045308","455.3813708261405"
"434.48106755193726","463.4094903338745"
"287.65863409546364","441.332161687035"
"432.64774714263774","435.3110720562345"
"399.53564047596103","408.2161687169185"
"404.45277719335206","378.110720562345"
"400.9921533481532","366.0685413005156"
"370.37141044669113","364.06151142355355"
"437.4343310222265","424.2724077329575"
"400.54907333912064","587.8453427066065"
"435.90919077965384","423.268892794348"
"300.2000128863723","383.1282952548215"
"362.1872853094317","357.0369068541435"
"292.0697366340188","339.9771528998377"
"287.65863301637535","310.87521968378803"
"287.6586340909776","311.878734622112"
"300.19940498917185","299.8365553602255"
"287.6586154916795","295.82249560635853"
"293.220068128993","299.8365553602255"
"287.6585849366278","310.87521968378803"
"324.5135093919839","322.9173989455318"
"359.68733997116664","354.0263620386576"
"401.0609874644768","584.8347978910635"
"404.1767252347483","543.6906854129275"
"404.2031702812788","543.6906854129275"
"287.65863409546364","542.6871704746035"
"434.47106846640884","483.4797891037805"
"404.4636251962755","439.32513181010154"
"404.4636261904746","417.2478031635475"
"402.88920065735294","423.268892794348"
"438.1809608299801","409.219683655528"
"432.6751844830413","557.7398945517475"
"435.90919068105876","492.511423550124"
"419.66269407090476","418.2513181018715"
"293.4362362813022","368.0755711775062"
"287.658634095417","326.9314586994844"
"287.6586340954569","340.9806678383044"
"300.19997454462174","325.9279437609891"
"287.6586334448144","312.8822495607215"
"293.37664238961224","315.892794375979"
"287.6585405629945","318.9033391915506"
"316.12166129310367","318.9033391915506"
"351.03712533714315","386.1388400703645"
"365.4314507946388","594.8699472760165"
"287.65863409546364","630.9964850613906"
"435.36672261473603","503.550087873401"
"404.4636269202213","433.304042179301"
"404.46362692481244","404.2021089630515"
"403.2716955428949","402.19507908611797"
"403.680313412584","434.307557117625"
"433.39261293450664","559.746924428681"
"435.909190799458","431.2970123023675"
"418.3817974539025","377.107205624021"
"293.5629826108705","394.1669595780985"
"287.6586340954627","328.93848857644645"
"287.65863409546364","377.107205624021"
"300.19997543319005","341.9841827767997"
"287.6586340943953","330.94551845343705"
"294.40585679415017","335.9630931458565"
"287.65863409546364","339.9771528998377"
"386.71362711844347","327.93497363795115"
"361.20227733960087","316.8963093145885"
"362.2827899605113","328.93848857644645"
"328.0845366576988","347.0017574692448"
"399.99655251819416","394.1669595780985"
"383.3798949966887","413.233743409395"
"287.65863409546364","381.121265377888"
"431.3982992013475","358.0404217926103"
"404.4633725901689","335.9630931458565"
"329.9330999383226","328.93848857644645"
"349.6886749174155","333.9560632688944"
"377.6067995894705","378.110720562345"
"409.2838322126194","508.5676625658775"
"435.9091265772655","499.53602811953397"
"435.9071831582639","386.1388400703645"
"390.0682273305081","356.0333919156482"
"292.74081774237607","352.0193321616956"
"287.6586340953034","322.9173989455318"
"287.6586340954258","328.93848857644645"
"300.19997502647163","318.9033391915506"
"287.65863351587535","306.8611599296355"
"294.1502765582733","305.85764499131153"
"287.65863409545005","306.8611599296355"
"317.56715676212167","301.843585237159"
"312.1890008909502","300.84007029883503"
"331.6242795482549","301.843585237159"
"305.33730777817186","301.843585237159"
"249.90996461692907","320.9103690685412"
"325.65847471783474","317.899824253198"
"287.6586340939797","317.899824253198"
"304.1318022787505","305.85764499131153"
"294.7122811467057","291.80843585249147"
"302.6218065461384","290.80492091388203"
"327.5045059370355","308.868189806569"
"318.49552681373495","321.9138840070365"
"327.8793620395027","386.1388400703645"
"440.64347244426597","438.3216168717775"
"435.85834319668743","393.1634446397745"
"300.1999754330567","338.9736379613424"
"322.61758673748676","334.9595782073897"
"290.47259096852605","325.9279437609891"
"287.65863225120137","317.899824253198"
"287.65863409504607","305.85764499131153"
"300.19965569757966","303.850615114378"
"287.6586313366797","302.8471001757685"
"293.6208534288302","298.8330404219015"
"287.6586340680045","314.889279437655"
"324.88041808372714","317.899824253198"
"359.8901009763119","431.2970123023675"
"435.22995126814993","594.8699472760165"
"404.4636269192323","592.862917399083"
"404.4636269248134","549.7117750440135"
