"DataEntries: 8756, TestEntries: 6, Epochs: 200, UseTestData: true, LimitEntries: true, Firstlayer#: 16, SecondLayer: true, SecondLayer#: 23, Predict: true, Curvebehaviour: false, Stacksize: 6, useLastXDays: false, Max: 632.0, Min: 61.0, Curve behaviour: false, Historical: true, useAverage: false, priceStack24, Skewness: false, SkewStack: 12",", useNewMethod: false"
"Range: 6567 to 8756"
"Actual","Ideal"
"352.992131799595","338.9736379613424"
"319.18446787673116","335.9630931458565"
"313.97007269480457","313.8857644990455"
"307.5686374855013","309.8717047451785"
"303.7417247762241","310.87521968378803"
"288.72149822441816","302.8471001757685"
"290.5984298096171","291.80843585249147"
"292.17538418310795","290.80492091388203"
"282.9731364019954","283.780316344472"
"283.3595389981256","280.769771528929"
"282.73024642949696","277.7592267136715"
"283.0374943829827","277.7592267136715"
"287.80668497053705","275.7521968364525"
"292.67959885826275","282.7768014058625"
"289.08339933877903","286.79086116001497"
"290.12079181090473","293.815465729425"
"289.1321735140296","311.878734622112"
"310.9006058424735","316.8963093145885"
"315.77052784404634","316.8963093145885"
"308.86318699906536","320.9103690685412"
"313.4474328998439","311.878734622112"
"307.58762505427","314.889279437655"
"309.5613589627503","315.892794375979"
"341.74089809514527","343.99121265377886"
"374.195592467527","349.00878734622114"
"326.0217387002105","339.9771528998377"
"317.638553053367","322.9173989455318"
"309.363574770772","311.878734622112"
"308.18651675730194","312.8822495607215"
"302.1852280533912","307.864674868245"
"291.5626799455301","292.8119507908155"
"292.14080579853487","283.780316344472"
"277.1572638569444","275.7521968364525"
"273.1781993773178","262.706502636242"
"267.8886341539977","259.695957820699"
"268.6684122933606","276.75571177506197"
"289.85493192983944","290.80492091388203"
"313.33470838694143","364.06151142355355"
"427.96264659391966","432.3005272406915"
"372.6747367812418","383.1282952548215"
"362.5835036386818","357.0369068541435"
"348.62436369022856","357.0369068541435"
"360.0759638426649","371.0861159929635"
"399.903429300186","422.265377856024"
"379.0447922979501","389.149384885622"
"369.4728174602737","380.1177504392785"
"397.4598172625662","409.219683655528"
"479.3147354198675","496.525483303991"
"497.8059220591615","513.585237258354"
"416.34113577963484","362.05448154656295"
"338.95634244462263","316.8963093145885"
"303.7173373741626","307.864674868245"
"312.0277838718856","302.8471001757685"
"301.33443001373024","300.84007029883503"
"291.2537259608664","289.8014059752725"
"289.96053498114645","289.8014059752725"
"281.20275566001726","285.7873462214055"
"285.1838246063468","287.794376098339"
"289.27921449400696","283.780316344472"
"287.62357684322507","288.7978910369485"
"298.7566493338577","305.85764499131153"
"322.9308986723817","338.9736379613424"
"389.6487305681384","409.219683655528"
"361.98652208122394","368.0755711775062"
"341.9701240879589","352.0193321616956"
"341.5743038390368","342.987697715295"
"339.1853176299947","353.0228471001623"
"353.77470819421643","360.0474516696009"
"358.5123147666176","353.0228471001623"
"355.9446737671769","347.0017574692448"
"363.16592337888824","365.06502636204885"
"417.97235975067645","429.289982425434"
"485.5109353366599","456.3848857644645"
"360.74698004419224","357.0369068541435"
"333.6690613502928","344.9947275922685"
"309.7412724647133","319.9068541300459"
"317.5863519522729","318.9033391915506"
"309.45147821105115","306.8611599296355"
"295.0620744596441","295.82249560635853"
"296.4527989489846","295.82249560635853"
"290.14400075669533","288.7978910369485"
"286.7983700529907","289.8014059752725"
"289.60950062979464","291.80843585249147"
"294.0400060106981","297.829525483292"
"304.6054537253211","311.878734622112"
"327.6217738839972","342.987697715295"
"374.1453375243964","373.0931458699541"
"335.777998366415","379.1142355009545"
"360.2827248767425","365.06502636204885"
"359.2051329592711","362.05448154656295"
"360.8670952479745","366.0685413005156"
"370.7097616866963","363.05799648505825"
"359.3003805939902","359.0439367311056"
"355.33914794508314","358.0404217926103"
"376.8248857150001","369.0790861160015"
"405.16397940700386","409.219683655528"
"471.39983003399556","484.4833040421045"
"351.0172565886246","360.0474516696009"
"327.14045446123646","336.9666080843518"
"308.54550835008087","318.9033391915506"
"319.15615137804974","322.9173989455318"
"315.78789232834515","319.9068541300459"
"305.2933859410879","300.84007029883503"
"300.60796378060496","304.854130052702"
"297.7225439455925","296.8260105446825"
"291.38185572396765","297.829525483292"
"296.44939113638935","299.8365553602255"
"301.56843430292724","308.868189806569"
"307.43057609424875","320.9103690685412"
"337.38619370919105","344.9947275922685"
"376.3143003334401","410.2231985941375"
"361.1280049446741","334.9595782073897"
"316.99412296544136","323.9209138839985"
"314.0047674353592","319.9068541300459"
"332.4328612292606","330.94551845343705"
"353.9940207660988","368.0755711775062"
"358.01992967993584","345.9982425307552"
"347.9403863103663","350.012302284705"
"372.1889607522139","373.0931458699541"
"414.8167898222021","430.293497363758"
"492.31275227591016","508.5676625658775"
"391.0115442472147","382.12478031621197"
"323.7393586050837","324.9244288224938"
"307.2477575003153","317.899824253198"
"317.3025034619329","319.9068541300459"
"315.25161211082013","313.8857644990455"
"298.24842127292766","303.850615114378"
"300.45491562640024","305.85764499131153"
"302.5090703219215","296.8260105446825"
"290.5620856576596","295.82249560635853"
"293.8009171011139","297.829525483292"
"297.53844030014375","293.815465729425"
"303.3253898882585","307.864674868245"
"322.07702992464874","335.9630931458565"
"382.83838018607094","378.110720562345"
"337.777101434307","336.9666080843518"
"317.61350827639103","332.9525483303991"
"323.8604501514057","328.93848857644645"
"332.76272095584085","336.9666080843518"
"356.7916380098175","334.9595782073897"
"323.70420280192286","329.94200351494175"
"326.0637462600314","327.93497363795115"
"340.4166196399508","329.94200351494175"
"362.4807146780677","364.06151142355355"
"399.24261063271763","385.135325131755"
"340.2102916744035","344.9947275922685"
"323.4607203734188","321.9138840070365"
"306.3351236592837","319.9068541300459"
"312.9224039973735","317.899824253198"
"309.397684472207","312.8822495607215"
"296.9155765318973","303.850615114378"
"296.81654624355684","304.854130052702"
"295.75341907809786","293.815465729425"
"284.63762491178625","280.769771528929"
"276.18112481315814","277.7592267136715"
"278.54985298101485","281.77328646753847"
"292.6181945831341","288.7978910369485"
"297.35039062455996","298.8330404219015"
"315.3710487718331","311.878734622112"
"306.4217802215543","317.899824253198"
"313.1615858437616","318.9033391915506"
"317.09914996056165","318.9033391915506"
"321.30526496063976","318.9033391915506"
"320.39174736700954","312.8822495607215"
"307.7856982101511","311.878734622112"
"311.47390473403544","313.8857644990455"
"321.71067878957933","318.9033391915506"
"323.4734819921452","330.94551845343705"
"324.13443735404024","334.9595782073897"
"321.4834571034288","328.93848857644645"
"312.13143976151787","319.9068541300459"
"313.0880432854123","316.8963093145885"
"314.6591372241636","320.9103690685412"
"318.2970930480053","321.9138840070365"
"308.46237285156843","313.8857644990455"
"312.3794917257952","318.9033391915506"
"308.99129721490226","307.864674868245"
"309.0219936326137","292.8119507908155"
"291.71606364702006","291.80843585249147"
"298.12791040638325","293.815465729425"
"305.31164647886953","293.815465729425"
"314.06526247548874","288.7978910369485"
"302.6364736034798","290.80492091388203"
"294.4173340561631","298.8330404219015"
"295.81675859964236","319.9068541300459"
"321.78263931349375","327.93497363795115"
"336.1620640609634","325.9279437609891"
"323.8367918624698","323.9209138839985"
"320.0188022965934","320.9103690685412"
"320.39672069281227","318.9033391915506"
"325.0001361636426","322.9173989455318"
"340.1460033393713","345.9982425307552"
"348.9067911029448","350.012302284705"
"331.29742354379187","341.9841827767997"
"323.95957703064704","332.9525483303991"
"319.0795925980154","326.9314586994844"
"321.52725446085503","329.94200351494175"
"331.3823057025572","321.9138840070365"
"310.9692245915919","307.864674868245"
"307.68511796496006","309.8717047451785"
"306.9511557708628","300.84007029883503"
"299.44050169147965","289.8014059752725"
"290.8242805021451","289.8014059752725"
"294.59996725854677","296.8260105446825"
"309.25166826886937","318.9033391915506"
"330.46894768962807","344.9947275922685"
"369.3078286426689","366.0685413005156"
"333.4977205853882","333.9560632688944"
"328.946655725648","325.9279437609891"
"323.4414333240477","326.9314586994844"
"344.801173697217","333.9560632688944"
"324.3264610263122","341.9841827767997"
"346.602006726062","345.9982425307552"
"349.2196569393285","350.012302284705"
"372.50486954587035","347.0017574692448"
"347.20020552260604","352.0193321616956"
"374.31386497905316","348.0052724077315"
"337.10235104071023","331.9490333919038"
"323.772427205273","318.9033391915506"
"314.70850251909104","314.889279437655"
"314.55560591345255","329.94200351494175"
"333.2255239686473","324.9244288224938"
"313.6252289712269","314.889279437655"
"313.54445428871577","315.892794375979"
"310.59602949447566","313.8857644990455"
"312.60098030479946","312.8822495607215"
"313.66334190584405","308.868189806569"
"314.5624597431091","312.8822495607215"
"317.2240965657056","326.9314586994844"
"350.60422825276817","368.0755711775062"
"405.63876041725723","410.2231985941375"
"372.11651525480323","329.94200351494175"
"323.2778759989852","324.9244288224938"
"322.3128937236025","324.9244288224938"
"327.4067899220258","327.93497363795115"
"337.7128311328405","374.0966608084494"
"365.7199701864817","376.1036906854115"
"359.85457491375826","363.05799648505825"
"378.30786988277913","385.135325131755"
"416.56548693837","439.32513181010154"
"478.15941386460406","465.416520210808"
"385.5144700145716","379.1142355009545"
"339.4244109934715","344.9947275922685"
"326.5212464318605","333.9560632688944"
"328.22769546571556","337.9701230228471"
"332.8778463703203","327.93497363795115"
"317.3237943859866","316.8963093145885"
"313.90968556097465","316.8963093145885"
"307.3917473782203","311.878734622112"
"310.30401344739346","310.87521968378803"
"311.2097065373076","303.850615114378"
"306.42954548795257","308.868189806569"
"323.47342193808475","329.94200351494175"
"354.13935927523517","360.0474516696009"
"398.81514224369744","379.1142355009545"
"362.7347120413716","364.06151142355355"
"348.4143200099596","344.9947275922685"
"340.9449312641249","343.99121265377886"
"335.9000387319082","340.9806678383044"
"343.4581239153718","342.987697715295"
"340.24644400597026","339.9771528998377"
"335.3156771572818","338.9736379613424"
"344.27907718563415","351.0158172232003"
"391.25743362534513","377.107205624021"
"418.1692134367576","409.219683655528"
"325.6988007361626","343.99121265377886"
"329.50879690961654","338.9736379613424"
"320.49764414690316","323.9209138839985"
"322.1896122000674","329.94200351494175"
"325.5245069660599","326.9314586994844"
"317.9691036354558","317.899824253198"
"311.8783398780364","317.899824253198"
"309.3158470661318","315.892794375979"
"314.77703930880546","315.892794375979"
"314.03413773240305","314.889279437655"
"316.1404024629314","319.9068541300459"
"325.7701928652823","326.9314586994844"
"362.970369908026","365.06502636204885"
"374.225397090979","352.0193321616956"
"349.51013917072044","352.0193321616956"
"349.69718631954464","343.99121265377886"
"350.86736716220366","342.987697715295"
"353.29269990552444","343.99121265377886"
"361.1270216268918","348.0052724077315"
"351.18991980071655","347.0017574692448"
"357.3180032327686","353.0228471001623"
"381.0047690967385","408.2161687169185"
"440.6923078239869","438.3216168717775"
"483.0907214873932","520.6098418277641"
"428.7689093265857","456.3848857644645"
"399.60499537281163","409.219683655528"
"350.6642809878776","340.9806678383044"
"332.1711371639668","339.9771528998377"
"332.59559736373325","331.9490333919038"
"323.83510313916594","325.9279437609891"
"313.1423810196517","319.9068541300459"
"306.75173945403526","315.892794375979"
"312.69913998576465","311.878734622112"
"305.6251619093625","307.864674868245"
"302.6967062512648","305.85764499131153"
"321.693376191293","323.9209138839985"
"371.5297098177708","373.0931458699541"
"418.35140227734706","433.304042179301"
"386.19740819726576","409.219683655528"
"351.2337606487492","355.0298769771529"
"352.9066942708842","354.0263620386576"
"354.83829263983074","355.0298769771529"
"375.78226379186304","345.9982425307552"
"340.2120257030929","336.9666080843518"
"335.4630226705808","332.9525483303991"
"340.9076505585296","339.9771528998377"
"373.99615788952696","353.0228471001623"
"358.0407263423337","387.14235500868847"
"352.60968015267974","332.9525483303991"
"317.38761909456025","323.9209138839985"
"313.47971698387073","316.8963093145885"
"318.35955840291086","315.892794375979"
"305.7681520421268","312.8822495607215"
"305.76974346865205","308.868189806569"
"302.58862978695083","304.854130052702"
"300.1162079154483","301.843585237159"
"291.44533445456966","299.8365553602255"
"295.74427997545456","298.8330404219015"
"294.4583636849703","300.84007029883503"
"303.95146054382565","304.854130052702"
"316.5409545424761","310.87521968378803"
"296.11147790766404","310.87521968378803"
"297.1826414765657","312.8822495607215"
"310.02070966853637","312.8822495607215"
"308.3135815612609","315.892794375979"
"320.63347250835005","315.892794375979"
"321.6065451540049","314.889279437655"
"309.37317505169995","313.8857644990455"
"313.9281693058266","313.8857644990455"
"326.12571792837747","316.8963093145885"
"317.9204758758171","331.9490333919038"
"341.90004975374814","336.9666080843518"
"321.79519628750484","326.9314586994844"
"310.20412173751373","317.899824253198"
"313.84537869864664","315.892794375979"
"316.8144523392516","314.889279437655"
"314.31399770330614","314.889279437655"
"307.5665168579473","312.8822495607215"
"308.4614321371995","311.878734622112"
"305.4092193888684","306.8611599296355"
"302.28235018423175","304.854130052702"
"304.2665946443369","304.854130052702"
"305.16059895045674","297.829525483292"
"307.12507970075774","293.815465729425"
"303.15891471342604","303.850615114378"
"318.53320280463134","304.854130052702"
"301.96613363561056","309.8717047451785"
"306.3396849125319","311.878734622112"
"310.0206544292484","312.8822495607215"
"315.39413663000687","314.889279437655"
"319.20726240986505","314.889279437655"
"309.2542785725592","313.8857644990455"
"313.10688587701765","314.889279437655"
"322.7295279656911","316.8963093145885"
"327.849424570903","317.899824253198"
"326.78412525291304","317.899824253198"
"313.4281101446491","317.899824253198"
"307.7497279590879","316.8963093145885"
"314.7023302215292","315.892794375979"
"317.96008521849166","315.892794375979"
"320.36552613060894","314.889279437655"
"307.9312062514808","311.878734622112"
"308.12860871428086","299.8365553602255"
"295.55872161090406","295.82249560635853"
"291.4307642204305","295.82249560635853"
"294.17944588133463","296.8260105446825"
"298.80502067227417","297.829525483292"
"310.70124889042125","312.8822495607215"
"338.9255033651088","331.9490333919038"
"360.49887460529015","323.9209138839985"
"312.6803693149179","319.9068541300459"
"320.8050257816395","316.8963093145885"
"318.08106332856875","319.9068541300459"
"326.559388692938","323.9209138839985"
"334.8838033976826","331.9490333919038"
"324.52047202003666","324.9244288224938"
"325.14726697240906","322.9173989455318"
"337.12323384451025","361.0509666080962"
"454.9651797515522","484.4833040421045"
"550.9849031741412","518.6028119508305"
"374.31095979306275","366.0685413005156"
"340.6414869351226","316.8963093145885"
"314.1147937518856","312.8822495607215"
"318.39919028312136","312.8822495607215"
"315.9386213888832","309.8717047451785"
"306.8011002618457","305.85764499131153"
"309.5855474065418","300.84007029883503"
"292.89762965508595","297.829525483292"
"292.9078246639089","296.8260105446825"
"297.67960492259454","298.8330404219015"
"303.39934119585376","300.84007029883503"
"316.69108336416105","315.892794375979"
"341.73474108283295","329.94200351494175"
"340.9635153316607","320.9103690685412"
"320.2092352029422","320.9103690685412"
"320.7807745888649","314.889279437655"
"314.2243257895235","313.8857644990455"
"319.9926369096528","316.8963093145885"
"325.30738766037956","316.8963093145885"
"312.90898511112186","313.8857644990455"
"317.5734186782087","311.878734622112"
"326.44672981548104","327.93497363795115"
"375.64967838674704","402.19507908611797"
"427.39966023333113","402.19507908611797"
"331.1288725901632","323.9209138839985"
"316.0124437091225","310.87521968378803"
"309.5283426000635","306.8611599296355"
"315.7410737196171","305.85764499131153"
"305.1357354099624","302.8471001757685"
"299.9811798282677","298.8330404219015"
"299.4274857256737","297.829525483292"
"291.97646423761","290.80492091388203"
"285.27027240281745","290.80492091388203"
"290.1947885820107","293.815465729425"
"296.24129853665204","297.829525483292"
"310.6280256659135","308.868189806569"
"334.25088950168663","313.8857644990455"
"337.7703336213901","313.8857644990455"
"328.44706399750686","312.8822495607215"
"312.69403563640145","305.85764499131153"
"301.203168424791","304.854130052702"
"311.82818411112135","305.85764499131153"
"319.58654960432756","304.854130052702"
"302.8967850957736","304.854130052702"
"308.4991446716153","304.854130052702"
"325.3556923948345","315.892794375979"
"338.98880192722095","319.9068541300459"
"319.41121759837415","315.892794375979"
"305.51862201397734","307.864674868245"
"302.2598082911387","303.850615114378"
"299.1999620119075","298.8330404219015"
"305.4690451216689","292.8119507908155"
"286.6617789941673","289.8014059752725"
"285.5037650464302","281.77328646753847"
"275.43416654531154","274.7486818981285"
"266.83664596539995","269.731107205652"
"264.04109465023475","268.7275922670425"
"268.40710151759475","270.734622143976"
"280.2779654832571","274.7486818981285"
"291.1189526246632","282.7768014058625"
"309.4754320061906","295.82249560635853"
"308.2531187009352","304.854130052702"
"305.38766608801933","304.854130052702"
"305.3561904953895","299.8365553602255"
"295.39204053041885","298.8330404219015"
"300.7280805837826","300.84007029883503"
"312.03134800253144","300.84007029883503"
"297.9808076234933","299.8365553602255"
"304.3025095307318","303.850615114378"
"326.09407168759003","320.9103690685412"
"321.16114863702387","309.8717047451785"
"311.7176492191759","314.889279437655"
"299.44643886247997","304.854130052702"
"304.89588670818074","300.84007029883503"
"295.034987750325","295.82249560635853"
"300.4214439452503","291.80843585249147"
"282.0716513067172","287.794376098339"
"279.9736862642412","277.7592267136715"
"269.1695235595161","262.706502636242"
"245.97769152983162","253.6748681898985"
"249.7787847452807","249.660808435746"
"248.3348235310046","252.67135325128902"
"259.8389482114341","260.6994727593085"
"276.54974707206856","266.72056239010897"
"289.63055581644863","283.780316344472"
"278.75751984198564","290.80492091388203"
"300.99366427069896","289.8014059752725"
"292.1146515117543","287.794376098339"
"280.83651342231747","287.794376098339"
"288.2336487221713","288.7978910369485"
"299.22843285515154","288.7978910369485"
"287.54537903966775","289.8014059752725"
"293.78744365162186","289.8014059752725"
"307.21098493745933","291.80843585249147"
"312.5666129956655","297.829525483292"
"267.77142351094085","299.8365553602255"
"290.1597591056917","292.8119507908155"
"289.6360930248799","285.7873462214055"
"284.0019532864551","277.7592267136715"
"282.24597529153766","272.741652021195"
"274.0910680779996","270.734622143976"
"262.07642493835715","261.7029876976325"
"252.6203458047684","251.667838312965"
"233.3197594731746","237.61862917385952"
"236.78958666114718","230.5940246044495"
"233.20653787020916","228.58699472751601"
"240.59470274065293","233.60456941999252"
"257.6951982613391","242.63620386633602"
"258.116691205908","254.6783831282225"
"258.1403778393604","255.681898066832"
"266.23610588867734","259.695957820699"
"262.27623885954245","264.7135325131755"
"265.58809877523595","267.7240773287185"
"270.5578337309878","268.7275922670425"
"275.4677359357342","264.7135325131755"
"263.49837581184136","262.706502636242"
"266.26344099942725","264.7135325131755"
"278.44914748446934","274.7486818981285"
"282.68644372996687","280.769771528929"
"284.40845936836274","283.780316344472"
"275.3234707500804","279.766256590605"
"273.90632670752154","271.7381370825855"
"267.22809920234425","264.7135325131755"
"265.73198746859725","261.7029876976325"
"257.89313461914907","256.68541300515597"
"246.0989527634045","239.6256590510785"
"226.06062885053962","223.5694200350395"
"194.46913151804964","194.4674868190755"
"185.5080125160158","161.351493848959"
"149.71015081854452","150.3128295253965"
"135.9092877946564","185.4358523724465"
"189.9252421443908","171.3866432336265"
"174.82919533322092","180.4182776802555"
"195.45945859431714","189.44991212659897"
"202.10094002651542","224.572934973649"
"231.94257574738845","255.681898066832"
"252.60254408208039","259.695957820699"
"251.98019292292133","262.706502636242"
"257.6256643567459","264.7135325131755"
"252.2011450077226","258.692442882375"
"248.21694465134266","255.681898066832"
"257.9163152309653","262.706502636242"
"263.73290432525107","281.77328646753847"
"284.9234295321428","286.79086116001497"
"269.0863188083962","282.7768014058625"
"267.1760106450592","278.7627416519955"
"263.3528405670927","274.7486818981285"
"264.7006676090982","267.7240773287185"
"256.3019586845061","258.692442882375"
"243.51194817018552","252.67135325128902"
"235.00691897416067","195.47100175739948"
"170.21680164288222","197.478031634333"
"190.3948638557969","241.632688928012"
"231.28975685225893","247.65377855881252"
"247.23470550848532","252.67135325128902"
"260.1938221093623","262.706502636242"
"279.1517834699245","278.7627416519955"
"297.26087179993254","303.850615114378"
"296.46720405946996","303.850615114378"
"299.2194620294491","304.854130052702"
"305.6293479203356","302.8471001757685"
"301.9410958749672","310.87521968378803"
"304.45296484091847","316.8963093145885"
"306.91425326881136","302.8471001757685"
"299.48956143734546","317.899824253198"
"320.9189360731494","333.9560632688944"
"375.24803905686883","372.0896309314588"
"407.1127771439708","419.254833040481"
"328.9118270761443","312.8822495607215"
"300.8873782703353","294.818980667749"
"288.6939062183932","282.7768014058625"
"283.1583744460835","277.7592267136715"
"272.8972614109316","268.7275922670425"
"261.183165913406","256.68541300515597"
"248.6931614570783","256.68541300515597"
"242.2750518450519","248.65729349742202"
"246.69109331057086","247.65377855881252"
"246.25897252379815","249.660808435746"
"256.80276648936933","253.6748681898985"
"275.50713763132916","261.7029876976325"
"279.98595933831615","282.7768014058625"
"300.58781119615395","300.84007029883503"
"298.66858706296125","293.815465729425"
"294.68708118011887","284.7838312830815"
"283.95967856806516","286.79086116001497"
"286.5837271726996","287.794376098339"
"298.627238108279","287.794376098339"
"283.801890166288","287.794376098339"
"291.0688248267564","289.8014059752725"
"311.72473204997317","302.8471001757685"
"317.9014062132631","306.8611599296355"
"300.85238014654226","304.854130052702"
"290.7905609693274","289.8014059752725"
"287.3851141505455","281.77328646753847"
"279.8394748654498","271.7381370825855"
"274.1296708071533","266.72056239010897"
"266.96455801298544","257.6889279437655"
"248.17325165170075","244.6432337432695"
"232.32706740922072","235.611599296926"
"207.66456737751653","207.513181019286"
"211.65438257431165","199.485061511552"
"205.79336760320382","212.5307557117625"
"228.740717988757","234.608084358602"
"257.78878649147407","252.67135325128902"
"266.8952784548918","263.710017574566"
"280.858041934247","277.7592267136715"
"287.89399014990784","278.7627416519955"
"280.7823977837598","277.7592267136715"
"279.0392361852934","276.75571177506197"
"276.842459357606","275.7521968364525"
"283.6309364750168","277.7592267136715"
"275.51190740307004","277.7592267136715"
"280.4834984158325","279.766256590605"
"294.0448275331978","284.7838312830815"
"300.9265651409728","288.7978910369485"
"287.5622377328469","293.815465729425"
"287.87173831883115","283.780316344472"
"281.48495994486416","277.7592267136715"
"275.2426254778858","271.7381370825855"
"270.7289359919621","267.7240773287185"
"264.3202522059528","261.7029876976325"
"250.82712679561155","251.667838312965"
"239.80986169709905","241.632688928012"
"222.3088461254712","218.55184534284848"
"214.51329583015558","215.54130052730548"
"216.33130296681625","220.558875219782"
"228.7853481447111","233.60456941999252"
"250.2423633476501","253.6748681898985"
"260.9387843916178","264.7135325131755"
"278.10325306821073","277.7592267136715"
"285.34992125760095","277.7592267136715"
"278.9180862295734","274.7486818981285"
"275.0107266798264","273.745166959519"
"270.42363764450397","274.7486818981285"
"280.94092558377355","273.745166959519"
"271.15543418238224","273.745166959519"
"276.0571694138341","275.7521968364525"
"293.370988010248","283.780316344472"
"300.0625864408133","288.7978910369485"
"295.7079409333413","289.8014059752725"
"286.27726003061116","281.77328646753847"
"279.6159166402984","277.7592267136715"
"276.1508630310084","273.745166959519"
"273.1206453271724","271.7381370825855"
"270.96594952341826","268.7275922670425"
"261.8912366985981","259.695957820699"
"255.43830714389065","255.681898066832"
"251.77661842218976","252.67135325128902"
"251.02409734026838","252.67135325128902"
"254.7887243846663","256.68541300515597"
"263.63467462794887","260.6994727593085"
"275.4193663758907","271.7381370825855"
"286.5880852528742","275.7521968364525"
"303.32066082302833","289.8014059752725"
"292.814955467101","290.80492091388203"
"290.83774804937997","288.7978910369485"
"292.1455566748297","287.794376098339"
"293.0340056147856","288.7978910369485"
"290.9932792290555","288.7978910369485"
"282.731958622678","289.8014059752725"
"288.37684235529724","292.8119507908155"
"298.9020774426482","297.829525483292"
"314.5111566915621","296.8260105446825"
"301.35079266342944","293.815465729425"
"288.8639157688396","290.80492091388203"
"283.1857166639237","287.794376098339"
"279.20244117425784","282.7768014058625"
"276.3075958688913","278.7627416519955"
"271.15422329897217","272.741652021195"
"260.9090868713162","264.7135325131755"
"255.18470689524202","263.710017574566"
"254.42236953444905","256.68541300515597"
"248.1039178498969","253.6748681898985"
"245.95596434012424","248.65729349742202"
"247.7288303654379","242.63620386633602"
"251.5910123462396","246.6502636204885"
"249.78004687332725","251.667838312965"
"253.63139151837635","255.681898066832"
"256.4426094399831","256.68541300515597"
"255.92362685337835","260.6994727593085"
"261.68605850768233","263.710017574566"
"267.06147110663386","263.710017574566"
"264.6094499857446","262.706502636242"
"258.81824513460657","260.6994727593085"
"262.24093067991544","261.7029876976325"
"272.85097603104896","267.7240773287185"
"273.4204322434218","276.75571177506197"
"272.10385231463357","280.769771528929"
"272.6501512818546","276.75571177506197"
"266.13110888966423","267.7240773287185"
"259.81806580220143","258.692442882375"
"256.21836653855786","256.68541300515597"
"254.7167206599621","250.6643233743555"
"240.05952152198176","244.6432337432695"
"233.40802375106148","237.61862917385952"
"223.34967834820995","176.404217926103"
"169.95376388567857","147.302284710139"
"134.10588090329034","140.277680140729"
"134.76652346566516","123.21792618636601"
"133.08064070768415","104.15114235506948"
"127.00504523258388","143.28822495598652"
"188.46998159185193","198.4815465729425"
"218.03815228112313","229.5905096661255"
"244.04994405195362","252.67135325128902"
"257.2962237989184","257.6889279437655"
"261.28269239549115","260.6994727593085"
"255.39939358543722","260.6994727593085"
"256.46427177288047","262.706502636242"
"260.99878789481454","265.717047451785"
"269.28656724479805","272.741652021195"
"279.14250525158525","279.766256590605"
"275.98897476627457","283.780316344472"
"274.83265787355606","282.7768014058625"
"269.0424888396994","280.769771528929"
"266.78944285404606","275.7521968364525"
"265.0650495976443","273.745166959519"
"259.68040210661934","267.7240773287185"
"251.97490528820617","257.6889279437655"
"248.86634903686806","265.717047451785"
"254.70385738683984","253.6748681898985"
"239.94217756479688","217.548330404239"
"212.5205061478144","221.56239015810598"
"230.7479399097869","233.60456941999252"
"245.29522543048188","265.717047451785"
"285.7214000225972","282.7768014058625"
"301.07609113243785","295.82249560635853"
"292.43528609998367","293.815465729425"
"289.42738106041935","291.80843585249147"
"292.21955395301256","293.815465729425"
"292.6749064026608","293.815465729425"
"293.219841026907","291.80843585249147"
"285.4396211255494","291.80843585249147"
"290.0921368291239","295.82249560635853"
"306.9031160313269","324.9244288224938"
"308.35553881164645","303.850615114378"
"297.231119850009","306.8611599296355"
"295.18513990278444","294.818980667749"
"285.75873574044704","289.8014059752725"
"280.5027062082786","283.780316344472"
"276.2105945590327","281.77328646753847"
"271.84810612597846","273.745166959519"
"260.6192416733004","268.7275922670425"
"263.2216365583938","266.72056239010897"
"264.92566688857903","262.706502636242"
"257.91251039756224","263.710017574566"
"258.4115363305459","258.692442882375"
"264.590396346548","259.695957820699"
"274.2512537287663","270.734622143976"
"291.24418232446703","280.769771528929"
"301.37331588830176","293.815465729425"
"296.20496534317454","293.815465729425"
"293.21789590212035","288.7978910369485"
"291.3779058415427","288.7978910369485"
"291.2258306014982","294.818980667749"
"295.7041915899878","293.815465729425"
"290.55738791942593","294.818980667749"
"295.56224471667673","294.818980667749"
"306.95133183929994","297.829525483292"
"315.26569466724555","300.84007029883503"
"298.43089439973465","300.84007029883503"
"291.74175847360937","294.818980667749"
"286.9587425099229","287.794376098339"
"279.22535254179263","281.77328646753847"
"274.5940453530449","280.769771528929"
"270.7639516649548","276.75571177506197"
"258.01558547619305","268.7275922670425"
"258.78177807070267","262.706502636242"
"256.2250053007185","259.695957820699"
"253.67642578302406","259.695957820699"
"254.83282649808928","257.6889279437655"
"261.23652344264025","259.695957820699"
"273.9582344177953","273.745166959519"
"296.03103390616667","286.79086116001497"
"308.43842048055683","322.9173989455318"
"307.66609736590493","323.9209138839985"
"322.3897887274695","301.843585237159"
"306.81454361249695","296.8260105446825"
"305.5937092575802","312.8822495607215"
"309.53463265709433","308.868189806569"
"307.74388689727095","308.868189806569"
"312.4846366420021","316.8963093145885"
"321.0066613279381","335.9630931458565"
"350.36472133118446","365.06502636204885"
"347.0845755877152","379.1142355009545"
"335.0414549831788","319.9068541300459"
"309.0503679757863","295.82249560635853"
"289.1783774407346","290.80492091388203"
"285.4936524554452","288.7978910369485"
"274.58645504020666","282.7768014058625"
"271.6004178305335","273.745166959519"
"274.17137476468037","259.695957820699"
"264.2765003640982","259.695957820699"
"261.373084690543","249.660808435746"
"255.77463065833587","245.646748681879"
"259.9838172894665","255.681898066832"
"275.4769827726553","272.741652021195"
"301.8500301451029","291.80843585249147"
"317.92813702917095","342.987697715295"
"317.4490957120031","345.9982425307552"
"344.5130735392928","319.9068541300459"
"326.4427435436905","314.889279437655"
"324.47335245063863","325.9279437609891"
"319.7940605069772","333.9560632688944"
"325.46459308658143","334.9595782073897"
"327.0936891370685","327.93497363795115"
"343.472683538601","322.9173989455318"
"333.3794507165341","329.94200351494175"
"312.21720177607494","317.899824253198"
"300.7803989875336","293.815465729425"
"285.6106225419803","284.7838312830815"
"278.4436912231248","277.7592267136715"
"275.52588161623737","274.7486818981285"
"265.11665430206307","267.7240773287185"
"252.70285074751342","258.692442882375"
"247.34709835027306","226.5799648505825"
"208.25456539293242","200.488576449876"
"203.9677988566653","197.478031634333"
"196.31702496889775","212.5307557117625"
"215.02971756740237","222.56590509671548"
"231.41775484015272","255.681898066832"
"269.441327076697","270.734622143976"
"308.5130389117347","284.7838312830815"
"290.7768170198271","287.794376098339"
"287.02949030201813","286.79086116001497"
"282.6612751548932","285.7873462214055"
"274.66154619336453","284.7838312830815"
"283.6211074073926","282.7768014058625"
"278.68958897099714","278.7627416519955"
"276.8595382581732","280.769771528929"
"288.2389602346301","284.7838312830815"
"290.40657907041316","286.79086116001497"
"289.54763653848113","285.7873462214055"
"276.10929631735377","279.766256590605"
"270.6694182847702","271.7381370825855"
"262.8636456762257","266.72056239010897"
"257.32470269434714","263.710017574566"
"246.51882178744847","260.6994727593085"
"238.66945645208864","255.681898066832"
"240.43654174152044","249.660808435746"
"229.28954994594685","232.60105448166848"
"223.45055648216538","225.5764499122585"
"218.1021597442598","224.572934973649"
"225.46908636337216","233.60456941999252"
"242.27988620326462","240.6291739894025"
"250.6043121943774","244.6432337432695"
"246.9483716487063","249.660808435746"
"252.9185483212857","251.667838312965"
"253.7709268118485","255.681898066832"
"257.9512637189219","258.692442882375"
"260.77720744807056","259.695957820699"
"255.5433792997079","258.692442882375"
"255.75403227519539","257.6889279437655"
"255.82357890513637","259.695957820699"
"263.7796125900667","266.72056239010897"
"267.7491854468714","271.7381370825855"
"264.6549994774844","275.7521968364525"
"266.61843183796805","270.734622143976"
"259.32171084919383","266.72056239010897"
"253.14417156389752","261.7029876976325"
"252.56024482842068","259.695957820699"
"246.64417649659023","255.681898066832"
"241.70663062179534","253.6748681898985"
"242.50681574002158","254.6783831282225"
"249.6550266948928","251.667838312965"
"245.92023132641748","242.63620386633602"
"237.72522623957514","238.62214411246902"
"242.70241148298317","252.67135325128902"
"259.0648098587434","250.6643233743555"
"274.3712941854882","258.692442882375"
"271.5618219845184","260.6994727593085"
"261.99067815835247","261.7029876976325"
"262.99478992602366","263.710017574566"
"268.1500261508923","267.7240773287185"
"273.7943647782696","270.734622143976"
"264.87696868904425","270.734622143976"
"267.3185077223405","271.7381370825855"
"269.9186156722423","273.745166959519"
"274.7031097709893","282.7768014058625"
"289.1449028679006","286.79086116001497"
"283.67015435045136","286.79086116001497"
"277.68038996980897","283.780316344472"
"271.1039736286722","277.7592267136715"
"265.1521411150731","272.741652021195"
"263.4463344340667","269.731107205652"
"250.2711812665424","262.706502636242"
"249.7467147469249","257.6889279437655"
"242.6773985995856","255.681898066832"
"244.66205467731834","252.67135325128902"
"246.58067353056182","251.667838312965"
"247.5630966742442","230.5940246044495"
"240.28226398042239","239.6256590510785"
"256.51030377376645","263.710017574566"
"283.52870497411146","308.868189806569"
"322.0584325553651","376.1036906854115"
"319.4204047764465","291.80843585249147"
"289.6537644754973","289.8014059752725"
"291.45768330263166","288.7978910369485"
"290.93174127601765","289.8014059752725"
"292.521337548184","288.7978910369485"
"287.4911594550748","288.7978910369485"
"289.24371072994126","299.8365553602255"
"308.21981176851796","408.2161687169185"
"385.4173434907886","376.1036906854115"
"343.6405543150393","334.9595782073897"
"309.06033752328625","289.8014059752725"
"284.55093837675736","283.780316344472"
"278.3588178892369","275.7521968364525"
"272.9902701441972","270.734622143976"
"254.93924412610636","263.710017574566"
"254.8738960548289","255.681898066832"
"248.17313072829734","254.6783831282225"
"245.86938042780426","249.660808435746"
"245.3850097469242","240.6291739894025"
"237.67167267920735","213.534270650372"
"227.28930418293322","215.54130052730548"
"236.15943705103126","277.7592267136715"
"293.7773791362609","299.8365553602255"
"316.6622970678456","342.987697715295"
"300.43280874699","283.780316344472"
"283.49272420688243","276.75571177506197"
"275.8441533112885","277.7592267136715"
"271.9819534081602","274.7486818981285"
"280.44612474204865","299.8365553602255"
"293.37822677134363","289.8014059752725"
"289.23063389162564","304.854130052702"
"326.3738807732453","348.0052724077315"
"337.5080501446283","349.00878734622114"
"305.8967861905158","284.7838312830815"
"281.22988394215383","278.7627416519955"
"275.324881100834","273.745166959519"
"268.6320421205342","267.7240773287185"
"262.31361270163995","265.717047451785"
"248.1985529075153","257.6889279437655"
"242.41896133660134","245.646748681879"
"231.89924061377343","233.60456941999252"
"216.42445989444658","196.47451669600898"
"197.50137043109592","201.4920913884855"
"199.85700326000787","175.40070298777897"
"186.98183861520005","208.51669595789548"
"231.68233329133804","250.6643233743555"
"265.7991553930273","262.706502636242"
"270.6291754858257","274.7486818981285"
"284.9789524373495","276.75571177506197"
"275.3868813671325","272.741652021195"
"272.6847747934579","273.745166959519"
"271.5448676918797","273.745166959519"
"278.9715970611985","272.741652021195"
"273.96058805078286","277.7592267136715"
"280.43766971432456","284.7838312830815"
"300.7350297886851","287.794376098339"
"297.6983498552524","288.7978910369485"
"299.3475232741655","288.7978910369485"
"282.8622292570328","282.7768014058625"
"274.91584511266495","272.741652021195"
"265.7246326520593","264.7135325131755"
"259.39511317121674","261.7029876976325"
"247.21482720775163","255.681898066832"
"241.66046532186897","245.646748681879"
"232.2259983402551","242.63620386633602"
"228.66620912150455","206.509666080962"
"207.02907639100522","202.49560632680948"
"202.6570331214075","180.4182776802555"
"194.92812267878148","198.4815465729425"
"224.1589794315987","252.67135325128902"
"267.5892339619018","265.717047451785"
"274.50570962059567","276.75571177506197"
"288.7382315451916","283.780316344472"
"281.18149288923337","278.7627416519955"
"277.82340146223333","278.7627416519955"
"278.00036544971226","279.766256590605"
"284.4472383667952","280.769771528929"
"282.0699959260163","281.77328646753847"
"284.123089308889","283.780316344472"
"293.8993393752047","291.80843585249147"
"301.4106742712894","308.868189806569"
"318.63430272501444","295.82249560635853"
"289.29148630717856","290.80492091388203"
"281.77192560236415","279.766256590605"
"271.78908839723414","271.7381370825855"
"266.9661013906052","272.741652021195"
"256.190826275081","264.7135325131755"
"256.41283976342515","258.692442882375"
"254.4459053268049","250.6643233743555"
"248.12789601476715","248.65729349742202"
"245.74042300115536","248.65729349742202"
"248.31131506279053","253.6748681898985"
"260.8516611754334","256.68541300515597"
"269.95116466879006","262.706502636242"
"285.6843369316466","278.7627416519955"
"304.0935313865053","294.818980667749"
"296.59364375009227","299.8365553602255"
"297.8768965018265","290.80492091388203"
"294.3299643122014","288.7978910369485"
"295.6012879600269","287.794376098339"
"288.3278977963177","293.815465729425"
"289.15557303063","290.80492091388203"
"289.62174821142276","291.80843585249147"
"297.93132197400314","292.8119507908155"
"309.1209969605841","294.818980667749"
"302.2519060592871","292.8119507908155"
"287.9089873817998","286.79086116001497"
"276.2672900033437","280.769771528929"
"269.95381146985267","270.734622143976"
"266.37408209061437","267.7240773287185"
"255.01427755775495","262.706502636242"
"255.1946907315693","256.68541300515597"
"245.8496765410647","227.58347978919198"
"211.89548852061895","192.460456942142"
"191.1009082354686","171.3866432336265"
"170.402760779964","167.3725834797595"
"170.03177992672303","170.3831282953025"
"194.3596555084578","185.4358523724465"
"206.09593570438497","228.58699472751601"
"240.06734847462474","237.61862917385952"
"250.15315945216173","251.667838312965"
"256.24647890539836","261.7029876976325"
"264.5639626888967","263.710017574566"
"269.9198897725172","263.710017574566"
"261.44681038535487","260.6994727593085"
"259.79830600963186","259.695957820699"
"264.0976547755798","262.706502636242"
"271.31813009627774","266.72056239010897"
"274.1708418436323","271.7381370825855"
"272.6928030132923","273.745166959519"
"268.81371755095796","269.731107205652"
"260.8621286173818","262.706502636242"
"251.9220544861152","257.6889279437655"
"254.14826748402828","251.667838312965"
"246.27141876734828","247.65377855881252"
"240.01115807223857","234.608084358602"
"224.2734217870127","226.5799648505825"
"206.48450157813176","183.428822495513"
"162.96202008538356","157.3374340948065"
"135.16304089906237","135.26010544825252"
"121.93246999879702","136.26362038657652"
"143.81569653824866","149.30931458707252"
"176.8077805272442","159.34446397174"
"194.6597207712028","170.3831282953025"
"198.01290068425308","207.513181019286"
"233.10670294239753","249.660808435746"
"256.428216057757","252.67135325128902"
"261.0496681473812","255.681898066832"
"251.176183754597","252.67135325128902"
"253.6986426895151","250.6643233743555"
"255.7806213767143","252.67135325128902"
"263.4296117893817","259.695957820699"
"265.8142437402549","267.7240773287185"
"269.6040921359384","271.7381370825855"
"266.0012798566041","267.7240773287185"
"257.3929916857728","262.706502636242"
"250.15722443304628","256.68541300515597"
"248.72799351522553","251.667838312965"
"244.6320677704531","247.65377855881252"
"233.2638902864714","235.611599296926"
"217.65921489119148","245.646748681879"
"217.0271215138095","244.6432337432695"
"226.55169855803297","245.646748681879"
"230.18072696953283","246.6502636204885"
"240.01499231890477","249.660808435746"
"248.5438403859764","257.6889279437655"
"268.70601561163903","269.731107205652"
"282.53341834558137","281.77328646753847"
"280.3393370867976","285.7873462214055"
"280.024591229504","282.7768014058625"
"281.8671869153697","283.780316344472"
"282.32670304899125","283.780316344472"
"279.1493309955356","282.7768014058625"
"276.5488600665187","282.7768014058625"
"279.4230801258552","283.780316344472"
"302.108673360732","288.7978910369485"
"296.114580783376","292.8119507908155"
"295.21355288595527","292.8119507908155"
"288.5983665166195","285.7873462214055"
"274.5107592563021","276.75571177506197"
"265.48305499049786","268.7275922670425"
"259.59443000860614","261.7029876976325"
"251.4073445970799","258.692442882375"
"246.8906636544765","248.65729349742202"
"237.76543601036548","245.646748681879"
"232.5934578832312","242.63620386633602"
"238.43136077798118","242.63620386633602"
"239.93224493376604","244.6432337432695"
"247.0778225725859","247.65377855881252"
"261.50016527893627","255.681898066832"
"270.71927252363514","272.741652021195"
"285.2607843439666","288.7978910369485"
"290.98492177927403","294.818980667749"
"290.1890858677975","287.794376098339"
"287.99261246404035","285.7873462214055"
"290.43126433542136","285.7873462214055"
"287.5756973944863","285.7873462214055"
"283.76513878124285","285.7873462214055"
"287.4082693728199","289.8014059752725"
"304.2031453314174","305.85764499131153"
"322.92428948117384","304.854130052702"
"322.9090751399752","299.8365553602255"
"296.96526539998035","289.8014059752725"
"280.39068134902766","282.7768014058625"
"272.37487971616173","272.741652021195"
"267.6431275678305","267.7240773287185"
"258.27111887530964","261.7029876976325"
"255.50890010214772","249.660808435746"
"243.1647259553289","248.65729349742202"
"235.19570067554147","245.646748681879"
"238.83257952166912","245.646748681879"
"243.61704081688595","246.6502636204885"
"250.43476045543278","248.65729349742202"
"261.04744537124475","256.68541300515597"
"270.0362941835407","270.734622143976"
"292.72724031373576","289.8014059752725"
"291.71534779858143","297.829525483292"
"293.24469022412234","288.7978910369485"
"289.12871931379874","286.79086116001497"
"291.9805057873539","288.7978910369485"
"286.65712767678707","288.7978910369485"
"283.82603959761246","286.79086116001497"
"288.02712656455327","289.8014059752725"
"301.03739870670637","299.8365553602255"
"323.3624327104653","304.854130052702"
"323.88995727279206","299.8365553602255"
"297.2204178493322","288.7978910369485"
"280.8148375567933","282.7768014058625"
"273.3180877710185","273.745166959519"
"268.72462458041235","266.72056239010897"
"260.4558943845027","258.692442882375"
"255.53818861994995","251.667838312965"
"246.21081688269027","250.6643233743555"
"243.41347710900385","246.6502636204885"
"242.6902657666384","246.6502636204885"
"245.8479415839105","246.6502636204885"
"250.39499785449914","248.65729349742202"
"261.4322721283726","257.6889279437655"
"269.4104068885762","274.7486818981285"
"293.0471251764754","285.7873462214055"
"290.3619523658041","288.7978910369485"
"284.92500366535506","282.7768014058625"
"281.5787951590216","280.769771528929"
"284.76594010139695","279.766256590605"
"282.78555597763034","280.769771528929"
"276.09651602943325","281.77328646753847"
"282.8726804992777","280.769771528929"
"294.12238875226535","281.77328646753847"
"300.3385938114742","283.780316344472"
"298.0556329115606","281.77328646753847"
"281.5589752401768","276.75571177506197"
"271.44278644512383","270.734622143976"
"263.7641903153822","260.6994727593085"
"261.65956566492747","253.6748681898985"
"250.52397861471877","247.65377855881252"
"245.1897325304568","238.62214411246902"
"229.410263251619","238.62214411246902"
"224.50059318664","234.608084358602"
"232.4426428992627","230.5940246044495"
"230.87865842559808","232.60105448166848"
"237.26725394945","233.60456941999252"
"251.2185666921876","237.61862917385952"
"251.91191497401383","243.6397188049455"
"253.50761669410682","250.6643233743555"
"261.7114190825182","253.6748681898985"
"258.62876633871747","250.6643233743555"
"257.3257710851815","248.65729349742202"
"260.1945491344003","247.65377855881252"
"254.00352996138983","246.6502636204885"
"253.4744389687715","244.6432337432695"
"254.92698243335542","244.6432337432695"
"262.3278315054998","245.646748681879"
"255.94816049142568","248.65729349742202"
"261.2822832781562","249.660808435746"
"254.82005399865176","246.6502636204885"
"248.68291195082924","239.6256590510785"
"238.03829503716736","234.608084358602"
"238.5677718059153","234.608084358602"
"238.35842492593468","229.5905096661255"
"221.1471263299842","218.55184534284848"
"212.68442270865566","180.4182776802555"
"143.2148930975211","141.28119507905302"
"113.1560795915999","126.22847100162349"
"106.5264734085236","95.119507908726"
"96.91992678346057","95.119507908726"
"108.1412704641402","90.1019332162495"
"122.16677332170855","104.15114235506948"
"148.61174859034685","166.3690685414355"
"180.5773926196147","205.5061511423525"
"220.0600319505427","230.5940246044495"
"241.12059472332226","236.6151142355355"
"244.42894443221797","237.61862917385952"
"233.5299129415121","236.6151142355355"
"236.72400601474686","234.608084358602"
"240.4016461253438","234.608084358602"
"249.55935367065297","234.608084358602"
"248.30308159728366","244.6432337432695"
"256.4937452984199","244.6432337432695"
"245.433040571508","237.61862917385952"
"234.61620907718014","230.5940246044495"
"219.79739951616523","227.58347978919198"
"221.35742596754312","223.5694200350395"
"214.8846196204545","221.56239015810598"
"185.76840460470478","205.5061511423525"
"194.50009160967772","145.29525483292"
"123.68894915410777","97.12653778565948"
"123.59798537079342","93.11247803150701"
"131.84007560128995","101.14059753952651"
"125.40486225624858","125.22495606329949"
"140.79649761739557","169.37961335669303"
"172.03732913735374","194.4674868190755"
"189.7043870347528","184.4323374341225"
"175.72371487737752","165.365553602826"
"168.76401683819634","145.29525483292"
"162.00772608208206","154.326889279549"
"173.74744132792435","172.390158172236"
"202.69265706986315","216.5448154656295"
"213.43095270917948","212.5307557117625"
"187.91537202207894","192.460456942142"
"178.2953989355972","166.3690685414355"
"155.75338110168036","159.34446397174"
"140.38723361100486","125.22495606329949"
"171.81287184673505","88.09490333931598"
"114.17433092247668","92.10896309318298"
"116.32826739524802","144.291739894596"
"167.59339102279895","162.35500878728303"
"167.62183339705072","173.3936731108455"
"172.68813907875082","168.376098418369"
"168.74153034244515","170.3831282953025"
"169.7886274718928","178.4112478030365"
"192.2276026872735","204.502636203743"
"213.02744368588665","219.5553602811725"
"237.61691532051475","216.5448154656295"
"224.26655391357446","204.502636203743"
"193.97412327984202","177.4077328647125"
"180.9984362085501","159.34446397174"
"154.11594351658545","151.316344464006"
"136.15691441356137","129.23901581716652"
"99.45321091792505","94.11599297011651"
"121.11373183150846","126.22847100162349"
"89.03311069619593","94.11599297011651"
"90.181220145557","82.07381370822998"
"83.47212741475022","86.08787346209704"
"96.38192770682647","115.18980667834651"
"140.83242565916643","151.316344464006"
"188.46528200859902","193.463971880466"
"224.39871276929463","211.527240773153"
"225.55506667051293","220.558875219782"
"232.65614942831854","229.5905096661255"
"242.2125591080645","232.60105448166848"
"238.19790116818155","233.60456941999252"
"227.4559201553696","234.608084358602"
"235.16897531416572","236.6151142355355"
"234.02730815617466","239.6256590510785"
"244.48427576478088","248.65729349742202"
"257.04522285422286","253.6748681898985"
"264.06675819045756","252.67135325128902"
"253.1651914777677","249.660808435746"
"242.3924574065265","244.6432337432695"
"240.51343631142666","238.62214411246902"
"230.65797655967071","236.6151142355355"
"233.14377843680603","229.5905096661255"
"202.1543246736921","209.5202108962195"
"217.7888302146659","221.56239015810598"
"209.28475985324903","212.5307557117625"
"206.17671270121053","205.5061511423525"
"204.50588082912685","204.502636203743"
"215.73208060897343","214.537785588696"
"227.55701392281597","222.56590509671548"
"233.1646783332004","231.59753954305899"
"241.81170052756272","237.61862917385952"
"242.72797092142775","243.6397188049455"
"246.46357464226116","244.6432337432695"
"249.67043066534757","244.6432337432695"
"247.91713754573254","243.6397188049455"
"234.70247693009907","238.62214411246902"
"234.60151374074576","235.611599296926"
"232.28183425233857","237.61862917385952"
"241.0107969942959","241.632688928012"
"238.12766831895726","243.6397188049455"
"254.18185167354272","242.63620386633602"
"238.34965917796416","238.62214411246902"
"228.14152284409633","231.59753954305899"
"223.54217634379057","220.558875219782"
"213.65207362818555","209.5202108962195"
"205.70740929043242","185.4358523724465"
"150.24955092436443","161.351493848959"
"159.93967807064575","160.3479789103495"
"115.8649255502273","116.19332161695601"
"106.44391328122862","97.12653778565948"
"92.26213794316263","90.1019332162495"
"90.27821741226956","92.10896309318298"
"107.65148455774809","134.25659050964302"
"165.93183525944517","167.3725834797595"
"198.0379310922856","207.513181019286"
"212.0691416517484","220.558875219782"
"225.2251753446082","225.5764499122585"
"231.99961742027082","227.58347978919198"
"227.80719035115305","227.58347978919198"
"215.54119305395182","225.5764499122585"
"219.05933011869712","223.5694200350395"
"218.47356871825582","224.572934973649"
"229.12108289624558","231.59753954305899"
"230.65837275960095","235.611599296926"
"250.5127315740042","237.61862917385952"
"240.33120035141033","235.611599296926"
"231.8505321023576","230.5940246044495"
"231.86558107907112","226.5799648505825"
"225.9649539481603","222.56590509671548"
"226.50946729154137","211.527240773153"
"189.12760820045008","184.4323374341225"
"200.529590520005","154.326889279549"
"139.63195671922597","148.30579964846302"
"147.87867435040727","146.2987697715295"
"141.63221684295746","147.302284710139"
"154.64691539145693","148.30579964846302"
"167.97105081885897","188.4463971879895"
"203.493158825868","228.58699472751601"
"240.48318151832564","237.61862917385952"
"240.5879183968434","242.63620386633602"
"245.12329157882863","244.6432337432695"
"250.78506403754463","248.65729349742202"
"252.2498509033628","247.65377855881252"
"239.54891665130083","246.6502636204885"
"240.14778700395954","244.6432337432695"
"241.4103741616301","245.646748681879"
"252.70988462835015","254.6783831282225"
"261.6410049713694","260.6994727593085"
"267.81803001384066","264.7135325131755"
"260.420330969561","260.6994727593085"
"250.61403508284016","254.6783831282225"
"244.7320017235507","246.6502636204885"
"240.78716107115844","243.6397188049455"
"243.48496670058216","241.632688928012"
"226.1664363018656","234.608084358602"
"236.35711424517842","246.6502636204885"
"238.70853298626872","228.58699472751601"
"225.80847548076684","209.5202108962195"
"215.0125403980874","201.4920913884855"
"217.253832333504","204.502636203743"
"226.14126499980947","212.5307557117625"
"227.95319635630796","212.5307557117625"
"234.8630161278319","229.5905096661255"
"243.8423524078824","245.646748681879"
"253.3443161169157","249.660808435746"
"259.9961988818411","254.6783831282225"
"263.6874150783689","255.681898066832"
"250.45930796743005","256.68541300515597"
"253.84531198468827","256.68541300515597"
"253.7305767384069","258.692442882375"
"254.58121310368028","278.7627416519955"
"305.69538440883366","332.9525483303991"
"345.8865787638712","333.9560632688944"
"342.5843464038595","283.780316344472"
"255.12357951048182","256.68541300515597"
"234.84109805333918","247.65377855881252"
"237.51739111437567","244.6432337432695"
"239.89153417622828","240.6291739894025"
"226.0150480819725","186.439367311056"
"158.72577574467502","175.40070298777897"
"165.0544461695763","215.54130052730548"
"205.4372681101022","211.527240773153"
"209.19653969984395","205.5061511423525"
"212.91958262882326","205.5061511423525"
"215.56512476219797","192.460456942142"
"224.72305240869724","192.460456942142"
"215.5091510494543","180.4182776802555"
"210.58276645844504","180.4182776802555"
"213.07599601206786","198.4815465729425"
"217.77855210244456","215.54130052730548"
"221.89029803608923","217.548330404239"
"225.8147513702399","215.54130052730548"
"218.71081016659048","216.5448154656295"
"227.33778293470596","222.56590509671548"
"225.08186240874642","230.5940246044495"
"240.5384979298513","244.6432337432695"
"233.76489279830315","250.6643233743555"
"232.48490275207786","245.646748681879"
"229.2250673882504","229.5905096661255"
"222.81365934789613","217.548330404239"
"197.61359486401133","208.51669595789548"
"162.3713597508086","182.42530755718897"
"191.49389773674244","218.55184534284848"
"189.23367286315673","212.5307557117625"
"195.20865244756897","205.5061511423525"
"192.4355057080062","206.509666080962"
"201.96588341212646","214.537785588696"
"215.77721916434538","211.527240773153"
"216.522072770784","207.513181019286"
"243.6437127129984","284.7838312830815"
"264.87747035286645","285.7873462214055"
"285.6943498318871","281.77328646753847"
"287.5684497248769","288.7978910369485"
"296.00017350500536","300.84007029883503"
"272.3253532901347","260.6994727593085"
"257.29256561002427","263.710017574566"
"261.25145984619746","268.7275922670425"
"264.9132022969498","278.7627416519955"
"290.00649704379117","279.766256590605"
"281.59901610207646","281.77328646753847"
"266.9739733201741","265.717047451785"
"251.13264620620131","259.695957820699"
"246.5790085564164","252.67135325128902"
"240.49259716252192","247.65377855881252"
"240.49733181617495","237.61862917385952"
"203.9838308726757","218.55184534284848"
"232.92199890130433","215.54130052730548"
"202.97146158118423","189.44991212659897"
"176.2780569974833","161.351493848959"
"153.63700390136904","146.2987697715295"
"153.23566496623587","141.28119507905302"
"191.32784796489165","180.4182776802555"
"216.71655913252488","246.6502636204885"
"275.0777940885916","274.7486818981285"
"269.01969694441516","249.660808435746"
"255.1914426241558","248.65729349742202"
"252.71083555929027","248.65729349742202"
"250.80976647543835","247.65377855881252"
"246.2419528662839","247.65377855881252"
"246.4611922674394","248.65729349742202"
"248.27754395842047","248.65729349742202"
"255.7413877924531","250.6643233743555"
"255.19661311234233","251.667838312965"
"263.61812237930906","250.6643233743555"
"249.01900034272347","249.660808435746"
"236.7059267488627","245.646748681879"
"235.81409619009673","250.6643233743555"
"224.8583949862967","214.537785588696"
"192.23627098340287","214.537785588696"
"167.9792923361017","118.20035149388949"
"114.44722730060042","73.04217926188653"
"108.953810651981","81.070298769906"
"137.1795810878906","153.3233743409395"
"222.85637100628662","294.818980667749"
"291.1338500910697","244.6432337432695"
"263.6984236997911","243.6397188049455"
"261.2254689997932","246.6502636204885"
"253.96615127341352","246.6502636204885"
"251.6450803503662","245.646748681879"
"250.9381522460386","245.646748681879"
"249.511619282935","247.65377855881252"
"257.38220417025974","248.65729349742202"
"260.35647829576294","251.667838312965"
"265.7164266406801","251.667838312965"
"252.88977485703515","250.6643233743555"
"237.1636509510014","246.6502636204885"
"235.8623005569247","241.632688928012"
"232.5953558442527","233.60456941999252"
"213.18908097559736","226.5799648505825"
"200.60835569875735","201.4920913884855"
"206.976397654396","125.22495606329949"
"201.72455903870204","264.7135325131755"
"267.01040152564167","260.6994727593085"
"269.25245157336224","261.7029876976325"
"276.1550299847223","264.7135325131755"
"278.22487813212217","264.7135325131755"
"259.2113342157587","260.6994727593085"
"257.81117829524874","258.692442882375"
"258.1858275383615","261.7029876976325"
"261.97224421236","268.7275922670425"
"291.4281206536964","278.7627416519955"
"281.3489402381407","284.7838312830815"
"281.01684219949374","259.695957820699"
"249.08632543030967","251.667838312965"
"240.56605326295","245.646748681879"
"236.04334268023132","231.59753954305899"
"231.2393551188534","219.5553602811725"
"202.261584163701","140.277680140729"
"160.90566811470666","213.534270650372"
"184.65328124484805","155.33040421787302"
"136.27008184103036","118.20035149388949"
"118.36614458620596","121.21089630943251"
"114.64353446874205","153.3233743409395"
"163.94453503910773","159.34446397174"
"182.07645408771614","173.3936731108455"
"218.8763505653131","270.734622143976"
"264.7354830153082","289.8014059752725"
"282.6776063325732","287.794376098339"
"295.1304680108457","290.80492091388203"
"305.9845440525166","331.9490333919038"
"305.71925353719695","300.84007029883503"
"297.59310224575125","274.7486818981285"
"277.553859586952","259.695957820699"
"264.49638664351335","263.710017574566"
"283.4085791351918","327.93497363795115"
"344.52545344043847","390.1528998242315"
"344.1894732998481","364.06151142355355"
"342.6929904429269","331.9490333919038"
"286.8000706251156","254.6783831282225"
"246.07213362653349","248.65729349742202"
"242.8550364455686","240.6291739894025"
"216.9316583922139","232.60105448166848"
"224.9572062967185","244.6432337432695"
"230.69174288938814","227.58347978919198"
"214.39973940336833","209.5202108962195"
"200.58847336710247","148.30579964846302"
"148.19103336362724","132.2495606327095"
"154.02963886065672","111.17574692447948"
"153.73757131576448","204.502636203743"
"227.10552409984624","198.4815465729425"
"227.27305477158137","259.695957820699"
"258.81948848531783","247.65377855881252"
"255.29754608800448","249.660808435746"
"258.11036796705264","248.65729349742202"
"247.2714646228672","246.6502636204885"
"252.13784452475255","242.63620386633602"
"248.79669060407596","245.646748681879"
"254.55970956942696","246.6502636204885"
"258.7134476717961","253.6748681898985"
"262.86806081843395","273.745166959519"
"266.28764409915357","264.7135325131755"
"253.81242697438276","254.6783831282225"
"240.83377559420688","252.67135325128902"
"240.5281384236269","234.608084358602"
"229.24576696512406","233.60456941999252"
"214.52237059822474","216.5448154656295"
"205.01560916399478","201.4920913884855"
"186.80847380295978","73.04217926188653"
"123.72328985139151","193.463971880466"
"235.44111929238704","209.5202108962195"
"220.29807259937343","212.5307557117625"
"227.76770909782155","219.5553602811725"
"224.75030382120192","197.478031634333"
"219.99924213492727","250.6643233743555"
"256.49159722999036","282.7768014058625"
"262.81684215554094","260.6994727593085"
"256.3421472752415","259.695957820699"
"258.98719055333197","246.6502636204885"
"256.44723892221634","246.6502636204885"
"259.5991650582641","277.7592267136715"
"282.83223638249245","341.9841827767997"
"335.6394543845544","404.2021089630515"
"378.10860667842167","409.219683655528"
"348.3942674038196","345.9982425307552"
"306.67090460443245","296.8260105446825"
"280.1548908751424","279.766256590605"
"268.17931813646896","252.67135325128902"
"248.21389188376432","259.695957820699"
"256.11975634287666","247.65377855881252"
"244.7131277463164","242.63620386633602"
"236.2784819031246","240.6291739894025"
"233.52325782538344","241.632688928012"
"247.72073782417044","268.7275922670425"
"311.53855506968677","319.9068541300459"
"427.58058556945934","439.32513181010154"
"482.09718330131284","479.46572934962796"
"440.4502359455967","436.31458699484403"
"414.54389296595764","419.254833040481"
"419.61351187648165","416.24428822493803"
"410.46313068346876","414.2372583480045"
"400.4788863149217","407.2126537785945"
"399.5612152239227","389.149384885622"
"384.3746851451647","377.107205624021"
"396.9070804948331","385.135325131755"
"444.65760155461425","424.2724077329575"
"469.2940482360157","455.3813708261405"
"377.9744346692496","390.1528998242315"
"305.90215594023965","299.8365553602255"
"274.464857777672","268.7275922670425"
"252.51230839954326","249.660808435746"
"247.97682531859735","241.632688928012"
"232.77338039376977","235.611599296926"
"229.4831897352917","230.5940246044495"
"234.15287065108475","227.58347978919198"
"231.842817083819","208.51669595789548"
"222.44355243563245","226.5799648505825"
"254.84360142987958","250.6643233743555"
"272.3371807765752","295.82249560635853"
"341.4738519331618","357.0369068541435"
"393.86744183172533","394.1669595780985"
"356.79936022364325","381.121265377888"
"370.75237707064036","379.1142355009545"
"397.99007829935385","394.1669595780985"
"394.32799197940017","388.145869947298"
"390.41211548848315","394.1669595780985"
"380.7811673783518","387.14235500868847"
"396.95738826355495","386.1388400703645"
"401.3835840829061","409.219683655528"
"464.94388063408815","455.3813708261405"
"436.941218975566","454.377855887531"
"312.7111620339437","303.850615114378"
"294.3049494917253","266.72056239010897"
"264.2139993159914","258.692442882375"
"253.75526272909804","245.646748681879"
"243.80492433549068","237.61862917385952"
"237.42936819706017","228.58699472751601"
"222.91911352059853","227.58347978919198"
"229.9268132669285","225.5764499122585"
"227.40584687488234","218.55184534284848"
"227.22357917773599","223.5694200350395"
"241.3358439761319","242.63620386633602"
"263.3369183868736","253.6748681898985"
"265.76769026071463","278.7627416519955"
"296.0469290805843","309.8717047451785"
"308.9451030012748","294.818980667749"
"293.2308997077574","282.7768014058625"
"289.2750234472449","291.80843585249147"
"277.3685630054548","296.8260105446825"
"298.25440212515605","299.8365553602255"
"307.3743143681479","299.8365553602255"
"297.4541908558599","315.892794375979"
"342.74035209921345","339.9771528998377"
"359.2043685015296","351.0158172232003"
"329.123196586789","306.8611599296355"
"293.5972885196884","280.769771528929"
"266.27161179138477","262.706502636242"
"253.3619196731995","253.6748681898985"
"246.83878588592344","243.6397188049455"
"230.98076609225615","233.60456941999252"
"232.53232654346448","232.60105448166848"
"219.61158446690013","227.58347978919198"
"222.7358055917814","219.5553602811725"
"215.89940268829457","214.537785588696"
"221.3850401940394","216.5448154656295"
"229.9134484429415","237.61862917385952"
"278.2675688890752","249.660808435746"
"278.8502676652176","256.68541300515597"
"267.07193799306117","262.706502636242"
"263.3090254744582","256.68541300515597"
"257.61989627963897","256.68541300515597"
"256.2934038080131","255.681898066832"
"255.75080339651703","255.681898066832"
"262.45816770619524","256.68541300515597"
"256.7925430179332","256.68541300515597"
"254.2556306892899","255.681898066832"
"255.19779520011895","257.6889279437655"
"276.03271517802693","265.717047451785"
"260.4398436580853","262.706502636242"
"257.12264777780734","256.68541300515597"
"249.77201455807779","253.6748681898985"
"241.73270080411055","250.6643233743555"
"238.98411675473295","245.646748681879"
"225.67747989358207","232.60105448166848"
"227.08504009484176","181.4217926185795"
"167.7569641013154","137.267135325186"
"131.43809851910817","121.21089630943251"
"127.78599277680087","121.21089630943251"
"130.74966832934058","136.26362038657652"
"153.13251042902368","191.4569420035325"
"221.70224503739286","249.660808435746"
"306.6597281204409","278.7627416519955"
"275.52053159117395","282.7768014058625"
"275.6434074875124","265.717047451785"
"265.66883886714345","255.681898066832"
"260.65814108248173","252.67135325128902"
"252.85442634955746","251.667838312965"
"260.0532509653942","250.6643233743555"
"251.5954898199467","249.660808435746"
"252.42032477196284","249.660808435746"
"253.6681918169376","251.667838312965"
"269.10928022130577","263.710017574566"
"261.5118287069704","259.695957820699"
"256.6205949880037","250.6643233743555"
"252.73791943093903","245.646748681879"
"240.72984946082835","244.6432337432695"
"236.41821859353598","237.61862917385952"
"218.45227386457458","222.56590509671548"
"223.72406648443845","223.5694200350395"
"208.83133870035027","212.5307557117625"
"197.64676766720288","207.513181019286"
"196.82099394852074","215.54130052730548"
"210.92718928655412","218.55184534284848"
"218.4681895420292","228.58699472751601"
"225.49568602583705","231.59753954305899"
"252.87188630773323","238.62214411246902"
"234.9073167297473","243.6397188049455"
"250.1389892868194","247.65377855881252"
"259.0855281087797","257.6889279437655"
"266.37149246388844","262.706502636242"
"256.89571766559754","262.706502636242"
"261.866521464086","251.667838312965"
"258.8727559658266","251.667838312965"
"262.15790133797697","261.7029876976325"
"272.25999347104715","286.79086116001497"
"291.4234025117387","307.864674868245"
"294.47297181208586","291.80843585249147"
"272.87278282269233","268.7275922670425"
"253.64537587082742","258.692442882375"
"256.1911860096234","254.6783831282225"
"250.57997985160787","253.6748681898985"
"247.9695347239711","250.6643233743555"
"243.3972050464651","253.6748681898985"
"245.31711956527613","250.6643233743555"
"243.09058793626542","249.660808435746"
"246.07327668886413","248.65729349742202"
"236.90398092424675","242.63620386633602"
"254.9060304389405","248.65729349742202"
"256.2876668137672","245.646748681879"
"258.25404687401044","251.667838312965"
"254.83249192051713","253.6748681898985"
"249.09099863995368","259.695957820699"
"266.39949886531394","268.7275922670425"
"276.11564009022845","271.7381370825855"
"265.4801154078699","271.7381370825855"
"268.1289474704796","267.7240773287185"
"267.95014144877064","272.741652021195"
"274.31755729508683","284.7838312830815"
"292.92782829634405","293.815465729425"
"313.26874037382095","347.0017574692448"
"315.9387027021052","342.987697715295"
"324.3647215469348","299.8365553602255"
"281.75630723111215","291.80843585249147"
"276.8502538905608","292.8119507908155"
"266.0432205001771","265.717047451785"
"259.252965801725","255.681898066832"
"244.02303756388147","252.67135325128902"
"243.17970788636342","249.660808435746"
"246.92224644442513","247.65377855881252"
"248.18757576641278","249.660808435746"
"252.4880414239679","248.65729349742202"
"269.2805391098485","267.7240773287185"
"285.8499313142856","313.8857644990455"
"436.95878426999957","431.2970123023675"
"442.1746894240418","452.3708260105975"
"384.6870514444173","356.0333919156482"
"363.81727323177165","337.9701230228471"
"333.4980360750017","360.0474516696009"
"354.290869597265","395.170474516708"
"371.66741167245976","386.1388400703645"
"361.7206832711213","365.06502636204885"
"368.17342149182974","371.0861159929635"
"381.69864936398284","390.1528998242315"
"481.20812540316","447.353251318121"
"369.3472839196519","353.0228471001623"
"334.7676640048477","318.9033391915506"
"306.43193497790526","296.8260105446825"
"294.7075901766196","279.766256590605"
"270.28081303618745","260.6994727593085"
"264.80905466218684","254.6783831282225"
"249.64879806023265","254.6783831282225"
"248.55668389273384","250.6643233743555"
"251.58955251351273","248.65729349742202"
"253.60418320190036","250.6643233743555"
"256.6044534370106","255.681898066832"
"271.55295062724156","297.829525483292"
"316.66132004618987","345.9982425307552"
"457.500662057961","426.27943760989103"
"441.2228393890315","440.328646748711"
"387.9947089134808","394.1669595780985"
"378.26201337959293","366.0685413005156"
"364.68992412735975","371.0861159929635"
"380.95204326498094","388.145869947298"
"371.403493643011","381.121265377888"
"362.4628066827274","371.0861159929635"
"379.2246142635238","373.0931458699541"
"395.32968951030136","398.181019332251"
"455.23969821686484","457.388400703074"
"404.29579678483515","434.307557117625"
"361.2928972830262","341.9841827767997"
"317.09579173151815","329.94200351494175"
"306.78632725578467","283.780316344472"
"270.4023440453999","268.7275922670425"
"266.91465223924746","254.6783831282225"
"253.69087713943702","252.67135325128902"
"251.8529373089111","249.660808435746"
"253.6419587753559","246.6502636204885"
"252.44274966946742","247.65377855881252"
"255.74498227096112","252.67135325128902"
"272.9778880236895","295.82249560635853"
"317.1774908962473","325.9279437609891"
"405.7972204570816","384.131810193431"
"398.72751638209337","388.145869947298"
"356.26989456505396","326.9314586994844"
"326.39997671953535","321.9138840070365"
"322.3223829471574","321.9138840070365"
"314.6208515617965","320.9103690685412"
"319.6017747124722","304.854130052702"
"303.42341338043747","307.864674868245"
"305.6054064525173","304.854130052702"
"290.3310386921445","316.8963093145885"
"317.695821336102","324.9244288224938"
"314.51687577438105","297.829525483292"
"293.8003712467305","276.75571177506197"
"276.76493314882964","262.706502636242"
"266.02583580159705","259.695957820699"
"254.07423580084935","253.6748681898985"
"249.96623496769058","244.6432337432695"
"237.86797008887555","235.611599296926"
"224.17623186391842","229.5905096661255"
"226.46654800386148","230.5940246044495"
"229.8119578074727","232.60105448166848"
"234.79160917417937","240.6291739894025"
"255.1794024841444","250.6643233743555"
"263.4390099265007","277.7592267136715"
"286.71785585757084","299.8365553602255"
"311.04004701533864","314.889279437655"
"304.55196274358843","297.829525483292"
"289.3941360112786","287.794376098339"
"288.3705087051915","299.8365553602255"
"293.9712825009717","305.85764499131153"
"291.5926023980085","299.8365553602255"
"290.72113575272186","289.8014059752725"
"291.3178674493384","291.80843585249147"
"295.35315678224913","313.8857644990455"
"339.69700916998033","330.94551845343705"
"301.02961433222936","303.850615114378"
"279.2657490455921","278.7627416519955"
"260.6920382300741","271.7381370825855"
"256.05225042967834","266.72056239010897"
"253.61553463074603","255.681898066832"
"243.7806114449961","250.6643233743555"
"245.47419639489064","235.611599296926"
"218.89469074022279","234.608084358602"
"216.46602824219397","224.572934973649"
"212.89919523891092","223.5694200350395"
"217.68203280533518","232.60105448166848"
"242.38847845492384","232.60105448166848"
"257.6912472617678","291.80843585249147"
"314.3133268396266","340.9806678383044"
"335.6217041332748","371.0861159929635"
"368.9616849730235","340.9806678383044"
"349.6659574679541","329.94200351494175"
"337.18165617715937","335.9630931458565"
"322.6227711522684","333.9560632688944"
"323.07926795273244","313.8857644990455"
"301.6805368891782","304.854130052702"
"301.6219090704961","318.9033391915506"
"337.12568723364785","334.9595782073897"
"364.4729985739477","373.0931458699541"
"336.71167323010184","333.9560632688944"
"310.63584342832985","291.80843585249147"
"280.0547103488885","270.734622143976"
"273.5616162958206","270.734622143976"
"268.82307368518656","261.7029876976325"
"259.9528335199941","255.681898066832"
"251.7915086594935","254.6783831282225"
"249.75037488232596","251.667838312965"
"246.60381645560983","249.660808435746"
"246.46726911236385","248.65729349742202"
"248.18560366766178","245.646748681879"
"251.77675236973135","245.646748681879"
"266.07674372911174","245.646748681879"
"245.82170881181816","251.667838312965"
"261.4490169754743","252.67135325128902"
"251.52910577888366","255.681898066832"
"245.3612731801722","256.68541300515597"
"259.8907646037303","256.68541300515597"
"255.3363001433027","254.6783831282225"
"251.6655097744778","250.6643233743555"
"253.8600240594659","247.65377855881252"
"259.67408057373177","246.6502636204885"
"252.13695761484485","255.681898066832"
"288.20470558698827","272.741652021195"
"261.6244211683346","267.7240773287185"
"255.27448348971893","255.681898066832"
"243.51998347277538","251.667838312965"
"248.33105891777694","245.646748681879"
"242.42121955737937","242.63620386633602"
"233.99770676227809","227.58347978919198"
"217.1142088446796","220.558875219782"
"200.04055699305354","206.509666080962"
"199.931717885338","197.478031634333"
"187.78013187193008","195.47100175739948"
"178.09722476218892","195.47100175739948"
"213.48754562052417","203.49912126541898"
"227.00594252905944","212.5307557117625"
"220.53034090951428","215.54130052730548"
"228.65853092206328","221.56239015810598"
"224.95014491256978","229.5905096661255"
"240.6005997481397","234.608084358602"
"247.68685054367245","236.6151142355355"
"240.8469840883304","236.6151142355355"
"235.62262230412594","234.608084358602"
"244.1880699840617","235.611599296926"
"256.709654625864","240.6291739894025"
"248.7192390736995","222.56590509671548"
"261.8399266004432","296.8260105446825"
"282.50677700514495","290.80492091388203"
"272.8941650112978","275.7521968364525"
"261.30663461776663","263.710017574566"
"265.667937990414","255.681898066832"
"250.66036456873218","252.67135325128902"
"246.3423109283636","246.6502636204885"
"236.86297887625153","237.61862917385952"
"219.95876042922768","232.60105448166848"
"220.80718800853833","229.5905096661255"
"226.4981548628527","225.5764499122585"
"225.564043093669","234.608084358602"
"250.97737964568313","234.608084358602"
"252.4809263465672","305.85764499131153"
"396.0723713639131","387.14235500868847"
"405.2266986460784","409.219683655528"
"368.6835656662389","379.1142355009545"
"382.30286985400346","377.107205624021"
"368.2123742478644","383.1282952548215"
"367.29549764022045","372.0896309314588"
"352.53372080239006","356.0333919156482"
"343.10194640898516","348.0052724077315"
"345.01344305045507","334.9595782073897"
"345.04566957520484","353.0228471001623"
"399.3043531216322","409.219683655528"
"439.3031185672834","448.3567662567305"
"365.6731152608447","386.1388400703645"
"332.70307547541375","321.9138840070365"
"300.1062782556147","300.84007029883503"
"282.963757712666","275.7521968364525"
"271.85071101693893","264.7135325131755"
"256.09516856179465","260.6994727593085"
"254.53965606061354","253.6748681898985"
"252.01852945076496","254.6783831282225"
"252.9600520494427","255.681898066832"
"259.5162982315403","260.6994727593085"
"277.06863242477124","277.7592267136715"
"304.5622046059241","311.878734622112"
"380.19960202857726","409.219683655528"
"409.68872344775997","408.2161687169185"
"415.158688353414","416.24428822493803"
"403.35514641600116","403.1985940247275"
"400.6635948277008","401.19156414750853"
"384.86694306546894","393.1634446397745"
"380.1606891036253","389.149384885622"
"385.0411262881808","381.121265377888"
"371.30706650792933","379.1142355009545"
"410.64519344749664","410.2231985941375"
"485.2193546728748","480.4692442882375"
"508.96520914779046","498.5325131809245"
"435.774869513799","409.219683655528"
"343.1615531757067","314.889279437655"
"306.4447638170098","313.8857644990455"
"294.7087587784179","277.7592267136715"
"277.0868712570317","268.7275922670425"
"265.56539875614095","269.731107205652"
"267.36585423185","264.7135325131755"
"265.0593331629333","263.710017574566"
"264.8621833791275","264.7135325131755"
"270.3371325649918","274.7486818981285"
"295.37649611913855","286.79086116001497"
"318.2949825576714","320.9103690685412"
"461.7080847302914","431.2970123023675"
"432.40168384048246","431.2970123023675"
"411.3272170317051","409.219683655528"
"388.8973147117604","383.1282952548215"
"387.5139641473842","373.0931458699541"
"400.630189899443","353.0228471001623"
"346.48689046829804","339.9771528998377"
"339.137895982784","334.9595782073897"
"332.4244834713215","334.9595782073897"
"348.4403378748883","345.9982425307552"
"403.9039894557625","431.2970123023675"
"368.39053336121884","324.9244288224938"
"303.02321321967787","319.9068541300459"
"299.87996106960975","303.850615114378"
"289.92206585170806","278.7627416519955"
"269.63754885921264","268.7275922670425"
"258.2232858886374","257.6889279437655"
"252.54633649022503","261.7029876976325"
"252.9799175600458","259.695957820699"
"254.22162618786507","256.68541300515597"
"249.19791634728142","249.660808435746"
"247.4746222255541","251.667838312965"
"262.06325129404007","264.7135325131755"
"293.997742992777","272.741652021195"
"296.7966877606631","274.7486818981285"
"305.18568750908423","325.9279437609891"
"324.7177961019791","327.93497363795115"
"324.76415286090185","322.9173989455318"
"298.0217759031078","290.80492091388203"
"276.49261632674506","279.766256590605"
"270.30751853400966","278.7627416519955"
"282.52523381265866","276.75571177506197"
"282.15394207298","273.745166959519"
"276.5259038546966","274.7486818981285"
"296.57222272298975","270.734622143976"
"269.1694915593122","276.75571177506197"
"265.70705451554517","270.734622143976"
"269.8391122647364","270.734622143976"
"258.9206045311901","264.7135325131755"
"246.7697690351916","258.692442882375"
"246.54117203076913","249.660808435746"
"248.71281873958554","246.6502636204885"
"241.98330514054305","244.6432337432695"
"241.05196225984255","243.6397188049455"
"231.42588746121933","245.646748681879"
"250.16944731973126","254.6783831282225"
"259.48054130363187","262.706502636242"
"295.4675041688578","276.75571177506197"
"348.10730467656634","386.1388400703645"
"422.2735192401772","416.24428822493803"
"421.8076560893396","438.3216168717775"
"412.47987413612753","409.219683655528"
"402.94997066773345","409.219683655528"
"445.42391377295485","422.265377856024"
"400.8701113881909","377.107205624021"
"357.7881093243487","355.0298769771529"
"348.7057652092638","336.9666080843518"
"347.8198287281012","341.9841827767997"
"400.23116118075575","442.3356766256445"
"463.79517165374136","483.4797891037805"
"365.00878505408497","375.100175746802"
"310.1018532483363","285.7873462214055"
"276.7819239126033","279.766256590605"
"268.03507112410284","272.741652021195"
"262.2355024449981","268.7275922670425"
"261.6918876718976","267.7240773287185"
"259.73008472556876","262.706502636242"
"257.4277443950809","261.7029876976325"
"255.99815777308177","262.706502636242"
"262.1765681454124","263.710017574566"
"271.8335568162971","266.72056239010897"
"280.18846674265035","270.734622143976"
"267.69411965565337","274.7486818981285"
"298.9528001285151","275.7521968364525"
"270.03619375700634","282.7768014058625"
"260.3727345066624","290.80492091388203"
"299.39254650589993","289.8014059752725"
"298.22076936102235","284.7838312830815"
"283.2319336660526","283.780316344472"
"287.12162220403053","282.7768014058625"
"291.30183880490154","287.794376098339"
"303.48495737483745","319.9068541300459"
"373.00119272944534","396.1739894553175"
"446.0766251296764","449.36028119505454"
"313.8862388406054","314.889279437655"
"288.2544411099005","285.7873462214055"
"274.8342199600608","281.77328646753847"
"268.2855546288906","278.7627416519955"
"268.6858636139776","274.7486818981285"
"267.45949404370566","272.741652021195"
"268.05663128404814","268.7275922670425"
"260.11521507073144","265.717047451785"
"260.60086151950975","259.695957820699"
"255.84555252630327","248.65729349742202"
"256.4905725804382","247.65377855881252"
"260.7191982759705","250.6643233743555"
"268.52368686304453","260.6994727593085"
"262.7897913837436","266.72056239010897"
"263.09487083066597","273.745166959519"
"274.28705729502434","278.7627416519955"
"282.97129340050077","276.75571177506197"
"269.7615839165659","273.745166959519"
"264.22211964749147","271.7381370825855"
"267.8318086629607","271.7381370825855"
"276.13401838686946","272.741652021195"
"281.3196448275618","281.77328646753847"
"308.79481917987243","293.815465729425"
"287.4796439915591","288.7978910369485"
"286.5846721448364","283.780316344472"
"269.45498920696843","275.7521968364525"
"262.0282744693487","271.7381370825855"
"261.38570605187573","266.72056239010897"
"253.74216342297916","260.6994727593085"
"250.17649655491743","259.695957820699"
"248.04499351182562","253.6748681898985"
"242.46724966284316","241.632688928012"
"233.92071661749173","237.61862917385952"
"235.62997052521695","243.6397188049455"
"250.20766673591888","238.62214411246902"
"258.4690875030052","291.80843585249147"
"357.48864454471203","371.0861159929635"
"417.4344617984274","421.2618629174145"
"401.3433292387484","395.170474516708"
"373.2494412775706","363.05799648505825"
"341.75912419186864","336.9666080843518"
"342.91149349574965","334.9595782073897"
"310.12689635654067","333.9560632688944"
"310.9951600002695","327.93497363795115"
"319.54049809936095","322.9173989455318"
"324.8216442932975","333.9560632688944"
"409.7423857944598","410.2231985941375"
"354.1924347058786","352.0193321616956"
"320.2225256036749","334.9595782073897"
"290.83017176556103","288.7978910369485"
"272.9360584528522","278.7627416519955"
"268.23846090037523","267.7240773287185"
"255.41706598092568","262.706502636242"
"257.15499485930286","270.734622143976"
"259.99991745305147","268.7275922670425"
"259.0598471998487","270.734622143976"
"260.67253352651716","272.741652021195"
"272.17872697781684","274.7486818981285"
"280.18041326946513","279.766256590605"
"305.3921291570276","326.9314586994844"
"404.0754646838163","409.219683655528"
"452.3810202472551","452.3708260105975"
"444.99259209132276","453.3743409489215"
"395.77683949504615","394.1669595780985"
"332.1257607573691","335.9630931458565"
"331.6238387315443","332.9525483303991"
"329.3335709642402","332.9525483303991"
"322.70803298466126","326.9314586994844"
"329.5071803804985","326.9314586994844"
"329.41596331624015","335.9630931458565"
"441.19756280030833","434.307557117625"
"534.6595593624581","527.634446397174"
"421.8411794193144","423.268892794348"
"352.87634462280573","371.0861159929635"
"338.8052430808218","326.9314586994844"
"313.3824233771814","296.8260105446825"
"286.46048476710985","282.7768014058625"
"279.3986081070998","291.80843585249147"
"287.40076272760484","287.794376098339"
"285.10474196148766","285.7873462214055"
"285.2271895324656","287.794376098339"
"291.31702386773173","296.8260105446825"
"305.9619902676217","322.9173989455318"
"360.38915417035366","334.9595782073897"
"392.7711218721304","417.2478031635475"
"440.35128919875757","444.342706502578"
"458.2797490768274","455.3813708261405"
"465.00225464919396","463.4094903338745"
"439.3505276895816","441.332161687035"
"425.97407072702146","435.3110720562345"
"417.69650276292475","408.2161687169185"
"384.16802330740916","378.110720562345"
"378.99294396465626","366.0685413005156"
"377.47618856835373","364.06151142355355"
"424.32223070223495","424.2724077329575"
"499.18585819069824","587.8453427066065"
"430.4072908967685","423.268892794348"
"379.4997321354101","383.1282952548215"
"356.885387711718","357.0369068541435"
"340.2714049044323","339.9771528998377"
"326.6788520163071","310.87521968378803"
"315.96810007392924","311.878734622112"
"308.5891380275741","299.8365553602255"
"302.4457214975837","295.82249560635853"
"300.7813360590074","299.8365553602255"
"307.92171602836754","310.87521968378803"
"319.6852718396588","322.9173989455318"
"351.25953210438297","354.0263620386576"
"512.9275618076714","584.8347978910635"
"542.4298927977959","543.6906854129275"
"544.5406947095788","543.6906854129275"
"538.7137109256852","542.6871704746035"
"489.8452873998361","483.4797891037805"
"444.180011189089","439.32513181010154"
"412.50864804682317","417.2478031635475"
"424.8596146961153","423.268892794348"
"436.1279120974575","409.219683655528"
"548.2357726113147","557.7398945517475"
"493.08790194837457","492.511423550124"
"420.4004448706473","418.2513181018715"
"371.3683870443317","368.0755711775062"
"326.7502534501023","326.9314586994844"
"329.683019824827","340.9806678383044"
"333.54787260572823","325.9279437609891"
"331.1112525483218","312.8822495607215"
"323.3585511934833","315.892794375979"
"321.57845882516403","318.9033391915506"
"324.00650068567995","318.9033391915506"
"394.48731865763466","386.1388400703645"
"505.9729823255484","594.8699472760165"
"605.1342832866758","630.9964850613906"
"512.0082444859194","503.550087873401"
"434.2426760026557","433.304042179301"
"404.31615702444464","404.2021089630515"
"400.7341087287171","402.19507908611797"
"473.95276621818596","434.307557117625"
"547.6606987161359","559.746924428681"
"430.44899526415435","431.2970123023675"
"373.79333807822286","377.107205624021"
"394.69020137018657","394.1669595780985"
"328.8213972976939","328.93848857644645"
"376.50661511562896","377.107205624021"
"343.01474593287975","341.9841827767997"
"331.0098997396369","330.94551845343705"
"336.5379093216242","335.9630931458565"
"335.20762945529185","339.9771528998377"
"332.5513351410856","327.93497363795115"
"350.4520071420726","316.8963093145885"
"358.9518709249006","328.93848857644645"
"331.7393149600655","347.0017574692448"
"349.67105451975755","394.1669595780985"
"420.67482336303686","413.233743409395"
"405.095234424754","381.121265377888"
"374.7654769146319","358.0404217926103"
"330.57980156561564","335.9630931458565"
"335.410571230585","328.93848857644645"
"327.0401247298755","333.9560632688944"
"373.9646623138636","378.110720562345"
"510.027334789198","508.5676625658775"
"463.7003927765552","499.53602811953397"
"382.46055845555276","386.1388400703645"
"360.6040888567244","356.0333919156482"
"344.56697430801637","352.0193321616956"
"316.3863944196712","322.9173989455318"
"333.90748816011126","328.93848857644645"
"314.83815003408426","318.9033391915506"
"305.47031353026216","306.8611599296355"
"304.14382616359575","305.85764499131153"
"319.33768209440626","306.8611599296355"
"310.8886045036552","301.843585237159"
"329.1586500543609","300.84007029883503"
"322.0707216374659","301.843585237159"
"315.98433094422217","301.843585237159"
"297.95535577979246","320.9103690685412"
"316.9170446656287","317.899824253198"
"312.8028761051338","317.899824253198"
"320.07418695872093","305.85764499131153"
"297.68264326162523","291.80843585249147"
"289.13682175315955","290.80492091388203"
"292.52770401052476","308.868189806569"
"327.9845031573363","321.9138840070365"
"369.3477477494232","386.1388400703645"
"437.572324687311","438.3216168717775"
"398.4879902623284","393.1634446397745"
"332.76420507884137","338.9736379613424"
"315.4906746367155","334.9595782073897"
"314.1139033774574","325.9279437609891"
"310.131206059557","317.899824253198"
"316.94307585745287","305.85764499131153"
"299.53672923520116","303.850615114378"
"295.93841126529463","302.8471001757685"
"299.2329053310967","298.8330404219015"
"310.7447269988235","314.889279437655"
"309.3611294856278","317.899824253198"
"386.0493664676986","431.2970123023675"
"514.662279728021","594.8699472760165"
"573.9561218211595","592.862917399083"
"549.0294160618853","549.7117750440135"
