"DataEntries: 8756, TestEntries: 24, Epochs: 200, UseTestData: true, LimitEntries: true, Firstlayer#: 6, SecondLayer: true, SecondLayer#: 14, Predict: true, Curvebehaviour: false, Stacksize: 6, useLastXDays: false, Max: 632.0, Min: 61.0, Curve behaviour: false, Historical: false, useAverage: false, priceStack2, Skewness: false, SkewStack: 12",", useNewMethod: false, decay: 0.1"
"Range: 6567 to 8756"
"Actual","Ideal"
"336.4672055556899","338.9736379613424"
"338.48516655905155","335.9630931458565"
"332.98193787994444","313.8857644990455"
"313.73332965202934","309.8717047451785"
"309.12516308102124","310.87521968378803"
"308.280635673024","302.8471001757685"
"299.4551007314168","291.80843585249147"
"289.1206619419348","290.80492091388203"
"287.8931759341325","283.780316344472"
"281.59976412817537","280.769771528929"
"280.0486923807283","277.7592267136715"
"278.8360034430773","277.7592267136715"
"282.3547392226248","275.7521968364525"
"283.0072862912334","282.7768014058625"
"291.8864907878058","286.79086116001497"
"294.0973647863791","293.815465729425"
"297.57485394863755","311.878734622112"
"312.2782801749943","316.8963093145885"
"317.34922930201463","316.8963093145885"
"319.46339211768793","320.9103690685412"
"323.5113828578432","311.878734622112"
"316.88973787655686","314.889279437655"
"319.43541998064995","315.892794375979"
"324.11235691109835","343.99121265377886"
"352.50034957829513","349.00878734622114"
"354.3379938766498","339.9771528998377"
"344.0539016031299","322.9173989455318"
"328.87626176613884","311.878734622112"
"316.87967871113887","312.8822495607215"
"314.4131744217756","307.864674868245"
"307.99817749856055","292.8119507908155"
"286.5035895270948","283.780316344472"
"279.1203915677367","275.7521968364525"
"274.05437788238805","262.706502636242"
"264.6960470367963","259.695957820699"
"266.6534663866321","276.75571177506197"
"289.7080010105514","290.80492091388203"
"306.55626011228827","364.06151142355355"
"363.18948056117176","432.3005272406915"
"401.57773842298434","383.1282952548215"
"375.11370692518955","357.0369068541435"
"355.4982034204422","357.0369068541435"
"357.3754142121367","371.0861159929635"
"366.3725453185084","422.265377856024"
"400.36245217645796","389.149384885622"
"375.9883080547819","380.1177504392785"
"368.904752893307","409.219683655528"
"387.3715121063173","496.525483303991"
"427.9655296765967","513.585237258354"
"427.06962638265156","362.05448154656295"
"348.7372726882647","316.8963093145885"
"310.202990520649","307.864674868245"
"301.2492617536615","302.8471001757685"
"293.94564462016115","300.84007029883503"
"289.5848476457387","289.8014059752725"
"287.96264404545184","289.8014059752725"
"289.0659065101719","285.7873462214055"
"287.39966897782915","287.794376098339"
"293.3560633212702","283.780316344472"
"293.109129116906","288.7978910369485"
"303.07892288506406","305.85764499131153"
"323.0146664855687","338.9736379613424"
"346.0340583234383","409.219683655528"
"398.05487117757934","368.0755711775062"
"366.46624638534536","352.0193321616956"
"354.72411188085704","342.987697715295"
"345.9003132694822","353.0228471001623"
"352.6841018124289","360.0474516696009"
"357.9733721691481","353.0228471001623"
"351.9274217856225","347.0017574692448"
"341.91735756634813","365.06502636204885"
"356.92432949866634","429.289982425434"
"398.6851963720381","456.3848857644645"
"405.1858607837926","357.0369068541435"
"341.3580442997555","344.9947275922685"
"327.28368913454085","319.9068541300459"
"307.72717963767946","318.9033391915506"
"304.51216227203605","306.8611599296355"
"291.3852227867646","295.82249560635853"
"296.69439215063295","295.82249560635853"
"298.32976104491934","288.7978910369485"
"292.4230686341566","289.8014059752725"
"296.46178986701443","291.80843585249147"
"302.77744997235754","297.829525483292"
"312.46504051821637","311.878734622112"
"325.9433793239657","342.987697715295"
"346.5524709129606","373.0931458699541"
"371.7542211485267","379.1142355009545"
"374.619403642506","365.06502636204885"
"365.78855677650023","362.05448154656295"
"365.11386632618456","366.0685413005156"
"365.9259118914339","363.05799648505825"
"362.67893876365673","359.0439367311056"
"357.02090420166127","358.0404217926103"
"349.528090032571","369.0790861160015"
"358.66431309996176","409.219683655528"
"390.5902203644019","484.4833040421045"
"415.8788645160638","360.0474516696009"
"342.1332934924865","336.9666080843518"
"322.2084977013389","318.9033391915506"
"307.26404570566234","322.9173989455318"
"306.1728662298771","319.9068541300459"
"300.1020798661993","300.84007029883503"
"303.4283705047247","304.854130052702"
"309.6874009427311","296.8260105446825"
"301.0071661857505","297.829525483292"
"304.61511089143005","299.8365553602255"
"309.94396009341756","308.868189806569"
"321.51656805533423","320.9103690685412"
"333.3758068878634","344.9947275922685"
"348.2811624599468","410.2231985941375"
"396.7330921330161","334.9595782073897"
"334.10179478869634","323.9209138839985"
"324.6791974594569","319.9068541300459"
"322.385751210837","330.94551845343705"
"330.66239766678973","368.0755711775062"
"363.48612316686837","345.9982425307552"
"342.0458802258463","350.012302284705"
"343.09521603568703","373.0931458699541"
"362.64892220268905","430.293497363758"
"402.36669526025855","508.5676625658775"
"426.27490389116565","382.12478031621197"
"358.8808946484096","324.9244288224938"
"314.7157614663099","317.899824253198"
"305.6334304274611","319.9068541300459"
"302.8914511954153","313.8857644990455"
"295.7800692113329","303.850615114378"
"303.51051482304183","305.85764499131153"
"306.52748338235483","296.8260105446825"
"297.22849802740177","295.82249560635853"
"298.3603003833258","297.829525483292"
"304.0157763665281","293.815465729425"
"302.90551398641344","307.864674868245"
"321.45192786440373","335.9630931458565"
"345.78860456935485","378.110720562345"
"375.5576344082485","336.9666080843518"
"333.8300653838853","332.9525483303991"
"327.05249209498845","328.93848857644645"
"321.3970101168814","336.9666080843518"
"324.6600620558043","334.9595782073897"
"320.9372075027295","329.94200351494175"
"315.34133271144617","327.93497363795115"
"311.81514445312166","329.94200351494175"
"316.7919309688042","364.06151142355355"
"347.5255491528947","385.135325131755"
"358.3845668886604","344.9947275922685"
"323.6112199989408","321.9138840070365"
"303.9352048106603","319.9068541300459"
"301.2805735968618","317.899824253198"
"297.29500996871263","312.8822495607215"
"292.0751106576929","303.850615114378"
"298.1488960319946","304.854130052702"
"299.09600547422406","293.815465729425"
"288.62736865587283","280.769771528929"
"276.3023547629632","277.7592267136715"
"274.5450723770343","281.77328646753847"
"281.8070062125794","288.7978910369485"
"292.9626128291864","298.8330404219015"
"307.55661769043724","311.878734622112"
"322.99292302266434","317.899824253198"
"325.17798048262387","318.9033391915506"
"320.2689753312276","318.9033391915506"
"314.8417490718234","318.9033391915506"
"311.8629127585923","312.8822495607215"
"306.1149211965353","311.878734622112"
"305.3553807691189","313.8857644990455"
"306.84263670357063","318.9033391915506"
"314.76716389642166","330.94551845343705"
"328.1905899066521","334.9595782073897"
"328.38299453523786","328.93848857644645"
"321.0889127501369","319.9068541300459"
"311.52882117954726","316.8963093145885"
"307.5662587857115","320.9103690685412"
"308.37792832698364","321.9138840070365"
"308.0012989853113","313.8857644990455"
"305.0381715973206","318.9033391915506"
"312.25249029741343","307.864674868245"
"299.53644078648574","292.8119507908155"
"283.4270324890392","291.80843585249147"
"283.45506472180693","293.815465729425"
"288.1299474402672","293.815465729425"
"291.4687028830495","288.7978910369485"
"291.0288604494425","290.80492091388203"
"298.6576015004986","298.8330404219015"
"308.6262123699132","319.9068541300459"
"322.9330165890236","327.93497363795115"
"326.27649540776844","325.9279437609891"
"323.33603332223606","323.9209138839985"
"321.73575707284726","320.9103690685412"
"317.7499080320829","318.9033391915506"
"316.76165478760146","322.9173989455318"
"324.64208840604357","345.9982425307552"
"350.980909096962","350.012302284705"
"352.3074291089315","341.9841827767997"
"342.5708562895431","332.9525483303991"
"331.2131675294161","326.9314586994844"
"324.60196171884246","329.94200351494175"
"324.4748545685318","321.9138840070365"
"316.0957403813485","307.864674868245"
"301.6188132793867","309.8717047451785"
"306.9418066914406","300.84007029883503"
"300.2367415740329","289.8014059752725"
"291.2154580573779","289.8014059752725"
"297.62891943431566","296.8260105446825"
"312.9217995757373","318.9033391915506"
"341.9200678965393","344.9947275922685"
"358.5082056722905","366.0685413005156"
"372.04950797985094","333.9560632688944"
"342.1901974973861","325.9279437609891"
"333.5829253852612","326.9314586994844"
"335.2012631652574","333.9560632688944"
"341.47424756588805","341.9841827767997"
"350.51263538191836","345.9982425307552"
"352.99487536624343","350.012302284705"
"355.1573421343858","347.0017574692448"
"353.4114846473857","352.0193321616956"
"359.87036588835235","348.0052724077315"
"352.1967976380045","331.9490333919038"
"334.18553815714426","318.9033391915506"
"320.47600754943164","314.889279437655"
"312.5413042901593","329.94200351494175"
"321.5181389973587","324.9244288224938"
"312.9115493176679","314.889279437655"
"315.27970528568517","315.892794375979"
"319.183295246373","313.8857644990455"
"319.8473039654699","312.8822495607215"
"321.13993044678114","308.868189806569"
"321.05814366434487","312.8822495607215"
"332.02629872163493","326.9314586994844"
"350.7574534275717","368.0755711775062"
"375.76864084435834","410.2231985941375"
"401.3082610058621","329.94200351494175"
"335.15975568658354","324.9244288224938"
"328.8686518172966","324.9244288224938"
"328.0068034527327","327.93497363795115"
"330.6953750912838","374.0966608084494"
"372.6896858931031","376.1036906854115"
"373.04488915127666","363.05799648505825"
"361.09037513414694","385.135325131755"
"379.525591168204","439.32513181010154"
"415.36696573116575","465.416520210808"
"421.7704726311771","379.1142355009545"
"368.2200334511566","344.9947275922685"
"337.7372517875471","333.9560632688944"
"321.35643571062343","337.9701230228471"
"321.1427390945917","327.93497363795115"
"308.98347162095865","316.8963093145885"
"317.0531574427886","316.8963093145885"
"318.51591256669485","311.878734622112"
"315.7963914452197","310.87521968378803"
"318.1119241505625","303.850615114378"
"312.8692155753902","308.868189806569"
"324.80356284063754","329.94200351494175"
"354.81925928678316","360.0474516696009"
"375.0122034441908","379.1142355009545"
"381.28497270933576","364.06151142355355"
"364.9555351661211","344.9947275922685"
"346.3592299839781","343.99121265377886"
"345.8240999448328","340.9806678383044"
"339.33573014448996","342.987697715295"
"340.94213720032764","339.9771528998377"
"336.9253451396459","338.9736379613424"
"333.28596615434816","351.0158172232003"
"346.57713194416186","377.107205624021"
"372.9542850735231","409.219683655528"
"387.71122099142826","343.99121265377886"
"336.24222346680233","338.9736379613424"
"327.9803912912265","323.9209138839985"
"311.9157719372406","329.94200351494175"
"312.6198278090362","326.9314586994844"
"307.91679726611187","317.899824253198"
"320.5997160715341","317.899824253198"
"322.9536718550587","315.892794375979"
"323.2156620372284","315.892794375979"
"325.2233390689385","314.889279437655"
"327.58118977455035","319.9068541300459"
"337.9191977972787","326.9314586994844"
"348.4494853518431","365.06502636204885"
"376.46946125418145","352.0193321616956"
"359.9509641391121","352.0193321616956"
"355.43632055340515","343.99121265377886"
"344.5179815504317","342.987697715295"
"342.29816153296315","343.99121265377886"
"342.28129946159197","348.0052724077315"
"346.2910620870112","347.0017574692448"
"344.776309833764","353.0228471001623"
"348.2644084993593","408.2161687169185"
"395.5514206535516","438.3216168717775"
"416.4506058173164","520.6098418277641"
"439.93348190924235","456.3848857644645"
"411.98033103588625","409.219683655528"
"380.00284407912284","340.9806678383044"
"326.07852783697075","339.9771528998377"
"319.5758927121205","331.9490333919038"
"311.0103189040505","325.9279437609891"
"331.38380081791416","319.9068541300459"
"326.2437303426","315.892794375979"
"322.6907133737642","311.878734622112"
"320.04869794857353","307.864674868245"
"318.05472754250883","305.85764499131153"
"318.549721858934","323.9209138839985"
"337.69158121379326","373.0931458699541"
"376.80719171292407","433.304042179301"
"418.501662739691","409.219683655528"
"402.2899838800771","355.0298769771529"
"358.3128217017236","354.0263620386576"
"356.9152395711242","355.0298769771529"
"355.28328447505925","345.9982425307552"
"344.89873056703084","336.9666080843518"
"333.8595097989768","332.9525483303991"
"329.3520962046216","339.9771528998377"
"337.0467341117108","353.0228471001623"
"350.10128725251235","387.14235500868847"
"371.26466229070957","332.9525483303991"
"326.541985118302","323.9209138839985"
"316.95967924342074","316.8963093145885"
"309.50052289374725","315.892794375979"
"306.1534138080751","312.8822495607215"
"301.051793622399","308.868189806569"
"311.82753164177007","304.854130052702"
"308.0279291165595","301.843585237159"
"305.45157296173744","299.8365553602255"
"304.4238102187031","298.8330404219015"
"304.84219327110685","300.84007029883503"
"308.60066279536795","304.854130052702"
"314.1139201906003","310.87521968378803"
"318.18137878259853","310.87521968378803"
"313.76282704438955","312.8822495607215"
"311.74618720205507","312.8822495607215"
"311.2894754593238","315.892794375979"
"315.24128959687107","315.892794375979"
"316.04979327157685","314.889279437655"
"315.84835087113663","313.8857644990455"
"316.2562256029908","313.8857644990455"
"316.24289022350666","316.8963093145885"
"322.8040675649272","331.9490333919038"
"337.6301257616976","336.9666080843518"
"339.21742173763454","326.9314586994844"
"327.8129437289244","317.899824253198"
"319.2611140158476","315.892794375979"
"315.9783924841346","314.889279437655"
"313.06730850853126","314.889279437655"
"309.7604608662566","312.8822495607215"
"314.7238168128679","311.878734622112"
"313.95176103456834","306.8611599296355"
"308.7037352933196","304.854130052702"
"307.58648760390577","304.854130052702"
"308.24234923403947","297.829525483292"
"301.96699869319224","293.815465729425"
"299.5007608253672","303.850615114378"
"311.71169685905534","304.854130052702"
"312.78728013040796","309.8717047451785"
"314.88873436437774","311.878734622112"
"312.66842730665076","312.8822495607215"
"311.5626077693396","314.889279437655"
"313.0092182591013","314.889279437655"
"314.6047049583776","313.8857644990455"
"313.67612672776744","314.889279437655"
"315.2545613689617","316.8963093145885"
"321.49463053643774","317.899824253198"
"328.45613958624347","317.899824253198"
"326.5438542215617","317.899824253198"
"324.0671452783635","316.8963093145885"
"321.04498822096105","315.892794375979"
"316.73626737365663","315.892794375979"
"314.269213332994","314.889279437655"
"310.51004841610626","311.878734622112"
"305.3281320906504","299.8365553602255"
"295.8166705824514","295.82249560635853"
"293.91484190572965","295.82249560635853"
"297.90299782091927","296.8260105446825"
"302.0263715326591","297.829525483292"
"312.1116948928477","312.8822495607215"
"337.1086609123414","331.9490333919038"
"351.58172387916204","323.9209138839985"
"339.2720993158353","319.9068541300459"
"331.60358966275635","316.8963093145885"
"325.28770446702003","319.9068541300459"
"327.3655698370812","323.9209138839985"
"330.5987885181165","331.9490333919038"
"337.7840260980966","324.9244288224938"
"329.5157638447869","322.9173989455318"
"326.0899118969283","361.0509666080962"
"362.41863854264096","484.4833040421045"
"439.78058306884446","518.6028119508305"
"439.2303100541826","366.0685413005156"
"360.81195668638526","316.8963093145885"
"314.72041358881165","312.8822495607215"
"307.88573351523644","312.8822495607215"
"305.53075058731747","309.8717047451785"
"297.9487415023222","305.85764499131153"
"297.95378722639174","300.84007029883503"
"296.12982274368164","297.829525483292"
"295.4284663704268","296.8260105446825"
"298.3111434460744","298.8330404219015"
"305.9519793145926","300.84007029883503"
"314.7326704719527","315.892794375979"
"340.8344082295384","329.94200351494175"
"348.5494672124094","320.9103690685412"
"332.52754374933664","320.9103690685412"
"327.4678835449054","314.889279437655"
"319.2051302769045","313.8857644990455"
"317.0819418303055","316.8963093145885"
"319.3341807476639","316.8963093145885"
"319.64478400688034","313.8857644990455"
"317.24822986906224","311.878734622112"
"314.9849411937895","327.93497363795115"
"330.81386145756636","402.19507908611797"
"393.02936123679666","402.19507908611797"
"386.2982502703304","323.9209138839985"
"322.4713277797488","310.87521968378803"
"308.8945041200675","306.8611599296355"
"304.28000058785005","305.85764499131153"
"297.35950947826484","302.8471001757685"
"291.6717289853458","298.8330404219015"
"296.69934338823435","297.829525483292"
"297.6286844459339","290.80492091388203"
"291.9087436309024","290.80492091388203"
"293.84263073493935","293.815465729425"
"302.1941744502129","297.829525483292"
"312.4092261680546","308.868189806569"
"330.99701866857293","313.8857644990455"
"328.4265213253785","313.8857644990455"
"322.2956339080035","312.8822495607215"
"316.47546028551847","305.85764499131153"
"308.0548334138362","304.854130052702"
"307.1017896884116","305.85764499131153"
"308.2390346930946","304.854130052702"
"309.8028441708767","304.854130052702"
"309.36206437167294","304.854130052702"
"308.4946032091896","315.892794375979"
"318.0339719824482","319.9068541300459"
"321.8777806997008","315.892794375979"
"314.48620399792344","307.864674868245"
"306.6016751615598","303.850615114378"
"297.41036656740556","298.8330404219015"
"291.21356984098645","292.8119507908155"
"282.4333095948258","289.8014059752725"
"275.2222079573622","281.77328646753847"
"280.9932073927615","274.7486818981285"
"275.6157392488319","269.731107205652"
"272.1405534776291","268.7275922670425"
"274.3011034655889","270.734622143976"
"280.5272859316328","274.7486818981285"
"287.54376926715287","282.7768014058625"
"292.58321790362163","295.82249560635853"
"300.37872425738834","304.854130052702"
"310.29459824694794","304.854130052702"
"310.6898614138327","299.8365553602255"
"308.52380403419414","298.8330404219015"
"307.8557746003301","300.84007029883503"
"308.90163466865096","300.84007029883503"
"309.4246915345011","299.8365553602255"
"308.52175267824043","303.850615114378"
"311.09852810023426","320.9103690685412"
"324.89760473613933","309.8717047451785"
"317.3284008222737","314.889279437655"
"317.79904800226706","304.854130052702"
"305.7889204935902","300.84007029883503"
"299.0652223689546","295.82249560635853"
"290.23394828557605","291.80843585249147"
"283.839820233263","287.794376098339"
"275.135710300817","277.7592267136715"
"276.3498008166689","262.706502636242"
"260.14345023092494","253.6748681898985"
"249.46368425357383","249.660808435746"
"246.48601881658476","252.67135325128902"
"252.7523065111609","260.6994727593085"
"265.46520718653716","266.72056239010897"
"276.2251298112046","283.780316344472"
"289.77211981383556","290.80492091388203"
"294.0461325489277","289.8014059752725"
"291.19505033337987","287.794376098339"
"290.29879319134506","287.794376098339"
"290.9894420533027","288.7978910369485"
"292.1054997941702","288.7978910369485"
"291.9113570156758","289.8014059752725"
"290.1888386023853","289.8014059752725"
"288.5018691471029","291.80843585249147"
"295.9940812369808","297.829525483292"
"301.42577596037927","299.8365553602255"
"298.63123971122593","292.8119507908155"
"287.43095226063366","285.7873462214055"
"274.09329733121865","277.7592267136715"
"265.40886561474485","272.741652021195"
"260.6593552585941","270.734622143976"
"255.52091425196178","261.7029876976325"
"251.4776425385176","251.667838312965"
"239.07352982621518","237.61862917385952"
"223.88534719324343","230.5940246044495"
"218.9743667099533","228.58699472751601"
"218.64965322261247","233.60456941999252"
"227.3168471926247","242.63620386633602"
"241.64660693739472","254.6783831282225"
"260.6964248548549","255.681898066832"
"263.28524141912493","259.695957820699"
"265.97627774263833","264.7135325131755"
"266.9659464219267","267.7240773287185"
"265.60067107183545","268.7275922670425"
"264.4374304373695","264.7135325131755"
"259.03347238536685","262.706502636242"
"256.57581133850357","264.7135325131755"
"260.46524025101894","274.7486818981285"
"275.2816092967679","280.769771528929"
"284.64068761749957","283.780316344472"
"288.0250055504275","279.766256590605"
"280.6872888518768","271.7381370825855"
"272.41669046798415","264.7135325131755"
"263.9948812867753","261.7029876976325"
"261.72491340302025","256.68541300515597"
"255.5425662989776","239.6256590510785"
"229.71327553740085","223.5694200350395"
"213.2464881492202","194.4674868190755"
"186.35664998445637","161.351493848959"
"163.6209226546813","150.3128295253965"
"158.94477524612503","185.4358523724465"
"183.78384644444156","171.3866432336265"
"175.97474534427224","180.4182776802555"
"186.36498609690048","189.44991212659897"
"196.48501262706986","224.572934973649"
"231.36901850850538","255.681898066832"
"261.39067375932007","259.695957820699"
"262.8085402168152","262.706502636242"
"263.5593373998886","264.7135325131755"
"263.42119045698155","258.692442882375"
"256.1318129322717","255.681898066832"
"252.34155421887448","262.706502636242"
"258.2213938672446","281.77328646753847"
"281.4067290162048","286.79086116001497"
"287.07208120780206","282.7768014058625"
"281.0763055053696","278.7627416519955"
"276.3056630260913","274.7486818981285"
"273.1551284946802","267.7240773287185"
"264.036017545276","258.692442882375"
"254.82100281655607","252.67135325128902"
"237.1865082045502","195.47100175739948"
"188.2876733303867","197.478031634333"
"193.2892197157486","241.632688928012"
"237.18789845965054","247.65377855881252"
"250.1817731787956","252.67135325128902"
"262.9613976821429","262.706502636242"
"284.32630166351083","278.7627416519955"
"296.0853602202805","303.850615114378"
"311.5130159093261","303.850615114378"
"308.3315694680834","304.854130052702"
"309.2588356064203","302.8471001757685"
"306.7248449690691","310.87521968378803"
"311.78589300850564","316.8963093145885"
"318.49407038369395","302.8471001757685"
"306.6826123175869","317.899824253198"
"315.7173673675265","333.9560632688944"
"331.2698970943851","372.0896309314588"
"363.81760545950465","419.254833040481"
"381.8736493072867","312.8822495607215"
"306.9990765177894","294.818980667749"
"287.6741458916569","282.7768014058625"
"272.4657983757243","277.7592267136715"
"266.3161673436339","268.7275922670425"
"253.6872637332513","256.68541300515597"
"248.36866410106995","256.68541300515597"
"250.24574653196845","248.65729349742202"
"243.71213535907532","247.65377855881252"
"243.61455265421097","249.660808435746"
"252.1050510967425","253.6748681898985"
"263.05306563654267","261.7029876976325"
"279.76327894609483","282.7768014058625"
"297.8274668945639","300.84007029883503"
"304.8851056651722","293.815465729425"
"295.8960326216455","284.7838312830815"
"286.50158286941036","286.79086116001497"
"287.0525954695013","287.794376098339"
"285.826021058974","287.794376098339"
"287.7468749703888","287.794376098339"
"287.12271905490144","289.8014059752725"
"287.5194060066789","302.8471001757685"
"299.3844568387677","306.8611599296355"
"302.9758050163713","304.854130052702"
"298.0023614112003","289.8014059752725"
"282.46258489921513","281.77328646753847"
"269.9905976625916","271.7381370825855"
"256.63474366021654","266.72056239010897"
"249.41992445127318","257.6889279437655"
"238.25070550102816","244.6432337432695"
"230.45295735179627","235.611599296926"
"222.3902112589982","207.513181019286"
"198.1955875578919","199.485061511552"
"192.1521371616235","212.5307557117625"
"208.32826977611435","234.608084358602"
"236.23327369520945","252.67135325128902"
"266.086651654811","263.710017574566"
"275.52568515767285","277.7592267136715"
"285.11578541380504","278.7627416519955"
"279.994754548328","277.7592267136715"
"277.09515678884077","276.75571177506197"
"277.24249959192747","275.7521968364525"
"274.723379667843","277.7592267136715"
"279.8207271540574","277.7592267136715"
"281.180720387377","279.766256590605"
"281.21521713500266","284.7838312830815"
"289.33290489064336","288.7978910369485"
"294.5808030609146","293.815465729425"
"296.31333889817506","283.780316344472"
"283.9250518681881","277.7592267136715"
"275.1062778480068","271.7381370825855"
"265.61506839458457","267.7240773287185"
"258.30779514872955","261.7029876976325"
"248.67769968695467","251.667838312965"
"243.68865858452912","241.632688928012"
"232.02082261890047","218.55184534284848"
"208.12008539941908","215.54130052730548"
"206.8466383423563","220.558875219782"
"213.93817441894885","233.60456941999252"
"232.83956074770256","253.6748681898985"
"263.3397442939296","264.7135325131755"
"276.58116758683735","277.7592267136715"
"284.2082932386254","277.7592267136715"
"279.3608491563741","274.7486818981285"
"272.46850787969646","273.745166959519"
"268.6089730083577","274.7486818981285"
"270.2272256593021","273.745166959519"
"274.0631996583263","273.745166959519"
"274.16933087219275","275.7521968364525"
"276.5740447054514","283.780316344472"
"287.2195136895646","288.7978910369485"
"295.2469538061254","289.8014059752725"
"294.5316911302824","281.77328646753847"
"283.518091554589","277.7592267136715"
"277.09909783202073","273.745166959519"
"271.0444573717688","271.7381370825855"
"267.56309515100196","268.7275922670425"
"262.340431802128","259.695957820699"
"256.11196614075953","255.681898066832"
"252.84578774449903","252.67135325128902"
"250.99302593932026","252.67135325128902"
"253.7683185872213","256.68541300515597"
"261.2289517187974","260.6994727593085"
"270.0762393979802","271.7381370825855"
"287.61184593295064","275.7521968364525"
"295.0277927711139","289.8014059752725"
"301.174686290224","290.80492091388203"
"297.447541005079","288.7978910369485"
"293.85636912923394","287.794376098339"
"291.2740645740106","288.7978910369485"
"290.0851552023032","288.7978910369485"
"288.5131548770737","289.8014059752725"
"287.5016911232575","292.8119507908155"
"289.28234440970425","297.829525483292"
"298.08305718700495","296.8260105446825"
"299.03402447024297","293.815465729425"
"293.5815213496142","290.80492091388203"
"290.2645059957155","287.794376098339"
"282.74456752376824","282.7768014058625"
"274.7656697360618","278.7627416519955"
"269.0200556719449","272.741652021195"
"259.2453809166127","264.7135325131755"
"254.23136554837617","263.710017574566"
"254.82471410105293","256.68541300515597"
"245.91115257662634","253.6748681898985"
"243.7864875214019","248.65729349742202"
"239.92554093747162","242.63620386633602"
"234.40412024760255","246.6502636204885"
"242.0503595720305","251.667838312965"
"253.72322579983586","255.681898066832"
"261.8448934189446","256.68541300515597"
"264.2053584081394","260.6994727593085"
"266.1002624181598","263.710017574566"
"263.1512094114637","263.710017574566"
"260.3096193891489","262.706502636242"
"257.00545777686415","260.6994727593085"
"253.72132501878843","261.7029876976325"
"254.272048611816","267.7240773287185"
"262.32923830583366","276.75571177506197"
"273.67699486542233","280.769771528929"
"277.03207809389386","276.75571177506197"
"269.0074568559045","267.7240773287185"
"259.35910799355145","258.692442882375"
"250.05067085859412","256.68541300515597"
"245.7565005046439","250.6643233743555"
"239.2188586493524","244.6432337432695"
"227.79420937248392","237.61862917385952"
"221.2740360908454","176.404217926103"
"169.55852251816592","147.302284710139"
"153.38617344117537","140.277680140729"
"150.88842129795768","123.21792618636601"
"145.88096076710178","104.15114235506948"
"141.15990451066784","143.28822495598652"
"156.8487733549253","198.4815465729425"
"196.3925918957596","229.5905096661255"
"231.60322919908705","252.67135325128902"
"259.4797868032606","257.6889279437655"
"264.46137951915927","260.6994727593085"
"265.0908563457437","260.6994727593085"
"260.87452507718467","262.706502636242"
"260.58053516000695","265.717047451785"
"260.9363118727296","272.741652021195"
"269.46220984324856","279.766256590605"
"280.9547226810373","283.780316344472"
"283.2006730040224","282.7768014058625"
"279.8100986331058","280.769771528929"
"276.42091724465524","275.7521968364525"
"268.6788939140862","273.745166959519"
"263.9125876707643","267.7240773287185"
"255.953701758154","257.6889279437655"
"244.2280626915059","265.717047451785"
"253.0088112442447","253.6748681898985"
"245.05482757278315","217.548330404239"
"211.70395881119418","221.56239015810598"
"222.64508147794558","233.60456941999252"
"239.37210623318495","265.717047451785"
"283.1848654452964","282.7768014058625"
"308.61543222511756","295.82249560635853"
"314.7012700468347","293.815465729425"
"308.6094616744306","291.80843585249147"
"300.2803784712969","293.815465729425"
"297.72463116174964","293.815465729425"
"293.8473925774316","291.80843585249147"
"291.8689860325533","291.80843585249147"
"290.66581742247104","295.82249560635853"
"292.5685180193134","324.9244288224938"
"318.06029818443477","303.850615114378"
"304.360537771256","306.8611599296355"
"302.04938369311753","294.818980667749"
"290.68517366165855","289.8014059752725"
"284.3989728168926","283.780316344472"
"274.2482799270005","281.77328646753847"
"268.4113440536307","273.745166959519"
"259.2396709474739","268.7275922670425"
"257.0632188033486","266.72056239010897"
"257.816100827018","262.706502636242"
"257.87793090260243","263.710017574566"
"259.6433644022119","258.692442882375"
"261.6661782207401","259.695957820699"
"267.69646193537915","270.734622143976"
"290.5006596922494","280.769771528929"
"306.8932780551813","293.815465729425"
"314.6656957475304","293.815465729425"
"310.8313222746118","288.7978910369485"
"299.0128410620874","288.7978910369485"
"295.2754183139969","294.818980667749"
"296.4027532845023","293.815465729425"
"295.3898655815851","294.818980667749"
"295.11265817944115","294.818980667749"
"292.9310987838723","297.829525483292"
"295.8780621602541","300.84007029883503"
"297.5259637986792","300.84007029883503"
"297.2341379144544","294.818980667749"
"285.043308379118","287.794376098339"
"271.76889080350634","281.77328646753847"
"263.0687409428106","280.769771528929"
"256.6548251699856","276.75571177506197"
"250.8560256796584","268.7275922670425"
"256.90767322083343","262.706502636242"
"253.11671332340552","259.695957820699"
"252.98610418776806","259.695957820699"
"255.9124343350466","257.6889279437655"
"258.2690005928402","259.695957820699"
"267.73551604047054","273.745166959519"
"292.5685168703886","286.79086116001497"
"309.1973776455973","322.9173989455318"
"335.59920654296087","323.9209138839985"
"331.30450357293984","301.843585237159"
"306.92201575729274","296.8260105446825"
"300.7775041079839","312.8822495607215"
"312.4134775289561","308.868189806569"
"309.4625947518473","308.868189806569"
"309.9073217914453","316.8963093145885"
"315.70500417351013","335.9630931458565"
"335.76060419423067","365.06502636204885"
"364.85199978848055","379.1142355009545"
"370.55925572643855","319.9068541300459"
"321.9594160862919","295.82249560635853"
"295.40968041223823","290.80492091388203"
"286.3972849965741","288.7978910369485"
"282.28935837204534","282.7768014058625"
"273.0836022003933","273.745166959519"
"264.58391558299655","259.695957820699"
"252.01898080704072","259.695957820699"
"254.04464865151988","249.660808435746"
"246.95383993138637","245.646748681879"
"245.59481685535792","255.681898066832"
"260.94325389829646","272.741652021195"
"288.5062753846581","291.80843585249147"
"314.25505684797923","342.987697715295"
"353.4329945662748","345.9982425307552"
"348.8990885636415","319.9068541300459"
"320.088764602629","314.889279437655"
"313.6966864399195","325.9279437609891"
"321.0639810413771","333.9560632688944"
"324.03428122498764","334.9595782073897"
"320.6961593595887","327.93497363795115"
"310.13058342899944","322.9173989455318"
"307.462620986239","329.94200351494175"
"312.6902323759299","317.899824253198"
"298.6383985781031","293.815465729425"
"276.8479841769491","284.7838312830815"
"270.4214001510877","277.7592267136715"
"264.03131776479324","274.7486818981285"
"261.4597418964379","267.7240773287185"
"250.6828736278045","258.692442882375"
"245.78890768814352","226.5799648505825"
"208.84419459193586","200.488576449876"
"186.33026409188523","197.478031634333"
"184.52017962320238","212.5307557117625"
"199.7653857460701","222.56590509671548"
"213.44282845212723","255.681898066832"
"256.44371179571976","270.734622143976"
"280.0203269662453","284.7838312830815"
"291.94516555246287","287.794376098339"
"290.5262787134905","286.79086116001497"
"285.1793008440005","285.7873462214055"
"279.80359650693663","284.7838312830815"
"275.91656302822463","282.7768014058625"
"270.4352011933256","278.7627416519955"
"263.54259062292965","280.769771528929"
"263.2000679159587","284.7838312830815"
"270.63596899916604","286.79086116001497"
"275.4693720633274","285.7873462214055"
"272.90066529399695","279.766256590605"
"261.7636867014182","271.7381370825855"
"252.2961353070417","266.72056239010897"
"247.1758703429491","263.710017574566"
"242.70395311763096","260.6994727593085"
"238.5794488335368","255.681898066832"
"238.71456884671358","249.660808435746"
"231.3907018503739","232.60105448166848"
"213.81622422648857","225.5764499122585"
"208.04789060632473","224.572934973649"
"208.62502452867236","233.60456941999252"
"220.2432942322199","240.6291739894025"
"233.15036149142745","244.6432337432695"
"242.4966773291804","249.660808435746"
"253.39366505888694","251.667838312965"
"258.39662209856147","255.681898066832"
"264.26303900297705","258.692442882375"
"266.33241814226375","259.695957820699"
"265.2636847704214","258.692442882375"
"261.09750608640434","257.6889279437655"
"254.68094618881952","259.695957820699"
"252.0175502690438","266.72056239010897"
"257.08471049774244","271.7381370825855"
"265.40941068297593","275.7521968364525"
"268.6591866230333","270.734622143976"
"261.94902066587656","266.72056239010897"
"256.9343979235307","261.7029876976325"
"251.43837600103416","259.695957820699"
"249.30513174254736","255.681898066832"
"245.37514671298376","253.6748681898985"
"240.5927876718945","254.6783831282225"
"242.88661096229492","251.667838312965"
"240.62094279753353","242.63620386633602"
"230.5374389695054","238.62214411246902"
"227.6986512946965","252.67135325128902"
"246.01918905596904","250.6643233743555"
"246.96853215749556","258.692442882375"
"260.59283018013036","260.6994727593085"
"268.01940219073776","261.7029876976325"
"271.224255402225","263.710017574566"
"272.22724638796075","267.7240773287185"
"272.70681221244666","270.734622143976"
"272.7436610821575","270.734622143976"
"268.93907097357163","271.7381370825855"
"268.02490697817836","273.745166959519"
"269.0627960792151","282.7768014058625"
"281.6125340223623","286.79086116001497"
"290.335650188767","286.79086116001497"
"288.78427670477095","283.780316344472"
"283.2387238635714","277.7592267136715"
"273.0326440461505","272.741652021195"
"266.6747339785662","269.731107205652"
"262.73329038355746","262.706502636242"
"254.7081445535498","257.6889279437655"
"243.6779760536287","255.681898066832"
"242.801536483708","252.67135325128902"
"242.83551952351417","251.667838312965"
"245.82030100499634","230.5940246044495"
"229.23321178565772","239.6256590510785"
"244.2848125041259","263.710017574566"
"282.4739460192137","308.868189806569"
"331.63525383629195","376.1036906854115"
"375.5635959716077","291.80843585249147"
"304.43065189208716","289.8014059752725"
"298.99477261944116","288.7978910369485"
"295.4018666810579","289.8014059752725"
"296.3580591516638","288.7978910369485"
"296.13255221523804","288.7978910369485"
"293.8626613400131","299.8365553602255"
"302.0804684605865","408.2161687169185"
"384.5390500077453","376.1036906854115"
"367.72480695417465","334.9595782073897"
"326.23057851134826","289.8014059752725"
"289.4695208673581","283.780316344472"
"282.87488054664414","275.7521968364525"
"269.3678833809524","270.734622143976"
"263.0835836436111","263.710017574566"
"250.59528123488172","255.681898066832"
"245.93964086544247","254.6783831282225"
"246.55507109668662","249.660808435746"
"241.39098566897047","240.6291739894025"
"232.81595208208893","213.534270650372"
"206.4548432188835","215.54130052730548"
"210.46952204134686","277.7592267136715"
"287.79245769174827","299.8365553602255"
"310.6867302397374","342.987697715295"
"333.3165443526843","283.780316344472"
"291.539523437431","276.75571177506197"
"274.4447523057139","277.7592267136715"
"268.64848961862305","274.7486818981285"
"265.10987158488666","299.8365553602255"
"290.7979698395086","289.8014059752725"
"285.34623570248","304.854130052702"
"294.3831973382981","348.0052724077315"
"326.5472190628083","349.00878734622114"
"330.4210239490328","284.7838312830815"
"278.0980673991811","278.7627416519955"
"267.45894146975445","273.745166959519"
"257.8709698078089","267.7240773287185"
"250.49395730443734","265.717047451785"
"245.4403668571038","257.6889279437655"
"234.88597372609826","245.646748681879"
"227.26838589157455","233.60456941999252"
"216.31448403252395","196.47451669600898"
"183.60618122453852","201.4920913884855"
"190.21520034615358","175.40070298777897"
"174.41646422094072","208.51669595789548"
"205.97476381194943","250.6643233743555"
"260.9993183128003","262.706502636242"
"280.1349407410095","274.7486818981285"
"287.00950804697555","276.75571177506197"
"284.0767354778772","272.741652021195"
"274.85368397632294","273.745166959519"
"270.6673731084076","273.745166959519"
"269.7771453097521","272.741652021195"
"270.6031325960318","277.7592267136715"
"275.1582567869307","284.7838312830815"
"280.854658674532","287.794376098339"
"286.2488020477102","288.7978910369485"
"287.95792933797486","288.7978910369485"
"283.8679960895916","282.7768014058625"
"273.98120335745466","272.741652021195"
"262.49176844828304","264.7135325131755"
"252.60284479391052","261.7029876976325"
"247.22537857575117","255.681898066832"
"236.6087925710623","245.646748681879"
"231.02696939701121","242.63620386633602"
"229.84659381931155","206.509666080962"
"195.2935679752211","202.49560632680948"
"192.79776389943962","180.4182776802555"
"179.08185813757206","198.4815465729425"
"198.08018010223577","252.67135325128902"
"263.5248497875875","265.717047451785"
"281.9272878256504","276.75571177506197"
"287.99430133640726","283.780316344472"
"290.2855024843662","278.7627416519955"
"280.8400837836108","278.7627416519955"
"278.607725229718","279.766256590605"
"278.79719709356306","280.769771528929"
"280.6734981238128","281.77328646753847"
"281.9496472711861","283.780316344472"
"282.53387098242024","291.80843585249147"
"293.45985576336363","308.868189806569"
"311.0813554525622","295.82249560635853"
"296.5696644354004","290.80492091388203"
"289.9993757741971","279.766256590605"
"276.4242787488003","271.7381370825855"
"267.1591192945487","272.741652021195"
"265.0450714627069","264.7135325131755"
"256.0850026536579","258.692442882375"
"251.82902219615437","250.6643233743555"
"245.08267973063582","248.65729349742202"
"244.44245271741835","248.65729349742202"
"245.7787473995773","253.6748681898985"
"254.74363167177165","256.68541300515597"
"263.38075747477853","262.706502636242"
"278.497074987882","278.7627416519955"
"299.3241219152318","294.818980667749"
"307.6155006934795","299.8365553602255"
"307.5352166266215","290.80492091388203"
"297.45289228073614","288.7978910369485"
"293.40679982354334","287.794376098339"
"289.2436887875405","293.815465729425"
"293.23683785103543","290.80492091388203"
"288.16768933593346","291.80843585249147"
"287.07068201455655","292.8119507908155"
"291.55569338541846","294.818980667749"
"294.8007006212364","292.8119507908155"
"291.04249892484313","286.79086116001497"
"282.01822736616873","280.769771528929"
"272.4118757890571","270.734622143976"
"260.56593969176845","267.7240773287185"
"255.70244280267465","262.706502636242"
"249.2225759439994","256.68541300515597"
"243.70029276257156","227.58347978919198"
"211.32905521194877","192.460456942142"
"181.3427875461722","171.3866432336265"
"167.87674228980228","167.3725834797595"
"166.99089680166455","170.3831282953025"
"170.24566032605193","185.4358523724465"
"184.06001114471826","228.58699472751601"
"228.109915934684","237.61862917385952"
"243.594769237731","251.667838312965"
"261.72415202671635","261.7029876976325"
"271.52086373847567","263.710017574566"
"269.97787495292687","263.710017574566"
"266.36638610035754","260.6994727593085"
"259.74030914912635","259.695957820699"
"256.03043074194443","262.706502636242"
"256.2029613144918","266.72056239010897"
"260.28562279555365","271.7381370825855"
"267.70075680075007","273.745166959519"
"268.8042695726034","269.731107205652"
"262.77147699136134","262.706502636242"
"253.42108037001074","257.6889279437655"
"247.62075238902577","251.667838312965"
"241.2259993953038","247.65377855881252"
"236.80677023208762","234.608084358602"
"218.22067673467052","226.5799648505825"
"211.81377536046497","183.428822495513"
"177.58031696038088","157.3374340948065"
"162.61268026152717","135.26010544825252"
"153.82527937984864","136.26362038657652"
"155.232609263922","149.30931458707252"
"161.76555584535882","159.34446397174"
"170.52223836079312","170.3831282953025"
"180.69814865090095","207.513181019286"
"212.8012962577814","249.660808435746"
"257.65578616852406","252.67135325128902"
"260.04658804603173","255.681898066832"
"261.63646440804075","252.67135325128902"
"254.4606832266743","250.6643233743555"
"250.34166436504034","252.67135325128902"
"249.99427614937744","259.695957820699"
"255.98198669216922","267.7240773287185"
"266.2335572139092","271.7381370825855"
"270.01125950531804","267.7240773287185"
"264.23100171428354","262.706502636242"
"256.95776302088586","256.68541300515597"
"249.51727050897458","251.667838312965"
"243.02391614137645","247.65377855881252"
"237.89810884333298","235.611599296926"
"223.59769465620337","245.646748681879"
"233.10378476709536","244.6432337432695"
"232.73941151550235","245.646748681879"
"238.15843655925337","246.6502636204885"
"242.7911790317379","249.660808435746"
"253.42668981844815","257.6889279437655"
"275.7085820180199","269.731107205652"
"294.85912137112143","281.77328646753847"
"300.473149440725","285.7873462214055"
"298.9051105056521","282.7768014058625"
"290.68411153858136","283.780316344472"
"287.0512650788455","283.780316344472"
"283.21461018185244","282.7768014058625"
"282.8211639152471","282.7768014058625"
"284.64036728818326","283.780316344472"
"285.26958253992166","288.7978910369485"
"291.43008062649653","292.8119507908155"
"295.86662387443783","292.8119507908155"
"295.49390907378597","285.7873462214055"
"285.97334521437676","276.75571177506197"
"274.92747776261604","268.7275922670425"
"262.50707660691677","261.7029876976325"
"254.98697623178464","258.692442882375"
"247.3193429710682","248.65729349742202"
"238.9744587747192","245.646748681879"
"237.4415696754616","242.63620386633602"
"237.05365620912784","242.63620386633602"
"239.6365304103038","244.6432337432695"
"244.87650918793884","247.65377855881252"
"255.08053609956295","255.681898066832"
"274.8199244455435","272.741652021195"
"299.88445535244267","288.7978910369485"
"310.2026788527134","294.818980667749"
"310.4914672333635","287.794376098339"
"299.93171875232264","285.7873462214055"
"294.9507459797578","285.7873462214055"
"292.5720975996361","285.7873462214055"
"291.84041802735976","285.7873462214055"
"291.4686815568102","289.8014059752725"
"294.66937950559526","305.85764499131153"
"309.7106299278814","304.854130052702"
"312.69206049451685","299.8365553602255"
"304.95488930475614","289.8014059752725"
"294.79915268750733","282.7768014058625"
"286.94038246544073","272.741652021195"
"275.6575725547109","267.7240773287185"
"265.93558832367785","261.7029876976325"
"256.2742439993392","249.660808435746"
"242.9425851362132","248.65729349742202"
"241.55129867627016","245.646748681879"
"241.08318609749475","245.646748681879"
"243.92712789097845","246.6502636204885"
"248.3144481087304","248.65729349742202"
"256.2228789501713","256.68541300515597"
"274.3688573680149","270.734622143976"
"296.3664737348412","289.8014059752725"
"309.2232223935681","297.829525483292"
"309.1541193365164","288.7978910369485"
"296.7379598930876","286.79086116001497"
"292.00969765616924","288.7978910369485"
"291.6018670122255","288.7978910369485"
"291.4050829075254","286.79086116001497"
"289.8155914383426","289.8014059752725"
"291.6639321382368","299.8365553602255"
"301.211046802951","304.854130052702"
"310.21283876611375","299.8365553602255"
"304.6324593278154","288.7978910369485"
"292.88217538545365","282.7768014058625"
"285.0036554635958","273.745166959519"
"273.8834681683229","266.72056239010897"
"264.71153564200677","258.692442882375"
"253.9031047850596","251.667838312965"
"245.04019481183636","250.6643233743555"
"245.58220099679227","246.6502636204885"
"242.72510636981454","246.6502636204885"
"244.90072165512527","246.6502636204885"
"247.49106479905467","248.65729349742202"
"252.50412259510833","257.6889279437655"
"271.30286659786674","274.7486818981285"
"295.14781536341263","285.7873462214055"
"300.5437534622486","288.7978910369485"
"298.7962906767912","282.7768014058625"
"288.3033750004054","280.769771528929"
"284.00977906952977","279.766256590605"
"282.14372687234663","280.769771528929"
"282.2485976976061","281.77328646753847"
"284.0102063766905","280.769771528929"
"283.74881076374834","281.77328646753847"
"286.59587343163935","283.780316344472"
"291.3141835611939","281.77328646753847"
"288.0871784423323","276.75571177506197"
"280.54803709891655","270.734622143976"
"270.95305735911876","260.6994727593085"
"258.58653560035395","253.6748681898985"
"250.0331540577799","247.65377855881252"
"242.0286943299534","238.62214411246902"
"233.4664482762813","238.62214411246902"
"233.0303117797057","234.608084358602"
"229.41516198662387","230.5940246044495"
"225.69481196261756","232.60105448166848"
"230.71815208414785","233.60456941999252"
"234.41025880970045","237.61862917385952"
"242.9804802691176","243.6397188049455"
"253.39961098231552","250.6643233743555"
"257.19468256632354","253.6748681898985"
"256.25950492198785","250.6643233743555"
"249.3066844077998","248.65729349742202"
"245.61061079121765","247.65377855881252"
"243.0840262310724","246.6502636204885"
"241.71443427984246","244.6432337432695"
"239.2021253166852","244.6432337432695"
"239.64160155059355","245.646748681879"
"243.4034567474527","248.65729349742202"
"250.03794647698058","249.660808435746"
"249.19105440233437","246.6502636204885"
"244.74510178121352","239.6256590510785"
"236.53962459107436","234.608084358602"
"231.19273789365548","234.608084358602"
"229.58766211229894","229.5905096661255"
"223.58417115689505","218.55184534284848"
"207.3861564345014","180.4182776802555"
"175.19941266460452","141.28119507905302"
"153.65493765171854","126.22847100162349"
"147.9392519444092","95.119507908726"
"138.47692866303478","95.119507908726"
"139.1627952841817","90.1019332162495"
"138.6122847398576","104.15114235506948"
"144.32042459739446","166.3690685414355"
"177.66154826412605","205.5061511423525"
"210.28931787307766","230.5940246044495"
"236.01942144453184","236.6151142355355"
"240.12023611213073","237.61862917385952"
"238.6982501460183","236.6151142355355"
"234.5634460449481","234.608084358602"
"229.67662095100275","234.608084358602"
"228.41777277877804","234.608084358602"
"229.62712936242576","244.6432337432695"
"242.96473126846342","244.6432337432695"
"237.02629150028505","237.61862917385952"
"228.99359173720018","230.5940246044495"
"222.44526954998702","227.58347978919198"
"220.15180319456618","223.5694200350395"
"218.0125953069876","221.56239015810598"
"216.7838028022008","205.5061511423525"
"189.65596364306114","145.29525483292"
"151.65335444670913","97.12653778565948"
"143.58778204258823","93.11247803150701"
"147.2052858282785","101.14059753952651"
"152.0006313259653","125.22495606329949"
"162.81679536578702","169.37961335669303"
"184.54028404372204","194.4674868190755"
"199.87799114092496","184.4323374341225"
"191.40093808090498","165.365553602826"
"177.39542567522165","145.29525483292"
"166.60053076677812","154.326889279549"
"170.95136011829288","172.390158172236"
"183.3174856535226","216.5448154656295"
"218.65364451699963","212.5307557117625"
"217.25893307171035","192.460456942142"
"201.9770638514631","166.3690685414355"
"184.68794469308634","159.34446397174"
"180.84452310950795","125.22495606329949"
"162.63781475386372","88.09490333931598"
"149.4404449911051","92.10896309318298"
"150.6999654495075","144.291739894596"
"171.96150668929258","162.35500878728303"
"179.57830983326954","173.3936731108455"
"185.93378193979214","168.376098418369"
"181.3243277035673","170.3831282953025"
"181.9634143951298","178.4112478030365"
"186.64419462771332","204.502636203743"
"206.02634826537096","219.5553602811725"
"217.31616548942947","216.5448154656295"
"214.16803814039372","204.502636203743"
"205.41547735093553","177.4077328647125"
"188.6011093528125","159.34446397174"
"179.0050868551126","151.316344464006"
"175.72741380934127","129.23901581716652"
"167.43590246562889","94.11599297011651"
"134.6049211690632","126.22847100162349"
"143.81996742887114","94.11599297011651"
"135.1432505630909","82.07381370822998"
"132.7321770965088","86.08787346209704"
"135.18785645748466","115.18980667834651"
"146.2562933226605","151.316344464006"
"166.39150682600615","193.463971880466"
"204.43125184312547","211.527240773153"
"224.20422410769154","220.558875219782"
"230.73066847620822","229.5905096661255"
"235.77870848423922","232.60105448166848"
"235.3613769394512","233.60456941999252"
"233.81603327543894","234.608084358602"
"234.91223276033494","236.6151142355355"
"236.91099534458883","239.6256590510785"
"241.5482486180032","248.65729349742202"
"252.2593515624923","253.6748681898985"
"258.2926886237724","252.67135325128902"
"256.98462130397576","249.660808435746"
"252.39458768584194","244.6432337432695"
"246.5165666186046","238.62214411246902"
"239.48581188768043","236.6151142355355"
"234.97660822496607","229.5905096661255"
"227.80692989057334","209.5202108962195"
"208.14757625500982","221.56239015810598"
"217.40624325119686","212.5307557117625"
"207.33968141414795","205.5061511423525"
"202.33964873283162","204.502636203743"
"201.465537135746","214.537785588696"
"214.06791316540188","222.56590509671548"
"227.23020535681212","231.59753954305899"
"243.06874854901065","237.61862917385952"
"251.24664813441507","243.6397188049455"
"254.92436403090184","244.6432337432695"
"251.1357731864034","244.6432337432695"
"246.2458256758512","243.6397188049455"
"241.13378218495342","238.62214411246902"
"233.14129885617865","235.611599296926"
"227.61331412032544","237.61862917385952"
"227.69119355038598","241.632688928012"
"233.56300491650083","243.6397188049455"
"237.10176185812725","242.63620386633602"
"233.70406479184877","238.62214411246902"
"228.38376163148098","231.59753954305899"
"221.6915075678704","220.558875219782"
"211.55460516817976","209.5202108962195"
"203.18675805991026","185.4358523724465"
"189.2031964379394","161.351493848959"
"156.8783935168387","160.3479789103495"
"156.95084006570568","116.19332161695601"
"140.12598738126363","97.12653778565948"
"135.38270518659957","90.1019332162495"
"134.34963148647833","92.10896309318298"
"136.05242140414762","134.25659050964302"
"153.47979102504712","167.3725834797595"
"176.635248034984","207.513181019286"
"213.58878399420811","220.558875219782"
"228.462085290181","225.5764499122585"
"234.21412627546442","227.58347978919198"
"233.6242754947872","227.58347978919198"
"232.49574454664074","225.5764499122585"
"226.21487962438408","223.5694200350395"
"221.72144568713884","224.572934973649"
"220.06371922175555","231.59753954305899"
"223.62676555203743","235.611599296926"
"227.9208098294729","237.61862917385952"
"230.69589433358283","235.611599296926"
"228.7319876915533","230.5940246044495"
"223.9712305010852","226.5799648505825"
"219.9656465272198","222.56590509671548"
"216.26136110587552","211.527240773153"
"207.54535879182103","184.4323374341225"
"180.37565917656846","154.326889279549"
"161.41399787711245","148.30579964846302"
"157.47949659751723","146.2987697715295"
"156.9180410531629","147.302284710139"
"157.38301632656962","148.30579964846302"
"158.69243537601983","188.4463971879895"
"186.91986207932226","228.58699472751601"
"231.22854788869782","237.61862917385952"
"245.98897140738427","242.63620386633602"
"252.51346747652937","244.6432337432695"
"252.17288627150538","248.65729349742202"
"252.5593586986947","247.65377855881252"
"247.7491166948911","246.6502636204885"
"243.33667414750101","244.6432337432695"
"239.95192245189338","245.646748681879"
"240.48460458127062","254.6783831282225"
"249.99969934812623","260.6994727593085"
"259.85661575665864","264.7135325131755"
"262.7147016881939","260.6994727593085"
"256.6373335237314","254.6783831282225"
"248.55870993742752","246.6502636204885"
"238.90768041758588","243.6397188049455"
"236.11929450487486","241.632688928012"
"233.4278773215996","234.608084358602"
"222.81644728240167","246.6502636204885"
"234.60086161433503","228.58699472751601"
"217.76874944996794","209.5202108962195"
"201.22459593585302","201.4920913884855"
"195.20227556171352","204.502636203743"
"199.13915730227168","212.5307557117625"
"207.49807205663254","212.5307557117625"
"211.45212664179647","229.5905096661255"
"234.26248251331097","245.646748681879"
"255.99672554370648","249.660808435746"
"262.49050446496807","254.6783831282225"
"264.8467602942264","255.681898066832"
"262.64253589315376","256.68541300515597"
"259.6305582570905","256.68541300515597"
"255.59089768350373","258.692442882375"
"253.89510300689705","278.7627416519955"
"273.16790768223234","332.9525483303991"
"322.20579353472226","333.9560632688944"
"318.72173058228327","283.780316344472"
"272.33464200521854","256.68541300515597"
"244.60181301805136","247.65377855881252"
"236.15695613148762","244.6432337432695"
"233.24271698961104","240.6291739894025"
"226.29428153615564","186.439367311056"
"179.08070464538767","175.40070298777897"
"174.64137953221393","215.54130052730548"
"206.2782109293649","211.527240773153"
"206.71341202169413","205.5061511423525"
"204.32060327159272","205.5061511423525"
"207.43860154035727","192.460456942142"
"198.5666573370468","192.460456942142"
"202.87265125084457","180.4182776802555"
"195.4559308902795","180.4182776802555"
"195.2631674191443","198.4815465729425"
"205.07767547072157","215.54130052730548"
"216.33696144497088","217.548330404239"
"218.03526972021297","215.54130052730548"
"215.23124895861315","216.5448154656295"
"217.79092893110362","222.56590509671548"
"222.92717985075308","230.5940246044495"
"235.01144912305196","244.6432337432695"
"250.50554059303397","250.6643233743555"
"256.62839311635577","245.646748681879"
"249.3992574908765","229.5905096661255"
"232.55376890396482","217.548330404239"
"220.01745932999017","208.51669595789548"
"211.87747493664978","182.42530755718897"
"192.41151186438972","218.55184534284848"
"219.5270028881694","212.5307557117625"
"214.4261435070413","205.5061511423525"
"210.40167523711784","206.509666080962"
"217.23156987197197","214.537785588696"
"230.97693088212492","211.527240773153"
"231.77420154410459","207.513181019286"
"232.12964562433262","284.7838312830815"
"300.11098072189463","285.7873462214055"
"296.4860265504712","281.77328646753847"
"290.7207479035834","288.7978910369485"
"294.7433560533703","300.84007029883503"
"302.0246722224159","260.6994727593085"
"268.7087383500168","263.710017574566"
"273.30627847959073","268.7275922670425"
"277.4395415771455","278.7627416519955"
"285.61687412279946","279.766256590605"
"281.8102113062944","281.77328646753847"
"285.6552021941244","265.717047451785"
"268.87795362909304","259.695957820699"
"259.4227125552729","252.67135325128902"
"250.18434837531396","247.65377855881252"
"245.25070965046746","237.61862917385952"
"234.71380177816243","218.55184534284848"
"221.56471485960407","215.54130052730548"
"216.60950310488874","189.44991212659897"
"193.079434167843","161.351493848959"
"176.4579164158607","146.2987697715295"
"169.64530637224854","141.28119507905302"
"171.51613002002358","180.4182776802555"
"202.43306132200635","246.6502636204885"
"268.3900196337081","274.7486818981285"
"287.12142918965003","249.660808435746"
"258.1784043528285","248.65729349742202"
"251.2458490419571","248.65729349742202"
"247.41691812875783","247.65377855881252"
"243.16206591665645","247.65377855881252"
"242.2621090012565","248.65729349742202"
"246.1364278753427","248.65729349742202"
"249.39498601098404","250.6643233743555"
"252.1385658829301","251.667838312965"
"252.79573750951988","250.6643233743555"
"249.117146460795","249.660808435746"
"244.0090472521315","245.646748681879"
"236.7571568728784","250.6643233743555"
"231.56816037497134","214.537785588696"
"206.54316712317384","214.537785588696"
"204.30115616947455","118.20035149388949"
"148.39816209560882","73.04217926188653"
"135.88170103884497","81.070298769906"
"142.56755538293058","153.3233743409395"
"180.21418247988282","294.818980667749"
"297.3496623019446","244.6432337432695"
"246.5306294958761","243.6397188049455"
"243.75171723584742","246.6502636204885"
"246.82149544423913","246.6502636204885"
"247.13725308532705","245.646748681879"
"245.0753709627545","245.646748681879"
"245.7294965708188","247.65377855881252"
"247.70950322495375","248.65729349742202"
"249.59140593761208","251.667838312965"
"251.42359692230474","251.667838312965"
"251.36423895954516","250.6643233743555"
"250.6277225750776","246.6502636204885"
"245.44733934053238","241.632688928012"
"238.72659436438883","233.60456941999252"
"231.46099037379182","226.5799648505825"
"223.93487605523939","201.4920913884855"
"207.07415879142485","125.22495606329949"
"165.29652330674895","264.7135325131755"
"273.8712946027351","260.6994727593085"
"266.1832721024922","261.7029876976325"
"265.4835968230405","264.7135325131755"
"266.5128278437695","264.7135325131755"
"263.77890030533786","260.6994727593085"
"257.31917528938243","258.692442882375"
"252.31861361163448","261.7029876976325"
"254.9447000854759","268.7275922670425"
"264.5466483601426","278.7627416519955"
"276.9664122225204","284.7838312830815"
"282.74294499926555","259.695957820699"
"253.55968152796487","251.667838312965"
"244.18046878703606","245.646748681879"
"237.80007209429488","231.59753954305899"
"225.3526428701748","219.5553602811725"
"215.09400290981213","140.277680140729"
"156.48104264734854","213.534270650372"
"205.188450776157","155.33040421787302"
"163.65867534367817","118.20035149388949"
"148.18254001742352","121.21089630943251"
"150.02259062458384","153.3233743409395"
"166.14265518001278","159.34446397174"
"171.86494624042913","173.3936731108455"
"188.8645203316787","270.734622143976"
"289.32998839075503","289.8014059752725"
"305.10379679091017","287.794376098339"
"297.1106039427422","290.80492091388203"
"294.34704497659123","331.9490333919038"
"325.6385008737373","300.84007029883503"
"297.1521109375735","274.7486818981285"
"272.3414047303817","259.695957820699"
"254.68669746268927","263.710017574566"
"261.0103921485366","327.93497363795115"
"325.33722428278844","390.1528998242315"
"374.36467291264023","364.06151142355355"
"348.0298847981752","331.9490333919038"
"318.6104551362724","254.6783831282225"
"246.4733889330504","248.65729349742202"
"240.8240069530073","240.6291739894025"
"233.25723326639832","232.60105448166848"
"223.2548330910443","244.6432337432695"
"238.91959663093928","227.58347978919198"
"222.38726700688062","209.5202108962195"
"202.69312307861446","148.30579964846302"
"162.01120675130866","132.2495606327095"
"157.22409841670367","111.17574692447948"
"150.01919882737388","204.502636203743"
"208.76492273559018","198.4815465729425"
"211.3972818340377","259.695957820699"
"265.461479251308","247.65377855881252"
"249.6340171436861","249.660808435746"
"249.53277855712395","248.65729349742202"
"248.66001329084816","246.6502636204885"
"247.57930186374986","242.63620386633602"
"244.3613056295157","245.646748681879"
"247.29412048338588","246.6502636204885"
"251.17471574575183","253.6748681898985"
"260.8137028643499","273.745166959519"
"282.9531829560432","264.7135325131755"
"270.48166138638067","254.6783831282225"
"258.52683049127955","252.67135325128902"
"253.86139084212653","234.608084358602"
"237.9090797117594","233.60456941999252"
"236.66479845186467","216.5448154656295"
"207.8657790225507","201.4920913884855"
"196.81374703459727","73.04217926188653"
"140.46664039375057","193.463971880466"
"195.7564443001932","209.5202108962195"
"211.33106443443884","212.5307557117625"
"215.14231730107036","219.5553602811725"
"223.8891717997385","197.478031634333"
"208.03376519161276","250.6643233743555"
"256.21444336405807","282.7768014058625"
"286.65240260529913","260.6994727593085"
"260.9813758189408","259.695957820699"
"258.521909181493","246.6502636204885"
"242.82605011661042","246.6502636204885"
"242.4016940797895","277.7592267136715"
"277.76765553732025","341.9841827767997"
"334.45393542451467","404.2021089630515"
"383.66159350294254","409.219683655528"
"380.86975983532193","345.9982425307552"
"328.9010882049148","296.8260105446825"
"289.88645912560037","279.766256590605"
"272.21712505226776","252.67135325128902"
"245.70144976423052","259.695957820699"
"250.31662458829288","247.65377855881252"
"243.1239673693965","242.63620386633602"
"241.06987341181323","240.6291739894025"
"240.7257714992811","241.632688928012"
"253.08847857132952","268.7275922670425"
"286.69528732905604","319.9068541300459"
"347.2232293341262","439.32513181010154"
"434.86711348343886","479.46572934962796"
"440.1889250471391","436.31458699484403"
"418.15792603667376","419.254833040481"
"406.81866819277946","416.24428822493803"
"403.1536079202769","414.2372583480045"
"402.7085798447355","407.2126537785945"
"398.37410255307896","389.149384885622"
"383.3630608525975","377.107205624021"
"377.6300328327628","385.135325131755"
"381.9392419284846","424.2724077329575"
"410.882266999698","455.3813708261405"
"423.7025473422603","390.1528998242315"
"375.3195168430737","299.8365553602255"
"301.6058270793237","268.7275922670425"
"268.58990867554166","249.660808435746"
"250.77275814185393","241.632688928012"
"255.18349142836652","235.611599296926"
"246.52448419476315","230.5940246044495"
"237.59004649578105","227.58347978919198"
"234.51240833541783","208.51669595789548"
"221.2764711723802","226.5799648505825"
"247.15641709907277","250.6643233743555"
"280.406038559532","295.82249560635853"
"313.1220778699128","357.0369068541435"
"363.2145806920399","394.1669595780985"
"390.6626987494702","381.121265377888"
"381.12118789759705","379.1142355009545"
"378.4546654534267","394.1669595780985"
"389.7845013729373","388.145869947298"
"386.61962894625054","394.1669595780985"
"388.85148808519426","387.14235500868847"
"380.7792023663601","386.1388400703645"
"377.24745520662503","409.219683655528"
"394.1819138255405","455.3813708261405"
"414.0110221528498","454.377855887531"
"404.7725036578696","303.850615114378"
"299.75546243527884","266.72056239010897"
"264.69087226274905","258.692442882375"
"257.155278341235","245.646748681879"
"241.9509627318672","237.61862917385952"
"239.89250745613828","228.58699472751601"
"231.9832418635951","227.58347978919198"
"233.34604556374208","225.5764499122585"
"233.1769383399443","218.55184534284848"
"229.89187073548237","223.5694200350395"
"238.15352906105392","242.63620386633602"
"256.3138185450292","253.6748681898985"
"262.3547227929124","278.7627416519955"
"286.69230738148883","309.8717047451785"
"315.45055345584166","294.818980667749"
"301.2971042783879","282.7768014058625"
"288.48606373867773","291.80843585249147"
"296.1214690835048","296.8260105446825"
"301.51408918162946","299.8365553602255"
"302.61380990636724","299.8365553602255"
"302.2142577978945","315.892794375979"
"314.6357128810298","339.9771528998377"
"334.35164713693723","351.0158172232003"
"339.75971347257206","306.8611599296355"
"303.67606089427346","280.769771528929"
"278.4052800633898","262.706502636242"
"260.8076534235262","253.6748681898985"
"251.72525137523394","243.6397188049455"
"241.46436530014066","233.60456941999252"
"236.69690780118395","232.60105448166848"
"239.15199347419735","227.58347978919198"
"235.22117064414283","219.5553602811725"
"228.22232936228045","214.537785588696"
"224.4427560956637","216.5448154656295"
"227.06682477187098","237.61862917385952"
"245.69220551249708","249.660808435746"
"254.19222126902375","256.68541300515597"
"259.90148556903785","262.706502636242"
"265.2875428134301","256.68541300515597"
"257.26667522787255","256.68541300515597"
"258.44458703233744","255.681898066832"
"255.61582783364014","255.681898066832"
"255.9775989695801","256.68541300515597"
"258.0251511511075","256.68541300515597"
"257.62972145443655","255.681898066832"
"257.73056925770044","257.6889279437655"
"261.5075827305077","265.717047451785"
"267.2356153086172","262.706502636242"
"262.0158399989598","256.68541300515597"
"255.1312819294012","253.6748681898985"
"251.69267247878008","250.6643233743555"
"246.51100561931852","245.646748681879"
"241.17405089307226","232.60105448166848"
"226.64173152656014","181.4217926185795"
"180.07056434413042","137.267135325186"
"157.67774344139997","121.21089630943251"
"151.61820784021492","121.21089630943251"
"152.45250927401503","136.26362038657652"
"162.80201299474615","191.4569420035325"
"208.14976724545352","249.660808435746"
"264.1407697788421","278.7627416519955"
"290.47219556886944","282.7768014058625"
"290.10044667319977","265.717047451785"
"268.584654554106","255.681898066832"
"256.5661700938499","252.67135325128902"
"253.95083523122202","251.667838312965"
"254.32868903194702","250.6643233743555"
"253.79569927547126","249.660808435746"
"251.5496973857695","249.660808435746"
"250.07295629436078","251.667838312965"
"255.78108952678585","263.710017574566"
"267.18970911086853","259.695957820699"
"261.25272579846035","250.6643233743555"
"251.8003969608485","245.646748681879"
"246.19092109689382","244.6432337432695"
"242.67708887106022","237.61862917385952"
"235.7370101695194","222.56590509671548"
"213.8913768934839","223.5694200350395"
"214.42344824727888","212.5307557117625"
"203.78151880721018","207.513181019286"
"199.09878642431744","215.54130052730548"
"207.24813805597566","218.55184534284848"
"212.7908617544691","228.58699472751601"
"225.92633381134553","231.59753954305899"
"236.94062265061032","238.62214411246902"
"245.96283532151068","243.6397188049455"
"254.318322153981","247.65377855881252"
"259.06042499111976","257.6889279437655"
"264.75732959402444","262.706502636242"
"266.77801684831286","262.706502636242"
"263.80076280372936","251.667838312965"
"250.78740803553598","251.667838312965"
"248.18603689366827","261.7029876976325"
"257.5591043605959","286.79086116001497"
"283.34174284361256","307.864674868245"
"301.4869178356803","291.80843585249147"
"285.86437024190025","268.7275922670425"
"261.44586634048187","258.692442882375"
"249.9521565570275","254.6783831282225"
"244.95450313999982","253.6748681898985"
"242.53789363843345","250.6643233743555"
"234.95229317473422","253.6748681898985"
"239.07987260541813","250.6643233743555"
"236.44070896119916","249.660808435746"
"236.23444513543865","248.65729349742202"
"235.20101659421226","242.63620386633602"
"229.96938447417682","248.65729349742202"
"237.60325271668705","245.646748681879"
"240.2479129591036","251.667838312965"
"248.90219503751592","253.6748681898985"
"255.80873992133576","259.695957820699"
"269.2186363321693","268.7275922670425"
"278.33426770570674","271.7381370825855"
"277.14843059820646","271.7381370825855"
"273.7151927821319","267.7240773287185"
"266.3865352178251","272.741652021195"
"269.8114927268117","284.7838312830815"
"282.2360237756138","293.815465729425"
"294.82175244706417","347.0017574692448"
"343.0329553251726","342.987697715295"
"339.9838089706786","299.8365553602255"
"298.47340492210793","291.80843585249147"
"289.39957939646837","292.8119507908155"
"289.4113038477499","265.717047451785"
"258.1920317222924","255.681898066832"
"246.6708408467229","252.67135325128902"
"246.71063725968844","249.660808435746"
"246.63903499446582","247.65377855881252"
"248.01359505592345","249.660808435746"
"252.90060535790928","248.65729349742202"
"262.0287965679991","267.7240773287185"
"291.5567618877025","313.8857644990455"
"333.7230866727298","431.2970123023675"
"413.92923815917936","452.3708260105975"
"421.3877845851117","356.0333919156482"
"357.53285641404244","337.9701230228471"
"342.0215090054924","360.0474516696009"
"358.4696802766069","395.170474516708"
"387.65749155123973","386.1388400703645"
"378.79395673435954","365.06502636204885"
"364.50929327608947","371.0861159929635"
"369.3634589922394","390.1528998242315"
"389.1849146744723","447.353251318121"
"416.7025101077375","353.0228471001623"
"341.9248498059263","318.9033391915506"
"310.40233182114173","296.8260105446825"
"290.23986084930397","279.766256590605"
"274.48575899458206","260.6994727593085"
"256.0377348617952","254.6783831282225"
"249.1699142736108","254.6783831282225"
"250.60960729028992","250.6643233743555"
"249.6128755541598","248.65729349742202"
"250.54335090110783","250.6643233743555"
"255.88700179916594","255.681898066832"
"269.15399279516544","297.829525483292"
"322.28515633534016","345.9982425307552"
"361.763887834834","426.27943760989103"
"426.26841114576484","440.328646748711"
"447.1146161279327","394.1669595780985"
"401.5946163569775","366.0685413005156"
"370.3642803934014","371.0861159929635"
"375.13781553012893","388.145869947298"
"390.74440633172946","381.121265377888"
"383.99845337007196","371.0861159929635"
"376.5282617719684","373.0931458699541"
"380.69056042728334","398.181019332251"
"412.39734370678565","457.388400703074"
"447.6360949413025","434.307557117625"
"420.87298880230946","341.9841827767997"
"335.97423914024137","329.94200351494175"
"322.3422482182353","283.780316344472"
"284.235344444284","268.7275922670425"
"267.7891078247827","254.6783831282225"
"247.80635926359582","252.67135325128902"
"248.2913862842206","249.660808435746"
"247.54810791077693","246.6502636204885"
"248.2683046152277","247.65377855881252"
"253.4417823790718","252.67135325128902"
"267.56298750362043","295.82249560635853"
"316.90220097902926","325.9279437609891"
"340.8460620594392","384.131810193431"
"383.90216522085655","388.145869947298"
"381.63592537249383","326.9314586994844"
"323.8075660162369","321.9138840070365"
"320.26297675960654","321.9138840070365"
"322.2472090529636","320.9103690685412"
"320.9084777591954","304.854130052702"
"310.3352800162319","307.864674868245"
"310.69690928628205","304.854130052702"
"309.05995165752785","316.8963093145885"
"321.67239124554106","324.9244288224938"
"319.49514451951245","297.829525483292"
"298.92540079930933","276.75571177506197"
"273.01321301403016","262.706502636242"
"255.1168631738788","259.695957820699"
"250.70989893469584","253.6748681898985"
"243.78070814191676","244.6432337432695"
"238.7985643021612","235.611599296926"
"229.28447421421615","229.5905096661255"
"225.28747567616398","230.5940246044495"
"231.03447881474494","232.60105448166848"
"238.58647597342429","240.6291739894025"
"251.3614557782717","250.6643233743555"
"267.7787889433606","277.7592267136715"
"293.62442482772803","299.8365553602255"
"306.72809623910723","314.889279437655"
"316.3943874939765","297.829525483292"
"300.05152172585474","287.794376098339"
"289.3373709599493","299.8365553602255"
"297.2531481085126","305.85764499131153"
"301.5852364227548","299.8365553602255"
"294.5873491850454","289.8014059752725"
"288.2907318379009","291.80843585249147"
"289.78123610460557","313.8857644990455"
"317.6960437823552","330.94551845343705"
"321.6634405667269","303.850615114378"
"301.4966436682167","278.7627416519955"
"275.9278604718863","271.7381370825855"
"267.77346689644264","266.72056239010897"
"258.967865056183","255.681898066832"
"246.10038296227364","250.6643233743555"
"242.85582072256082","235.611599296926"
"225.9299194560904","234.608084358602"
"225.08568655037945","224.572934973649"
"215.40614754326103","223.5694200350395"
"217.2314843911525","232.60105448166848"
"229.06752834247112","232.60105448166848"
"239.09326439459267","291.80843585249147"
"310.9095706530687","340.9806678383044"
"353.65024534404733","371.0861159929635"
"374.14769470092943","340.9806678383044"
"341.78564853451655","329.94200351494175"
"328.20810446562695","335.9630931458565"
"332.7405533712739","333.9560632688944"
"328.94899849184327","313.8857644990455"
"309.83705513667985","304.854130052702"
"304.0992272303684","318.9033391915506"
"318.1007008052039","334.9595782073897"
"332.7358732563541","373.0931458699541"
"361.6820996569796","333.9560632688944"
"324.13459807767134","291.80843585249147"
"284.89898507617426","270.734622143976"
"259.9611367862379","270.734622143976"
"259.6899947560348","261.7029876976325"
"249.94989511527365","255.681898066832"
"244.3868098855186","254.6783831282225"
"244.42260648534597","251.667838312965"
"243.5194080065496","249.660808435746"
"243.99351290905304","248.65729349742202"
"243.2878107617561","245.646748681879"
"244.64393885283602","245.646748681879"
"249.82712685582933","245.646748681879"
"255.8851240936089","251.667838312965"
"266.2179213575588","252.67135325128902"
"264.9189525268168","255.681898066832"
"263.4635794651401","256.68541300515597"
"260.1364465737369","256.68541300515597"
"258.1815891185342","254.6783831282225"
"254.77513241453107","250.6643233743555"
"252.46563881884055","247.65377855881252"
"250.11949815940503","246.6502636204885"
"243.93047107428447","255.681898066832"
"253.75804151377804","272.741652021195"
"270.5158225510899","267.7240773287185"
"266.56093084414795","255.681898066832"
"254.16970936824845","251.667838312965"
"248.70268974111752","245.646748681879"
"242.0088658502277","242.63620386633602"
"236.69583640976995","227.58347978919198"
"215.15190365672615","220.558875219782"
"208.67117092633288","206.509666080962"
"199.5863466391221","197.478031634333"
"190.5210598214142","195.47100175739948"
"190.17517332319395","195.47100175739948"
"193.15271731458017","203.49912126541898"
"200.84529587140565","212.5307557117625"
"210.36636793097898","215.54130052730548"
"212.33754119230454","221.56239015810598"
"219.66112700847725","229.5905096661255"
"232.58379450205211","234.608084358602"
"239.31510976486078","236.6151142355355"
"241.52900218112472","236.6151142355355"
"241.3290633465735","234.608084358602"
"237.51473237317447","235.611599296926"
"236.592690983515","240.6291739894025"
"238.08522347889846","222.56590509671548"
"220.0906369864539","296.8260105446825"
"290.1185116852514","290.80492091388203"
"284.38685555220763","275.7521968364525"
"267.25786829319503","263.710017574566"
"255.7618456394739","255.681898066832"
"247.1058277476327","252.67135325128902"
"244.3079161333904","246.6502636204885"
"240.08443900611363","237.61862917385952"
"234.27855841148525","232.60105448166848"
"230.54238737752632","229.5905096661255"
"229.35614546470714","225.5764499122585"
"232.22365791815156","234.608084358602"
"246.7648832082428","234.608084358602"
"257.4784489684729","305.85764499131153"
"357.54218171630555","387.14235500868847"
"423.73284775077013","409.219683655528"
"417.91914456122066","379.1142355009545"
"386.4620880364549","377.107205624021"
"376.7324425545763","383.1282952548215"
"377.4587014813825","372.0896309314588"
"370.56059375323855","356.0333919156482"
"358.16777177588983","348.0052724077315"
"351.8220511165103","334.9595782073897"
"340.40429899693805","353.0228471001623"
"368.7089298107281","409.219683655528"
"417.5337245934964","448.3567662567305"
"421.3368313020587","386.1388400703645"
"372.8249913981206","321.9138840070365"
"309.7961118546318","300.84007029883503"
"290.90234467470566","275.7521968364525"
"271.4775416891679","264.7135325131755"
"253.51537147301565","260.6994727593085"
"252.89516883012664","253.6748681898985"
"251.4507478552269","254.6783831282225"
"255.73858672998875","255.681898066832"
"260.3578483513294","260.6994727593085"
"272.5608796306561","277.7592267136715"
"297.7193583830899","311.878734622112"
"386.17610204660855","409.219683655528"
"466.09363918490817","408.2161687169185"
"450.44010935359006","416.24428822493803"
"433.395318357186","403.1985940247275"
"417.8217765791183","401.19156414750853"
"413.2477146108252","393.1634446397745"
"404.12180411478977","389.149384885622"
"402.751200955014","381.121265377888"
"386.9377681678385","379.1142355009545"
"395.42136346946364","410.2231985941375"
"438.61083103567375","480.4692442882375"
"476.58035118709296","498.5325131809245"
"473.92461628284934","409.219683655528"
"399.145237109246","314.889279437655"
"307.53002560782625","313.8857644990455"
"304.14319581380505","277.7592267136715"
"273.8738202617081","268.7275922670425"
"261.3158204439604","269.731107205652"
"265.91561956459583","264.7135325131755"
"262.7539579676409","263.710017574566"
"266.2949727741958","264.7135325131755"
"272.31598742522146","274.7486818981285"
"282.26756698168435","286.79086116001497"
"319.0725394248101","320.9103690685412"
"418.3757799779363","431.2970123023675"
"482.6655276980943","431.2970123023675"
"460.1105023190513","409.219683655528"
"418.0059120386835","383.1282952548215"
"387.80399200377957","373.0931458699541"
"378.1285590759358","353.0228471001623"
"357.3796929622047","339.9771528998377"
"346.9470048678599","334.9595782073897"
"340.3171407430417","334.9595782073897"
"336.87933501505523","345.9982425307552"
"362.28085763021534","431.2970123023675"
"427.2407776473823","324.9244288224938"
"332.8452331482794","319.9068541300459"
"314.44227978322175","303.850615114378"
"294.75775510549516","278.7627416519955"
"269.442332749539","268.7275922670425"
"258.99851275040874","257.6889279437655"
"257.40397787878777","261.7029876976325"
"264.1614871828192","259.695957820699"
"265.7422082387908","256.68541300515597"
"264.8677328907417","249.660808435746"
"259.4433786429847","251.667838312965"
"266.9747175009945","264.7135325131755"
"286.29953698915386","272.741652021195"
"298.6674714560659","274.7486818981285"
"296.8657609990207","325.9279437609891"
"331.3495044722222","327.93497363795115"
"327.93369240820937","322.9173989455318"
"323.3490565480533","290.80492091388203"
"292.0241564434208","279.766256590605"
"281.1372952835214","278.7627416519955"
"280.77768601541294","276.75571177506197"
"275.96990727382433","273.745166959519"
"272.52704862598085","274.7486818981285"
"273.881924739363","270.734622143976"
"271.8072530882911","276.75571177506197"
"279.8218535219647","270.734622143976"
"269.9352730152174","270.734622143976"
"270.53816481592264","264.7135325131755"
"259.116705113383","258.692442882375"
"251.84873480517805","249.660808435746"
"248.6074683883848","246.6502636204885"
"245.50886042707413","244.6432337432695"
"242.94949919269578","243.6397188049455"
"242.72768275878454","245.646748681879"
"248.0368086492894","254.6783831282225"
"263.3811674657511","262.706502636242"
"277.5681178371075","276.75571177506197"
"301.78697238038734","386.1388400703645"
"395.66740640897933","416.24428822493803"
"408.7427902298494","438.3216168717775"
"416.1070607292206","409.219683655528"
"395.60531487125934","409.219683655528"
"391.79880343735994","422.265377856024"
"398.2536130433108","377.107205624021"
"358.2090255406589","355.0298769771529"
"339.9058793957852","336.9666080843518"
"327.6726226140568","341.9841827767997"
"336.65144269091303","442.3356766256445"
"406.41263720277095","483.4797891037805"
"422.8831392988237","375.100175746802"
"351.82439097946207","285.7873462214055"
"276.88420096478563","279.766256590605"
"271.6731122711788","272.741652021195"
"261.58550233152107","268.7275922670425"
"263.1207975703294","267.7240773287185"
"264.544038280423","262.706502636242"
"258.4504745528278","261.7029876976325"
"256.709285652047","262.706502636242"
"260.142845952224","263.710017574566"
"263.59243105253665","266.72056239010897"
"269.8008893560121","270.734622143976"
"276.63492357854193","274.7486818981285"
"286.692846165699","275.7521968364525"
"289.8512574536504","282.7768014058625"
"298.56126463973885","290.80492091388203"
"305.178531422116","289.8014059752725"
"301.8796732745081","284.7838312830815"
"294.1689581768939","283.780316344472"
"290.5676949466074","282.7768014058625"
"284.68401954748833","287.794376098339"
"284.6934855048376","319.9068541300459"
"311.6489774716202","396.1739894553175"
"368.9486077384788","449.36028119505454"
"396.7334266053316","314.889279437655"
"303.79293288274476","285.7873462214055"
"275.8206536727279","281.77328646753847"
"269.5275579936033","278.7627416519955"
"264.3268049477786","274.7486818981285"
"260.8490619223055","272.741652021195"
"261.63770405111137","268.7275922670425"
"258.4883696084215","265.717047451785"
"256.4834139802303","259.695957820699"
"252.32913865488285","248.65729349742202"
"241.93679107028748","247.65377855881252"
"242.32202099971158","250.6643233743555"
"247.38520009483284","260.6994727593085"
"263.2974267130614","266.72056239010897"
"274.8760082125253","273.745166959519"
"285.52474869554544","278.7627416519955"
"293.3688441771303","276.75571177506197"
"289.85262921177605","273.745166959519"
"283.5505273370335","271.7381370825855"
"277.57658955934306","271.7381370825855"
"273.7932685298896","272.741652021195"
"273.1693173201222","281.77328646753847"
"284.82882935897874","293.815465729425"
"300.69941239158413","288.7978910369485"
"296.1145205031376","283.780316344472"
"288.10409473670893","275.7521968364525"
"275.6092223324245","271.7381370825855"
"275.4577714966472","266.72056239010897"
"268.91692004545735","260.6994727593085"
"261.6384153632988","259.695957820699"
"262.7846571510233","253.6748681898985"
"259.3793553191583","241.632688928012"
"249.48631325539037","237.61862917385952"
"249.69103658213857","243.6397188049455"
"263.3266285521197","238.62214411246902"
"269.88749112559486","291.80843585249147"
"330.24435064605404","371.0861159929635"
"409.45973365214036","421.2618629174145"
"420.5541699631041","395.170474516708"
"405.76099066543117","363.05799648505825"
"366.99071822628844","336.9666080843518"
"338.23271459178164","334.9595782073897"
"337.40526408541314","333.9560632688944"
"335.4389567738098","327.93497363795115"
"323.4719584173134","322.9173989455318"
"324.79704808102883","333.9560632688944"
"341.66594252110076","410.2231985941375"
"396.98246735228486","352.0193321616956"
"349.3627453567583","334.9595782073897"
"326.9114491108286","288.7978910369485"
"287.30416337682607","278.7627416519955"
"275.7148742555152","267.7240773287185"
"263.86943098949274","262.706502636242"
"262.7600947525193","270.734622143976"
"271.506770030511","268.7275922670425"
"271.49557575070503","270.734622143976"
"278.6613988998989","272.741652021195"
"286.5820262746251","274.7486818981285"
"292.9770043660107","279.766256590605"
"308.9102133585182","326.9314586994844"
"392.7350614847697","409.219683655528"
"455.877638800679","452.3708260105975"
"456.6886985909236","453.3743409489215"
"449.77367966182726","394.1669595780985"
"393.2802606558682","335.9630931458565"
"337.458962131686","332.9525483303991"
"334.1392473583498","332.9525483303991"
"332.9983890753757","326.9314586994844"
"323.51392440677927","326.9314586994844"
"328.18044928654103","335.9630931458565"
"340.53885613741477","434.307557117625"
"424.67226217798964","527.634446397174"
"456.8659320795666","423.268892794348"
"402.87218130926004","371.0861159929635"
"353.425795506961","326.9314586994844"
"310.09723683166806","296.8260105446825"
"287.29010143519025","282.7768014058625"
"274.3564139403543","291.80843585249147"
"286.77406795245355","287.794376098339"
"285.8950647180655","285.7873462214055"
"287.55924561466753","287.794376098339"
"294.19296195143534","296.8260105446825"
"313.00900131421673","322.9173989455318"
"359.39216898624545","334.9595782073897"
"392.1110782814786","417.2478031635475"
"461.3995512379031","444.342706502578"
"450.44476137540056","455.3813708261405"
"441.35765579897907","463.4094903338745"
"429.62581323808865","441.332161687035"
"415.44630494752244","435.3110720562345"
"410.0150583187773","408.2161687169185"
"391.98622804316517","378.110720562345"
"369.15583882343134","366.0685413005156"
"359.2564413818962","364.06151142355355"
"362.58659779775496","424.2724077329575"
"411.4889100419017","587.8453427066065"
"468.44004455464005","423.268892794348"
"403.59895127220307","383.1282952548215"
"364.97009846492193","357.0369068541435"
"346.2789438161645","339.9771528998377"
"322.48660656152276","310.87521968378803"
"302.315736395928","311.878734622112"
"306.5134951604894","299.8365553602255"
"294.3602672118983","295.82249560635853"
"291.8185620901321","299.8365553602255"
"300.9229206010545","310.87521968378803"
"324.01954826140394","322.9173989455318"
"346.9478777588473","354.0263620386576"
"421.12463328377277","584.8347978910635"
"514.8260510239367","543.6906854129275"
"478.2367695976511","543.6906854129275"
"472.9172428451119","542.6871704746035"
"464.39175227448555","483.4797891037805"
"455.24797237872104","439.32513181010154"
"433.4904813859494","417.2478031635475"
"406.0980750045799","423.268892794348"
"414.18589526640545","409.219683655528"
"420.93363072031735","557.7398945517475"
"474.21227932315907","492.511423550124"
"439.0279728091081","418.2513181018715"
"387.82970079097726","368.0755711775062"
"347.5309342595532","326.9314586994844"
"330.2002475744382","340.9806678383044"
"341.61642720683994","325.9279437609891"
"323.01575433582667","312.8822495607215"
"308.3108346482942","315.892794375979"
"313.88479645504873","318.9033391915506"
"325.33017731558584","318.9033391915506"
"337.08794410092855","386.1388400703645"
"455.62077165202436","594.8699472760165"
"521.0244578037284","630.9964850613906"
"510.90989552627735","503.550087873401"
"484.3517433839613","433.304042179301"
"450.05463719194745","404.2021089630515"
"419.3533220533993","402.19507908611797"
"422.2722112116208","434.307557117625"
"449.1612394519841","559.746924428681"
"475.4554054612844","431.2970123023675"
"411.1458327368993","377.107205624021"
"370.31725247046325","394.1669595780985"
"390.0106671579858","328.93848857644645"
"343.8586583119095","377.107205624021"
"386.9429006347114","341.9841827767997"
"354.8737055139798","330.94551845343705"
"343.6038405412205","335.9630931458565"
"352.66571372045547","339.9771528998377"
"352.4237490638044","327.93497363795115"
"333.2535350121658","316.8963093145885"
"327.7115464228577","328.93848857644645"
"384.64788496863923","347.0017574692448"
"432.8021732608597","394.1669595780985"
"477.1579586234852","413.233743409395"
"466.94075418135617","381.121265377888"
"415.81367289195896","358.0404217926103"
"383.0441130128047","335.9630931458565"
"355.39968315410835","328.93848857644645"
"346.1590885914428","333.9560632688944"
"352.4604319128903","378.110720562345"
"420.3869104540295","508.5676625658775"
"484.81419456287415","499.53602811953397"
"470.3325028678586","386.1388400703645"
"390.9326698809945","356.0333919156482"
"355.1737340462389","352.0193321616956"
"342.7749584991906","322.9173989455318"
"324.86233904019474","328.93848857644645"
"326.8466930400712","318.9033391915506"
"307.0533975254844","306.8611599296355"
"295.4681334571336","305.85764499131153"
"294.9455329419461","306.8611599296355"
"296.81619822059446","301.843585237159"
"295.0243140497719","300.84007029883503"
"300.4463100418592","301.843585237159"
"306.9552769617525","301.843585237159"
"321.895441713801","320.9103690685412"
"341.80170950539974","317.899824253198"
"338.45276864967013","317.899824253198"
"334.17337228575235","305.85764499131153"
"322.8763067356505","291.80843585249147"
"308.94033640951085","290.80492091388203"
"305.9739681642607","308.868189806569"
"317.55000034834893","321.9138840070365"
"330.7998115575825","386.1388400703645"
"387.27792734717985","438.3216168717775"
"417.90265932176237","393.1634446397745"
"383.42651243796377","338.9736379613424"
"334.5192565515079","334.9595782073897"
"329.9677314320321","325.9279437609891"
"317.2013197415332","317.899824253198"
"316.40184473080694","305.85764499131153"
"311.9057234726103","303.850615114378"
"314.2592267402534","302.8471001757685"
"319.09814103345076","298.8330404219015"
"331.6889198686789","314.889279437655"
"378.66192199738674","317.899824253198"
"424.976052865567","431.2970123023675"
"486.2530775780483","594.8699472760165"
"525.9162669295488","592.862917399083"
"526.0645771795328","549.7117750440135"
