"DataEntries: 8756, TestEntries: 24, Epochs: 200, UseTestData: true, LimitEntries: true, Firstlayer#: 6, SecondLayer: true, SecondLayer#: 14, Predict: true, Curvebehaviour: false, Stacksize: 6, useLastXDays: false, Max: 502.0, Min: 126.0, Curve behaviour: false, Historical: false, useAverage: false, priceStack2, Skewness: false, SkewStack: 12",", useNewMethod: false, decay: 0.1"
"Range: 6567 to 8756"
"Actual","Ideal"
"270.6361286561046","273.786096256592"
"261.5684477301998","268.75935828876"
"262.5672651594834","266.748663101552"
"260.3898446180834","262.727272727324"
"260.31959573620037","263.732620320928"
"262.3230886946719","258.705882352908"
"262.3164713558498","259.711229946512"
"266.0267443902953","270.770053475968"
"287.73932005030684","280.82352941182"
"316.94978326450473","293.893048128296"
"299.79362562928884","293.893048128296"
"292.9675171102428","288.866310160464"
"294.0409884508569","288.866310160464"
"294.82916534852785","294.8983957219"
"291.568752089047","293.893048128296"
"288.6117888569006","294.8983957219"
"292.48670573878815","294.8983957219"
"302.6671413535395","297.9144385026744"
"309.30156880558","300.93048128343"
"309.47274563446786","300.93048128343"
"289.58982777765084","294.8983957219"
"280.84707634976303","287.86096256686"
"274.1879483990641","281.828877005424"
"272.21644948768585","280.82352941182"
"270.61968756668057","276.802139037404"
"261.0207807538875","268.75935828876"
"258.7574978136042","262.727272727324"
"252.1375126598633","259.711229946512"
"254.75716261254544","259.711229946512"
"256.2070638791357","257.700534759304"
"258.3631907431324","259.711229946512"
"265.4744035645066","273.786096256592"
"290.1300406484892","286.855614973256"
"330.7402319701544","323.048128342248"
"326.00106274080696","324.0534759358332"
"317.2517340435732","301.9358288769964"
"305.58440490561867","296.9090909090892"
"305.8290597754059","312.99465240641666"
"314.65173886482944","308.9732620320928"
"306.8890273828761","308.9732620320928"
"308.4499100003161","317.0160427807556"
"329.31276226863","336.117647058912"
"351.1204505709202","365.272727272676"
"410.4474679258699","379.347593582944"
"377.196386759284","320.0320855614924"
"307.68105407045215","295.903743315504"
"282.92290954712655","290.877005347672"
"282.8919072728999","288.866310160464"
"276.14511193573145","282.83422459884"
"275.2082905656193","273.786096256592"
"269.06587250910775","259.711229946512"
"254.3472474449876","259.711229946512"
"258.65621342584393","249.65775401066"
"250.48136554101671","245.636363636432"
"250.07676573613395","255.689839572284"
"265.3887967541974","272.780748663176"
"293.87333799409885","291.882352941088"
"349.9911450609862","343.155080213952"
"351.1650910677001","346.171122994576"
"338.65897505785784","320.0320855614924"
"320.0643489646009","315.00534759358334"
"322.0283921293028","326.0641711230036"
"326.8052401887566","334.106951871704"
"328.6997800517955","335.112299465308"
"319.812973591749","328.0748663101552"
"327.41569664053094","323.048128342248"
"323.6502168805758","330.0855614973256"
"326.3181850006242","318.0213903743408"
"287.9136879525606","293.893048128296"
"278.32277802344214","284.844919786048"
"271.1068346233014","277.807486631008"
"267.8851233198883","274.791443850196"
"265.1757194410408","267.754010695156"
"251.04107926848494","258.705882352908"
"247.03091234626626","226.534759358332"
"205.3510438513963","200.395721925192"
"186.77019751353714","197.37967914438"
"181.62689400914203","212.459893048064"
"211.33581499200804","222.513368983916"
"234.1749396546847","255.689839572284"
"259.8473295754207","270.770053475968"
"257.04259802087574","284.844919786048"
"268.11202278708157","287.86096256686"
"279.1908628611236","286.855614973256"
"284.9472346543629","285.850267379652"
"277.9145289772415","284.844919786048"
"275.7018896125047","282.83422459884"
"271.43935495876985","278.812834224612"
"271.54289266426656","280.82352941182"
"279.56590338761174","284.844919786048"
"286.14504053924264","286.855614973256"
"281.96473992339105","285.850267379652"
"261.3721486494751","279.818181818216"
"265.6017518275343","271.775401069572"
"260.8132844019341","266.748663101552"
"256.8962751518335","263.732620320928"
"255.4683679862419","260.716577540116"
"241.4246759465138","255.689839572284"
"244.37924901117964","249.65775401066"
"233.85491792415502","232.56684491976802"
"221.51791658307323","225.529411764728"
"213.43966833130162","224.524064171124"
"221.39967077296745","233.572192513372"
"240.39527441807235","240.609625668412"
"250.53898315538183","244.63101604282798"
"245.44146350467798","249.65775401066"
"254.10487512265814","251.668449197868"
"251.93560606160617","255.689839572284"
"255.2525658558046","258.705882352908"
"259.751805304666","259.711229946512"
"254.5491090638621","258.705882352908"
"254.49406217997648","257.700534759304"
"253.5642331916324","259.711229946512"
"258.78528822925705","266.748663101552"
"271.4981405477037","271.775401069572"
"285.16000315400316","275.7967914438"
"264.3081367144892","270.770053475968"
"260.2904769313196","266.748663101552"
"257.700006969812","261.72192513372"
"253.40960949065482","259.711229946512"
"251.5702635891074","255.689839572284"
"239.5682747778182","253.679144385076"
"245.46034974224742","254.68449197868"
"244.42129021237568","251.668449197868"
"247.12097087895046","242.62032085561998"
"238.34011415378035","238.598930481204"
"238.08619187973602","252.673796791472"
"258.5617950764474","250.663101604264"
"264.17532294715903","258.705882352908"
"259.02793550111295","260.716577540116"
"267.17077402536233","261.72192513372"
"266.7691374412989","263.732620320928"
"267.2222445532076","267.754010695156"
"273.4542214931794","270.770053475968"
"268.4719433464777","270.770053475968"
"269.4244009800524","271.775401069572"
"271.21596502691546","273.786096256592"
"277.3553109938006","282.83422459884"
"293.69817768634243","286.855614973256"
"304.27510958123304","286.855614973256"
"278.38809074277344","283.839572192444"
"271.45006052073853","277.807486631008"
"266.5501847320307","272.780748663176"
"264.24191509920445","269.764705882364"
"260.06464680039596","262.727272727324"
"247.8690203132078","257.700534759304"
"249.78990685466744","255.689839572284"
"245.0685549606565","252.673796791472"
"247.50569791773398","251.668449197868"
"248.32578734788302","230.55614973256002"
"230.0825124128253","239.604278074808"
"247.62535118508487","263.732620320928"
"279.3943190338911","308.9732620320928"
"360.6879558445447","376.331550802132"
"361.900377115747","291.882352941088"
"292.0738474941207","289.871657754068"
"293.86741386270563","288.866310160464"
"295.3072710875586","289.871657754068"
"287.5615291636071","288.866310160464"
"284.94270874738453","288.866310160464"
"287.4894278754946","299.9251336898448"
"308.62386023931464","408.502673796708"
"403.19410478358446","376.331550802132"
"409.0136242828062","335.112299465308"
"325.7851680390446","289.871657754068"
"277.4701932377588","283.839572192444"
"273.01601384588764","275.7967914438"
"268.433403303178","270.770053475968"
"261.12205116335633","263.732620320928"
"250.33520033663427","255.689839572284"
"247.94546792873226","254.68449197868"
"244.1603273937045","249.65775401066"
"243.6512707366034","240.609625668412"
"233.35105105408422","213.465240641668"
"211.9517151775674","215.475935828876"
"228.13273077513406","277.807486631008"
"284.2521830258738","299.9251336898448"
"314.1187502843929","343.155080213952"
"296.0128759203429","283.839572192444"
"279.5490214902524","276.802139037404"
"277.4760995667846","277.807486631008"
"276.53243910249137","274.791443850196"
"268.27414077728054","299.9251336898448"
"290.1200076606352","289.871657754068"
"284.81991052859087","304.951871657752"
"308.7111472409122","348.181818181784"
"350.8554249556497","349.187165775388"
"362.49931724245425","284.844919786048"
"269.4907107600575","278.812834224612"
"266.8472365697224","273.786096256592"
"263.64836519589977","267.754010695156"
"259.2218721887397","265.743315507948"
"257.1173642696868","257.700534759304"
"240.23031650276204","245.636363636432"
"233.09760507389143","233.572192513372"
"214.88847209258176","196.374331550776"
"183.80231593277253","201.40106951879602"
"186.9092268783677","175.262032085468"
"175.62698696185169","208.438502673836"
"222.69963451719875","250.663101604264"
"262.502622916305","262.727272727324"
"265.411938456202","274.791443850196"
"271.2068808797103","276.802139037404"
"276.43097076015243","272.780748663176"
"274.72507631961383","273.786096256592"
"277.2039756140162","273.786096256592"
"268.99542387562093","272.780748663176"
"269.630766926852","277.807486631008"
"276.97093910793046","284.844919786048"
"290.17081979783086","287.86096256686"
"298.31318598288294","288.866310160464"
"299.17367553208135","288.866310160464"
"276.120505537089","282.83422459884"
"270.67871456620173","272.780748663176"
"263.7451656826201","264.737967914532"
"257.2735524441109","261.72192513372"
"253.48314179960056","255.689839572284"
"239.1516388909285","245.636363636432"
"235.07892536180321","242.62032085561998"
"228.74637865382067","206.427807486628"
"195.13566713578805","202.406417112212"
"190.30361764153918","180.288770053488"
"180.4102055772244","198.385026737984"
"212.64801496341218","252.673796791472"
"266.18418169052796","265.743315507948"
"279.39712167399824","276.802139037404"
"278.42196377879395","283.839572192444"
"284.57126635677844","278.812834224612"
"282.1767136997291","278.812834224612"
"284.45129180671626","279.818181818216"
"275.9593844445712","280.82352941182"
"277.5827243635717","281.828877005424"
"282.1449366772905","283.839572192444"
"290.874677607738","291.882352941088"
"305.6434860563745","308.9732620320928"
"327.93112596209505","295.903743315504"
"289.34739830514224","290.877005347672"
"278.95645755164134","279.818181818216"
"270.5643323098493","271.775401069572"
"266.2343955810944","272.780748663176"
"262.6384811556805","264.737967914532"
"254.78027814138653","258.705882352908"
"254.83652462175235","250.663101604264"
"244.1846242790937","248.652406417056"
"247.05903434165958","248.652406417056"
"249.3029339256437","253.679144385076"
"259.41812584271514","256.6951871657"
"267.560713869426","262.727272727324"
"282.8729762590884","278.812834224612"
"323.2074656406584","294.8983957219"
"314.9896493401975","299.9251336898448"
"304.4477712378763","290.877005347672"
"297.5946702101266","288.866310160464"
"299.4197300588282","287.86096256686"
"285.97786988506545","293.893048128296"
"289.9587798810829","290.877005347672"
"290.35489394993647","291.882352941088"
"300.12753079650696","292.887700534692"
"307.65782423147596","294.8983957219"
"313.7559662899919","292.887700534692"
"288.17224712681747","286.855614973256"
"275.4383591970425","280.82352941182"
"270.20713205100947","270.770053475968"
"264.1703704816613","267.754010695156"
"258.3752807748922","262.727272727324"
"250.06502197027243","256.6951871657"
"249.72736493930904","227.540106951936"
"211.81681604034597","192.352941176548"
"183.80198601991907","171.24064171124"
"166.93156903030132","167.21925133682402"
"170.410642900296","170.23529411763602"
"182.7991407897202","185.31550802132"
"205.20917566316098","228.54545454554"
"246.46694828306596","237.593582887788"
"247.642138303703","251.668449197868"
"256.6956595363645","261.72192513372"
"264.4651684325057","263.732620320928"
"268.4715349990732","263.732620320928"
"263.2021570936071","260.716577540116"
"261.2822180131497","259.711229946512"
"260.5101274114328","262.727272727324"
"266.3129308304514","266.748663101552"
"276.0603127517845","271.775401069572"
"293.2078217181369","273.786096256592"
"275.0818610092259","269.764705882364"
"262.70021580809293","262.727272727324"
"255.3000282546847","257.700534759304"
"251.6477969013004","251.668449197868"
"245.38332277381147","247.647058823452"
"234.03470506948605","234.57754010697602"
"225.48299739067483","226.534759358332"
"213.85945313366372","183.3048128343"
"178.69165578867194","157.16577540116"
"160.39161618186176","135.04812834224802"
"155.6510324028547","136.053475935852"
"161.890295759787","149.122994652328"
"177.68665388724915","159.17647058818"
"179.3723092766579","170.23529411763602"
"184.9819674846913","207.43315508023198"
"211.61118901353","249.65775401066"
"250.64740390050764","252.673796791472"
"255.57827847316796","255.689839572284"
"255.8465472508848","252.673796791472"
"253.44657267916668","250.663101604264"
"251.106807589717","252.673796791472"
"256.57305816056225","259.711229946512"
"267.59376913828595","267.754010695156"
"289.98468776836086","271.775401069572"
"273.0321792464686","267.754010695156"
"260.85204056266434","262.727272727324"
"255.61795991815572","256.6951871657"
"250.5375343743306","251.668449197868"
"245.30242835487968","247.647058823452"
"232.91942085327224","235.58288770058"
"225.19865539069315","245.636363636432"
"233.15894235451555","244.63101604282798"
"238.0041132971133","245.636363636432"
"240.92740500438305","246.64171123003598"
"245.47455882692415","249.65775401066"
"255.2069576972644","257.700534759304"
"272.14853425756024","269.764705882364"
"284.744794067878","281.828877005424"
"282.0713573835926","285.850267379652"
"286.1612609717795","282.83422459884"
"286.1379686472979","283.839572192444"
"289.29051145781773","283.839572192444"
"278.8514110224137","282.83422459884"
"277.709259312514","282.83422459884"
"281.94652543558664","283.839572192444"
"290.4153902945462","288.866310160464"
"301.38223989929327","292.887700534692"
"307.01617168665103","292.887700534692"
"284.9070043513207","285.850267379652"
"274.53916213150444","276.802139037404"
"267.9499858254112","268.75935828876"
"262.2634623838659","261.72192513372"
"253.58255942609335","258.705882352908"
"245.57551577452756","248.652406417056"
"241.56581419874271","245.636363636432"
"234.91571611013114","242.62032085561998"
"237.67344977719324","242.62032085561998"
"239.16390404893787","244.63101604282798"
"245.9649660001811","247.647058823452"
"255.77115980803603","255.689839572284"
"272.11616080270153","272.780748663176"
"302.6283714446763","288.866310160464"
"297.5621928752965","294.8983957219"
"296.45219872822213","287.86096256686"
"293.098604832478","285.850267379652"
"294.7536847732667","285.850267379652"
"284.23644322786566","285.850267379652"
"284.6425378924475","285.850267379652"
"288.956252423741","289.871657754068"
"301.3625014866832","305.9572192513372"
"324.00055796601526","304.951871657752"
"332.6280538169773","299.9251336898448"
"302.2438478820751","289.871657754068"
"279.88015961194975","282.83422459884"
"274.7722279959705","272.780748663176"
"268.86477468667914","267.754010695156"
"258.6460073087851","261.72192513372"
"252.0771448245074","249.65775401066"
"244.97631130807622","248.652406417056"
"240.07580943860575","245.636363636432"
"242.6634646508934","245.636363636432"
"244.70297876773006","246.64171123003598"
"249.24924149410964","248.652406417056"
"257.3412156283707","256.6951871657"
"274.47550591890644","270.770053475968"
"302.1699283316942","289.871657754068"
"303.88735950636976","297.9144385026744"
"301.07183462455856","288.866310160464"
"294.9451647466622","286.855614973256"
"297.7305310088962","288.866310160464"
"287.2975113088423","288.866310160464"
"286.95551569922776","286.855614973256"
"290.1153120377447","289.871657754068"
"301.3286058410342","299.9251336898448"
"318.189290145874","304.951871657752"
"333.9414369394352","299.9251336898448"
"303.321882826736","288.866310160464"
"279.7379308259759","282.83422459884"
"275.6752345815193","273.786096256592"
"270.21141003289506","266.748663101552"
"258.0368228736686","258.705882352908"
"250.74737825546632","251.668449197868"
"248.8686835763462","250.663101604264"
"245.3293912385375","246.64171123003598"
"245.22752249046806","246.64171123003598"
"246.99674309416275","246.64171123003598"
"250.33555578794616","248.652406417056"
"257.09918119589804","257.700534759304"
"274.6865798817222","274.791443850196"
"298.0939038946199","285.850267379652"
"292.8825697810831","288.866310160464"
"290.9322049177677","282.83422459884"
"287.8787963781988","280.82352941182"
"289.4338357706794","279.818181818216"
"278.3075169959669","280.82352941182"
"279.57749689667656","281.828877005424"
"283.9119081494041","280.82352941182"
"289.60663032069994","281.828877005424"
"297.0408378490952","283.839572192444"
"307.0476164922307","281.828877005424"
"283.25099853929675","276.802139037404"
"269.31428210690285","270.770053475968"
"263.8434901674678","260.716577540116"
"256.0522603009257","253.679144385076"
"247.25542529048482","247.647058823452"
"235.07918763717618","238.598930481204"
"231.4513460920893","238.598930481204"
"227.69604937742918","234.57754010697602"
"229.09010462777468","230.55614973256002"
"225.6393558930316","232.56684491976802"
"232.59552504273168","233.572192513372"
"241.19048194757283","237.593582887788"
"250.55002679436862","243.625668449224"
"255.24669150260243","250.663101604264"
"258.8471909887475","253.679144385076"
"257.6306696408602","250.663101604264"
"251.49741566735105","248.652406417056"
"251.50430811167274","247.647058823452"
"247.16065080475127","246.64171123003598"
"245.74558769889796","244.63101604282798"
"243.61181733482118","244.63101604282798"
"247.44049042517037","245.636363636432"
"249.89353164591813","248.652406417056"
"271.85770072063974","249.65775401066"
"254.61173989640974","246.64171123003598"
"241.81576687561278","239.604278074808"
"232.6517248117441","234.57754010697602"
"229.49969382822758","234.57754010697602"
"230.84719658518463","229.550802138956"
"214.99167567520254","218.491978609688"
"207.82475634281795","180.288770053488"
"169.94733375295112","141.08021390368398"
"157.21662219406255","126.0"
"159.45056008422563","166.213903743408"
"180.60910347253204","205.42245989302398"
"207.74445539881856","230.55614973256002"
"227.55649676113342","236.58823529418402"
"236.58346670907133","237.593582887788"
"236.5503908975371","236.58823529418402"
"233.3455519667594","234.57754010697602"
"233.56213121935696","234.57754010697602"
"239.62423841846993","234.57754010697602"
"237.63118325786704","244.63101604282798"
"270.59029098750165","244.63101604282798"
"257.9238823015856","237.593582887788"
"231.67239394124744","230.55614973256002"
"221.68333071338236","227.540106951936"
"221.20649680511977","223.51871657752"
"220.23384151978934","221.50802139031202"
"202.80098422111055","205.42245989302398"
"191.33996129919512","145.1016042781"
"165.7205215372446","169.229946524032"
"173.87993958073542","194.363636363568"
"189.4492088013329","184.310160427716"
"178.65191498034326","165.208556149804"
"168.54142875573848","145.1016042781"
"160.78478815563903","154.149732620348"
"170.0529998185034","172.245989304844"
"195.3562176806031","216.48128342248"
"225.199722198877","212.459893048064"
"205.26607555630642","192.352941176548"
"185.06459468168802","166.213903743408"
"167.6599736502141","159.17647058818"
"168.06226330634217","144.09625668449598"
"164.78843193017562","162.192513368992"
"169.27701439424712","173.25133689844802"
"173.43343556818078","168.224598930428"
"168.19622910097948","170.23529411763602"
"171.38827444296803","178.27807486628"
"180.22973285560258","204.41711229941998"
"205.42754556495197","219.497326203292"
"246.92318487224406","216.48128342248"
"226.69569085895859","204.41711229941998"
"198.28832956225654","177.272727272676"
"173.93526540699446","159.17647058818"
"164.09188938210383","151.133689839536"
"164.32452771293993","129.016042780812"
"152.21813745419226","126.0"
"156.12767215682368","151.133689839536"
"176.22657264884344","193.358288769964"
"215.63426712712192","211.45454545446"
"224.21484415242304","220.502673796708"
"222.28471524879436","229.550802138956"
"226.92030611270047","232.56684491976802"
"233.3018810767286","233.572192513372"
"232.79795540418274","234.57754010697602"
"232.5785077642767","236.58823529418402"
"236.32971100631062","239.604278074808"
"245.4071390852646","248.652406417056"
"255.29345713781322","253.679144385076"
"278.69697729098664","252.673796791472"
"262.836377735027","249.65775401066"
"246.0343305080804","244.63101604282798"
"238.24062994214188","238.598930481204"
"235.13878640493618","236.58823529418402"
"232.81411680404102","229.550802138956"
"217.1584748472912","209.44385026743998"
"199.72613778130582","221.50802139031202"
"208.45893902619355","212.459893048064"
"204.08795358780623","205.42245989302398"
"197.37851198606535","204.41711229941998"
"202.05691091254283","214.47058823527198"
"222.16823048172216","222.513368983916"
"235.1076095441307","231.561497326164"
"246.42119586637696","237.593582887788"
"246.67440834495986","243.625668449224"
"245.64081274823212","244.63101604282798"
"243.45461754748658","244.63101604282798"
"245.24724760939372","243.625668449224"
"241.00453749245997","238.598930481204"
"234.16106109259195","235.58288770058"
"231.4385171950318","237.593582887788"
"237.95006913082125","241.614973262016"
"242.51582049705684","243.625668449224"
"265.27373908750315","242.62032085561998"
"243.56476372230782","238.598930481204"
"231.81097402851213","231.561497326164"
"223.92508030800747","220.502673796708"
"212.22208830793025","209.44385026743998"
"207.03980719595177","185.31550802132"
"168.8693938404243","161.187165775388"
"161.46030574886566","160.181818181784"
"175.25021442734135","134.042780748644"
"167.11428190741518","167.21925133682402"
"196.4084048071865","207.43315508023198"
"221.57456181765605","220.502673796708"
"217.98084558525176","225.529411764728"
"220.82798973865567","227.540106951936"
"225.25356312868956","227.540106951936"
"221.53500121568214","225.529411764728"
"217.46445977626672","223.51871657752"
"217.63440953721","224.524064171124"
"225.17934271271554","231.561497326164"
"231.67464162709484","235.58288770058"
"260.762586191347","237.593582887788"
"244.96219560227988","235.58288770058"
"230.1407650492836","230.55614973256002"
"222.80150099869462","226.534759358332"
"221.55301646932475","222.513368983916"
"219.44432328361086","211.45454545446"
"197.29955738042207","184.310160427716"
"177.75226640627432","154.149732620348"
"157.52258428989393","148.11764705891198"
"159.61593324184545","146.106951871704"
"155.66373490441066","147.11229946530798"
"159.52460794239042","148.11764705891198"
"167.1652094484673","188.331550802132"
"207.06312376997184","228.54545454554"
"245.54392164299375","237.593582887788"
"246.68400979170954","242.62032085561998"
"245.43764312280712","244.63101604282798"
"244.12175986070386","248.652406417056"
"250.68722284632585","247.647058823452"
"247.8999022671327","246.64171123003598"
"246.67051050540414","244.63101604282798"
"245.42256753136851","245.636363636432"
"251.46617767713707","254.68449197868"
"262.77332788332654","260.716577540116"
"285.47943733502467","264.737967914532"
"271.93688986882825","260.716577540116"
"256.82271213200727","254.68449197868"
"248.6958151065769","246.64171123003598"
"243.01537694991754","243.625668449224"
"239.20438333783935","241.614973262016"
"231.91007615192805","234.57754010697602"
"228.4769637096394","246.64171123003598"
"240.163729316841","228.54545454554"
"224.8077368936501","209.44385026743998"
"205.06311655039883","201.40106951879602"
"202.82132417788745","204.41711229941998"
"214.4707149652421","212.459893048064"
"230.12652027112782","212.459893048064"
"228.04261815186175","229.550802138956"
"241.43479511470667","245.636363636432"
"253.13102220451614","249.65775401066"
"252.04312010210936","254.68449197868"
"259.754785195939","255.689839572284"
"258.6056630325157","256.6951871657"
"258.98874107363815","256.6951871657"
"258.24557530508275","258.705882352908"
"262.9886942789292","278.812834224612"
"291.29381327685655","333.1016042781"
"352.9015211915088","334.106951871704"
"329.2593860864315","283.839572192444"
"272.42861916095586","256.6951871657"
"249.1537399223255","247.647058823452"
"241.2214209889885","244.63101604282798"
"239.40335643600085","240.609625668412"
"231.83660820091396","186.320855614924"
"172.61212723911888","175.262032085468"
"171.66087389934475","215.475935828876"
"206.01984578316177","211.45454545446"
"216.03188681626233","205.42245989302398"
"224.55901059295186","205.42245989302398"
"224.14533454401862","192.352941176548"
"224.2336195856102","192.352941176548"
"207.5670703338779","180.288770053488"
"184.71201680907564","180.288770053488"
"182.29140084945922","198.385026737984"
"199.65084477748798","215.475935828876"
"212.3344698375484","217.486631016084"
"212.465880077127","215.475935828876"
"212.9761844201405","216.48128342248"
"221.30014676570715","222.513368983916"
"224.6173542611675","230.55614973256002"
"259.4632569872211","244.63101604282798"
"254.44317871798933","250.663101604264"
"245.98722753930514","245.636363636432"
"238.93273472944787","229.550802138956"
"224.21707340676784","217.486631016084"
"214.39379031170847","208.438502673836"
"193.21802831657965","182.299465240696"
"176.10706323207077","218.491978609688"
"204.0446939020266","212.459893048064"
"203.80543534517244","205.42245989302398"
"196.9288088091555","206.427807486628"
"206.80402312516998","214.47058823527198"
"228.21845600254687","211.45454545446"
"229.04542219201153","207.43315508023198"
"246.154640576069","284.844919786048"
"289.26447000480897","285.850267379652"
"289.4730267703699","281.828877005424"
"286.8563513508461","288.866310160464"
"297.1796964574553","300.93048128343"
"298.234293425124","260.716577540116"
"261.7805493703859","263.732620320928"
"265.95987180605977","268.75935828876"
"274.4090857907272","278.812834224612"
"291.6233467095272","279.818181818216"
"296.967257478375","281.828877005424"
"276.90539968891244","265.743315507948"
"259.3817013770157","259.711229946512"
"254.3584395502432","252.673796791472"
"246.95146436255786","247.647058823452"
"242.0318237387386","237.593582887788"
"224.73489728699155","218.491978609688"
"208.36547071051132","215.475935828876"
"199.67285166005942","189.336898395736"
"181.55917062901628","161.187165775388"
"161.0717249145905","146.106951871704"
"162.0193782921938","141.08021390368398"
"177.8432775089187","180.288770053488"
"214.54636601763087","246.64171123003598"
"269.05996250965893","274.791443850196"
"276.8478624501512","249.65775401066"
"251.7624090477174","248.652406417056"
"250.50924068100483","248.652406417056"
"249.99836461381082","247.647058823452"
"244.93104142027516","247.647058823452"
"244.3705462479511","248.652406417056"
"247.00126980975895","248.652406417056"
"250.45550382570894","250.663101604264"
"256.49164026978195","251.668449197868"
"256.5359493377768","250.663101604264"
"238.44805515957353","249.65775401066"
"242.70758140900637","245.636363636432"
"244.38307029656346","250.663101604264"
"242.06849597344527","214.47058823527198"
"210.6175552106779","214.47058823527198"
"233.8463747284486","153.144385026744"
"232.56303228215518","294.8983957219"
"282.71514385313765","244.63101604282798"
"245.8457812570656","243.625668449224"
"246.64790566125205","246.64171123003598"
"248.417880365352","246.64171123003598"
"246.50603331505417","245.636363636432"
"244.41942570124138","245.636363636432"
"245.4359429680681","247.647058823452"
"251.2014863749711","248.652406417056"
"255.86259629339213","251.668449197868"
"258.7385739864949","251.668449197868"
"242.15828025940783","250.663101604264"
"245.18469222332382","246.64171123003598"
"246.3892026461603","241.614973262016"
"235.20396494774752","233.572192513372"
"229.1993988638362","226.534759358332"
"214.97914188580995","201.40106951879602"
"248.2160950987855","264.737967914532"
"272.68536142027943","260.716577540116"
"264.19037390953235","261.72192513372"
"265.0524417187655","264.737967914532"
"270.4323166666954","264.737967914532"
"262.94124677231497","260.716577540116"
"259.77984430231993","258.705882352908"
"257.42811826486076","261.72192513372"
"263.54923052285494","268.75935828876"
"273.16147944517826","278.812834224612"
"275.4719821563396","284.844919786048"
"266.3701649902332","259.711229946512"
"253.1980115665151","251.668449197868"
"247.0116130938436","245.636363636432"
"240.16373196360013","231.561497326164"
"228.26801968006907","219.497326203292"
"205.74770347379317","140.07486631008"
"156.43688888467034","213.465240641668"
"198.55959411327615","155.155080213952"
"165.1830413263182","153.144385026744"
"175.17460162265633","159.17647058818"
"186.17557865587062","173.25133689844802"
"213.38135832381568","270.770053475968"
"280.11123610418184","289.871657754068"
"294.1412707369877","287.86096256686"
"294.91555597384524","290.877005347672"
"302.8515970426111","332.096256684496"
"334.7477242544763","300.93048128343"
"295.85854130484097","274.791443850196"
"277.15049191963845","259.711229946512"
"264.71389694501136","263.732620320928"
"274.5369446642133","328.0748663101552"
"351.05755616290446","390.406417112212"
"382.6026537478409","364.267379679072"
"348.10201699806714","332.096256684496"
"306.80134671766245","254.68449197868"
"248.7076808958393","248.652406417056"
"242.84973424040305","240.609625668412"
"226.44821845233082","232.56684491976802"
"223.57713943866156","244.63101604282798"
"234.99415377617433","227.540106951936"
"221.3702955423785","209.44385026743998"
"200.16574110560623","148.11764705891198"
"161.12516600880213","132.03208556143602"
"168.56216342217039","204.41711229941998"
"230.71601797549886","198.385026737984"
"217.11958764381438","259.711229946512"
"263.1690714970397","247.647058823452"
"248.08989517224865","249.65775401066"
"253.31130444109172","248.652406417056"
"248.1642587398464","246.64171123003598"
"245.6800385650589","242.62032085561998"
"241.47297426786787","245.636363636432"
"249.4466888112517","246.64171123003598"
"253.45613094642744","253.679144385076"
"270.85744906170567","273.786096256592"
"263.25626592615106","264.737967914532"
"257.74112589015823","254.68449197868"
"250.3201794996829","252.673796791472"
"246.7126776097423","234.57754010697602"
"230.7222737128564","233.572192513372"
"220.73036135394665","216.48128342248"
"204.75054117672823","201.40106951879602"
"215.82212105851664","193.358288769964"
"213.4742551766409","209.44385026743998"
"229.30021414011935","212.459893048064"
"223.27681690273712","219.497326203292"
"224.0619919003499","197.37967914438"
"195.21895377001024","250.663101604264"
"254.05902243245785","282.83422459884"
"279.8419672347338","260.716577540116"
"262.5756745481573","259.711229946512"
"260.9584771965264","246.64171123003598"
"252.3826098840933","246.64171123003598"
"251.91056471968042","277.807486631008"
"304.4319578341863","342.149732620348"
"347.4152313612172","404.48128342248003"
"380.61302718049524","409.508021390312"
"359.4242481350591","346.171122994576"
"322.4266699033336","296.9090909090892"
"281.30791629667567","279.818181818216"
"274.35928545418744","252.673796791472"
"249.8420879838825","259.711229946512"
"256.4791208623234","247.647058823452"
"247.12342876398083","242.62032085561998"
"243.5676650997291","240.609625668412"
"244.46080360266023","241.614973262016"
"252.44741561823218","268.75935828876"
"288.79170637244795","320.0320855614924"
"395.0944754342862","439.668449197868"
"449.98322899465194","479.882352941088"
"433.7086427182209","436.652406417056"
"405.65282394878113","419.561497326164"
"397.09253085888594","416.54545454554"
"405.4524366541424","414.534759358332"
"400.8176950258826","407.497326203292"
"390.0858659224905","389.401069518796"
"386.73023329158","377.336898395736"
"402.0288135553926","385.37967914438"
"455.8709046798765","424.588235294184"
"414.35771421871135","455.754010695156"
"398.13542975340897","390.406417112212"
"344.6451973066759","299.9251336898448"
"284.3524490960935","268.75935828876"
"262.5495527191118","249.65775401066"
"244.7520700598701","241.614973262016"
"240.1106972588233","235.58288770058"
"225.89030069846518","230.55614973256002"
"225.27841228531125","227.540106951936"
"222.8613905856512","208.438502673836"
"213.4658826772313","226.534759358332"
"241.96380422208358","250.663101604264"
"271.2894575939648","295.903743315504"
"358.19219000356105","357.229946524032"
"372.03497796991314","394.427807486628"
"377.588426299882","381.358288769964"
"362.5072805229563","379.347593582944"
"374.4350000310055","394.427807486628"
"387.5345752591976","388.395721925192"
"380.7938673144945","394.427807486628"
"378.14054855353857","387.39037433158796"
"384.704669014966","386.385026737984"
"391.634022694681","409.508021390312"
"448.02187277459313","455.754010695156"
"419.0238628556074","454.748663101552"
"404.01156204254005","303.9465240641668"
"286.9068007891027","266.748663101552"
"260.69668795384564","258.705882352908"
"251.46614847185722","245.636363636432"
"233.63179409828584","237.593582887788"
"230.4020599638598","228.54545454554"
"215.2665331762306","227.540106951936"
"221.52474081203553","225.529411764728"
"218.83496186505607","218.491978609688"
"227.70722713164577","223.51871657752"
"239.79644010992791","242.62032085561998"
"258.3818517658403","253.679144385076"
"279.2784733459694","278.812834224612"
"286.94667098781525","309.9786096256592"
"304.81054137850987","294.8983957219"
"296.6943323034966","282.83422459884"
"285.82324751005706","291.882352941088"
"288.12258618192027","296.9090909090892"
"290.5881426659521","299.9251336898448"
"295.5222489880285","299.9251336898448"
"309.2962685827441","316.0106951871704"
"329.34706575259423","340.13903743314"
"361.7601071349912","351.197860962596"
"344.6867825333318","306.9625668449224"
"292.5167307228207","280.82352941182"
"271.1204967953042","262.727272727324"
"256.90349591611454","253.679144385076"
"247.18879219262416","243.625668449224"
"234.7768131482419","233.572192513372"
"226.2017591490635","232.56684491976802"
"224.54773518407103","227.540106951936"
"227.12934533855042","219.497326203292"
"214.57132715087695","214.47058823527198"
"227.04448896555098","216.48128342248"
"235.89464773291056","237.593582887788"
"245.36067486316693","249.65775401066"
"266.1331634705018","256.6951871657"
"263.40573517728933","262.727272727324"
"261.96684673315434","256.6951871657"
"259.29692734323453","256.6951871657"
"252.61954589438673","255.689839572284"
"252.69862651154548","255.689839572284"
"252.2684866020134","256.6951871657"
"256.03203277487","256.6951871657"
"256.0290240477466","255.689839572284"
"260.0239841064177","257.700534759304"
"258.2958038052696","265.743315507948"
"250.61682750411325","262.727272727324"
"254.73714168929382","256.6951871657"
"255.50276097884645","253.679144385076"
"247.7568341284503","250.663101604264"
"244.66270840503617","245.636363636432"
"238.1474860006611","232.56684491976802"
"223.88273685567324","181.294117647092"
"170.5630035180753","137.058823529456"
"168.43733487662342","136.053475935852"
"184.38746617210654","191.347593582944"
"226.48300924710577","249.65775401066"
"274.9551664320717","278.812834224612"
"283.47868825409984","282.83422459884"
"282.39778869322396","265.743315507948"
"268.4894256980088","255.689839572284"
"259.5720502119905","252.673796791472"
"251.51926183384117","251.668449197868"
"250.7810407029148","250.663101604264"
"250.270079132683","249.65775401066"
"253.45225152487654","249.65775401066"
"256.78290892004185","251.668449197868"
"261.8456286915088","263.732620320928"
"251.37428315987012","259.711229946512"
"252.85875027000205","250.663101604264"
"249.1689376692027","245.636363636432"
"239.8114685665493","244.63101604282798"
"239.20297091277354","237.593582887788"
"226.89453652283146","222.513368983916"
"212.31327072332596","223.51871657752"
"209.41506401772475","212.459893048064"
"203.93372483272515","207.43315508023198"
"198.84213014913837","215.475935828876"
"217.36362735575835","218.491978609688"
"231.64698266493923","228.54545454554"
"243.59940484229395","231.561497326164"
"256.4354840004921","238.598930481204"
"249.45636831479035","243.625668449224"
"250.17756158768296","247.647058823452"
"249.30491429645002","257.700534759304"
"263.1307634661885","262.727272727324"
"264.7223838371152","262.727272727324"
"265.6713167224239","251.668449197868"
"254.0641473043558","251.668449197868"
"258.0161382423486","261.72192513372"
"271.77823253615577","286.855614973256"
"315.1385207146632","307.9679144385076"
"317.5072389846819","291.882352941088"
"280.6306041989872","268.75935828876"
"261.6366208808812","258.705882352908"
"255.18008161777527","254.68449197868"
"248.4291398365884","253.679144385076"
"245.3210016003527","250.663101604264"
"247.19553819664205","253.679144385076"
"249.81158306740366","250.663101604264"
"250.72954298878716","249.65775401066"
"252.34466192660545","248.652406417056"
"254.8021764351738","242.62032085561998"
"251.92261552870104","248.652406417056"
"263.8460939549469","245.636363636432"
"255.15428872786893","251.668449197868"
"261.43990313486177","253.679144385076"
"262.33824985683924","259.711229946512"
"264.55785741617433","268.75935828876"
"277.0555555243122","271.775401069572"
"272.5905977234941","271.775401069572"
"273.9724418829556","267.754010695156"
"270.42820019222677","272.780748663176"
"279.5380325181131","284.844919786048"
"300.21624818332","293.893048128296"
"322.0174485897252","347.17647058818"
"351.2597163438002","343.155080213952"
"329.6997557708521","299.9251336898448"
"283.61614868285193","291.882352941088"
"283.7336158632002","292.887700534692"
"278.82031434670324","265.743315507948"
"256.0912957025089","255.689839572284"
"251.58090277070957","252.673796791472"
"246.39728977108035","249.65775401066"
"247.8844551577812","247.647058823452"
"247.8874897222006","249.65775401066"
"253.35559267586405","248.652406417056"
"258.4272474792283","267.754010695156"
"287.69447426277264","314.0"
"383.3436121417982","431.625668449224"
"437.9481069825337","452.73796791453196"
"409.5200649218185","356.224598930428"
"346.1197527207009","338.128342245932"
"343.5076310514725","360.245989304844"
"359.8609584899382","395.433155080232"
"384.63081327396173","386.385026737984"
"371.17828793582873","365.272727272676"
"368.49827509604313","371.3048128343"
"381.1147100014581","390.406417112212"
"445.90429117225835","447.711229946512"
"418.32130145080623","353.208556149804"
"338.3856401609977","319.0267379679072"
"297.8387989033418","296.9090909090892"
"286.54223057169264","279.818181818216"
"268.4549466980991","260.716577540116"
"249.74250463654266","254.68449197868"
"250.24457340408804","254.68449197868"
"248.41636409682258","250.663101604264"
"249.29416011333143","248.652406417056"
"249.22790123778458","250.663101604264"
"255.09140175763653","255.689839572284"
"265.44638568984846","297.9144385026744"
"321.4427602970539","346.171122994576"
"428.21297486178753","426.598930481204"
"443.2629525900951","440.673796791472"
"419.14707473670444","394.427807486628"
"379.2929193987402","366.27807486628"
"367.3404424366964","371.3048128343"
"372.30463373187604","388.395721925192"
"383.3617626807661","381.358288769964"
"371.4084090105319","371.3048128343"
"377.0577450033209","373.31550802132"
"389.82520852888115","398.449197861044"
"455.37373614046345","457.76470588236396"
"428.5368463510054","434.641711230036"
"397.08503093734134","342.149732620348"
"312.9386129585929","330.0855614973256"
"308.87373299596584","283.839572192444"
"272.08737811796914","268.75935828876"
"260.58145213918306","254.68449197868"
"250.34222610923598","252.673796791472"
"246.01935781748688","249.65775401066"
"247.28158101316836","246.64171123003598"
"245.9748329787417","247.647058823452"
"251.37717280716663","252.673796791472"
"262.0681847708148","295.903743315504"
"313.7479329337262","326.0641711230036"
"400.71755401320115","384.374331550776"
"400.77580139943075","388.395721925192"
"370.9468256793902","327.06951871657"
"322.8423252332032","322.0427807486628"
"316.38156342266166","322.0427807486628"
"319.03660219924075","321.0374331550776"
"313.860233955348","304.951871657752"
"296.8916335389489","307.9679144385076"
"302.2445165405357","304.951871657752"
"307.5018142796279","317.0160427807556"
"336.94574663604783","325.0588235294184"
"309.7168710978197","297.9144385026744"
"284.53099295941905","276.802139037404"
"267.7864696215735","262.727272727324"
"256.6816873213205","259.711229946512"
"251.93347891821088","253.679144385076"
"241.0385514241443","244.63101604282798"
"238.1268433105273","235.58288770058"
"223.17037690870967","229.550802138956"
"223.0442815606793","230.55614973256002"
"225.640893639896","232.56684491976802"
"238.40139122465396","240.609625668412"
"251.17629782232308","250.663101604264"
"265.964961407168","277.807486631008"
"312.8226441430033","299.9251336898448"
"304.53384242903013","315.00534759358334"
"308.68427093041663","297.9144385026744"
"301.0857881437001","287.86096256686"
"294.9025955221428","299.9251336898448"
"297.05735863930045","305.9572192513372"
"299.77651454884244","299.9251336898448"
"294.8030883778589","289.871657754068"
"296.89551351037886","291.882352941088"
"302.0335529230954","314.0"
"332.65287683004584","331.0909090909108"
"314.2107224724823","303.9465240641668"
"290.31788917473926","278.812834224612"
"271.3251985012596","271.775401069572"
"265.4390559536682","266.748663101552"
"258.43056539925425","255.689839572284"
"243.91686656496228","250.663101604264"
"245.57499561349113","235.58288770058"
"224.71507013999712","234.57754010697602"
"229.7576543518602","224.524064171124"
"219.66410127555778","223.51871657752"
"224.90052941217908","232.56684491976802"
"242.3381913095058","232.56684491976802"
"249.42639413835894","291.882352941088"
"344.52315728810385","341.144385026744"
"345.00455979351403","371.3048128343"
"359.8034909217757","341.144385026744"
"336.8518378133666","330.0855614973256"
"338.14052881467484","336.117647058912"
"338.43023859488943","334.106951871704"
"331.468215880855","314.0"
"307.6796643885576","304.951871657752"
"316.0572926230692","319.0267379679072"
"332.88198806914596","335.112299465308"
"363.43959980167637","373.31550802132"
"371.00209751789987","334.106951871704"
"320.7032017104044","291.882352941088"
"278.9782072537844","270.770053475968"
"265.9149708187235","270.770053475968"
"260.79136305345594","261.72192513372"
"253.64487286434053","255.689839572284"
"253.14251690579107","254.68449197868"
"249.62670691293474","251.668449197868"
"250.802505933065","249.65775401066"
"249.9258512400448","248.652406417056"
"252.42774233549628","245.636363636432"
"254.22866172360796","245.636363636432"
"260.20574737880867","245.636363636432"
"258.59366718434654","251.668449197868"
"259.35359854230046","252.673796791472"
"254.95537690741617","255.689839572284"
"257.8796807810221","256.6951871657"
"260.7429375013049","256.6951871657"
"255.18716971654385","254.68449197868"
"254.02039870817185","250.663101604264"
"251.05277493916148","247.647058823452"
"252.2426903721518","246.64171123003598"
"252.25097989999242","255.689839572284"
"274.3680223545734","272.780748663176"
"266.6147191176286","267.754010695156"
"260.06733299700755","255.689839572284"
"251.1973727667446","251.668449197868"
"246.24207264127608","245.636363636432"
"240.43781327725512","242.62032085561998"
"229.33978277159923","227.540106951936"
"218.21780071458102","220.502673796708"
"205.91177228583842","206.427807486628"
"198.69229544201653","197.37967914438"
"188.07297436096198","195.36898395717202"
"197.65314650520713","195.36898395717202"
"211.55008029900404","203.41176470581598"
"222.13347648200332","212.459893048064"
"234.07281155407122","215.475935828876"
"225.6149019538297","221.50802139031202"
"225.62944724371357","229.550802138956"
"226.88927349179966","234.57754010697602"
"235.65097567452273","236.58823529418402"
"236.52457163494051","236.58823529418402"
"235.25032552498607","234.57754010697602"
"234.2883617959301","235.58288770058"
"241.5876013668244","240.609625668412"
"243.38421890591545","222.513368983916"
"253.30915324909975","296.9090909090892"
"306.5804615912827","290.877005347672"
"279.21366904859076","275.7967914438"
"266.6106886338427","263.732620320928"
"259.18469815096773","255.689839572284"
"249.0762901693038","252.673796791472"
"243.20017240243487","246.64171123003598"
"243.06617701353395","237.593582887788"
"229.68826344753978","232.56684491976802"
"229.2792984293623","229.550802138956"
"228.26538780473868","225.529411764728"
"228.76319388098136","234.57754010697602"
"246.60023549536413","234.57754010697602"
"252.86605539278304","305.9572192513372"
"377.39784037865655","387.39037433158796"
"395.09451686730335","409.508021390312"
"386.1794374835704","379.347593582944"
"366.64929253416557","377.336898395736"
"378.95823197209387","383.368983957172"
"379.50407211032325","372.310160427716"
"368.9937967186127","356.224598930428"
"349.31786066619577","348.181818181784"
"357.75576592822364","335.112299465308"
"350.23500157890766","353.208556149804"
"406.08289770502506","409.508021390312"
"401.15092175714483","448.716577540116"
"402.80349664865946","386.385026737984"
"336.8823376290271","322.0427807486628"
"304.09274144073584","300.93048128343"
"286.1448657921806","275.7967914438"
"267.57732235896526","264.737967914532"
"261.2337619521192","260.716577540116"
"256.2372165975057","253.679144385076"
"253.17685829441328","254.68449197868"
"256.62838053970216","255.689839572284"
"263.02164893309504","260.716577540116"
"271.28037415748935","277.807486631008"
"299.39998413595566","311.9893048128296"
"391.9684205712901","409.508021390312"
"437.9072665905973","408.502673796708"
"396.09771889598164","416.54545454554"
"398.9510768979577","403.475935828876"
"389.2240502264285","401.465240641668"
"404.15453402131413","393.422459893024"
"391.8984451781234","389.401069518796"
"381.0762853701381","381.358288769964"
"384.9772743040406","379.347593582944"
"398.8005330698626","410.513368983916"
"462.40558512334","480.88770053469204"
"438.3897233549725","498.983957219188"
"418.42643350929075","409.508021390312"
"367.6061391900611","315.00534759358334"
"300.0782203645131","314.0"
"297.51304057339814","277.807486631008"
"271.4587060151417","268.75935828876"
"267.6729462852641","269.764705882364"
"266.7518573057397","264.737967914532"
"264.7367252639442","263.732620320928"
"268.01363478476804","264.737967914532"
"274.7959636034022","274.791443850196"
"283.80032940893716","286.855614973256"
"323.5370055078689","321.0374331550776"
"406.1621948462203","431.625668449224"
"450.7797084719619","431.625668449224"
"419.53259570440184","409.508021390312"
"390.08634673338327","383.368983957172"
"371.49812177107344","373.31550802132"
"377.2502911966026","353.208556149804"
"352.1275107506662","340.13903743314"
"335.34617557377805","335.112299465308"
"338.0789306274593","335.112299465308"
"351.6159727893581","346.171122994576"
"430.61290051620375","431.625668449224"
"421.4223948196058","325.0588235294184"
"313.16021905948384","320.0320855614924"
"296.07720472297854","303.9465240641668"
"289.2496727304367","278.812834224612"
"270.30111160517947","268.75935828876"
"258.7986537039033","257.700534759304"
"255.11699822468697","261.72192513372"
"253.11721134713525","259.711229946512"
"257.5806021463614","256.6951871657"
"256.99270771682177","249.65775401066"
"251.30261487702785","251.668449197868"
"260.4725655772306","264.737967914532"
"282.23559094399855","272.780748663176"
"310.879507481831","274.791443850196"
"291.3303633826492","326.0641711230036"
"313.703962988075","328.0748663101552"
"308.97563831083","323.048128342248"
"293.9302568144949","290.877005347672"
"284.4640056373501","279.818181818216"
"274.1349658975011","278.812834224612"
"278.2425645638731","276.802139037404"
"266.67281777957123","273.786096256592"
"268.90648678129827","274.791443850196"
"266.33941170894593","270.770053475968"
"251.3842007441455","276.802139037404"
"267.6629585344018","270.770053475968"
"267.75358677145886","270.770053475968"
"264.28033471740684","264.737967914532"
"259.41818222524194","258.705882352908"
"250.13687820300484","249.65775401066"
"248.1380290673547","246.64171123003598"
"240.81006862409396","244.63101604282798"
"245.3581337989844","243.625668449224"
"243.18393977086782","245.636363636432"
"247.0088432728648","254.68449197868"
"258.93346984473175","262.727272727324"
"273.7793272428906","276.802139037404"
"319.39315818315424","386.385026737984"
"399.0562174442179","416.54545454554"
"393.82599293810233","438.663101604264"
"402.1250688911333","409.508021390312"
"384.7814654893608","409.508021390312"
"400.9040211857799","422.577540106976"
"406.986408878846","377.336898395736"
"360.9967659229968","355.219251336824"
"353.97347177301424","337.122994652328"
"341.7714353581497","342.149732620348"
"380.7295028170768","442.68449197868"
"413.8258986665717","483.903743315504"
"412.52608943149545","375.326203208528"
"323.1276717476376","285.850267379652"
"276.8176951584279","279.818181818216"
"270.64618504019444","272.780748663176"
"261.8145794225082","268.75935828876"
"264.6696690157919","267.754010695156"
"260.48634587920907","262.727272727324"
"260.75631485045744","261.72192513372"
"261.33161512341127","262.727272727324"
"266.6476712951436","263.732620320928"
"267.52349637878405","266.748663101552"
"283.6398063713722","270.770053475968"
"278.97419694426657","274.791443850196"
"279.69896435277354","275.7967914438"
"279.4522830115889","282.83422459884"
"287.8355538629961","290.877005347672"
"299.8790822398137","289.871657754068"
"286.65548193947717","284.844919786048"
"282.13322277126395","283.839572192444"
"284.31733144023843","282.83422459884"
"290.3781338388664","287.86096256686"
"301.87615452035544","320.0320855614924"
"341.3345229850184","396.438502673836"
"385.80773854761617","449.72192513372"
"402.0419840211381","315.00534759358334"
"294.7644199148422","285.850267379652"
"278.259047745502","281.828877005424"
"270.5860749327391","278.812834224612"
"269.1088427348024","274.791443850196"
"269.69452718090554","272.780748663176"
"267.0857089721602","268.75935828876"
"266.2187320694882","265.743315507948"
"266.1384530406376","259.711229946512"
"264.42946037777","248.652406417056"
"257.8297875866277","247.647058823452"
"263.7440956037351","250.663101604264"
"260.3237561053559","260.716577540116"
"267.55934796165315","266.748663101552"
"271.4615086194317","273.786096256592"
"278.3438499004151","278.812834224612"
"287.26973841079814","276.802139037404"
"274.08002247945865","273.786096256592"
"272.7133505999416","271.775401069572"
"272.6024118814672","271.775401069572"
"276.4466235325112","272.780748663176"
"283.368609868088","281.828877005424"
"291.94890679828586","293.893048128296"
"279.44720416169537","288.866310160464"
"277.1171293818661","283.839572192444"
"275.5659255716109","275.7967914438"
"268.7556258382739","271.775401069572"
"263.8052679677836","266.748663101552"
"257.605458948167","260.716577540116"
"258.70700899219275","259.711229946512"
"252.94631468679898","253.679144385076"
"252.38054269262506","241.614973262016"
"239.69420035058505","237.593582887788"
"244.0542435097957","243.625668449224"
"253.0584240765478","238.598930481204"
"255.6338759151068","291.882352941088"
"349.4926389792944","371.3048128343"
"404.6032015538892","421.572192513372"
"415.9911818765806","395.433155080232"
"371.418761292814","363.262032085468"
"340.568707362669","337.122994652328"
"328.0287211544573","335.112299465308"
"326.34285596095555","334.106951871704"
"323.5511319454731","328.0748663101552"
"316.2980426619179","323.048128342248"
"330.7407179820359","334.106951871704"
"405.99920807624517","410.513368983916"
"398.2294806188434","352.2032085562"
"335.6122379852874","335.112299465308"
"298.0654288190847","288.866310160464"
"279.230545431307","278.812834224612"
"271.12739295464314","267.754010695156"
"258.84350917095514","262.727272727324"
"261.02214309549663","270.770053475968"
"262.2327464507063","268.75935828876"
"265.00257847974785","270.770053475968"
"270.28383468830975","272.780748663176"
"275.23584583192","274.791443850196"
"277.8502647155517","279.818181818216"
"315.76789857743574","327.06951871657"
"409.24816776490144","409.508021390312"
"442.09834173775783","452.73796791453196"
"445.1182142155614","453.743315507948"
"438.60930718774466","394.427807486628"
"374.570421571922","336.117647058912"
"331.4654019555588","333.1016042781"
"327.78499202688533","333.1016042781"
"324.54144318319936","327.06951871657"
"325.32415641723964","327.06951871657"
"338.0538778518072","336.117647058912"
"391.78671631823784","434.641711230036"
"394.6990230618492","423.58288770058005"
"393.45660440318824","371.3048128343"
"341.6468901829014","327.06951871657"
"309.3275679900024","296.9090909090892"
"288.8995965104675","282.83422459884"
"278.3210102982132","291.882352941088"
"284.6973366875649","287.86096256686"
"283.03366387358295","285.850267379652"
"285.5929377479952","287.86096256686"
"294.9179691204376","296.9090909090892"
"301.50494472504045","323.048128342248"
"390.4769842523401","335.112299465308"
"419.88063992924947","417.550802138956"
"440.8979821547225","444.69518716569996"
"420.1266625673791","455.754010695156"
"424.7553088177043","463.7967914438"
"413.37663260622884","441.67914438507603"
"425.17007375212035","435.64705882345197"
"417.6350477937858","408.502673796708"
"390.7837623807533","378.34224598934"
"379.338606736773","366.27807486628"
"380.1319445280236","364.267379679072"
"420.75043932528945","424.588235294184"
"391.0797955954583","423.58288770058005"
"391.8998256356044","383.368983957172"
"353.40887144986795","357.229946524032"
"329.56349813306116","340.13903743314"
"323.10610137942757","310.9839572192444"
"306.9170026654194","311.9893048128296"
"305.03412233046663","299.9251336898448"
"295.10688992796565","295.903743315504"
"295.69377558200176","299.9251336898448"
"308.9238256042476","310.9839572192444"
"316.9653569029301","323.048128342248"
"372.0948267633558","354.213903743408"
"357.97317448700915","483.903743315504"
"445.70070853418565","439.668449197868"
"414.1935983830407","417.550802138956"
"405.9993677533681","423.58288770058005"
"424.6893606736463","409.508021390312"
"377.7927634325624","492.951871657752"
"411.0336273113745","418.55614973256"
"356.3268075624013","368.288770053488"
"332.22366531062534","327.06951871657"
"338.98683079256693","341.144385026744"
"330.59632486171404","326.0641711230036"
"320.0846175330954","312.99465240641666"
"310.3906966302464","316.0106951871704"
"315.74413362035415","319.0267379679072"
"316.9421526657316","319.0267379679072"
"384.0929822816532","386.385026737984"
"386.3164657509174","433.636363636432"
"426.86352720847174","404.48128342248003"
"409.0484414585445","402.470588235272"
"425.8791182404154","434.641711230036"
"412.9180166635431","431.625668449224"
"386.9085796499569","377.336898395736"
"340.04916127727506","394.427807486628"
"347.2048390786827","329.0802139037404"
"349.6252739502781","377.336898395736"
"362.0019589250498","342.149732620348"
"338.3503965025477","331.0909090909108"
"338.76851823015386","336.117647058912"
"347.86537806993385","340.13903743314"
"347.3392929349091","328.0748663101552"
"371.96774621117993","317.0160427807556"
"392.3073698057408","329.0802139037404"
"353.5772392375684","347.17647058818"
"346.6791540410328","394.427807486628"
"382.74954785491343","413.529411764728"
"396.2750780425277","381.358288769964"
"382.3174171558037","358.235294117636"
"359.07048094938426","336.117647058912"
"332.27308289133686","329.0802139037404"
"342.5818226980639","334.106951871704"
"350.8456482309796","378.34224598934"
"363.17599162038357","499.989304812792"
"467.2734472046026","386.385026737984"
"357.9771198238012","356.224598930428"
"329.4474694108832","352.2032085562"
"316.63635315591006","323.048128342248"
"339.80037787326023","329.0802139037404"
"315.92390262086604","319.0267379679072"
"312.51948389870427","306.9625668449224"
"306.577504967067","305.9572192513372"
"309.26984574840094","306.9625668449224"
"304.02120644110664","301.9358288769964"
"327.69436208164836","300.93048128343"
"360.03903697986163","301.9358288769964"
"309.18103501582215","301.9358288769964"
"301.57248519674164","321.0374331550776"
"317.45525900950486","318.0213903743408"
"312.5984190450307","318.0213903743408"
"317.2443620415288","305.9572192513372"
"299.6663937460604","291.882352941088"
"290.14016165748313","290.877005347672"
"296.771493172852","308.9732620320928"
"317.5641023837604","322.0427807486628"
"368.1551528904833","386.385026737984"
"382.9698087357428","438.663101604264"
"396.57889278080637","393.422459893024"
"354.22130827745127","339.133689839536"
"312.8147444609486","335.112299465308"
"316.7062471859148","326.0641711230036"
"301.49727620694256","318.0213903743408"
"315.29305290781883","305.9572192513372"
"291.90909502642444","303.9465240641668"
"293.3534547014984","302.9411764705816"
"297.27911988638436","298.9197860962596"
"302.24916775593147","315.00534759358334"
"323.53745202403724","318.0213903743408"
"412.7299488796519","431.625668449224"
"419.4769696736163","494.96256684496"
"411.72577143233326","393.422459893024"
"347.3437876698927","335.112299465308"
"320.69441024681134","318.0213903743408"
"327.07735945920507","323.048128342248"
"316.7731515969463","320.0320855614924"
"317.4058751952646","320.0320855614924"
"325.7662466704134","323.048128342248"
"341.0293632713018","335.112299465308"
"349.09540336053794","350.192513368992"
"431.1250448241555","497.978609625584"
"412.45297345065455","399.45454545446"
"349.73476357574873","335.112299465308"
"320.34653933423033","316.0106951871704"
"323.18991385563476","323.048128342248"
"316.1829360831073","319.0267379679072"
"315.34113808757803","316.0106951871704"
"320.20722950827906","317.0160427807556"
"330.6173223260597","330.0855614973256"
"344.21444342076694","340.13903743314"
"423.73253371434737","482.8983957219"
"380.7940174543346","372.310160427716"
"335.55698577565056","327.06951871657"
"330.2674664345787","326.0641711230036"
"316.55123545446656","319.0267379679072"
"311.1002119950861","317.0160427807556"
"311.64673888926126","315.00534759358334"
"315.3805554793737","323.048128342248"
"350.3258067713236","335.112299465308"
"438.57847809006967","449.72192513372"
"449.4833020551455","447.711229946512"
"440.41896161134883","411.51871657751997"
"375.8890629314259","379.347593582944"
"341.07619317189665","345.16577540116"
"323.17535689821835","328.0748663101552"
"345.9602373665828","332.096256684496"
"323.9295471732314","326.0641711230036"
"322.75882099301435","325.0588235294184"
"333.9812032829042","335.112299465308"
"352.6117272712167","343.155080213952"
"362.4342244717865","368.288770053488"
"450.72839602063294","446.705882352908"
"428.30075296134373","447.711229946512"
"430.7884583235524","446.705882352908"
"394.9569763565581","378.34224598934"
"340.5868518047093","351.197860962596"
"331.04027934622366","326.0641711230036"
"335.37105050623563","335.112299465308"
"328.9583463167766","330.0855614973256"
"327.6748890265074","321.0374331550776"
"324.91431301622254","314.0"
"324.4253102609985","312.99465240641666"
"319.0085249133526","311.9893048128296"
"338.30672147467453","299.9251336898448"
"358.61680054179067","310.9839572192444"
"328.0861540518705","323.048128342248"
"322.28227720957267","330.0855614973256"
"328.4987910829241","332.096256684496"
"339.00463758870427","330.0855614973256"
"333.5579922073062","325.0588235294184"
"323.1015371909462","317.0160427807556"
"311.50388319728825","312.99465240641666"
"320.70337464798337","316.0106951871704"
"325.9865640700824","325.0588235294184"
"357.2835245736062","347.17647058818"
"341.0531990706535","342.149732620348"
"329.4101880640679","326.0641711230036"
"299.32680298580107","319.0267379679072"
"298.60074511295863","318.0213903743408"
"304.5773813008157","316.0106951871704"
"295.33946029819947","307.9679144385076"
"300.6662726258328","295.903743315504"
"280.19462420689933","290.877005347672"
"279.77444682263047","288.866310160464"
"283.0439035365129","285.850267379652"
"283.6932726274596","285.850267379652"
"286.1862011652687","283.839572192444"
"305.8492527638783","269.764705882364"
"295.57396310670674","267.754010695156"
"276.8525295157146","272.780748663176"
"277.2405326301112","275.7967914438"
"280.45551992558103","280.82352941182"
"288.1519572479186","285.850267379652"
"283.7728165008125","286.855614973256"
"284.211131943747","274.791443850196"
"277.3183568785907","272.780748663176"
"279.91985550137457","277.807486631008"
"292.1861040653307","273.786096256592"
"297.601882990762","328.0748663101552"
"329.4912717612907","326.0641711230036"
"314.2548125493991","326.0641711230036"
"303.15005534609077","317.0160427807556"
"302.2545018726228","315.00534759358334"
"299.0650902420941","311.9893048128296"
"308.7738161225386","306.9625668449224"
"303.159593194689","305.9572192513372"
"303.08018597674345","297.9144385026744"
"295.56275844900387","297.9144385026744"
"300.7128353770257","297.9144385026744"
"310.6877360559237","306.9625668449224"
"320.6712906094569","318.0213903743408"
"383.6889607272268","408.502673796708"
"399.60148961923767","447.711229946512"
"422.3921480377394","392.41711229942"
"384.10728118620125","364.267379679072"
"366.6484007605223","344.160427807556"
"344.4850506966792","345.16577540116"
"339.691088834026","337.122994652328"
"344.2153549111562","334.106951871704"
"348.19836366677237","347.17647058818"
"393.79098675991486","413.529411764728"
"402.59871789307783","343.155080213952"
"331.380140758794","325.0588235294184"
"301.00500651640294","317.0160427807556"
"299.9595012700534","311.9893048128296"
"296.9985380508838","307.9679144385076"
"300.8261463518833","295.903743315504"
"288.18959272950786","290.877005347672"
"286.0529889119879","284.844919786048"
"281.8183520102443","284.844919786048"
"285.7932421341843","285.850267379652"
"294.91158287689143","294.8983957219"
"299.77625611395274","303.9465240641668"
"336.92150361425456","315.00534759358334"
"396.44375915816215","350.192513368992"
"377.22152868722236","390.406417112212"
"379.4346978088754","348.181818181784"
"341.4454328561217","339.133689839536"
"343.9671062084103","331.0909090909108"
"333.9975528499641","322.0427807486628"
"319.560729794299","319.0267379679072"
"312.97065267255476","316.0106951871704"
"321.1177945628696","311.9893048128296"
"317.4759052415437","310.9839572192444"
"350.33254411250124","317.0160427807556"
"296.4911821645055","314.0"
"300.47307548281924","304.951871657752"
"283.1495626896564","295.903743315504"
"280.3835541004685","287.86096256686"
"282.396454155835","276.802139037404"
"259.22339516659895","252.673796791472"
"248.74154717143057","248.652406417056"
"241.06689647056461","230.55614973256002"
"229.03434003913907","225.529411764728"
"221.2086223244192","229.550802138956"
"237.1684158288445","239.604278074808"
"249.18515012884583","236.58823529418402"
"251.5469747081725","269.764705882364"
"304.24984789481135","299.9251336898448"
"303.57994994273645","310.9839572192444"
"302.6174614220993","300.93048128343"
"299.8747675358546","294.8983957219"
"289.308506459582","289.871657754068"
"286.12393956073447","285.850267379652"
"280.2273161114699","282.83422459884"
"281.8423682104981","281.828877005424"
"287.0086572979975","282.83422459884"
"294.47347564577285","285.850267379652"
"301.378017739868","314.0"
"306.1429574688572","317.0160427807556"
"303.13336385742707","311.9893048128296"
"292.4608136784933","297.9144385026744"
"288.43932995459096","287.86096256686"
"274.8018233948467","283.839572192444"
"277.66255800727134","276.802139037404"
"276.9437272488623","278.812834224612"
"278.3030368370662","278.812834224612"
"278.90793211757665","279.818181818216"
"285.89933079999537","282.83422459884"
"296.7139527825665","298.9197860962596"
"306.6412982036282","319.0267379679072"
"375.83532364283775","379.347593582944"
"456.0357925406912","478.877005347672"
"432.1845721555131","461.78609625659203"
"412.9046957051588","379.347593582944"
"375.36703824846586","364.267379679072"
"359.4960064103178","340.13903743314"
"330.2060479613549","329.0802139037404"
"328.0717657244324","316.0106951871704"
"320.63802470553577","326.0641711230036"
"382.5833536415108","374.320855614924"
"365.05533424556546","335.112299465308"
"320.8184124975367","300.93048128343"
"286.3266205367943","287.86096256686"
"278.3649793079207","282.83422459884"
"273.75001660437647","276.802139037404"
"266.1428534652359","269.764705882364"
"264.6885692860018","263.732620320928"
"255.9106865521086","258.705882352908"
"256.5478761484833","256.6951871657"
"257.482663907403","260.716577540116"
"264.0932509131708","264.737967914532"
"268.0865724652628","270.770053475968"
"288.67664809041037","289.871657754068"
"342.94311596746985","322.0427807486628"
"330.6749021284342","344.160427807556"
"334.10924808346954","314.0"
"312.25037800475144","296.9090909090892"
"301.4290313154337","296.9090909090892"
"293.65873816578636","293.893048128296"
"287.65674552432876","291.882352941088"
"289.53256883467816","293.893048128296"
"302.9627179624634","286.855614973256"
"301.20794475847157","292.887700534692"
"313.4622164954342","392.41711229942"
"385.80729321182844","323.048128342248"
"308.123782354717","318.0213903743408"
"295.96213297670676","300.93048128343"
"289.7593475367958","281.828877005424"
"270.0298731365018","276.802139037404"
"266.9796018127197","272.780748663176"
"267.0855781158507","270.770053475968"
"263.89874012570004","263.732620320928"
"261.0163955560621","261.72192513372"
"260.95877467578094","260.716577540116"
"263.2921238777785","261.72192513372"
"264.02861884101605","261.72192513372"
"274.9927096635278","260.716577540116"
"280.1545916145171","260.716577540116"
"266.44372448321485","262.727272727324"
"265.7128801870284","264.737967914532"
"267.54771862472535","265.743315507948"
"269.6660568023331","263.732620320928"
"261.04384358841486","260.716577540116"
"259.79176588569305","259.711229946512"
"260.10303887213115","257.700534759304"
"260.65467649763804","257.700534759304"
"264.9196979573825","260.716577540116"
"267.60264080644095","266.748663101552"
"254.28447541537184","267.754010695156"
"259.6457444062975","264.737967914532"
"260.0859489248612","261.72192513372"
"256.00557856247553","252.673796791472"
"246.34784808587327","254.68449197868"
"243.83738289388398","242.62032085561998"
"236.907950974274","231.561497326164"
"219.87771243367288","226.534759358332"
"220.7603478166081","221.50802139031202"
"215.15167018370795","223.51871657752"
"229.27838852995305","227.540106951936"
"242.0546128122399","236.58823529418402"
"251.74808044668652","236.58823529418402"
"252.4454291190799","234.57754010697602"
"246.35005948587792","232.56684491976802"
"235.15506580316188","253.679144385076"
"255.2797961043318","260.716577540116"
"261.885501620861","258.705882352908"
"255.77431806591972","241.614973262016"
"238.96179720087258","222.513368983916"
"218.632246228665","209.44385026743998"
"216.16768496562673","208.438502673836"
"213.74519620034323","207.43315508023198"
"244.49800786606758","311.9893048128296"
"296.0874906414291","274.791443850196"
"265.2419371670052","271.775401069572"
"266.5537688525003","267.754010695156"
"261.97004670858087","266.748663101552"
"258.796488052771","261.72192513372"
"251.58890453249955","256.6951871657"
"254.5347041208238","256.6951871657"
"250.6585400601958","254.68449197868"
"253.43531806368821","256.6951871657"
"257.64730096170575","260.716577540116"
"266.4734915113806","266.748663101552"
"272.7273371081276","273.786096256592"
"292.1889572022642","293.893048128296"
"347.2101796642481","483.903743315504"
"463.66868300614755","452.73796791453196"
"412.34892099311816","378.34224598934"
"353.70400364941884","319.0267379679072"
"312.4643185970155","293.893048128296"
"290.5415886389732","283.839572192444"
"278.46840576889196","279.818181818216"
"279.0965195989758","283.839572192444"
"274.42647482757906","262.727272727324"
"262.86615875727364","226.534759358332"
"246.2905382057501","326.0641711230036"
"296.22820404776826","278.812834224612"
"268.62326157629525","271.775401069572"
"268.0716640455934","267.754010695156"
"260.39259044920794","262.727272727324"
"257.1133917583084","255.689839572284"
"247.99841688534542","241.614973262016"
"236.98742744939008","229.550802138956"
"219.59934662159287","226.534759358332"
"222.73207774433558","226.534759358332"
"220.64005633458243","229.550802138956"
"237.48786478757037","237.593582887788"
"248.22167353419957","238.598930481204"
"254.4277628605092","259.711229946512"
"285.67108927261427","271.775401069572"
"278.4750471886637","276.802139037404"
"279.0100690474751","275.7967914438"
"279.2487520329022","276.802139037404"
"281.6834629015402","275.7967914438"
"272.4709160843052","274.791443850196"
"272.5402161772435","273.786096256592"
"274.4495483318181","273.786096256592"
"279.1747659014163","273.786096256592"
"285.3579092090641","277.807486631008"
"301.87220294098256","328.0748663101552"
"323.9766365393036","334.106951871704"
"318.33865657566747","319.0267379679072"
"297.0546599638041","281.828877005424"
"274.0595491079323","275.7967914438"
"265.8639607592661","267.754010695156"
"256.7233832846723","260.716577540116"
"257.6137757554865","242.62032085561998"
"233.23859687631807","239.604278074808"
"236.3130808315374","236.58823529418402"
"234.95077747310654","240.609625668412"
"246.2615184131453","246.64171123003598"
"254.78100606653868","247.647058823452"
"261.520729545468","260.716577540116"
"292.1763659843417","269.764705882364"
"283.1769722378711","271.775401069572"
"274.3858996680499","267.754010695156"
"271.0930454091739","266.748663101552"
"264.7963903437299","264.737967914532"
"262.2539850000396","262.727272727324"
"260.72482985819886","261.72192513372"
"262.6208003595799","260.716577540116"
"258.7397971627348","257.700534759304"
"259.95336983352325","256.6951871657"
"252.4333521245312","262.727272727324"
"244.50884242156928","262.727272727324"
"254.54597287141988","258.705882352908"
"258.88839726053345","251.668449197868"
"246.14477878182254","242.62032085561998"
"237.22799303984","229.550802138956"
"226.36022077734913","210.449197861044"
"201.13746950161396","152.13903743314"
"167.92591585895818","153.144385026744"
"187.63836948205812","207.43315508023198"
"231.443436707854","231.561497326164"
"257.0847503413815","247.647058823452"
"257.3663651843114","251.668449197868"
"254.30068042664422","251.668449197868"
"253.19006622759838","251.668449197868"
"256.0323492659858","248.652406417056"
"248.29054347391568","245.636363636432"
"244.63268550704322","242.62032085561998"
"241.6397361789987","242.62032085561998"
"246.54878729301697","242.62032085561998"
"246.4432259382495","245.636363636432"
"269.0013462307475","254.68449197868"
"251.98816951894975","256.6951871657"
"250.81975850800256","254.68449197868"
"253.26873233622004","249.65775401066"
"243.92926206744914","244.63101604282798"
"239.13076337776445","237.593582887788"
"229.43528157555346","226.534759358332"
"218.1413361049026","216.48128342248"
"203.82960772786325","218.491978609688"
"213.780696217201","213.465240641668"
"206.12194198239283","214.47058823527198"
"226.5004197803657","215.475935828876"
"235.54032137882325","225.529411764728"
"245.19135832303954","236.58823529418402"
"261.4330288114977","249.65775401066"
"259.2067802559834","252.673796791472"
"256.0927428914394","250.663101604264"
"252.2387115912694","248.652406417056"
"252.91803421809996","245.636363636432"
"245.00371333575455","240.609625668412"
"238.41689053605472","235.58288770058"
"232.33345014664462","230.55614973256002"
"236.3132721011388","228.54545454554"
"234.89625200440577","229.550802138956"
"250.03942679314176","240.609625668412"
"234.70644285338506","244.63101604282798"
"239.6217812611135","242.62032085561998"
"243.12683835194292","234.57754010697602"
"227.9938910470977","226.534759358332"
"222.5531923997468","221.50802139031202"
"215.18094556449694","219.497326203292"
"209.53880512352129","224.524064171124"
"215.98134816384663","220.502673796708"
"219.7341570725496","218.491978609688"
"213.10511133222718","217.486631016084"
"229.0807338373641","218.491978609688"
"236.697248464187","221.50802139031202"
"239.96288780885772","221.50802139031202"
"249.3569579574184","220.502673796708"
"239.11368660699472","222.513368983916"
"222.24426568741666","225.529411764728"
"223.02431375085212","229.550802138956"
"234.16355549214663","227.540106951936"
"225.76773714572127","224.524064171124"
"219.164792232865","223.51871657752"
"219.7199378629796","223.51871657752"
"229.10889111737413","226.534759358332"
"231.61045485476748","230.55614973256002"
"258.544932821729","245.636363636432"
"247.98232780908893","250.663101604264"
"245.89932422618938","247.647058823452"
"241.72190718670328","239.604278074808"
"234.35144541464504","241.614973262016"
"237.12403291756345","239.604278074808"
"226.3273582460087","238.598930481204"
"231.06049062712614","243.625668449224"
"234.37946697806666","233.572192513372"
"228.82990264747548","224.524064171124"
"220.72157363655162","227.540106951936"
"228.7980431374271","235.58288770058"
"243.88674489633647","244.63101604282798"
"258.76601596220337","236.58823529418402"
"238.6284947406072","233.572192513372"
"243.70112457322458","253.679144385076"
"261.7937553421182","278.812834224612"
"285.9693452660358","316.0106951871704"
"331.53268853054135","374.320855614924"
"371.36725981015263","381.358288769964"
"372.48390346153366","343.155080213952"
"333.40372760954887","321.0374331550776"
"335.03544244133474","297.9144385026744"
"315.1187456668397","282.83422459884"
"311.72124072980705","320.0320855614924"
"334.48423745342063","409.508021390312"
"383.9035714875465","499.989304812792"
"426.1097748872337","468.82352941182"
"401.7053476818581","411.51871657751997"
"354.2606035828303","327.06951871657"
"323.0342737940938","323.048128342248"
"316.72638105012703","308.9732620320928"
"303.56773294914103","255.689839572284"
"254.53767063883348","251.668449197868"
"252.53482997582623","251.668449197868"
"255.64328892687294","248.652406417056"
"257.31766801048764","261.72192513372"
"279.6249099402874","326.0641711230036"
"398.67849659374315","431.625668449224"
"434.9543556005948","444.69518716569996"
"403.8454388493751","412.524064171124"
"380.90261011930534","386.385026737984"
"376.92182622170054","364.267379679072"
"362.59674789500804","332.096256684496"
"328.1147295804766","361.251336898448"
"349.83192529487116","342.149732620348"
"351.7203535111707","334.106951871704"
"347.02105856437504","334.106951871704"
"355.50225303692844","384.374331550776"
"377.8828768221553","483.903743315504"
"413.9071773888843","486.919786096316"
"428.24623982461117","382.363636363568"
"350.94410436557564","365.272727272676"
"332.43797232560775","324.0534759358332"
"311.68899948206683","290.877005347672"
"281.2356031951199","242.62032085561998"
"232.48146909798916","238.598930481204"
"233.72199614363734","236.58823529418402"
"232.53639922067183","237.593582887788"
"242.1444811575342","243.625668449224"
"252.04421164537592","245.636363636432"
"260.69123556977615","249.65775401066"
"259.2663670746384","257.700534759304"
"263.7767872227658","259.711229946512"
"262.5172774668548","257.700534759304"
"259.15034608476986","254.68449197868"
"258.2705316138359","252.673796791472"
"251.14397441676556","252.673796791472"
"251.4853302773307","251.668449197868"
"250.68682941480554","250.663101604264"
"253.4915548085856","249.65775401066"
"254.9147920620677","249.65775401066"
"270.672232626124","256.6951871657"
"253.09787045632984","274.791443850196"
"265.0615308902637","256.6951871657"
"251.07732899987735","252.673796791472"
"246.53007294395786","249.65775401066"
"243.68800425253522","245.636363636432"
"231.7539156971953","240.609625668412"
"233.2087500555009","232.56684491976802"
"220.06292162211005","224.524064171124"
"217.21130490278716","223.51871657752"
"217.44908808799104","239.604278074808"
"241.27812981266692","245.636363636432"
"253.98580281554428","247.647058823452"
"263.2267052811304","255.689839572284"
"271.03714042273094","324.0534759358332"
"323.99181221060013","371.3048128343"
"357.6065648319703","384.374331550776"
"365.77850299683547","391.411764705816"
"386.1228394150312","400.45989304806403"
"387.7186759225298","355.219251336824"
"351.17148561012255","342.149732620348"
"330.2511280013555","325.0588235294184"
"336.7733716156637","324.0534759358332"
"338.9874934009243","324.0534759358332"
"348.45225741541446","390.406417112212"
"383.0096638306249","480.88770053469204"
"412.69152876521326","355.219251336824"
"322.7073689159108","356.224598930428"
"326.792868056088","301.9358288769964"
"286.69333334205515","262.727272727324"
"251.04354175528186","240.609625668412"
"232.02979069588451","233.572192513372"
"225.04461039619486","228.54545454554"
"223.84573526801142","226.534759358332"
"225.49060584477812","229.550802138956"
"235.67245195091","239.604278074808"
"248.8209081107883","241.614973262016"
"255.45305875429696","249.65775401066"
"280.2523132273843","316.0106951871704"
"335.88716236828833","321.0374331550776"
"303.46121949569783","317.0160427807556"
"308.498516224376","317.0160427807556"
"306.3985659266504","316.0106951871704"
"301.10182438485003","295.903743315504"
"280.1559766015707","298.9197860962596"
"282.2490228594966","264.737967914532"
"263.28829258336526","262.727272727324"
"264.2941107640566","249.65775401066"
"268.8254327604404","294.8983957219"
"326.0556309225793","316.0106951871704"
"285.9511986936558","285.850267379652"
"259.05587966310014","262.727272727324"
"250.5205481097838","245.636363636432"
"231.99977991655538","238.598930481204"
"231.0148395997178","231.561497326164"
"222.84569673439785","224.524064171124"
"216.09876891774115","220.502673796708"
"217.06682797684067","217.486631016084"
"217.8601811185825","225.529411764728"
"234.1738798734016","234.57754010697602"
"246.906994050808","237.593582887788"
"252.61440090874862","256.6951871657"
"299.7794984347519","309.9786096256592"
"344.6494220250969","312.99465240641666"
"306.3017099550534","315.00534759358334"
"306.71561709204127","312.99465240641666"
"308.37596939286976","311.9893048128296"
"302.15288999478486","312.99465240641666"
"300.9213565053938","309.9786096256592"
"298.52129022522365","308.9732620320928"
"310.62326560001935","308.9732620320928"
"314.8357405836928","309.9786096256592"
"334.8616305393939","386.385026737984"
"397.8886143231231","449.72192513372"
"377.5682307125778","429.614973262016"
"348.40040625925997","311.9893048128296"
"284.7909750844184","292.887700534692"
"263.0465207917846","238.598930481204"
"235.02603561370296","237.593582887788"
"230.28923381254958","237.593582887788"
"230.9923997352246","234.57754010697602"
"230.98285632988927","233.572192513372"
"233.022920063917","233.572192513372"
"241.19841181672166","233.572192513372"
"244.61510378675968","231.561497326164"
"243.5268141309199","228.54545454554"
"231.33596220549327","230.55614973256002"
"241.91382004611876","234.57754010697602"
"240.20993306080408","238.598930481204"
"242.01813023490968","238.598930481204"
"236.90259999187901","237.593582887788"
"231.37294608054702","231.561497326164"
"226.9536327801846","225.529411764728"
"227.7030710396764","226.534759358332"
"225.47507257037614","228.54545454554"
"227.96931522053413","232.56684491976802"
"252.47866352862334","240.609625668412"
"265.4078411184994","244.63101604282798"
"231.28810809754566","241.614973262016"
"230.13302410247206","237.593582887788"
"232.36177138398142","236.58823529418402"
"226.13930529522906","232.56684491976802"
"222.87496031598656","233.572192513372"
"225.39095296246217","230.55614973256002"
"218.27228960065275","225.529411764728"
"218.08244074916422","219.497326203292"
"216.07875867013647","223.51871657752"
"226.06939568137147","223.51871657752"
"231.4539162790983","230.55614973256002"
"240.00179453785836","223.51871657752"
"229.68361742132953","224.524064171124"
"236.16826943872877","235.58288770058"
"239.678198245398","238.598930481204"
"242.07554203184856","239.604278074808"
"237.1882342851349","239.604278074808"
"233.46349841587465","237.593582887788"
"232.5505795989385","236.58823529418402"
"236.44308227721078","235.58288770058"
"234.5509015812324","235.58288770058"
"235.54188367971196","237.593582887788"
"256.9185482255159","244.63101604282798"
"270.35417617919734","280.82352941182"
"258.7136131231584","252.673796791472"
"238.24105404569434","248.652406417056"
"240.098170757587","245.636363636432"
"232.60032993941942","241.614973262016"
"231.96916893463674","237.593582887788"
"228.29339376244593","231.561497326164"
"220.0863776925455","222.513368983916"
"215.8961126123898","215.475935828876"
"212.29140005797953","203.41176470581598"
"206.0775596691729","210.449197861044"
"218.85005084372614","200.395721925192"
"210.25259915051316","263.732620320928"
"303.9388036370032","297.9144385026744"
"332.390003178725","368.288770053488"
"344.50702064487115","349.187165775388"
"331.01022396871036","328.0748663101552"
"312.20252334583967","297.9144385026744"
"283.9195674087705","265.743315507948"
"255.28329413212313","255.689839572284"
"251.1985195689173","253.679144385076"
"251.85078059723637","250.663101604264"
"252.59116493258242","248.652406417056"
"268.4737552478736","280.82352941182"
"311.45772572724275","351.197860962596"
"314.1322140517257","288.866310160464"
"261.97039833512565","250.663101604264"
"242.62335132553392","244.63101604282798"
"231.63606234652065","239.604278074808"
"232.19929638058736","236.58823529418402"
"228.43617110779076","233.572192513372"
"223.42662560326022","232.56684491976802"
"226.2390954617261","230.55614973256002"
"227.27146363715576","233.572192513372"
"239.2343697957658","235.58288770058"
"245.1879551961674","237.593582887788"
"253.50842133472784","242.62032085561998"
"276.6869810367628","292.887700534692"
"323.30537543822663","316.0106951871704"
"298.2375805460191","289.871657754068"
"285.85420082521773","269.764705882364"
"267.24002211758784","256.6951871657"
"248.81150070395023","252.673796791472"
"245.53123161429806","249.65775401066"
"247.16581866254853","248.652406417056"
"247.63021945110626","248.652406417056"
"250.43892291638983","247.647058823452"
"266.8871542933678","253.679144385076"
"283.2355966978454","285.850267379652"
"262.96719653160824","258.705882352908"
"242.72810449852","249.65775401066"
"241.22690362572604","244.63101604282798"
"231.7853500798468","239.604278074808"
"230.95018650357488","235.58288770058"
"225.94045976554855","224.524064171124"
"213.16273528710923","224.524064171124"
"218.3136833581604","222.513368983916"
"219.35763492651188","223.51871657752"
"226.76679594285378","224.524064171124"
"232.66986737761195","224.524064171124"
"238.07099148271607","236.58823529418402"
"266.3706878647981","247.647058823452"
"260.36224555958864","258.705882352908"
"255.32931032582283","244.63101604282798"
"248.13707556918928","242.62032085561998"
"240.22513724754003","239.604278074808"
"232.98289614172904","235.58288770058"
"230.3236643857452","237.593582887788"
"236.45263586957893","232.56684491976802"
"231.74435512529334","230.55614973256002"
"231.17665385262484","235.58288770058"
"258.9811734826916","238.598930481204"
"259.64986885452373","241.614973262016"
"228.99771774344785","240.609625668412"
"232.88698543748592","238.598930481204"
"233.53986744782293","235.58288770058"
"225.18630461352012","229.550802138956"
"223.52067554221526","224.524064171124"
"217.8619479967366","219.497326203292"
"210.63489722169675","216.48128342248"
"212.60706010569805","214.47058823527198"
"215.3252343113479","217.486631016084"
"224.30899027695153","222.513368983916"
"234.32237851256798","225.529411764728"
"239.63384969403575","237.593582887788"
"274.24741902943464","247.647058823452"
"270.5475191862149","275.7967914438"
"270.43337951082856","269.764705882364"
"269.6146754271971","261.72192513372"
"260.36568205920287","250.663101604264"
"244.725235997357","247.647058823452"
"242.12951524441021","246.64171123003598"
"245.44193571918333","243.625668449224"
"244.239878378079","241.614973262016"
"243.88568729552236","241.614973262016"
"264.2474949171431","247.647058823452"
"279.97329792064335","309.9786096256592"
"283.1579918038566","278.812834224612"
"255.6623024484518","248.652406417056"
"243.4134446165169","242.62032085561998"
"229.82880171927326","237.593582887788"
"233.44066250447008","233.572192513372"
"226.19853284293166","228.54545454554"
"221.360909225277","225.529411764728"
"221.59673502761615","224.524064171124"
"224.1896074760146","224.524064171124"
"230.64072915141384","225.529411764728"
"235.11388746702062","227.540106951936"
"240.36075771660154","237.593582887788"
"265.809235623078","250.663101604264"
"261.18376619355917","256.6951871657"
"253.93904963174714","249.65775401066"
"252.63607130118035","243.625668449224"
"241.59638919792266","239.604278074808"
"233.38090164442525","235.58288770058"
"229.88520320386868","231.561497326164"
"231.79505075684972","229.550802138956"
"228.3383935218448","224.524064171124"
"224.56070052179672","223.51871657752"
"245.51457742789196","229.550802138956"
"249.5269022833694","233.572192513372"
"222.96428862975029","231.561497326164"
"224.03379818404028","226.534759358332"
"224.98218763738674","220.502673796708"
"213.90449925144395","213.465240641668"
"206.64148767977315","209.44385026743998"
"203.24143569110453","214.47058823527198"
"205.79608062870398","207.43315508023198"
"204.33335437878338","206.427807486628"
"206.60916395068767","206.427807486628"
"212.61725881603545","209.44385026743998"
"221.11220177265108","215.475935828876"
"226.02019246544597","216.48128342248"
"214.08559116791153","220.502673796708"
"234.31574858933385","222.513368983916"
"231.4600254496048","226.534759358332"
"229.8273061720497","224.524064171124"
"223.878699900366","221.50802139031202"
"218.37863159115244","213.465240641668"
"211.13294245617755","206.427807486628"
"211.0674432452247","202.406417112212"
"201.81173774629036","201.40106951879602"
"199.6106890946112","204.41711229941998"
"224.92419071921344","213.465240641668"
"226.56197632508423","224.524064171124"
"215.01532658801756","223.51871657752"
"217.3739064529646","215.475935828876"
"215.833796174851","209.44385026743998"
"205.57550030969486","202.406417112212"
"193.2704903484527","200.395721925192"
"195.24033909365943","184.310160427716"
"176.0083848412589","146.106951871704"
"160.48474991890592","128.010695187208"
"152.76321486301134","153.144385026744"
"165.4100464490991","166.213903743408"
"180.29081234287474","174.256684492052"
"189.06697175277407","174.256684492052"
"180.16892914189097","178.27807486628"
"196.36404576671913","202.406417112212"
"213.94468079759855","219.497326203292"
"222.93459359114894","222.513368983916"
"220.74461663920806","221.50802139031202"
"217.13987468057087","215.475935828876"
"212.887149619069","210.449197861044"
"215.2681643124627","202.406417112212"
"202.26717875978318","200.395721925192"
"198.93645653489097","205.42245989302398"
"226.97739408366812","215.475935828876"
"229.8391806480122","229.550802138956"
"219.43022686251027","228.54545454554"
"220.93073839277008","222.513368983916"
"220.98160781874947","213.465240641668"
"208.7368378810121","205.42245989302398"
"194.4613901746269","201.40106951879602"
"194.6282019859242","195.36898395717202"
"182.7367028112017","193.358288769964"
"187.91126071388484","192.352941176548"
"189.70885232966555","188.331550802132"
"190.27104682944992","194.363636363568"
"202.14939370719222","213.465240641668"
"223.63776860367057","225.529411764728"
"246.98086590883858","243.625668449224"
"253.6497721188108","246.64171123003598"
"246.39116555994244","243.625668449224"
