"DataEntries: 8756, TestEntries: 24, Epochs: 200, UseTestData: true, LimitEntries: true, Firstlayer#: 6, SecondLayer: true, SecondLayer#: 14, Predict: true, Curvebehaviour: false, Stacksize: 6, useLastXDays: false, Max: 524.0, Min: 86.0, Curve behaviour: false, Historical: false, useAverage: false, priceStack2, Skewness: false, SkewStack: 12",", useNewMethod: false, decay: 0.1"
"Range: 6567 to 8756"
"Actual","Ideal"
"330.63368051749933","327.100917431267"
"323.5340157664213","318.0596330275151"
"315.8408146398218","316.0504587155897"
"313.13669684612114","315.045871559627"
"311.2316577513399","315.045871559627"
"309.0326795198529","313.0366972477016"
"297.61452298058094","312.0321100917389"
"297.7447929144393","307.0091743119276"
"296.0986801087949","305.0"
"296.0456411485014","305.0"
"296.829131932766","297.9678899082611"
"293.46303857719295","293.9495412844103"
"291.69463385881267","303.9954128440373"
"300.8629280014652","305.0"
"303.07513681745047","310.0229357798135"
"307.81547418448304","312.0321100917389"
"310.49254010953075","313.0366972477016"
"312.14309545827507","315.045871559627"
"314.27672571657973","315.045871559627"
"315.7392528092109","314.0412844036643"
"314.731525408092","315.045871559627"
"314.88142593183426","317.0550458715524"
"315.6291661090031","318.0596330275151"
"313.7244205520373","318.0596330275151"
"311.39138294646665","318.0596330275151"
"311.20528164796946","317.0550458715524"
"312.12199651798994","316.0504587155897"
"307.25199584969005","316.0504587155897"
"306.8460519539904","315.045871559627"
"305.4948512361222","312.0321100917389"
"308.0099588247127","299.9770642201865"
"304.73050107272775","295.9587155963357"
"302.7606022256746","295.9587155963357"
"303.2286866732626","296.9633027522984"
"301.7545289030542","297.9678899082611"
"305.97473940225177","313.0366972477016"
"317.5011759412713","332.123853210971"
"332.73150223634406","324.0871559633132"
"329.73476724017837","320.0688073394405"
"327.177015655192","317.0550458715524"
"326.4239223049913","320.0688073394405"
"331.561644244246","324.0871559633132"
"334.99811104077855","332.123853210971"
"340.9846508785033","325.0917431192759"
"333.1678062152811","323.0825688073286"
"328.58237595054027","361.256880733955"
"357.8745377870224","484.821100917389"
"410.32343660603135","518.977064220077"
"415.26180059075955","366.279816513659"
"357.47302345315666","317.0550458715524"
"307.4436509664194","313.0366972477016"
"301.73156874416776","313.0366972477016"
"300.28049654544105","310.0229357798135"
"294.44998491773714","306.0045871559627"
"299.3621154991974","300.9816513761492"
"298.15701520200616","297.9678899082611"
"295.6327632841458","296.9633027522984"
"295.0832900120591","298.9724770642238"
"298.10555319296134","300.9816513761492"
"299.8742685087961","316.0504587155897"
"314.1631869323012","330.114678899177"
"325.9243379083944","321.0733944954032"
"321.9538781357543","321.0733944954032"
"324.0056380477229","315.045871559627"
"321.09606686166865","314.0412844036643"
"318.928794526899","317.0550458715524"
"321.9239464407356","317.0550458715524"
"321.5018715531705","314.0412844036643"
"318.57026408785805","312.0321100917389"
"314.1744053447014","328.105504587164"
"332.3185480561358","402.44495412836"
"375.5912445903326","402.44495412836"
"370.9392176757848","324.0871559633132"
"323.02300641946226","311.0275229357762"
"302.35757585429434","307.0091743119276"
"297.8950717940249","306.0045871559627"
"293.36511730113244","302.9908256880724"
"288.78027509124706","298.9724770642238"
"295.0589911617893","297.9678899082611"
"294.39063466868777","290.9357798165222"
"288.8705816723247","290.9357798165222"
"286.2247768462067","293.9495412844103"
"290.5665297403532","297.9678899082611"
"295.306451292379","309.0183486238508"
"306.8992856082297","314.0412844036643"
"311.05756293703945","314.0412844036643"
"311.0153405127011","313.0366972477016"
"311.6326050701186","306.0045871559627"
"304.2371755560314","305.0"
"303.1199657479737","306.0045871559627"
"306.46168103328046","305.0"
"308.0269316326802","305.0"
"306.2141473108482","305.0"
"305.54395650713656","316.0504587155897"
"316.8794141485721","320.0688073394405"
"318.31864582135125","316.0504587155897"
"311.8432869764966","308.0137614678881"
"302.489174414137","303.9954128440373"
"294.96275576622946","298.9724770642238"
"289.1614129997273","292.9449541284476"
"281.3758290823181","289.9311926605595"
"275.309014209099","281.894495412836"
"279.6040590932238","274.862385321119"
"272.41486341497284","269.839449541196"
"265.1765648621331","268.834862385299"
"264.21757311898835","270.844036697312"
"269.00553670034634","274.862385321119"
"275.67687291821414","282.899082568733"
"287.2501303037252","295.9587155963357"
"302.0649144849911","305.0"
"311.89757833609576","305.0"
"311.6801093038922","299.9770642201865"
"307.4382014014874","298.9724770642238"
"304.92378769814195","300.9816513761492"
"307.22552541762525","300.9816513761492"
"306.42603841313064","299.9770642201865"
"304.1610756476847","303.9954128440373"
"308.5545161557803","321.0733944954032"
"324.8604719115078","310.0229357798135"
"309.5515461075843","315.045871559627"
"314.1059191666633","305.0"
"300.2422133963728","300.9816513761492"
"294.0983988160199","295.9587155963357"
"286.14937246859887","291.9403669724849"
"280.1081298683769","287.9220183486341"
"272.4899665574304","277.876146789029"
"272.65624463298167","262.807339449479"
"253.9527497745825","253.766055045968"
"243.92431426722175","249.747706421942"
"240.0530087314482","252.76146788985199"
"242.9080144325894","260.798165137685"
"251.5412417960948","266.825688073286"
"261.42855092789586","283.9036697247614"
"281.24287399672903","290.9357798165222"
"288.5638483773889","289.9311926605595"
"287.676001588627","287.9220183486341"
"286.7052176243946","287.9220183486341"
"286.4357832967504","288.9266055045968"
"286.6019682486398","288.9266055045968"
"285.7006171327173","289.9311926605595"
"284.38678113100843","289.9311926605595"
"282.41055758549516","291.9403669724849"
"285.05647626614495","297.9678899082611"
"288.63876119032545","299.9770642201865"
"288.11271418512905","292.9449541284476"
"279.46442652664206","285.9128440366868"
"272.8075305538971","277.876146789029"
"265.36709707608765","272.853211009106"
"259.56341147757126","270.844036697312"
"255.3517511271909","261.802752293582"
"250.8067502549799","251.756880733955"
"241.91356009703546","237.692660550521"
"228.43688596759534","230.66055045880398"
"220.40191193802025","228.651376146791"
"217.93450503930103","233.67431192671398"
"223.16581839100843","242.715596330225"
"233.8668057225559","254.770642201865"
"247.49855455418037","255.775229357762"
"249.9521770372668","259.793577981569"
"254.12919780187815","264.816513761492"
"259.1868397081018","267.830275229402"
"261.45134119573044","268.834862385299"
"261.87768787617887","264.816513761492"
"257.88851293470066","262.807339449479"
"256.9803099643672","264.816513761492"
"260.07467621858115","274.862385321119"
"270.3094641775623","280.889908256939"
"276.2645096363807","283.9036697247614"
"277.2333381115264","279.885321100823"
"271.75732752696064","271.848623853209"
"262.89912716166924","264.816513761492"
"254.46617500726518","261.802752293582"
"249.12869439121917","256.779816513659"
"241.2661049858199","239.701834862315"
"236.40133623437669","223.628440366868"
"218.32036922117624","194.495412844103"
"184.43417763833378","161.344036697312"
"152.15843715392637","150.293577981569"
"144.92248346808935","185.45412844037298"
"172.90976799344995","171.38990825693898"
"160.4023490771412","180.43119266045"
"170.3304098798656","189.47247706418"
"180.87554887905662","224.633027522984"
"226.3785957272009","255.775229357762"
"260.49856328625066","259.793577981569"
"263.85726555009995","262.807339449479"
"266.75972064237897","264.816513761492"
"267.47421619928184","258.788990825672"
"263.45163019286434","255.775229357762"
"261.2799565394931","262.807339449479"
"269.0823451517742","281.894495412836"
"282.8774375186997","286.9174311926714"
"283.4863296769222","282.899082568733"
"278.0549695424574","278.880733944926"
"271.7634380840425","274.862385321119"
"264.13796410696557","267.830275229402"
"253.80057827224448","258.788990825672"
"243.4010038843753","252.76146788985199"
"247.8992053075905","195.5"
"201.39332914408368","197.509174312013"
"201.7483512854893","241.711009174328"
"240.84511127799954","247.738532110148"
"247.11061083684507","252.76146788985199"
"253.01993316642324","262.807339449479"
"267.3533227163062","278.880733944926"
"284.19824978545415","303.9954128440373"
"313.52543796666964","303.9954128440373"
"313.07593215164434","305.0"
"315.3815500242676","302.9908256880724"
"312.57488858880646","311.0275229357762"
"319.3894818339455","317.0550458715524"
"326.121047939704","302.9908256880724"
"312.6068869938597","318.0596330275151"
"325.15431799386175","334.133027522984"
"337.89183087032603","372.307339449479"
"360.07833086263736","419.522935779923"
"368.42490204954663","313.0366972477016"
"313.2389663411858","294.954128440373"
"288.7988916529887","282.899082568733"
"276.9939439464556","277.876146789029"
"271.7470364877572","268.834862385299"
"260.98205968385577","256.779816513659"
"253.10820209648","256.779816513659"
"251.68657221658015","248.743119266045"
"243.93312389305365","247.738532110148"
"241.23494855076498","249.747706421942"
"244.35645958876728","253.766055045968"
"249.30058139248655","261.802752293582"
"259.3036888252145","282.899082568733"
"279.80551853043124","300.9816513761492"
"294.0827556550887","293.9495412844103"
"287.29030742623723","284.9082568807241"
"280.61622193107763","286.9174311926714"
"282.7557868561333","287.9220183486341"
"282.70867348514884","287.9220183486341"
"283.83899807861224","287.9220183486341"
"283.57756032793657","289.9311926605595"
"284.3824941501398","302.9908256880724"
"295.34615137926124","307.0091743119276"
"297.8172567995723","305.0"
"295.2536663277026","289.9311926605595"
"283.1018263392446","281.894495412836"
"275.09186036350457","271.848623853209"
"264.91039359250976","266.825688073286"
"257.7333052372822","257.784403669775"
"245.1668304693557","244.724770642238"
"237.7279972395687","235.683486238508"
"230.56045780219716","207.55504587164"
"205.02488735343744","199.51834862380701"
"194.52041360252034","212.577981651344"
"207.95047822370083","234.678899082611"
"230.15534143226418","252.76146788985199"
"251.06113481050681","263.811926605595"
"265.5211491371817","277.876146789029"
"275.3093638410939","278.880733944926"
"274.8283117259585","277.876146789029"
"275.13275069066526","276.871559633132"
"276.1627326101376","275.866972477016"
"274.50186187877875","277.876146789029"
"277.54970990150986","277.876146789029"
"277.7578336106388","279.885321100823"
"276.9450734679379","284.9082568807241"
"281.85309092571515","288.9266055045968"
"284.075631340705","293.9495412844103"
"286.6215623662699","283.9036697247614"
"278.0977124585378","277.876146789029"
"272.4910177146132","271.848623853209"
"265.357139236173","267.830275229402"
"258.9223169418542","261.802752293582"
"248.81384967013463","251.756880733955"
"252.73603710180802","241.711009174328"
"240.7636657347503","218.60550458716398"
"220.33471315660745","215.59174311925398"
"216.70579709639674","220.614678899177"
"221.23142935748888","233.67431192671398"
"234.3672476743053","253.766055045968"
"255.36074593166836","264.816513761492"
"269.2553029744819","277.876146789029"
"281.24187111780935","277.876146789029"
"280.7495567012425","274.862385321119"
"279.25883687977074","273.857798165222"
"278.76340528239746","274.862385321119"
"280.0283818236078","273.857798165222"
"281.5540553029942","273.857798165222"
"281.09963853937654","275.866972477016"
"282.58925008048607","283.9036697247614"
"291.2854509458898","288.9266055045968"
"296.70875579980947","289.9311926605595"
"295.72159421947157","281.894495412836"
"285.145657302061","277.876146789029"
"278.9415555766117","273.857798165222"
"273.5007885300197","271.848623853209"
"270.52141852771877","268.834862385299"
"265.58725906214147","259.793577981569"
"266.9047094144024","255.775229357762"
"260.5117696495222","252.76146788985199"
"254.7366174227415","252.76146788985199"
"255.29575631818477","256.779816513659"
"260.15021860915203","260.798165137685"
"265.32474581214353","271.848623853209"
"277.72223945675495","275.866972477016"
"280.31581920012866","289.9311926605595"
"296.18366006236334","290.9357798165222"
"299.41802563119126","288.9266055045968"
"296.2632516306486","287.9220183486341"
"294.778535960417","288.9266055045968"
"296.99233932700537","288.9266055045968"
"296.3011684335507","289.9311926605595"
"293.9485190795727","292.9449541284476"
"294.97637485716314","297.9678899082611"
"300.05946770370736","296.9633027522984"
"294.5776188812709","293.9495412844103"
"289.84477807114024","290.9357798165222"
"289.3374880053128","287.9220183486341"
"283.00445476104267","282.899082568733"
"276.40224613513533","278.880733944926"
"271.77860495099173","272.853211009106"
"263.45912174746934","264.816513761492"
"265.58690310738","263.811926605595"
"264.56892149405064","256.779816513659"
"255.47540112003173","253.766055045968"
"253.38644312923032","248.743119266045"
"248.39585623198326","242.715596330225"
"245.66989677489727","246.73394495403198"
"252.21951853220827","251.756880733955"
"258.75278948551374","255.775229357762"
"264.67683131485035","256.779816513659"
"266.96740828713513","260.798165137685"
"268.96373487000005","263.811926605595"
"269.4292432048984","263.811926605595"
"268.14599428669464","262.807339449479"
"266.18095096328216","260.798165137685"
"263.5923500511691","261.802752293582"
"263.3213299887658","267.830275229402"
"270.6026768452841","276.871559633132"
"278.57549253270537","280.889908256939"
"279.4273830474622","276.871559633132"
"272.6922331363644","267.830275229402"
"264.11255913650774","258.788990825672"
"254.95773789375974","256.779816513659"
"250.84572568223757","250.75229357805802"
"243.82405072542898","244.724770642238"
"246.06949407269633","237.692660550521"
"237.11933636698024","176.412844036643"
"176.5105551210773","147.279816513659"
"151.87250758079693","140.24770642194198"
"147.69475791692915","123.16972477059801"
"140.8959290779077","104.08256880724099"
"136.1481061418399","143.26146788985199"
"151.42584009931386","198.51376146791"
"200.90622181166066","229.655963302688"
"235.2641944743637","252.76146788985199"
"256.16625985807946","257.784403669775"
"261.4078470429906","260.798165137685"
"262.75609752177166","260.798165137685"
"261.7883024458962","262.807339449479"
"262.7083344032845","265.821100917389"
"264.39523157468557","272.853211009106"
"270.2454167339501","279.885321100823"
"275.2066394731079","283.9036697247614"
"276.12340687155285","282.899082568733"
"274.361665803465","280.889908256939"
"272.596292680178","275.866972477016"
"267.8376654704866","273.857798165222"
"264.35404436754885","267.830275229402"
"258.32838684070174","257.784403669775"
"262.1465097427215","265.821100917389"
"267.7584087705317","253.766055045968"
"253.83815834646725","217.60091743126702"
"224.05712977545548","221.619266055074"
"228.68534959249013","233.67431192671398"
"240.0273171498616","265.821100917389"
"266.59113988334695","282.899082568733"
"284.2382870469552","295.9587155963357"
"298.0700150798941","293.9495412844103"
"292.3772644204151","291.9403669724849"
"296.2744297632088","293.9495412844103"
"297.84193126474247","293.9495412844103"
"295.48898886632503","291.9403669724849"
"294.4027631655022","291.9403669724849"
"293.7152812140881","295.9587155963357"
"295.9364578532216","325.0917431192759"
"326.45375262621286","303.9954128440373"
"304.17720437518005","307.0091743119276"
"303.90438008303533","294.954128440373"
"292.4060089461394","289.9311926605595"
"286.5979204841588","283.9036697247614"
"280.2772742358834","281.894495412836"
"276.19693298346414","273.857798165222"
"267.01343213107504","268.834862385299"
"271.54419108193565","266.825688073286"
"269.4493713150349","262.807339449479"
"265.0077203365393","263.811926605595"
"260.2917734968147","258.788990825672"
"258.82473406753263","259.793577981569"
"258.23904720295695","270.844036697312"
"272.60431372847364","280.889908256939"
"284.3152381785095","293.9495412844103"
"297.6145463759195","293.9495412844103"
"294.0357319811333","288.9266055045968"
"294.7501720734477","288.9266055045968"
"290.630243799069","294.954128440373"
"296.2361052016188","293.9495412844103"
"296.66782637215647","294.954128440373"
"297.0259531554151","294.954128440373"
"295.24475709909177","297.9678899082611"
"296.96220874717295","300.9816513761492"
"297.9751099923459","300.9816513761492"
"298.2694810230596","294.954128440373"
"291.1611638721027","287.9220183486341"
"283.27188257828226","281.894495412836"
"276.8153109319218","280.889908256939"
"273.64004670461384","276.871559633132"
"267.3456999196374","268.834862385299"
"262.98342064182657","262.807339449479"
"257.49935890927577","259.793577981569"
"254.49557011221134","259.793577981569"
"253.94802227044602","257.784403669775"
"252.66030206899114","259.793577981569"
"257.06814578659197","273.857798165222"
"274.913596511464","286.9174311926714"
"290.92535006996906","323.0825688073286"
"324.8866278849741","324.0871559633132"
"325.5131869947352","301.9862385321119"
"308.19181447651886","296.9633027522984"
"302.57844058130803","313.0366972477016"
"321.715419307647","309.0183486238508"
"318.1172179695394","309.0183486238508"
"318.04556107609335","317.0550458715524"
"324.73339936420473","336.142201834778"
"339.2868100589113","365.275229357762"
"355.3273392611639","379.339449541196"
"358.6543512912116","320.0688073394405"
"330.6890801601928","295.9587155963357"
"292.8503504983783","290.9357798165222"
"285.2725175185792","288.9266055045968"
"282.1486810324844","282.899082568733"
"275.1309422379824","273.857798165222"
"274.74917309512114","259.793577981569"
"254.9343441251137","259.793577981569"
"254.40917263009442","249.747706421942"
"244.73260229770682","245.729357798135"
"241.63549506794783","255.775229357762"
"252.0358383005542","272.853211009106"
"271.7920311010337","291.9403669724849"
"292.08902789974906","343.174311926714"
"336.2637753847498","346.188073394405"
"339.1764457745045","320.0688073394405"
"326.68616323495473","315.045871559627"
"323.35758571704787","326.0963302752386"
"330.23112049355444","334.133027522984"
"331.30582795688366","335.137614678881"
"328.7358475445782","328.105504587164"
"320.66937635934664","323.0825688073286"
"315.7892843998933","330.114678899177"
"316.9984686560244","318.0596330275151"
"308.3481864718807","293.9495412844103"
"292.04797624601156","284.9082568807241"
"284.45533657344333","277.876146789029"
"276.74772727647144","274.862385321119"
"271.63246866433406","267.830275229402"
"262.12330601592254","258.788990825672"
"257.7727930677324","226.642201834778"
"231.2695768856737","200.522935779923"
"204.4480701252862","197.509174312013"
"201.86242928607783","212.577981651344"
"218.79338678188822","222.623853210971"
"230.20831371036326","255.775229357762"
"263.56219881957884","270.844036697312"
"279.6586824155906","284.9082568807241"
"289.88735810571393","287.9220183486341"
"291.58091996240955","286.9174311926714"
"291.4225839049086","285.9128440366868"
"290.7940558772314","284.9082568807241"
"289.52387052352964","282.899082568733"
"287.73933677111324","278.880733944926"
"284.21054900892574","280.889908256939"
"285.09425275915567","284.9082568807241"
"289.0288975370444","286.9174311926714"
"291.3126668750586","285.9128440366868"
"288.9201441851749","279.885321100823"
"282.50724921032065","271.848623853209"
"273.70195765983635","266.825688073286"
"267.17127342142754","263.811926605595"
"261.9772242865226","260.798165137685"
"256.5076275115979","255.775229357762"
"259.41870353447666","249.747706421942"
"254.32265136075273","232.669724770598"
"238.01182393660685","225.637614678881"
"230.01538675431976","224.633027522984"
"227.5771457355589","233.67431192671398"
"238.07311187545292","240.706422018431"
"245.3637309799966","244.724770642238"
"251.1205762721969","249.747706421942"
"256.85097234359824","251.756880733955"
"258.97567580037014","255.775229357762"
"262.1926645972789","258.788990825672"
"265.45091426733103","259.793577981569"
"265.0652192023727","258.788990825672"
"263.2806758772208","257.784403669775"
"262.69743699656266","259.793577981569"
"264.235412084323","266.825688073286"
"270.5728311877899","271.848623853209"
"275.30439579664795","275.866972477016"
"275.8040725134307","270.844036697312"
"269.21601525432413","266.825688073286"
"263.50947903566555","261.802752293582"
"257.2002996104335","259.793577981569"
"253.89859255041415","255.775229357762"
"249.03270528698476","253.766055045968"
"253.21493064765434","254.770642201865"
"253.6288248876094","251.756880733955"
"249.42895177552782","242.715596330225"
"239.8389960280217","238.697247706418"
"235.77681932105088","252.76146788985199"
"249.48285982953237","250.75229357805802"
"248.31544136901977","258.788990825672"
"257.3858248433402","260.798165137685"
"260.8509868613666","261.802752293582"
"262.4060715865872","263.811926605595"
"264.85865125358964","267.830275229402"
"268.05633781451326","270.844036697312"
"269.90538761138697","270.844036697312"
"269.6182670347281","271.848623853209"
"269.9104102900889","273.857798165222"
"270.4549398939066","282.899082568733"
"277.8993166635196","286.9174311926714"
"280.7458677225593","286.9174311926714"
"279.3758959809393","283.9036697247614"
"275.6455690369558","277.876146789029"
"269.56903184836966","272.853211009106"
"264.9283723888566","269.839449541196"
"261.59741250684596","262.807339449479"
"255.13978886077527","257.784403669775"
"261.7819301052672","255.775229357762"
"257.7643656277331","252.76146788985199"
"253.36225139582308","251.756880733955"
"251.65349657903084","230.66055045880398"
"235.68048586777167","239.701834862315"
"243.5411670681064","263.811926605595"
"267.2634750409741","309.0183486238508"
"309.83294793274916","376.325688073286"
"342.1245380417577","291.9403669724849"
"298.5660605952625","289.9311926605595"
"297.5635460052917","288.9266055045968"
"297.3926265025218","289.9311926605595"
"301.20599005273175","288.9266055045968"
"300.80848155459597","288.9266055045968"
"296.65141000145366","299.9770642201865"
"310.2541760360294","408.47247706418"
"363.4869276426195","376.325688073286"
"358.86811861241284","335.137614678881"
"335.731591757531","289.9311926605595"
"291.9908660039623","283.9036697247614"
"286.1428859010361","275.866972477016"
"277.16364594152606","270.844036697312"
"271.3767005265733","263.811926605595"
"260.26780113806166","255.775229357762"
"258.02804703925307","254.770642201865"
"255.42175124093376","249.747706421942"
"247.3285710352083","240.706422018431"
"239.14720345113537","213.582568807241"
"217.909570517448","215.59174311925398"
"218.88067901048106","277.876146789029"
"267.2254883816714","299.9770642201865"
"285.7827312906171","343.174311926714"
"310.8009906667057","283.9036697247614"
"277.2367282475784","276.871559633132"
"273.79766893719045","277.876146789029"
"275.39440521605013","274.862385321119"
"274.2396021676779","299.9770642201865"
"297.6498575740156","289.9311926605595"
"291.3896574374396","305.0"
"304.484235928904","348.197247706418"
"331.49537136266184","349.201834862315"
"332.8145025796895","284.9082568807241"
"285.72738256091117","278.880733944926"
"278.87233231631626","273.857798165222"
"272.8157771674889","267.830275229402"
"266.7748191959895","265.821100917389"
"262.01624979060614","257.784403669775"
"251.24363337030115","245.729357798135"
"241.77632995009697","233.67431192671398"
"232.7957992354483","196.504587155897"
"200.7132106357795","201.52752293582"
"204.94561275806552","175.408256880746"
"176.04758471133903","208.559633027537"
"212.04325522216448","250.75229357805802"
"251.61627946801067","262.807339449479"
"265.7081215441479","274.862385321119"
"276.4140225433872","276.871559633132"
"278.2263543038134","272.853211009106"
"275.792408387438","273.857798165222"
"276.632942756198","273.857798165222"
"277.2534320646984","272.853211009106"
"278.4168207513055","277.876146789029"
"281.8479730760269","284.9082568807241"
"287.3024176067594","287.9220183486341"
"290.8825374323123","288.9266055045968"
"291.21834481377647","288.9266055045968"
"289.62068773393867","282.899082568733"
"283.0818839621728","272.853211009106"
"273.9535504718908","264.816513761492"
"264.75955383529885","261.802752293582"
"258.606121549941","255.775229357762"
"248.66993622170023","245.729357798135"
"243.5720952828835","242.715596330225"
"240.2461232222091","206.550458715524"
"207.22005434263093","202.53211009171702"
"202.02668533266757","180.43119266045"
"177.0156328298583","198.51376146791"
"197.9659810111898","252.76146788985199"
"255.29728313031993","265.821100917389"
"272.0768918766555","276.871559633132"
"282.9092490082163","283.9036697247614"
"289.7290418543453","278.880733944926"
"285.2495917890253","278.880733944926"
"284.90130970838885","279.885321100823"
"285.6417065351686","280.889908256939"
"286.030053101378","281.894495412836"
"286.4902444419102","283.9036697247614"
"286.4696002995561","291.9403669724849"
"294.73015135132437","309.0183486238508"
"312.04431354580106","295.9587155963357"
"294.90610012007954","290.9357798165222"
"289.1119542479728","279.885321100823"
"278.0361022697949","271.848623853209"
"270.89820212903584","272.853211009106"
"269.2146668591686","264.816513761492"
"261.78290849016133","258.788990825672"
"258.6372912124468","250.75229357805802"
"248.88909138676718","248.743119266045"
"246.16371989116192","248.743119266045"
"245.15941276737576","253.766055045968"
"251.68417189254856","256.779816513659"
"256.8389911815214","262.807339449479"
"263.96011620934445","278.880733944926"
"280.173858208138","294.954128440373"
"298.6209252996643","299.9770642201865"
"305.63977890567435","290.9357798165222"
"295.5821465896099","288.9266055045968"
"292.746347960086","287.9220183486341"
"290.553380137446","293.9495412844103"
"297.4282369603102","290.9357798165222"
"290.3728261077579","291.9403669724849"
"289.2662099458937","292.9449541284476"
"289.9564692402033","294.954128440373"
"289.99638119020983","292.9449541284476"
"287.23132394357367","286.9174311926714"
"281.26920617116116","280.889908256939"
"275.00002828419","270.844036697312"
"266.673275684551","267.830275229402"
"262.55368596437523","262.807339449479"
"256.6931599442462","256.779816513659"
"252.3753518579645","227.64678899089398"
"225.67041838234562","192.48623853209"
"190.33525511631618","171.38990825693898"
"168.90494706757056","167.371559633132"
"165.28601408534743","170.385321100823"
"167.9088913554142","185.45412844037298"
"184.17662213693256","228.651376146791"
"230.73711096210408","237.692660550521"
"241.5534992332162","251.756880733955"
"253.71086715274555","261.802752293582"
"262.3144214815038","263.811926605595"
"263.6302075505716","263.811926605595"
"262.871230813579","260.798165137685"
"259.6671295820472","259.793577981569"
"259.41004968871783","262.807339449479"
"262.00330015455785","266.825688073286"
"266.91209927252856","271.848623853209"
"271.59167530851124","273.857798165222"
"271.83307956562317","269.839449541196"
"267.98917029957846","262.807339449479"
"261.22755763309215","257.784403669775"
"256.31687849390147","251.756880733955"
"251.2351573514402","247.738532110148"
"246.16823508396052","234.678899082611"
"233.05770070785326","226.642201834778"
"226.8427679428258","183.44495412836"
"188.71474314920727","157.325688073286"
"164.17030956331976","135.224770642238"
"150.2772226142141","136.229357798135"
"150.95684419400072","149.28899082567202"
"158.7340791825485","159.334862385299"
"167.597053225266","170.385321100823"
"178.22396549921098","207.55504587164"
"216.1009059807338","249.747706421942"
"253.30491752235696","252.76146788985199"
"254.98358591675455","255.775229357762"
"256.4652444664491","252.76146788985199"
"254.776536353696","250.75229357805802"
"253.42872723090375","252.76146788985199"
"255.65037743599402","259.793577981569"
"263.0541840532477","267.830275229402"
"269.3325340726023","271.848623853209"
"270.35174219332066","267.830275229402"
"267.07996705245495","262.807339449479"
"262.1472296474269","256.779816513659"
"256.40698719497925","251.756880733955"
"250.30216495086086","247.738532110148"
"244.16405461249389","235.683486238508"
"240.9416347623029","245.729357798135"
"246.91414261404543","244.724770642238"
"243.89087924265033","245.729357798135"
"245.12319168074904","246.73394495403198"
"245.53829300980703","249.747706421942"
"249.323794920384","257.784403669775"
"260.8313882133612","269.839449541196"
"275.89092352351224","281.894495412836"
"286.9484763579432","285.9128440366868"
"290.29455033425234","282.899082568733"
"288.11537486634523","283.9036697247614"
"286.76942738344775","283.9036697247614"
"287.01107126795034","282.899082568733"
"286.0818833472939","282.899082568733"
"287.23906253711","283.9036697247614"
"287.5008956990099","288.9266055045968"
"292.3807145020805","292.9449541284476"
"294.6950575626337","292.9449541284476"
"294.70594279539563","285.9128440366868"
"286.4351146193332","276.871559633132"
"278.36531207924264","268.834862385299"
"269.85707334289094","261.802752293582"
"262.33923202041984","258.788990825672"
"255.49680433174183","248.743119266045"
"249.9917006638015","245.729357798135"
"246.06727054157395","242.715596330225"
"243.2330043679318","242.715596330225"
"242.70048067188247","244.724770642238"
"243.9116180570153","247.738532110148"
"248.63544779064966","255.775229357762"
"260.27098296265734","272.853211009106"
"277.99944688290793","288.9266055045968"
"293.0279080988675","294.954128440373"
"299.7046077986145","287.9220183486341"
"292.18826661051327","285.9128440366868"
"290.41477805861","285.9128440366868"
"289.99622342339075","285.9128440366868"
"290.6690942657768","285.9128440366868"
"290.6923265333313","289.9311926605595"
"295.1609070268526","306.0045871559627"
"312.97138460952436","305.0"
"309.10746824354266","299.9770642201865"
"301.8166039836772","289.9311926605595"
"290.2415925436404","282.899082568733"
"283.54268361984737","272.853211009106"
"275.3863252938108","267.830275229402"
"267.8766722405743","261.802752293582"
"259.67364935046425","249.747706421942"
"250.46889301520562","248.743119266045"
"246.5269416787117","245.729357798135"
"243.407761402957","245.729357798135"
"243.27053349575053","246.73394495403198"
"244.45681179816518","248.743119266045"
"248.06254729465124","256.779816513659"
"259.4193460131415","270.844036697312"
"274.47668751015254","289.9311926605595"
"293.9682571910534","297.9678899082611"
"306.1609693397744","288.9266055045968"
"296.02387024094566","286.9174311926714"
"295.71132126231964","288.9266055045968"
"298.75298021900966","288.9266055045968"
"296.81732010656077","286.9174311926714"
"293.45601394106217","289.9311926605595"
"294.5873351526672","299.9770642201865"
"302.0655080119028","305.0"
"304.0816420790905","299.9770642201865"
"297.486061113445","288.9266055045968"
"286.7386561919643","282.899082568733"
"282.7644889289476","273.857798165222"
"276.2192471046004","266.825688073286"
"270.6181247415809","258.788990825672"
"261.6442337178943","251.756880733955"
"249.11717049282936","250.75229357805802"
"248.74312751752328","246.73394495403198"
"243.24305809579153","246.73394495403198"
"243.1814590559202","246.73394495403198"
"243.17905655434635","248.743119266045"
"245.24364329637356","257.784403669775"
"257.7345982803947","274.862385321119"
"277.20514424372845","285.9128440366868"
"291.07635505666224","288.9266055045968"
"294.1064934656646","282.899082568733"
"288.13316877234774","280.889908256939"
"286.9624369697708","279.885321100823"
"286.9772437751503","280.889908256939"
"287.38492559002145","281.894495412836"
"290.00510330425755","280.889908256939"
"288.6292778249905","281.894495412836"
"288.66775058411855","283.9036697247614"
"291.0738959717728","281.894495412836"
"287.96279850535507","276.871559633132"
"281.7862111921777","270.844036697312"
"273.56953761327236","260.798165137685"
"262.7917471036479","253.766055045968"
"253.6222735275301","247.738532110148"
"244.0340915370613","238.697247706418"
"240.57043985416334","238.697247706418"
"238.52226870745585","234.678899082611"
"232.8612114384382","230.66055045880398"
"227.52192867359136","232.669724770598"
"229.53994957861858","233.67431192671398"
"230.79034148489413","237.692660550521"
"237.35498358908728","243.720183486341"
"248.47841482222054","250.75229357805802"
"258.0508000144327","253.766055045968"
"261.2222984059064","250.75229357805802"
"259.58190998095506","248.743119266045"
"257.0185662443079","247.738532110148"
"254.70538233386844","246.73394495403198"
"252.3389386562464","244.724770642238"
"249.72497484585145","244.724770642238"
"249.27766421706207","245.729357798135"
"252.3717531769882","248.743119266045"
"257.77894592339277","249.747706421942"
"256.5862170910545","246.73394495403198"
"251.2269242188864","239.701834862315"
"243.33406942016455","234.678899082611"
"236.33069996629587","234.678899082611"
"233.87571276597805","229.655963302688"
"225.81580373992844","218.60550458716398"
"217.16224046745504","180.43119266045"
"179.60538030122717","141.25229357805802"
"147.497015793881","126.18348623850798"
"139.79007690990835","95.04128440373"
"131.80626012304353","95.04128440373"
"131.9405796077707","90.01834862380699"
"131.39497116782658","104.08256880724099"
"134.0952230370943","166.36697247701602"
"165.25838530811842","205.54587155962702"
"205.81707881412694","230.66055045880398"
"232.0114480593216","236.688073394405"
"237.4259197352324","237.692660550521"
"237.30286561323794","236.688073394405"
"235.85181523553473","234.678899082611"
"235.5962725672795","234.678899082611"
"238.37517757698146","234.678899082611"
"242.80200592036618","244.724770642238"
"255.28563312234144","244.724770642238"
"249.04264732512365","237.692660550521"
"239.21753827390972","230.66055045880398"
"228.95024526778835","227.64678899089398"
"222.67255194015712","223.628440366868"
"216.6279709293999","221.619266055074"
"212.38889699967496","205.54587155962702"
"207.5632208772325","145.270642201865"
"149.53252490752598","97.050458715524"
"133.43915638695918","93.03211009171699"
"133.72640042875474","101.06880733954998"
"135.7831527455206","125.178899082611"
"142.91013373483796","169.38073394492602"
"169.0662113015761","194.495412844103"
"192.42669209977794","184.449541284476"
"180.6046738165971","165.362385321119"
"163.2508595299728","145.270642201865"
"151.22066905179355","154.31192660559498"
"157.25355814362885","172.394495412836"
"169.87890183412821","216.596330275151"
"214.96441751619844","212.577981651344"
"208.23372110874735","192.48623853209"
"184.43274096275013","166.36697247701602"
"162.6429457699747","159.334862385299"
"158.16333611683322","125.178899082611"
"142.9355410628148","88.00917431201302"
"132.15630897371457","92.02752293582"
"132.80065868372878","144.26605504596802"
"153.65310971318215","162.348623853209"
"168.52956000079718","173.399082568733"
"177.0016284422511","168.37614678902898"
"169.66234945757068","170.385321100823"
"168.45099413233524","178.422018348656"
"176.13615588369677","204.54128440373"
"209.6272546830374","219.610091743061"
"226.9354939020003","216.596330275151"
"221.38386409628","204.54128440373"
"203.88778233744733","177.417431192759"
"168.73795183687352","159.334862385299"
"151.39613405141762","151.298165137685"
"145.23621054404327","129.19724770641798"
"135.77214977855274","94.036697247614"
"133.2050043697011","126.18348623850798"
"144.7100342813212","94.036697247614"
"131.88727187606995","86.0"
"129.91407267986193","115.13302752298398"
"136.32315236213077","151.298165137685"
"155.07857756779978","193.490825687987"
"199.81825948219875","211.57339449544702"
"221.72698372430895","220.614678899177"
"231.19743432365163","229.655963302688"
"242.10623912141025","232.669724770598"
"243.67292680108972","233.67431192671398"
"242.8554026646271","234.678899082611"
"244.4793161335582","236.688073394405"
"245.62552165653958","239.701834862315"
"249.93228163585772","248.743119266045"
"260.7191875688082","253.766055045968"
"266.64177114696605","252.76146788985199"
"264.95666560035374","249.747706421942"
"260.12470185770695","244.724770642238"
"253.99678425925077","238.697247706418"
"246.12985292982654","236.688073394405"
"239.23230889342267","229.655963302688"
"228.53015895622218","209.564220183434"
"215.29731650902562","221.619266055074"
"224.48375957238449","212.577981651344"
"213.99869394754552","205.54587155962702"
"206.06047892365666","204.54128440373"
"203.61134925542376","214.58715596335702"
"213.9989967948948","222.623853210971"
"223.43779771426608","231.665137614701"
"235.35226032048848","237.692660550521"
"243.57317533855493","243.720183486341"
"249.4379502944607","244.724770642238"
"250.6139115141566","244.724770642238"
"250.10247409926666","243.720183486341"
"247.81534553560675","238.697247706418"
"242.9643362054043","235.683486238508"
"239.7551562838771","237.692660550521"
"241.2792147592698","241.711009174328"
"247.1868508390488","243.720183486341"
"250.93835586806517","242.715596330225"
"247.35364291864485","238.697247706418"
"239.45242867891403","231.665137614701"
"228.14716123517115","220.614678899177"
"210.97959706926412","209.564220183434"
"193.41635997113093","185.45412844037298"
"163.84464993522477","161.344036697312"
"165.6948342357735","160.339449541196"
"162.79174262462467","116.137614678881"
"135.588030757371","97.050458715524"
"130.51228588307413","90.01834862380699"
"129.24226401764088","92.02752293582"
"129.62908969538188","134.220183486341"
"141.1496192608257","167.371559633132"
"165.06234979949187","207.55504587164"
"211.53810233706758","220.614678899177"
"226.34094151528586","225.637614678881"
"231.8328958738348","227.64678899089398"
"233.04352594987182","227.64678899089398"
"232.03102795513908","225.637614678881"
"228.64839005884025","223.628440366868"
"224.6706304882601","224.633027522984"
"224.5560915073707","231.665137614701"
"235.17613609002973","235.683486238508"
"242.08393371905433","237.692660550521"
"243.1418172298456","235.683486238508"
"238.8484281555788","230.66055045880398"
"232.90791663882783","226.642201834778"
"226.22203845590758","222.623853210971"
"221.15996551175857","211.57339449544702"
"206.85533774915342","184.449541284476"
"185.24003484690996","154.31192660559498"
"156.41243826588146","148.284403669775"
"150.5458009015538","146.275229357762"
"148.65369256680484","147.279816513659"
"148.37629630089125","148.284403669775"
"148.64721584670218","188.467889908283"
"183.40585005112365","228.651376146791"
"229.08488873406665","237.692660550521"
"240.80356393010157","242.715596330225"
"246.79225414814226","244.724770642238"
"249.1828403434016","248.743119266045"
"252.516519519218","247.738532110148"
"250.39735805248463","246.73394495403198"
"248.6852873382819","244.724770642238"
"247.55499587885785","245.729357798135"
"250.25661180365861","254.770642201865"
"260.4396265033216","260.798165137685"
"268.36517408522803","264.816513761492"
"270.36432476781306","260.798165137685"
"267.12845825895874","254.770642201865"
"261.0854174588061","246.73394495403198"
"253.3734610100811","243.720183486341"
"250.80744926445817","241.711009174328"
"248.40392714792623","234.678899082611"
"231.55363350321358","246.73394495403198"
"241.4135648479663","228.651376146791"
"226.74633511908635","209.564220183434"
"211.2109050958922","201.52752293582"
"204.43321299118418","204.54128440373"
"207.71175692999248","212.577981651344"
"215.45323944343556","212.577981651344"
"217.68805891048424","229.655963302688"
"235.87423081582216","245.729357798135"
"249.57553716363068","249.747706421942"
"253.40859613744232","254.770642201865"
"256.7664205506882","255.775229357762"
"257.8228065171643","256.779816513659"
"258.1499582903916","256.779816513659"
"257.8898349283109","258.788990825672"
"259.6971049286777","278.880733944926"
"274.86862638803194","333.128440366868"
"323.87059713584125","334.133027522984"
"322.839072555078","283.9036697247614"
"274.04324793087085","256.779816513659"
"254.48228780203772","247.738532110148"
"245.51794238020523","244.724770642238"
"241.64567158924024","240.706422018431"
"218.818631113053","186.45871559627"
"181.95856466529892","175.408256880746"
"180.52701221752835","215.59174311925398"
"201.3066093848942","211.57339449544702"
"202.24989593872692","205.54587155962702"
"201.7252106350217","205.54587155962702"
"203.1430085203179","192.48623853209"
"194.64596166079252","192.48623853209"
"199.3704894051662","180.43119266045"
"196.25364311189418","180.43119266045"
"200.55267836451318","198.51376146791"
"208.14863248647688","215.59174311925398"
"220.72932625986462","217.60091743126702"
"229.04082008216022","215.59174311925398"
"224.31996624648997","216.596330275151"
"230.22745534230853","222.623853210971"
"230.01984490606762","230.66055045880398"
"241.6235278474958","244.724770642238"
"251.95794833607587","250.75229357805802"
"251.89688771657637","245.729357798135"
"237.72447458793914","229.655963302688"
"221.88989336815212","217.60091743126702"
"210.9636862314028","208.559633027537"
"202.79850231410043","182.44036697246298"
"193.98427703542228","218.60550458716398"
"218.90461880134637","212.577981651344"
"209.6057339191859","205.54587155962702"
"204.16361969410974","206.550458715524"
"213.36834214309394","214.58715596335702"
"226.59482737893455","211.57339449544702"
"227.759794107062","207.55504587164"
"236.93139507731578","284.9082568807241"
"300.64380987922294","285.9128440366868"
"310.9949834001921","281.894495412836"
"306.45855180812083","288.9266055045968"
"306.198407062092","300.9816513761492"
"307.30545937448363","260.798165137685"
"278.27798815104967","263.811926605595"
"286.09230824924333","268.834862385299"
"286.8837670930742","278.880733944926"
"289.2098014907279","279.885321100823"
"278.48071995690725","281.894495412836"
"283.255043902576","265.821100917389"
"272.45098994840316","259.793577981569"
"261.9446619315772","252.76146788985199"
"252.01500341767132","247.738532110148"
"247.44324182916537","237.692660550521"
"236.56474591579155","218.60550458716398"
"224.2563308143263","215.59174311925398"
"213.0483466684904","189.47247706418"
"186.50240149948755","161.344036697312"
"176.06408433858306","146.275229357762"
"172.24361296976792","141.25229357805802"
"178.26675116483383","180.43119266045"
"203.00686690767262","246.73394495403198"
"265.23723383794334","274.862385321119"
"282.1484529865504","249.747706421942"
"259.2381295237869","248.743119266045"
"253.24968729738447","248.743119266045"
"245.6136264519132","247.738532110148"
"236.50264561740312","247.738532110148"
"235.67707014712033","248.743119266045"
"241.63500301745037","248.743119266045"
"247.80968996564928","250.75229357805802"
"251.12308854554925","251.756880733955"
"250.3375382185093","250.75229357805802"
"238.31778442554418","249.747706421942"
"222.00143206088183","245.729357798135"
"208.6152623974071","250.75229357805802"
"196.09735688281734","214.58715596335702"
"171.11657313735455","214.58715596335702"
"167.29572868802825","118.14678899089401"
"151.22102583761497","153.307339449479"
"183.2388584216268","294.954128440373"
"274.55738398989917","244.724770642238"
"253.49855941489506","243.720183486341"
"250.29253714091743","246.73394495403198"
"255.22947059359643","246.73394495403198"
"255.4568585518172","245.729357798135"
"252.57751365971257","245.729357798135"
"259.26414186505804","247.738532110148"
"258.42758058551635","248.743119266045"
"261.5647688522425","251.756880733955"
"258.0348610139674","251.756880733955"
"253.96055599689004","250.75229357805802"
"254.50215820876335","246.73394495403198"
"246.88303603354206","241.711009174328"
"234.27962589551248","233.67431192671398"
"228.77808321807305","226.642201834778"
"218.08329363092616","201.52752293582"
"184.08898475762436","125.178899082611"
"173.22750607705458","264.816513761492"
"275.9387844374496","260.798165137685"
"276.2387329254228","261.802752293582"
"279.74425566966534","264.816513761492"
"280.0909549476489","264.816513761492"
"272.9443221081875","260.798165137685"
"263.52980529682293","258.788990825672"
"247.26751652917392","261.802752293582"
"247.5274956426088","268.834862385299"
"260.3690323480065","278.880733944926"
"270.75412669595653","284.9082568807241"
"277.00317231679753","259.793577981569"
"258.30006139675965","251.756880733955"
"247.40493419288316","245.729357798135"
"240.09968110458843","231.665137614701"
"233.0663932658456","219.610091743061"
"223.2646683530065","140.24770642194198"
"161.53460431564997","213.582568807241"
"202.24158203293325","155.31651376149202"
"168.26178684222796","118.14678899089401"
"158.48484541408288","121.16055045880401"
"160.88666492026135","153.307339449479"
"174.20566082273507","159.334862385299"
"181.95644335718163","173.399082568733"
"202.98342762907288","270.844036697312"
"282.0738621386384","289.9311926605595"
"292.4955966758973","287.9220183486341"
"296.9540405718568","290.9357798165222"
"294.9691041743191","332.123853210971"
"321.86960188495374","300.9816513761492"
"292.5065363979077","274.862385321119"
"283.84598219847595","259.793577981569"
"268.87658772411123","263.811926605595"
"282.3796999895111","328.105504587164"
"330.0475446976974","390.389908256939"
"368.31173741546934","364.270642201865"
"326.3843627935504","332.123853210971"
"292.5632824032158","254.770642201865"
"237.26480826432442","248.743119266045"
"231.19255709049557","240.706422018431"
"221.84318787066724","232.669724770598"
"218.0041150726433","244.724770642238"
"234.28949257837468","227.64678899089398"
"218.9415591252307","209.564220183434"
"196.1841172111928","148.284403669775"
"168.48110740764957","132.21100917432798"
"166.21022577240763","111.114678899177"
"159.85126755654534","204.54128440373"
"200.53287407446186","198.51376146791"
"214.06259900472872","259.793577981569"
"261.15000238853696","247.738532110148"
"253.19728242728831","249.747706421942"
"254.6945654390577","248.743119266045"
"257.68547285288923","246.73394495403198"
"255.7324930990988","242.715596330225"
"252.5642350117078","245.729357798135"
"256.00631622776325","246.73394495403198"
"262.0292120109706","253.766055045968"
"268.0381140511026","273.857798165222"
"279.5172899045802","264.816513761492"
"268.04746552498716","254.770642201865"
"254.53346226554032","252.76146788985199"
"243.9042327609124","234.678899082611"
"232.4589843950936","233.67431192671398"
"228.59345470566518","216.596330275151"
"203.11391165303058","201.52752293582"
"203.76287541697457","193.490825687987"
"200.5363733615261","209.564220183434"
"212.14378310451374","212.577981651344"
"212.42057187415958","219.610091743061"
"218.08923637959427","197.509174312013"
"210.98462253712398","250.75229357805802"
"252.81694405823563","282.899082568733"
"275.1562291879598","260.798165137685"
"261.90436904159577","259.793577981569"
"252.38914353879528","246.73394495403198"
"246.24718066068172","246.73394495403198"
"253.46558563623617","277.876146789029"
"288.73624701485903","342.169724770598"
"325.37592490968785","404.454128440373"
"371.8059704477177","409.477064220077"
"350.618718403392","346.188073394405"
"306.7497754081233","296.9633027522984"
"285.04082013377285","279.885321100823"
"266.58109489958696","252.76146788985199"
"262.93701133245287","259.793577981569"
"262.7145436120026","247.738532110148"
"251.9212851628494","242.715596330225"
"243.98445426796525","240.706422018431"
"239.79892612377188","241.711009174328"
"257.4443578629649","268.834862385299"
"291.6008319411829","320.0688073394405"
"360.2761798559188","439.61467889917697"
"421.2047396894641","479.79816513768503"
"440.45194770194223","436.600917431267"
"409.50857751756337","419.522935779923"
"397.13580331514504","416.509174312013"
"388.81482788306414","414.5"
"384.4309393470409","407.467889908283"
"378.8769486282771","389.38532110082303"
"365.350310267301","377.330275229402"
"363.93237088890044","385.366972477016"
"365.413633462876","424.545871559627"
"391.1800851362059","455.688073394405"
"403.255103171394","390.389908256939"
"352.64243706478237","299.9770642201865"
"282.5425373019837","268.834862385299"
"264.6603013589744","249.747706421942"
"259.3203151043387","241.711009174328"
"257.2726002964981","235.683486238508"
"248.40038255690123","230.66055045880398"
"235.21376983966712","227.64678899089398"
"230.2595980830044","208.559633027537"
"222.29484663606195","226.642201834778"
"248.85133992200014","250.75229357805802"
"285.25768681307125","295.9587155963357"
"342.1838066971598","357.238532110148"
"385.73668714380153","394.408256880746"
"395.43802153772816","381.348623853209"
"384.51702022434307","379.339449541196"
"375.73997221358667","394.408256880746"
"379.8889242241031","388.38073394492596"
"379.3312393191619","394.408256880746"
"374.2042817913348","387.376146789029"
"364.83594732485744","386.371559633132"
"357.2169060533584","409.477064220077"
"370.8306265366538","455.688073394405"
"387.3251978824028","454.68348623850795"
"368.3966680326075","303.9954128440373"
"284.1188648186499","266.825688073286"
"263.1895688700057","258.788990825672"
"259.3436284627025","245.729357798135"
"240.1761784420683","237.692660550521"
"233.84994896227167","228.651376146791"
"224.66815122944917","227.64678899089398"
"224.46117715331852","225.637614678881"
"221.1085988512324","218.60550458716398"
"219.22471144460732","223.628440366868"
"228.80706283267773","242.715596330225"
"262.2487930650185","253.766055045968"
"274.0932005099538","278.880733944926"
"299.47047496244926","310.0229357798135"
"333.7653357428463","294.954128440373"
"308.7732729992917","282.899082568733"
"292.4025589083132","291.9403669724849"
"291.8733583992652","296.9633027522984"
"300.9677023848882","299.9770642201865"
"299.163674951641","299.9770642201865"
"300.6720742043918","316.0504587155897"
"309.3496367177267","340.160550458804"
"323.2653399675648","351.211009174328"
"319.1784271753281","307.0091743119276"
"286.52890493720633","280.889908256939"
"270.61202129409116","262.807339449479"
"260.38905277376756","253.766055045968"
"248.91680930618662","243.720183486341"
"237.65137355169588","233.67431192671398"
"227.33438399457634","232.669724770598"
"226.51714882436303","227.64678899089398"
"220.77382737612794","219.610091743061"
"209.94739349183646","214.58715596335702"
"204.96713150995453","216.596330275151"
"209.68791435668743","237.692660550521"
"229.163377596305","249.747706421942"
"240.02190949099344","256.779816513659"
"249.99843914572932","262.807339449479"
"249.06585322031938","256.779816513659"
"245.04460004556722","256.779816513659"
"243.64921089805003","255.775229357762"
"241.98683272206074","255.775229357762"
"245.77822222209994","256.779816513659"
"251.84876434734082","256.779816513659"
"256.47796820554976","255.775229357762"
"261.09065431768914","257.784403669775"
"268.32771128648625","265.821100917389"
"265.3651345170612","262.807339449479"
"259.6393397255146","256.779816513659"
"251.78471495112498","253.766055045968"
"249.46540101194273","250.75229357805802"
"238.41757808294034","245.729357798135"
"233.805727916251","232.669724770598"
"219.78974977974994","181.435779816566"
"179.00396919968307","137.23394495403198"
"166.26866536045517","121.16055045880401"
"162.75373229240643","121.16055045880401"
"161.84270091473735","136.229357798135"
"171.4798745072043","191.481651376193"
"213.6297826681439","249.747706421942"
"264.1445389747126","278.880733944926"
"283.58576040280025","282.899082568733"
"283.86859418353293","265.821100917389"
"272.2893522665699","255.775229357762"
"267.5733552007875","252.76146788985199"
"265.570508879755","251.756880733955"
"264.59929106897107","250.75229357805802"
"260.3383987253643","249.747706421942"
"259.14314109623035","249.747706421942"
"255.0959655935763","251.756880733955"
"264.65666783599755","263.811926605595"
"267.4772328506017","259.793577981569"
"263.1493884723437","250.75229357805802"
"253.1984028445653","245.729357798135"
"247.33480945538918","244.724770642238"
"242.0832032235728","237.692660550521"
"235.71155375263447","222.623853210971"
"213.37683935184418","223.628440366868"
"214.2399224036534","212.577981651344"
"203.10940480893464","207.55504587164"
"199.38663722963582","215.59174311925398"
"207.81657210624127","218.60550458716398"
"214.2182074779567","228.651376146791"
"228.69040161523412","231.665137614701"
"243.67643970385524","238.697247706418"
"249.29563393069563","243.720183486341"
"254.33405220184204","247.738532110148"
"262.1990837812788","257.784403669775"
"267.12596791113845","262.807339449479"
"268.1139580900043","262.807339449479"
"265.5213961405433","251.756880733955"
"255.79994262103023","251.756880733955"
"260.2639510578636","261.802752293582"
"275.1233252121844","286.9174311926714"
"295.4792802939132","308.0137614678881"
"303.56434353638275","291.9403669724849"
"292.6244132937096","268.834862385299"
"276.45035754550696","258.788990825672"
"262.7346498567539","254.770642201865"
"253.9820345513097","253.766055045968"
"246.79017264170267","250.75229357805802"
"242.12594687253807","253.766055045968"
"247.122589712399","250.75229357805802"
"246.25411908401983","249.747706421942"
"245.8442049308792","248.743119266045"
"243.1560165352838","242.715596330225"
"240.0578202582621","248.743119266045"
"245.20133167672583","245.729357798135"
"253.2774086857753","251.756880733955"
"257.8070535247828","253.766055045968"
"260.36443510158153","259.793577981569"
"267.66762882216915","268.834862385299"
"275.67378427128267","271.848623853209"
"273.2975602152094","271.848623853209"
"272.29681031676307","267.830275229402"
"271.2771579748879","272.853211009106"
"275.49571756756","284.9082568807241"
"286.9933672747603","293.9495412844103"
"297.23226639427435","347.192660550521"
"335.45988948020863","343.174311926714"
"330.0037882303558","299.9770642201865"
"290.39830581716166","291.9403669724849"
"281.3596868335018","292.9449541284476"
"276.2443137883493","265.821100917389"
"245.94072328331248","255.775229357762"
"255.1504583455062","252.76146788985199"
"252.2350756948444","249.747706421942"
"248.77147300262425","247.738532110148"
"247.25892111701268","249.747706421942"
"248.70687868939615","248.743119266045"
"259.4359657092823","267.830275229402"
"296.30247409111087","314.0412844036643"
"353.247795555564","431.577981651344"
"406.9392783341156","452.67431192671404"
"413.533345589447","356.233944954032"
"366.3851392471417","338.151376146791"
"359.38663986896336","360.252293578058"
"356.9034189016592","395.412844036643"
"372.09880207632085","386.371559633132"
"361.5194956629911","365.275229357762"
"356.89769747963146","371.302752293582"
"357.358460550965","390.389908256939"
"372.48718090218136","447.651376146791"
"386.35152407359965","353.220183486341"
"322.76125905485344","319.0642201834778"
"296.544832375415","296.9633027522984"
"278.4054831442907","279.885321100823"
"267.73484832638053","260.798165137685"
"251.89064442225978","254.770642201865"
"249.0486249240401","254.770642201865"
"248.45221751978931","250.75229357805802"
"247.6241451566134","248.743119266045"
"245.80073271711103","250.75229357805802"
"248.32372192149472","255.775229357762"
"262.498020963409","297.9678899082611"
"326.8418929510656","346.188073394405"
"373.3305134253973","426.55504587164"
"425.5303634544314","440.619266055074"
"435.5066067046806","394.408256880746"
"412.0530020566893","366.279816513659"
"390.3263346717742","371.302752293582"
"388.88645082396204","388.38073394492596"
"396.32054517148913","381.348623853209"
"390.6346767934866","371.302752293582"
"386.4222159973231","373.311926605595"
"388.5466869848395","398.426605504553"
"403.1650123913669","457.697247706418"
"426.6967944733063","434.59174311925403"
"402.0767027971614","342.169724770598"
"326.09319097899805","330.114678899177"
"309.8280717098829","283.9036697247614"
"281.0252171456425","268.834862385299"
"270.26529424775816","254.770642201865"
"241.54058479494","252.76146788985199"
"240.63322538414548","249.747706421942"
"235.21406930141092","246.73394495403198"
"235.96527184342423","247.738532110148"
"240.15898456367296","252.76146788985199"
"256.6721147373448","295.9587155963357"
"295.59010986209944","326.0963302752386"
"339.8714498739852","384.362385321119"
"390.55076386349174","388.38073394492596"
"378.4809240156111","327.100917431267"
"320.2466168789456","322.0779816513659"
"324.95825614463695","322.0779816513659"
"327.2399656416134","321.0733944954032"
"319.27076298277996","305.0"
"308.7104274441193","308.0137614678881"
"298.90514207250493","305.0"
"301.4776503256813","317.0550458715524"
"316.80871635625834","325.0917431192759"
"296.19577304175317","297.9678899082611"
"284.51098608242955","276.871559633132"
"267.46452190521484","262.807339449479"
"247.7575782319406","259.793577981569"
"242.10647076872465","253.766055045968"
"235.18018318084285","244.724770642238"
"228.0597479344327","235.683486238508"
"215.47039882690956","229.655963302688"
"212.66180242322548","230.66055045880398"
"220.16650039060465","232.669724770598"
"230.50507858684804","240.706422018431"
"240.4821602534484","250.75229357805802"
"254.73617324065776","277.876146789029"
"285.9635797595195","299.9770642201865"
"314.43658867858943","315.045871559627"
"313.01562343762845","297.9678899082611"
"304.0101242205886","287.9220183486341"
"291.315862386044","299.9770642201865"
"290.7588621231881","306.0045871559627"
"294.8459645210161","299.9770642201865"
"284.30733053765783","289.9311926605595"
"288.25102609648985","291.9403669724849"
"287.0483154675636","314.0412844036643"
"318.3918663577796","331.119266055074"
"301.39598563836216","303.9954128440373"
"289.31162944672633","278.880733944926"
"275.7717855735937","271.848623853209"
"269.5521577252897","266.825688073286"
"255.53366621971986","255.775229357762"
"242.64999171356965","250.75229357805802"
"235.93189651973287","235.683486238508"
"216.39756049823546","234.678899082611"
"214.99793395318147","224.633027522984"
"204.69588947583884","223.628440366868"
"209.86530219140906","232.669724770598"
"223.14134940092478","232.669724770598"
"244.035317188614","291.9403669724849"
"309.28738483448166","341.165137614701"
"360.96415767700864","371.302752293582"
"384.0908920168616","341.165137614701"
"355.7218080188755","330.114678899177"
"348.9144392094181","336.142201834778"
"348.1868118283583","334.133027522984"
"335.07453808194344","314.0412844036643"
"311.30786351687954","305.0"
"310.3040114670707","319.0642201834778"
"328.8030498982775","335.137614678881"
"348.3584147069187","373.311926605595"
"369.93355009016597","334.133027522984"
"326.63143500012745","291.9403669724849"
"288.9353863961297","270.844036697312"
"262.80472837602605","270.844036697312"
"263.1703397796191","261.802752293582"
"253.9763446662352","255.775229357762"
"249.71461435471585","254.770642201865"
"246.815366171877","251.756880733955"
"247.43516546698822","249.747706421942"
"246.09288751314253","248.743119266045"
"241.02108503224565","245.729357798135"
"240.82397508673995","245.729357798135"
"242.06871141612936","245.729357798135"
"246.28498993526762","251.756880733955"
"259.39781483165496","252.76146788985199"
"264.55427420823014","255.775229357762"
"268.87331934349083","256.779816513659"
"265.48195611092706","256.779816513659"
"268.8599542081608","254.770642201865"
"265.28397789466317","250.75229357805802"
"268.0041046420629","247.738532110148"
"267.42890956971183","246.73394495403198"
"256.10580664339915","255.775229357762"
"261.77579589285193","272.853211009106"
"271.1283600819759","267.830275229402"
"267.6310758664601","255.775229357762"
"257.6557754533095","251.756880733955"
"250.0238089642308","245.729357798135"
"242.47308901927573","242.715596330225"
"229.45831055933624","227.64678899089398"
"218.5632368160979","220.614678899177"
"212.64227528255208","206.550458715524"
"208.56792222596414","197.509174312013"
"198.38193470247828","195.5"
"198.82525640805554","195.5"
"205.69977961227946","203.536697247614"
"211.20811985097447","212.577981651344"
"218.07714515487277","215.59174311925398"
"214.6298604571015","221.619266055074"
"216.15491569979446","229.655963302688"
"224.6779175110713","234.678899082611"
"227.5825482810979","236.688073394405"
"225.9490858283482","236.688073394405"
"230.77952746308594","234.678899082611"
"226.9695739439694","235.683486238508"
"231.4648627530832","240.706422018431"
"229.58238514700224","222.623853210971"
"233.35030630604726","296.9633027522984"
"284.8530636155759","290.9357798165222"
"281.89645539939994","275.866972477016"
"265.81073566437703","263.811926605595"
"257.7859412942687","255.775229357762"
"248.92941788217266","252.76146788985199"
"246.02488546438292","246.73394495403198"
"255.0968705060247","237.692660550521"
"242.6816062178959","232.669724770598"
"233.3016966421713","229.655963302688"
"229.05045804679096","225.637614678881"
"235.20233967398786","234.678899082611"
"253.49122119618255","234.678899082611"
"267.619084217312","306.0045871559627"
"358.81863117899064","387.376146789029"
"396.9162561460362","409.477064220077"
"402.2356898689201","379.339449541196"
"388.72760654946944","377.330275229402"
"380.66126901099847","383.357798165222"
"376.70700865009763","372.307339449479"
"375.7332000820518","356.233944954032"
"369.53277727168336","348.197247706418"
"364.54637988378244","335.137614678881"
"356.16194885750167","353.220183486341"
"369.3108752318089","409.477064220077"
"388.6459901946821","448.655963302688"
"388.5163714928116","386.371559633132"
"347.78308723677367","322.0779816513659"
"295.52553067188256","300.9816513761492"
"279.17191520181893","275.866972477016"
"267.0166327952172","264.816513761492"
"258.4396212412882","260.798165137685"
"258.05334992026826","253.766055045968"
"256.7097657387529","254.770642201865"
"259.5319995188564","255.775229357762"
"265.43174723048156","260.798165137685"
"279.34108612744706","277.876146789029"
"301.8941343778225","312.0321100917389"
"369.0384851864874","409.477064220077"
"427.76275627891476","408.47247706418"
"424.60362656342176","416.509174312013"
"424.75016383856666","403.449541284476"
"418.0068451244696","401.44036697246304"
"415.5742013121794","393.403669724849"
"409.8399405179596","389.38532110082303"
"407.2165758336363","381.348623853209"
"396.18083504370566","379.339449541196"
"398.34922733092077","410.481651376193"
"416.65930775566835","480.802752293582"
"442.81336702558553","498.88532110082303"
"445.6840291820108","409.477064220077"
"384.1496359249208","315.045871559627"
"302.82713609814095","314.0412844036643"
"294.93053146331994","277.876146789029"
"276.39666486256675","268.834862385299"
"275.49369813351797","269.839449541196"
"281.95792511068464","264.816513761492"
"275.0694208076993","263.811926605595"
"279.618565717397","264.816513761492"
"285.1611871089013","274.862385321119"
"289.1282498593421","286.9174311926714"
"324.202050659476","321.0733944954032"
"380.356676231406","431.577981651344"
"443.47649113720064","431.577981651344"
"442.2995349822751","409.477064220077"
"428.380320605542","383.357798165222"
"412.5909103861458","373.311926605595"
"406.9778481672261","353.220183486341"
"391.6908173045209","340.160550458804"
"383.3900044535832","335.137614678881"
"375.492658753209","335.137614678881"
"367.6623436647466","346.188073394405"
"388.10752961488004","431.577981651344"
"427.4487913966472","325.0917431192759"
"351.53991018942145","320.0688073394405"
"312.7414205144792","303.9954128440373"
"286.31705341917365","278.880733944926"
"270.6375343491957","268.834862385299"
"262.8452337628181","257.784403669775"
"256.04014237304443","261.802752293582"
"259.6808125191348","259.793577981569"
"263.17260390076723","256.779816513659"
"259.0204816842213","249.747706421942"
"257.2158258689399","251.756880733955"
"263.54597978131744","264.816513761492"
"273.8966032970955","272.853211009106"
"287.16302157707196","274.862385321119"
"296.0350873860018","326.0963302752386"
"340.36505097645346","328.105504587164"
"336.63456542760986","323.0825688073286"
"335.85704904332204","290.9357798165222"
"291.45447474617526","279.885321100823"
"288.96345767111023","278.880733944926"
"289.46379636989644","276.871559633132"
"282.5675254664352","273.857798165222"
"279.4318246417787","274.862385321119"
"279.14436962059165","270.844036697312"
"279.3757910103455","276.871559633132"
"283.6248012740852","270.844036697312"
"271.0374282157555","270.844036697312"
"272.58466979520756","264.816513761492"
"257.34990477058864","258.788990825672"
"254.10225950929996","249.747706421942"
"251.77065427794244","246.73394495403198"
"248.83236918890003","244.724770642238"
"245.81640347057007","243.720183486341"
"243.31572587998113","245.729357798135"
"247.8945124050329","254.770642201865"
"259.986121352197","262.807339449479"
"268.15058763617213","276.871559633132"
"294.2826258937244","386.371559633132"
"387.39590517118256","416.509174312013"
"414.27578408815015","438.61009174306105"
"425.1378092756754","409.477064220077"
"409.63672423239234","409.477064220077"
"404.4214818358709","422.53669724761403"
"407.18797440111564","377.330275229402"
"352.7204523787011","355.22935779813497"
"337.7374687281897","337.146788990894"
"329.6798585742652","342.169724770598"
"344.45807002616135","442.628440366868"
"400.1597098198333","483.81651376149205"
"407.3579155823523","375.321100917389"
"329.2689600482213","285.9128440366868"
"277.154717899399","279.885321100823"
"272.3896477816614","272.853211009106"
"260.45689542840137","268.834862385299"
"264.917986406421","267.830275229402"
"267.6827919595809","262.807339449479"
"262.30550938174423","261.802752293582"
"256.4319565217161","262.807339449479"
"259.6095025927035","263.811926605595"
"261.9503874070818","266.825688073286"
"266.41072844655196","270.844036697312"
"268.7368975473394","274.862385321119"
"277.51589123201546","275.866972477016"
"278.8290164307424","282.899082568733"
"286.1607606614853","290.9357798165222"
"288.15661357185945","289.9311926605595"
"288.5299094724041","284.9082568807241"
"285.60702721415157","283.9036697247614"
"284.6805568817658","282.899082568733"
"284.3720110340291","287.9220183486341"
"287.9080715589262","320.0688073394405"
"312.6190986463182","396.417431192759"
"354.94432133891144","449.660550458804"
"363.975760396209","315.045871559627"
"300.19190957480555","285.9128440366868"
"280.48202382966025","281.894495412836"
"270.4928637655733","278.880733944926"
"261.0513902403575","274.862385321119"
"266.22927539373757","272.853211009106"
"268.4521210232913","268.834862385299"
"264.84501024514736","265.821100917389"
"262.8050678774283","259.793577981569"
"260.3431762239765","248.743119266045"
"252.4171438903071","247.738532110148"
"251.38669015957828","250.75229357805802"
"253.29764357115806","260.798165137685"
"264.38976236102656","266.825688073286"
"272.2457772709578","273.857798165222"
"278.1825039179725","278.880733944926"
"284.1967841624863","276.871559633132"
"279.14826159194166","273.857798165222"
"278.68856090355814","271.848623853209"
"276.6227318458843","271.848623853209"
"273.1919506493167","272.853211009106"
"279.8400612035628","281.894495412836"
"289.8305930164977","293.9495412844103"
"300.3524618476222","288.9266055045968"
"296.1315058479992","283.9036697247614"
"289.96357966116915","275.866972477016"
"271.6816114662798","271.848623853209"
"274.0558611461372","266.825688073286"
"267.2444241975921","260.798165137685"
"275.70258857186036","259.793577981569"
"275.0946973829554","253.766055045968"
"265.8741458755135","241.711009174328"
"248.98126696330777","237.692660550521"
"248.16310985846079","243.720183486341"
"262.2833351617521","238.697247706418"
"267.29558532811456","291.9403669724849"
"331.3381000460203","371.302752293582"
"396.86263767606243","421.53211009171696"
"416.18739044313276","395.412844036643"
"407.15674325916444","363.266055045968"
"380.93398999838195","337.146788990894"
"355.8312844284328","335.137614678881"
"355.40482369131445","334.133027522984"
"350.55597306687065","328.105504587164"
"327.7981836004474","323.0825688073286"
"336.4633112616829","334.133027522984"
"348.54270719481747","410.481651376193"
"382.39168751933596","352.215596330225"
"343.297977350047","335.137614678881"
"317.26130235633957","288.9266055045968"
"282.7823338432463","278.880733944926"
"275.90445815715356","267.830275229402"
"269.51536427691207","262.807339449479"
"271.93765384634224","270.844036697312"
"277.79289898215325","268.834862385299"
"273.9562684062878","270.844036697312"
"279.8743522034617","272.853211009106"
"289.2377826024087","274.862385321119"
"288.82025742536285","279.885321100823"
"304.91811123956353","327.100917431267"
"375.54897745780295","409.477064220077"
"427.84947920715587","452.67431192671404"
"442.615900389047","453.678899082611"
"441.95191486003876","394.408256880746"
"407.05992029647","336.142201834778"
"363.2120063139012","333.128440366868"
"361.0444304584341","333.128440366868"
"357.8203193002678","327.100917431267"
"340.7966472320197","327.100917431267"
"350.62971593618994","336.142201834778"
"358.70405034313205","434.59174311925403"
"405.6517691670566","423.54128440373"
"386.34836127099584","371.302752293582"
"338.52111202314677","327.100917431267"
"296.9797368661271","296.9633027522984"
"281.8770596323608","282.899082568733"
"277.34799946317355","291.9403669724849"
"289.0214154535373","287.9220183486341"
"286.81181621634323","285.9128440366868"
"285.4060408210709","287.9220183486341"
"292.8667027470502","296.9633027522984"
"309.3999961857209","323.0825688073286"
"347.625794595567","335.137614678881"
"369.3182173457446","417.51376146791"
"426.79753915219305","444.637614678881"
"435.00709276978864","455.688073394405"
"438.08426827484914","463.724770642238"
"433.9501226598928","441.623853210971"
"417.1900018343724","435.596330275151"
"409.441605413615","408.47247706418"
"391.1027404236845","378.334862385299"
"373.97446508268285","366.279816513659"
"367.18965355113596","364.270642201865"
"372.45847070149114","424.545871559627"
"395.6954116707286","423.54128440373"
"382.5568977658253","383.357798165222"
"345.2604580166768","357.238532110148"
"336.30500403100126","340.160550458804"
"307.86007577130755","311.0275229357762"
"294.49784525714244","312.0321100917389"
"301.1629547817024","299.9770642201865"
"293.0078731753821","295.9587155963357"
"288.86466332496536","299.9770642201865"
"299.6827448940817","311.0275229357762"
"323.38717566178997","323.0825688073286"
"340.5818559031204","354.224770642238"
"375.2447714892643","483.81651376149205"
"455.01269348954827","439.61467889917697"
"435.30405236333945","417.51376146791"
"413.8739052123582","423.54128440373"
"417.71989757136896","409.477064220077"
"399.17604533811726","492.857798165222"
"416.3607386861193","418.518348623807"
"361.09769165079996","368.288990825672"
"333.5366934046508","327.100917431267"
"332.69992548779516","341.165137614701"
"334.0804704397393","326.0963302752386"
"306.6485793340783","313.0366972477016"
"300.33290504734055","316.0504587155897"
"303.4734412721023","319.0642201834778"
"319.9941927935422","319.0642201834778"
"334.0089510246839","386.371559633132"
"413.4712109004644","503.90825688074597"
"454.4825580227738","433.58715596335696"
"434.76738488802215","404.454128440373"
"421.25453901662434","402.44495412836"
"417.5961003140951","434.59174311925403"
"404.65446827371153","431.577981651344"
"389.96734101994406","377.330275229402"
"362.50303860719555","394.408256880746"
"371.04416858112717","329.110091743061"
"343.4194869511292","377.330275229402"
"378.76195101324276","342.169724770598"
"352.5451953011892","331.119266055074"
"343.5165206037995","336.142201834778"
"348.9777821511358","340.160550458804"
"350.3307753801142","328.105504587164"
"333.8808728726947","317.0550458715524"
"327.50543283677126","329.110091743061"
"359.2031758592592","347.192660550521"
"391.92285602164384","394.408256880746"
"428.84286942860433","413.495412844103"
"430.3851311417943","381.348623853209"
"406.6955054701979","358.243119266045"
"389.8948447764426","336.142201834778"
"360.1733318746258","329.110091743061"
"352.111195367624","334.133027522984"
"356.03778562328114","378.334862385299"
"410.36822864515636","508.93119266045005"
"443.7495970125437","499.88990825693895"
"428.7860341805077","386.371559633132"
"385.6047577159926","356.233944954032"
"353.89622642224504","352.215596330225"
"337.7044692101774","323.0825688073286"
"328.5415638543902","329.110091743061"
"329.1393496441625","319.0642201834778"
"309.41286721894","307.0091743119276"
"303.8783696401452","306.0045871559627"
"301.0637034732475","307.0091743119276"
"299.89385069807304","301.9862385321119"
"298.2358134173085","300.9816513761492"
"302.1428004651028","301.9862385321119"
"303.2172025253872","301.9862385321119"
"314.4119244202907","321.0733944954032"
"328.16212365893983","318.0596330275151"
"321.0491782706197","318.0596330275151"
"310.16114454972495","306.0045871559627"
"303.10389186947367","291.9403669724849"
"298.5154407675544","290.9357798165222"
"301.2076115101928","309.0183486238508"
"316.4736241160172","322.0779816513659"
"338.69721520565184","386.371559633132"
"395.7357811525566","438.61009174306105"
"406.81455878816143","393.403669724849"
"377.0045092752177","339.155963302688"
"324.81080074027676","335.137614678881"
"318.863927013408","326.0963302752386"
"306.3947043941115","318.0596330275151"
"319.0814274184619","306.0045871559627"
"314.95279429562567","303.9954128440373"
"312.5731016586117","302.9908256880724"
"312.9859826407371","298.9724770642238"
"317.31824059668395","315.045871559627"
"338.8712661149757","318.0596330275151"
"357.85457020604866","431.577981651344"
"397.071995939318","494.866972477016"
"411.76733894942464","393.403669724849"
"363.3342290563522","335.137614678881"
"320.72021652674016","318.0596330275151"
"339.91010430808603","323.0825688073286"
"346.4714377660363","320.0688073394405"
"343.16665308778266","320.0688073394405"
"343.34937186028714","323.0825688073286"
"355.36940848193484","335.137614678881"
"364.82006181835567","350.206422018431"
"381.69590386051794","497.880733944926"
"459.32039919787354","520.98623853209"
"469.17938255520534","506.922018348656"
"419.10317928823804","399.43119266045"
"363.07365466089703","335.137614678881"
"324.3643809536826","316.0504587155897"
"333.8108343179781","323.0825688073286"
"339.6248942818964","319.0642201834778"
"325.06318020795067","316.0504587155897"
"334.70423693252263","317.0550458715524"
"341.3955526902645","330.114678899177"
"360.64506916472277","340.160550458804"
"379.4041056194716","482.811926605595"
"385.07978614637443","372.307339449479"
"330.3450525654457","327.100917431267"
"323.77776383128804","326.0963302752386"
"327.55708962114295","319.0642201834778"
"313.0966202993592","317.0550458715524"
"301.2449817414137","315.045871559627"
"321.6652619432219","323.0825688073286"
"351.93129681519446","335.137614678881"
"375.0938040487713","449.660550458804"
"452.4077599313788","513.954128440373"
"463.7401631988654","502.903669724849"
"461.0855278758281","508.93119266045005"
"461.35061159045296","447.651376146791"
"446.9056877968528","507.926605504553"
"448.5777739839979","411.48623853209"
"386.4893587777867","379.339449541196"
"366.6146392675297","345.183486238508"
"335.6073470536853","328.105504587164"
"346.0036657631184","332.123853210971"
"354.7983344012464","326.0963302752386"
"347.90449797863863","325.0917431192759"
"349.0940565217893","335.137614678881"
"363.2613348831442","343.174311926714"
"374.25710877945767","368.288990825672"
"408.9967613290403","446.64678899089404"
"446.8972062463057","447.651376146791"
"444.2203593499063","446.64678899089404"
"445.73289117941977","520.98623853209"
"452.65867598542997","519.981651376193"
"442.1742611571917","378.334862385299"
"364.1146463048738","351.211009174328"
"342.51365670712187","326.0963302752386"
"331.8851688403142","335.137614678881"
"342.9300739559738","330.114678899177"
"333.39900043186407","321.0733944954032"
"322.5721259239805","314.0412844036643"
"313.68831030973183","313.0366972477016"
"315.6476172745427","312.0321100917389"
"312.6536640645702","299.9770642201865"
"309.4872815716082","311.0275229357762"
"326.43726787651434","323.0825688073286"
"343.12442959498037","330.114678899177"
"349.0549075285322","332.123853210971"
"352.8549853849669","330.114678899177"
"347.48429144168506","325.0917431192759"
"338.0648138251589","317.0550458715524"
"326.8961016202664","313.0366972477016"
"323.5716103942464","316.0504587155897"
"328.4776532601463","325.0917431192759"
"337.2076576475228","347.192660550521"
"355.5033858629901","342.169724770598"
"346.69685689107257","326.0963302752386"
"321.39598456448965","319.0642201834778"
"313.67756822488633","318.0596330275151"
"308.85419644965424","316.0504587155897"
"296.79649011925267","308.0137614678881"
"286.79274470787254","295.9587155963357"
"284.07800841201026","290.9357798165222"
"283.39704481873036","288.9266055045968"
"286.9094018849078","285.9128440366868"
"285.4713142635842","285.9128440366868"
"287.75824781667615","283.9036697247614"
"288.47388329348985","269.839449541196"
"276.83994686796973","267.830275229402"
"282.7096705133735","272.853211009106"
"284.72558882501727","275.866972477016"
"287.78906496582954","280.889908256939"
"294.83134736432686","285.9128440366868"
"294.88942508827756","286.9174311926714"
"292.01837419797374","274.862385321119"
"284.7327825591039","272.853211009106"
"282.73589655430123","277.876146789029"
"285.4341397710206","273.857798165222"
"306.0987437049187","328.105504587164"
"347.41919353092106","326.0963302752386"
"340.3536907357778","326.0963302752386"
"329.2183284148035","317.0550458715524"
"319.95650157114534","315.045871559627"
"315.29292245607024","312.0321100917389"
"300.1964963275278","307.0091743119276"
"318.3380153288576","306.0045871559627"
"319.09020282198816","297.9678899082611"
"306.5448024784155","297.9678899082611"
"312.55599789396257","297.9678899082611"
"319.1619168285485","307.0091743119276"
"348.3087996234358","318.0596330275151"
"367.6527758665524","408.47247706418"
"419.1839566642906","447.651376146791"
"426.8341783470664","392.399082568733"
"395.8570736683466","364.270642201865"
"376.73687148322244","344.178899082611"
"365.89238472842","345.183486238508"
"361.4815764178607","337.146788990894"
"354.02739387379205","334.133027522984"
"345.4592918078523","347.192660550521"
"349.10325461171396","413.495412844103"
"372.81444854205074","343.174311926714"
"339.75085113561045","325.0917431192759"
"318.89757469731853","317.0550458715524"
"305.009670276971","312.0321100917389"
"291.16909357408343","308.0137614678881"
"283.61205893862484","295.9587155963357"
"284.7752552757852","290.9357798165222"
"283.8906500440291","284.9082568807241"
"278.1640015624709","284.9082568807241"
"279.18515502228496","285.9128440366868"
"286.83184793848244","294.954128440373"
"295.31912033586553","303.9954128440373"
"332.586029545763","315.045871559627"
"368.4220703834418","350.206422018431"
"388.72808824424425","390.389908256939"
"408.0500777663055","348.197247706418"
"385.48883740215206","339.155963302688"
"364.436825326673","331.119266055074"
"350.9049507047254","322.0779816513659"
"339.5848967151193","319.0642201834778"
"334.0820852363963","316.0504587155897"
"326.0535716928084","312.0321100917389"
"313.4084089693791","311.0275229357762"
"319.7752596920409","317.0550458715524"
"311.0213968913676","314.0412844036643"
"282.0416539906815","305.0"
"274.3330262790358","295.9587155963357"
"266.2976268112717","287.9220183486341"
"262.24039110490685","276.871559633132"
"253.73205553493685","252.76146788985199"
"244.35498224975532","248.743119266045"
"238.13520066012867","230.66055045880398"
"223.16526657821657","225.637614678881"
"224.22036288837518","229.655963302688"
"227.13001427479324","239.701834862315"
"241.39247935392123","236.688073394405"
"249.89397601024802","269.839449541196"
"277.6222060748642","299.9770642201865"
"308.085093020427","311.0275229357762"
"307.9850577952906","300.9816513761492"
"292.8392896997093","294.954128440373"
"286.2004956832455","289.9311926605595"
"286.29668540792477","285.9128440366868"
"284.2730286799524","282.899082568733"
"279.00213693298036","281.894495412836"
"280.95400795904794","282.899082568733"
"280.447624676379","285.9128440366868"
"289.77248041329995","314.0412844036643"
"311.69568506341113","317.0550458715524"
"297.28600121400115","312.0321100917389"
"286.49159930301334","297.9678899082611"
"279.1812843895841","287.9220183486341"
"272.8425834460359","283.9036697247614"
"268.90256552746024","276.871559633132"
"285.70584404231244","278.880733944926"
"293.11739317261055","278.880733944926"
"291.3581045469925","279.885321100823"
"294.53138427787957","282.899082568733"
"297.2791089017835","298.9724770642238"
"309.6225680234626","319.0642201834778"
"346.7645599257172","379.339449541196"
"412.2960489136198","478.793577981569"
"453.96232359844976","461.715596330225"
"432.81812945885156","379.339449541196"
"369.85282374042157","364.270642201865"
"359.4248837028258","340.160550458804"
"342.56483148173356","329.110091743061"
"319.0810292615422","316.0504587155897"
"323.9390216700216","326.0963302752386"
"344.9192094933159","374.316513761492"
"359.9898370668227","335.137614678881"
"302.8569645697817","300.9816513761492"
"280.873612242505","287.9220183486341"
"272.2658856775599","282.899082568733"
"271.2300879901411","276.871559633132"
"266.26988966858363","269.839449541196"
"256.1771067304876","263.811926605595"
"255.67609450039737","258.788990825672"
"253.7070646199935","256.779816513659"
"257.7659051529685","260.798165137685"
"266.6374982717059","264.816513761492"
"267.0812714711474","270.844036697312"
"277.07586295883146","289.9311926605595"
"300.40672735738707","322.0779816513659"
"341.0942799762689","344.178899082611"
"348.78642420007156","314.0412844036643"
"317.9731415170024","296.9633027522984"
"290.57571974819587","296.9633027522984"
"283.65423100706965","293.9495412844103"
"282.7165025611519","291.9403669724849"
"277.9853403632967","293.9495412844103"
"278.6114482067474","286.9174311926714"
"277.0131670962816","292.9449541284476"
"290.7656745838749","392.399082568733"
"354.41694914496065","323.0825688073286"
"296.0510837188178","318.0596330275151"
"288.3577710808011","300.9816513761492"
"277.3013255100294","281.894495412836"
"262.96845968872253","276.871559633132"
"257.88223773935215","272.853211009106"
"252.81581034519047","270.844036697312"
"257.70511379339604","263.811926605595"
"253.0420147488559","261.802752293582"
"252.92000126900717","260.798165137685"
"255.91852215185835","261.802752293582"
"257.860812401667","261.802752293582"
"264.4716942985983","260.798165137685"
"264.6634747364492","260.798165137685"
"264.5750724980086","262.807339449479"
"266.14240483750916","264.816513761492"
"269.51241072849854","265.821100917389"
"269.4026177325129","263.811926605595"
"269.09242850798773","260.798165137685"
"274.63599597285463","259.793577981569"
"265.95890930613956","257.784403669775"
"263.19315350283085","257.784403669775"
"259.585264260755","260.798165137685"
"268.1793493135152","266.825688073286"
"276.08979237339247","267.830275229402"
"268.6349598737536","264.816513761492"
"264.37622342395633","261.802752293582"
"251.8810211772231","252.76146788985199"
"246.16356829086644","254.770642201865"
"244.98010146240486","242.715596330225"
"237.45420720191152","231.665137614701"
"230.53459810619526","226.642201834778"
"226.55604096004114","221.619266055074"
"221.7090068893466","223.628440366868"
"223.88723119307747","227.64678899089398"
"230.33887655820058","236.688073394405"
"233.9773720814764","236.688073394405"
"233.00285149671345","234.678899082611"
"234.32174051986502","232.669724770598"
"241.00273159498437","253.766055045968"
"258.7719562191199","260.798165137685"
"265.3991122221052","258.788990825672"
"259.6699269513559","241.711009174328"
"238.1126477897218","222.623853210971"
"231.0992678737446","209.564220183434"
"220.57073673279524","208.559633027537"
"225.14869928999303","207.55504587164"
"236.9156979585639","312.0321100917389"
"297.5545652937617","274.862385321119"
"271.3740207873203","271.848623853209"
"270.5475256002694","267.830275229402"
"267.4110592976285","266.825688073286"
"258.6421803275234","261.802752293582"
"250.31122615304875","256.779816513659"
"268.73663231592525","256.779816513659"
"270.38217088185706","254.770642201865"
"259.58949204552613","256.779816513659"
"262.46266320049995","260.798165137685"
"273.08726587011677","266.825688073286"
"273.25240777907516","273.857798165222"
"284.96927635641885","293.9495412844103"
"322.24791659400813","483.81651376149205"
"437.0354058582129","452.67431192671404"
"402.3883655124838","378.334862385299"
"340.013712052487","319.0642201834778"
"312.9727708873531","293.9495412844103"
"301.7053735040163","283.9036697247614"
"291.09082816014904","279.885321100823"
"282.1060225167759","283.9036697247614"
"283.8495677878295","262.807339449479"
"269.85652942565923","226.642201834778"
"244.3233092899086","326.0963302752386"
"294.0160698337897","278.880733944926"
"260.3300654195316","271.848623853209"
"254.47277338557646","267.830275229402"
"246.4894782114477","262.807339449479"
"248.8976513429969","255.775229357762"
"246.273757190627","241.711009174328"
"239.18311580012096","229.655963302688"
"228.08061575576596","226.642201834778"
"228.4730445917778","226.642201834778"
"224.4895170269931","229.655963302688"
"232.61101572157082","237.692660550521"
"244.67662117636084","238.697247706418"
"247.4185703196203","259.793577981569"
"277.2482042052758","271.848623853209"
"287.15750458575803","276.871559633132"
"283.1963317075056","275.866972477016"
"279.2410238182364","276.871559633132"
"277.56635254913795","275.866972477016"
"275.98342009720756","274.862385321119"
"273.4525979563058","273.857798165222"
"272.2322882050678","273.857798165222"
"269.7161319319324","273.857798165222"
"268.15297398550996","277.876146789029"
"276.4513322784389","328.105504587164"
"303.46518307388084","334.133027522984"
"290.5565202127811","319.0642201834778"
"281.93808678699656","281.894495412836"
"266.2265935902764","275.866972477016"
"260.8766378382887","267.830275229402"
"255.39201493119828","260.798165137685"
"259.1007707057755","242.715596330225"
"239.50678971429815","239.701834862315"
"235.09976989989286","236.688073394405"
"243.70967329452162","240.706422018431"
"252.1185847349301","246.73394495403198"
"254.20478409010767","247.738532110148"
"261.10019824036516","260.798165137685"
"276.8441599105001","269.839449541196"
"287.4875820610032","271.848623853209"
"283.42213061484824","267.830275229402"
"279.256406531403","266.825688073286"
"275.7947174786271","264.816513761492"
"266.76740456927894","262.807339449479"
"266.16214535596833","261.802752293582"
"262.3781180436769","260.798165137685"
"255.03102099755267","257.784403669775"
"253.50672372541862","256.779816513659"
"247.49005064768235","262.807339449479"
"246.71701262363072","262.807339449479"
"244.25212660999958","258.788990825672"
"241.02852054083814","251.756880733955"
"236.64786909798744","242.715596330225"
"227.53991912542097","229.655963302688"
"221.63830690297362","210.56880733955"
"205.34475352200732","107.09633027515099"
"156.8461931718469","93.03211009171699"
"152.7453902972924","107.09633027515099"
"153.81464991826707","152.30275229358202"
"164.3472777306057","153.307339449479"
"165.82225423573604","207.55504587164"
"204.1109451972976","231.665137614701"
"241.81574250604908","247.738532110148"
"252.63951217758236","251.756880733955"
"253.381394177571","251.756880733955"
"256.16358750245536","251.756880733955"
"254.5462125832614","248.743119266045"
"252.52537804487793","245.729357798135"
"246.79873724213206","242.715596330225"
"243.2095144487786","242.715596330225"
