"newPredictions/NEWQuarterTrain_5PTrim_00MATRIX_Price_Consump_windSpeed_timeOfDay_weekdays_monthOfYear00_PREDICT1371508202668.csv","3084.0","38.858322299369945","14.70131339642391","778.0","56.28046578539973","17.960698004104746","893.0","28.70812331670164","13.97854057829486","1413.0","33.40292221992488","12.79835165739466"
"newPredictions/NEWQuarterTrain_5PTrim_00MATRIX_Price_Consump_windSpeed_temperatureRow_timeOfDay_weekdays00_PREDICT1371507595141.csv","2872.0","40.16205417716712","15.08952578465281","748.0","55.816487989361576","17.99087133922952","777.0","30.41477616718502","14.650291710194708","1347.0","35.7305162002497","13.242454047783445"
"newPredictions/NEWQuarterTrain_5PTrim_00MATRIX_Price_Consump_windSpeed_timeOfDay_weekdays00_PREDICT1371508086350.csv","2851.0","41.07200755469435","15.358729495684967","722.0","57.43294289636824","18.771167238353843","821.0","30.431916365205655","14.559853552152054","1308.0","36.78024025257891","13.398039993716152"
"newPredictions/NEWQuarterTrain_5PTrim_00MATRIX_Price_Consump_windSpeed_temperatureRow_timeOfDay_weekdays_seasonOfYear00_PREDICT1371507849803.csv","2859.0","41.009014543414196","15.68171199475898","784.0","57.47879483235582","19.215556993883933","774.0","30.83722351166812","14.691788569056714","1301.0","36.28427399043463","13.773266468622747"
"newPredictions/NEWQuarterTrain_4PTrim_00MATRIX_Price_Consump_windSpeed_temperatureRow_timeOfDay_weekdays00_PREDICT1371506525433.csv","3059.0","40.47453030759228","15.822334681366238","799.0","55.13435771557235","17.810141891012474","815.0","32.04082462129973","15.897053267972128","1445.0","35.80493901632683","14.275440334177066"
"newPredictions/NEWQuarterTrain_5PTrim_00MATRIX_Price_Consump_windSpeed_temperatureRow_timeOfDay_weekdays_monthOfYear00_PREDICT1371507714174.csv","2946.0","41.54949016098669","15.849685206196984","744.0","58.70718406356326","19.922775624288665","837.0","30.497714296088937","14.348649037743419","1365.0","36.96884110179216","13.920134595445454"
"newPredictions/NEWQuarterTrain_4PTrim_00MATRIX_Price_Consump_windSpeed_temperatureRow_timeOfDay_weekdays_seasonOfYear00_PREDICT1371506785245.csv","3192.0","40.423736476893964","16.101159363067165","826.0","57.68563706457492","19.080999629473194","904.0","30.38339272156263","15.112072119835313","1462.0","35.00756885263169","14.608094595686538"
"newPredictions/NEWQuarterTrain_4PTrim_00MATRIX_Price_Consump_windSpeed_timeOfDay_weekdays00_PREDICT1371507028568.csv","3006.0","41.74439648079507","16.3202736715646","750.0","60.102596742243485","19.91128101563876","856.0","30.662920465028492","15.428909878407987","1400.0","36.286853296533714","14.295541008376317"
"newPredictions/NEWQuarterTrain_5PTrim_00MATRIX_Price_Consump_windSpeed_timeOfDay_seasonOfYear00_PREDICT1371507974878.csv","2841.0","43.766051473773864","16.577999762240697","735.0","61.611120883641256","20.578336473859896","815.0","32.86794769870997","15.02020577653175","1291.0","38.55444997454772","14.745608470638006"
"newPredictions/NEWQuarterTrain_4PTrim_00MATRIX_Price_Consump_windSpeed_timeOfDay_weekdays_monthOfYear00_PREDICT1371507147219.csv","3099.0","41.46170643708966","16.65075617066329","795.0","58.44025704944735","20.05856239410157","818.0","32.635938792123916","16.246308055161943","1486.0","35.34711921154535","14.398237589710675"
"newPredictions/NEWQuarterTrain_5PTrim_00Price_Consump_windSpeed_temperatureRow_timeOfDay_weekdays00_PREDICT1371508336062.csv","2650.0","44.36794329563368","16.755602452950328","714.0","58.81711872442458","19.365918719244814","761.0","34.40379138505942","15.607646824560334","1175.0","41.003286477050835","15.658542053697591"
"newPredictions/NEWQuarterTrain_4PTrim_00MATRIX_Price_Consump_windSpeed_temperatureRow_timeOfDay_weekdays_monthOfYear00_PREDICT1371506646667.csv","3181.0","41.64082701066423","16.7716594246671","825.0","59.621183186577305","21.074549711731198","887.0","31.683872590114436","15.63104961220921","1469.0","35.62327569414199","14.3999490687124"
"newPredictions/NEWQuarterTrain_4PTrim_00Price_Consump_windSpeed_temperatureRow_timeOfDay_weekdays00_PREDICT1371507283823.csv","2877.0","43.44784682699951","17.22034320735472","773.0","57.81335704817615","18.680260668205865","834.0","32.964391775756866","16.475203909075525","1270.0","40.53630544954916","16.684259585425547"
"newPredictions/NEWQuarterTrain_4PTrim_00MATRIX_Price_Consump_windSpeed_timeOfDay_seasonOfYear00_PREDICT1371506912680.csv","3018.0","43.56251962828909","17.344847297840904","770.0","61.837789167400274","20.872690502940756","922.0","30.670766507742734","15.790061727851096","1326.0","39.52488231436565","15.86505407150844"
"newPredictions/NEWQuarterTrain_3PTrim_00MATRIX_Price_Consump_windSpeed_temperatureRow_timeOfDay_weekdays00_PREDICT1371505443036.csv","3208.0","41.408527838272704","17.450153586817027","902.0","54.72121463575126","18.566575957936383","807.0","35.031412399814705","19.257856109673643","1499.0","36.20623117539246","15.25679929914325"
"newPredictions/NEWQuarterTrain_5PTrim_00Price_Consump_windSpeed_temperatureRow_timeOfDay_weekdays_monthOfYear00_PREDICT1371508411568.csv","2708.0","45.251126330160545","17.736376103860188","704.0","62.54825409663144","21.82823963471839","746.0","35.009688820984316","15.99222697160409","1258.0","39.95795980882745","15.975124857962006"
"newPredictions/NEWQuarterTrain_4PTrim_00Price_Consump_windSpeed_temperatureRow_timeOfDay_weekdays_monthOfYear00_PREDICT1371507362298.csv","2884.0","43.865092390429986","17.77866944115151","732.0","60.345378153962876","20.42617452157484","834.0","33.54433336535627","17.035017545885545","1318.0","39.24544733658544","16.35077955228339"
"newPredictions/NEWQuarterTrain_3PTrim_00MATRIX_Price_Consump_windSpeed_timeOfDay_weekdays00_PREDICT1371505951647.csv","3073.0","43.91033595598526","18.212304731897746","835.0","60.135521097349994","20.095954534758377","816.0","35.21912198342988","19.547951073474657","1422.0","38.25918610244717","15.797545698779587"
"newPredictions/NEWQuarterTrain_5PTrim_00Price_Consump_windSpeed_timeOfDay_weekdays_seasonOfYear00_PREDICT1371508561573.csv","2520.0","47.78113556948972","18.26841117352197","654.0","67.41473913148572","23.006466636936832","755.0","35.778769619997746","16.36808524963786","1111.0","42.05619442640583","16.13955142380258"
"newPredictions/NEWQuarterTrain_3PTrim_00MATRIX_Price_Consump_windSpeed_temperatureRow_timeOfDay_weekdays_seasonOfYear00_PREDICT1371505707151.csv","3180.0","43.23175274515208","18.404967024682755","841.0","61.385573620859795","21.15764243853384","834.0","34.45868468586079","19.114061916049437","1505.0","36.19535205861327","15.808330760091643"
"newPredictions/NEWQuarterTrain_5PTrim_00Price_Consump_windSpeed_timeOfDay00_PREDICT1371508489968.csv","2373.0","50.479725235666585","18.700749374735068","593.0","68.71988793001192","23.44866311214806","739.0","37.62612490015009","16.746524421213067","1041.0","46.438735551724115","16.60492892306107"
"newPredictions/NEWQuarterTrain_2PTrim_00MATRIX_Price_Consump_windSpeed_temperatureRow_timeOfDay_weekdays00_PREDICT1371503811353.csv","3379.0","41.66510677500313","18.83300858648453","904.0","55.06414066422671","18.076834932521717","808.0","37.918710967959115","23.6122539522126","1667.0","34.43136407640541","15.818095422523298"
"newPredictions/NEWQuarterTrain_3PTrim_00MATRIX_Price_Consump_windSpeed_timeOfDay_weekdays_monthOfYear00_PREDICT1371506072061.csv","3138.0","44.623999045622924","18.851172898927004","877.0","60.87951529447884","21.9780990361775","774.0","39.42810251872855","20.06825389348165","1487.0","36.32829854829437","15.592780383662147"
"newPredictions/NEWQuarterTrain_4PTrim_00Price_Consump_windSpeed_timeOfDay_weekdays_seasonOfYear00_PREDICT1371507517007.csv","2664.0","47.93162884527682","19.15407893577973","670.0","68.19897043577457","23.1745661905012","834.0","33.817147832218424","16.943967029875353","1160.0","43.31698341219732","17.796297424166877"
"newPredictions/NEWQuarterTrain_3PTrim_00MATRIX_Price_Consump_windSpeed_temperatureRow_timeOfDay_weekdays_monthOfYear00_PREDICT1371505566518.csv","3091.0","45.12956066857391","19.22467955210239","881.0","60.531956449718","22.463517191174073","729.0","40.45225607528537","20.790206633566346","1481.0","37.08478638720152","15.620977815201426"
"newPredictions/NEWQuarterTrain_3PTrim_00MATRIX_Price_Consump_windSpeed_timeOfDay_seasonOfYear00_PREDICT1371505836107.csv","3046.0","45.77429127993097","19.29474475237855","816.0","64.80416176850109","23.629608723341295","855.0","35.09661530916807","19.035862436410536","1375.0","39.509400989211606","16.23739523291031"
"newPredictions/NEWQuarterTrain_2PTrim_00MATRIX_Price_Consump_windSpeed_temperatureRow_timeOfDay_weekdays00_PREDICT1371504345258.csv","3291.0","43.19405666560805","19.56107840494647","919.0","56.509200872052546","18.989422562220724","754.0","40.061452492439386","24.393474826327978","1618.0","35.563202386001976","16.368054820195283"
"newPredictions/NEWQuarterTrain_2PTrim_00MATRIX_Price_Consump_windSpeed_timeOfDay_weekdays00_PREDICT1371504863801.csv","3218.0","43.957226150302745","19.64732248655205","847.0","61.410098214135054","20.761398387236277","830.0","37.672941943780444","23.790231570870777","1541.0","35.5874219394083","15.707707592867127"
"newPredictions/NEWQuarterTrain_3PTrim_00Price_Consump_windSpeed_temperatureRow_timeOfDay_weekdays00_PREDICT1371506209832.csv","2764.0","47.51031320975866","19.82578827675607","749.0","59.771453449636574","19.71714682866728","731.0","40.43770104855642","21.609157916322065","1284.0","43.61845471509464","18.569592870385957"
"newPredictions/NEWQuarterTrain_3PTrim_00Price_Consump_windSpeed_temperatureRow_timeOfDay_weekdays_monthOfYear00_PREDICT1371506289142.csv","3012.0","46.236809131471","19.93012700003035","786.0","63.13115582150159","22.574553051041214","844.0","36.13648882199824","19.817788678234464","1382.0","41.14068381785437","18.0308355268508"
"newPredictions/NEWQuarterTrain_2PTrim_00MATRIX_Price_Consump_windSpeed_temperatureRow_timeOfDay_weekdays_seasonOfYear00_PREDICT1371504615460.csv","3297.0","44.05018855256009","19.930846042278073","899.0","58.92192754802115","20.15272859752856","834.0","38.535128562234405","23.50966842915894","1564.0","37.03823929472161","17.08257581909164"
"newPredictions/NEWQuarterTrain_2PTrim_00MATRIX_Price_Consump_windSpeed_timeOfDay_seasonOfYear00_PREDICT1371504746085.csv","3221.0","45.70915515604918","20.525358722641162","825.0","62.92408338415819","21.769584827831892","892.0","39.063619252139254","24.11419465675013","1504.0","37.78839153652224","16.90343413155967"
"newPredictions/NEWQuarterTrain_2PTrim_00MATRIX_Price_Consump_windSpeed_temperatureRow_timeOfDay_weekdays_monthOfYear00_PREDICT1371504473207.csv","3225.0","46.76389174284793","20.587496092709596","899.0","63.040917406928294","23.302078175899375","665.0","46.56320929155117","25.25496304002765","1661.0","34.71618733856546","15.055345936400471"
"newPredictions/NEWQuarterTrain_4PTrim_00Price_Consump_windSpeed_timeOfDay00_PREDICT1371507442653.csv","2488.0","53.06026521353679","20.59506795942544","571.0","75.48127246085731","26.571331329473256","779.0","39.22007319924021","18.256797506521618","1138.0","46.62465378876852","17.86657327156726"
"newPredictions/NEWQuarterTrain_2PTrim_00MATRIX_Price_Consump_windSpeed_temperatureRow_timeOfDay_weekdays_monthOfYear00_PREDICT1371503937338.csv","3232.0","46.50606887807459","20.59675937011679","868.0","63.03467043087055","22.19599656687346","719.0","45.7515472728534","25.437862340419848","1645.0","34.684882309553","15.770331272085839"
"newPredictions/NEWQuarterTrain_2PTrim_00MATRIX_Price_Consump_windSpeed_timeOfDay_weekdays_monthOfYear00_PREDICT1371504985705.csv","3151.0","47.748812460301494","21.070738044398237","897.0","63.874486021884145","22.787177324386683","663.0","48.538910278520696","26.6508464998791","1591.0","35.07203574205914","15.602663052146609"
"newPredictions/NEWQuarterTrain_3PTrim_00Price_Consump_windSpeed_timeOfDay_weekdays_seasonOfYear00_PREDICT1371506446067.csv","2626.0","51.05004182521726","21.24878185249776","692.0","69.2753663050334","24.104193188116405","729.0","42.042932321621976","22.077330583018348","1205.0","44.13555900526367","18.485483464206627"
"newPredictions/NEWQuarterTrain_2PTrim_00Price_Consump_windSpeed_temperatureRow_timeOfDay_weekdays00_PREDICT1371505125556.csv","3012.0","47.11838958693909","21.258867548615203","758.0","62.63235609513892","20.34803499120523","841.0","39.83442600486646","24.87605163129228","1413.0","40.95077788644233","19.230712093177218"
"newPredictions/NEWQuarterTrain_1PTrim_MATRIX_Price_Consump_windSpeed_temperatureRow_timeOfDay_weekdays__PREDICT1371499115664.csv","3362.0","44.27387947633396","21.650241336063605","983.0","54.53081421601332","17.72727146717573","732.0","42.56452773187631","29.73813037309042","1647.0","37.863192229917544","18.526551959959537"
"newPredictions/NEWQuarterTrain_3PTrim_00Price_Consump_windSpeed_timeOfDay00_PREDICT1371506370700.csv","2479.0","54.22754638745352","22.076138653458838","598.0","73.99823455178323","25.488315331412696","759.0","41.93145585756989","21.251756946679894","1122.0","48.620931976446194","20.135061783814617"
"newPredictions/NEWQuarterTrain_1PTrim_MATRIX_Price_Consump_windSpeed_timeOfDay_weekdays__PREDICT1371499635109.csv","3347.0","45.96966827235356","22.384097795367804","938.0","60.06816468296851","20.460791771591982","760.0","42.62994413156282","29.496195576371996","1649.0","37.90058906998541","18.492503977446553"
"newPredictions/NEWQuarterTrain_1PTrim_MATRIX_Price_Consump_windSpeed_temperatureRow_timeOfDay_weekdays_monthOfYear_PREDICT1371499244216.csv","3256.0","47.94277342922768","22.47150986717734","931.0","63.086121434274965","23.129916113308465","651.0","49.67822635825307","29.85381852149624","1674.0","35.283672728673785","16.44097369183978"
"newPredictions/NEWQuarterTrain_1PTrim_MATRIX_Price_Consump_windSpeed_timeOfDay_seasonOfYear_PREDICT1371499517663.csv","3361.0","47.14540145903053","22.846997172507372","931.0","63.22200253138848","22.467539511391166","781.0","42.61069500814354","29.838560462569163","1649.0","38.48898049292702","17.887917950798084"
"newPredictions/NEWQuarterTrain_1PTrim_MATRIX_Price_Consump_windSpeed_timeOfDay_weekdays_monthOfYear_PREDICT1371499756850.csv","3285.0","49.78329784947755","22.946130140423598","909.0","65.2917786201943","22.925023851153973","702.0","49.0545121599601","27.314118277301247","1674.0","38.698526538578136","19.68596875471769"
"newPredictions/NEWQuarterTrain_2PTrim_00Price_Consump_windSpeed_temperatureRow_timeOfDay_weekdays_monthOfYear00_PREDICT1371505205646.csv","2955.0","49.81962181559342","22.963103601581736","777.0","68.12868881757733","25.01411485933466","786.0","40.85023619980266","24.765152182407146","1392.0","42.820410671508995","20.0755983167796"
"newPredictions/NEWQuarterTrain_1PTrim_MATRIX_Price_Consump_windSpeed_temperatureRow_timeOfDay_weekdays_seasonOfYear_PREDICT1371499386811.csv","3304.0","46.71184015592636","23.230088411229513","926.0","60.94339291696704","21.854404189183665","751.0","42.571160096628475","29.27673061079225","1627.0","39.14368562961888","19.726869928091702"
"newPredictions/NEWQuarterTrain_2PTrim_00Price_Consump_windSpeed_timeOfDay_weekdays_seasonOfYear00_PREDICT1371505363549.csv","2776.0","52.468974391805055","23.6586876984635","708.0","73.76047228089247","26.201580928164166","749.0","42.56959390564293","26.50909287490547","1319.0","43.931655849102995","19.61691874010796"
"newPredictions/NEWQuarterTrain_2PTrim_00Price_Consump_windSpeed_timeOfDay00_PREDICT1371505287811.csv","2676.0","53.60865090129173","23.675088748445667","625.0","76.10280954890918","26.291607883055494","805.0","42.360647245330284","25.797865358645065","1246.0","45.180717432163355","20.123433159721298"
"newPredictions/NEWQuarterTrain_1PTrim_Price_Consump_windSpeed_temperatureRow_timeOfDay_weekdays__PREDICT1371499896012.csv","2960.0","50.05623856843179","23.909077436127628","784.0","65.37958900604889","22.533221090105396","714.0","45.17525570187158","31.22471716653072","1462.0","42.22446289013892","19.454239897841745"
"newPredictions/NEWQuarterTrain_1PTrim_Price_Consump_windSpeed_temperatureRow_timeOfDay_weekdays_monthOfYear_PREDICT1371499977306.csv","3061.0","51.07897769334992","25.011950737494516","803.0","68.11379862168539","24.485298490589923","675.0","47.18578981930841","29.88729070231991","1583.0","41.22275290263003","21.75043494905389"
"newPredictions/NEWQuarterTrain_1PTrim_Price_Consump_windSpeed_timeOfDay_weekdays_seasonOfYear_PREDICT1371500134120.csv","2726.0","53.96614734047229","25.136104098222017","693.0","72.89479927125625","25.515019325988014","688.0","47.741270147781194","31.836162110702816","1345.0","44.438316286901966","19.826874168037033"
"newPredictions/NEWQuarterTrain_1PTrim_Price_Consump_windSpeed_timeOfDay_PREDICT1371500058719.csv","2746.0","54.84363323698644","25.29764403867073","654.0","73.5895410574326","25.939906426531056","719.0","48.11199499356433","32.71111356254324","1373.0","45.83293105421819","19.255845104871053"
"newPredictions/NEWQuarterTrain_MATRIX_Price_Consump_windSpeed_timeOfDay_weekdays_monthOfYear_PREDICT1371470595375.csv","3003.0","60.13636582872365","27.90032247189066","873.0","98.61045397685518","30.610717287443006","560.0","50.738678607239244","41.497245571303814","1570.0","38.32906513373817","15.669834035666872"
"newPredictions/NEWQuarterTrain_MATRIX_Price_Consump_windSpeed_temperatureRow_timeOfDay_weekdays_seasonOfYear_PREDICT1371469803190.csv","3025.0","57.11704381282704","28.866610884377746","893.0","92.4718362958048","31.291323124928898","574.0","47.40076776160077","42.74697871226819","1558.0","37.88815648901257","16.637800833046725"
"newPredictions/NEWQuarterTrain_MATRIX_Price_Consump_windSpeed_temperatureRow_timeOfDay_weekdays_monthOfYear_PREDICT1371469664566.csv","3016.0","66.54617658481159","31.764114027818813","933.0","121.85291959055326","44.05739282471181","540.0","50.427476851276495","40.248994531704","1543.0","37.15514413065661","16.18049455223555"
"newPredictions/NEWQuarterTrain_MATRIX_Price_Consump_windSpeed_temperatureRow_timeOfDay_weekdays__PREDICT1371469544317.csv","2912.0","65.94760488566072","32.434685840104535","812.0","115.87222447426461","38.63076960633699","586.0","49.81315514154519","45.11493295462982","1514.0","40.60497750229428","18.277437679536327"
"newPredictions/NEWQuarterTrain_MATRIX_Price_Consump_windSpeed_temperatureRow_timeOfDay_seasonOfYear_PREDICT1371469434636.csv","3116.0","69.46456573162989","32.649703481633544","817.0","135.51051928820527","42.74517911897687","702.0","44.67303628475105","43.461129764311764","1597.0","38.52374764935763","16.96952704161723"
"newPredictions/NEWQuarterTrain_MATRIX_Price_Consump_windSpeed_timeOfDay_seasonOfYear_PREDICT1371470382197.csv","3017.0","68.35170628833353","33.13240829246551","830.0","126.09277614407003","41.759856122939155","699.0","45.502525842322214","41.567611349946446","1488.0","42.18278923103954","20.335420126499766"
"newPredictions/NEWQuarterTrain_MATRIX_Price_Consump_windSpeed_timeOfDay_monthOfYear_PREDICT1371470265754.csv","2923.0","71.81221459039902","33.56569005362333","794.0","138.89355847251542","48.79463919585925","582.0","48.72223702795161","41.026478502851816","1547.0","38.81868985064711","16.548386860025076"
"newPredictions/NEWQuarterTrain_Price_Consump_windSpeed_temperatureRow_timeOfDay_PREDICT1371471817228.csv","2774.0","69.62135682833822","33.91973188687326","725.0","120.43910755180721","38.618104734776246","645.0","53.27584199059583","49.78887236432854","1404.0","43.76717991404325","18.49409689285464"
"newPredictions/NEWQuarterTrain_Price_Consump_windSpeed_timeOfDay_weekdays_seasonOfYear_PREDICT1371474938516.csv","2726.0","68.21240066784475","33.924973759921414","649.0","119.52033790550188","39.161641679463784","651.0","50.24901892187974","49.41179972534243","1426.0","43.20398404907552","18.38235334619863"
"newPredictions/NEWQuarterTrain_Price_Consump_windSpeed_timeOfDay_PREDICT1371467338442.csv","2682.0","69.0876112306378","33.943578356701956","648.0","117.35252948892882","37.38531101585721","722.0","50.09468952925411","46.20041097574632","1312.0","47.13361381295672","22.169654398052554"
"newPredictions/NEWQuarterTrain_Price_Consump_windSpeed_temperatureRow_timeOfDay_weekdays_monthOfYear_PREDICT1371478978551.csv","2690.0","68.43356684303338","34.25957187958441","660.0","118.0294816584242","39.8249568283098","628.0","51.825413930985356","47.30359261362348","1402.0","43.69274541552661","20.302517617511022"
"newPredictions/NEWQuarterTrain_Price_Consump_windSpeed_temperatureRow_timeOfDay_monthOfYear_PREDICT1371468316954.csv","2765.0","69.81501854248629","35.32955994306112","702.0","118.85120707397631","43.10941601452819","626.0","53.91309051778099","42.47485068119457","1437.0","44.964323162398095","24.135699835860812"
"newPredictions/NEWQuarterTrain_Price_Consump_windSpeed_timeOfDay_weekdays_monthOfYear_PREDICT1371478677664.csv","2736.0","70.58256855839568","35.33426798640562","630.0","125.7976579102771","46.36809193758535","661.0","52.11994197793561","46.20278397660622","1445.0","43.018221479830174","18.907513030370364"
"newPredictions/NEWQuarterTrain_Price_Consump_windSpeed_timeOfDay_weekdays__PREDICT1371476807615.csv","2642.0","71.48787410914565","35.338823881092424","642.0","124.0641586654168","39.28127918029704","684.0","51.62254204024883","50.04163215778864","1316.0","46.95465974361536","21.354876199166377"
"newPredictions/NEWQuarterTrain_MATRIX_Price_Consump_windSpeed_temperatureRow_timeOfDay_PREDICT1371469212560.csv","2979.0","73.70059245322814","35.33964887013534","830.0","142.19843875397413","48.21171884214899","639.0","48.53158018661776","44.20720912054516","1510.0","41.20396692762568","19.03492620331809"
"newPredictions/NEWQuarterTrain_MATRIX_Price_Consump_windSpeed_timeOfDay_weekdays__PREDICT1371470486462.csv","2851.0","68.33787219333475","35.3672667034788","816.0","123.09374905183007","48.58885891878909","613.0","48.0498841158869","43.346281883268844","1422.0","42.486955607548516","19.466811157153323"
"newPredictions/NEWQuarterTrain_Price_Consump_windSpeed_timeOfDay_seasonOfYear_PREDICT1371469422589.csv","2643.0","69.75153843897961","35.4343074783121","676.0","117.88586380906655","39.62060390079513","664.0","52.83249942310603","50.104173969136845","1303.0","46.34007367332006","21.292185293331247"
"newPredictions/NEWQuarterTrain_Price_Consump_windSpeed_timeOfDay_monthOfYear_PREDICT1371477621690.csv","2735.0","69.33628572580622","35.51435686188641","665.0","122.7300957490567","47.96848527699702","674.0","50.42563331756306","45.74816428172375","1396.0","43.47391751455129","18.49840498567543"
"newPredictions/NEWQuarterTrain_MATRIX_Price_Consump_temperatureRow_timeOfDay_weekdays__PREDICT1371467233176.csv","2603.0","71.39302569165514","35.68233751892927","821.0","110.7192567975318","38.448444852703375","469.0","59.41646056212019","44.636221934940295","1313.0","50.88077620939885","26.892343706590367"
"newPredictions/NEWQuarterTrain_Price_Consump_windSpeed_temperatureRow_weekdays_PREDICT1371469167158.csv","2735.0","69.13520522258864","35.79060967506501","715.0","111.94146490423505","38.08234584910827","646.0","56.1692252286383","49.97538120216278","1374.0","46.75499545681665","23.433228899209283"
"newPredictions/NEWQuarterTrain_MATRIX_Price_Consump_windSpeed_timeOfDay_PREDICT1371470167335.csv","2805.0","75.7723078401601","35.81932009629728","701.0","145.3304855110024","47.19424460120885","667.0","47.31841230892699","43.99116263017937","1437.0","44.94409623545251","21.159244817202005"
"newPredictions/NEWQuarterTrain_Price_Consump_windSpeed_temperatureRow_timeOfDay_weekdays_seasonOfYear_PREDICT1371478122555.csv","2704.0","70.74697817213787","35.83611747196054","713.0","120.86429906336814","40.86501982262434","592.0","54.6450242270551","45.48710370720746","1399.0","45.23545296252748","24.82620103252733"
"newPredictions/NEWQuarterTrain_Price_Consump_windSpeed_temperatureRow_timeOfDay_weekdays__PREDICT1371473390207.csv","2743.0","67.8767873280382","36.01319726279238","740.0","116.52075218943894","46.65958229087471","639.0","50.500231735458385","46.63948244135672","1364.0","44.42623037642312","20.05869460780751"
"newPredictions/NEWQuarterTrain_MATRIX_Price_Consump_windSpeed__PREDICT1371468777382.csv","2464.0","69.89500064110878","36.41330309558229","626.0","102.07603908034032","36.072431634814365","615.0","60.91910980883168","53.50889140891506","1223.0","52.49113993589284","23.847265456158738"
"newPredictions/NEWQuarterTrain_Price_Consump_windSpeed_temperatureRow_weekdays_monthOfYear_PREDICT1371471526838.csv","2654.0","69.70282028015909","36.491778076841626","696.0","114.89087097776935","46.45935480225497","585.0","55.341863962274516","46.36386706130684","1373.0","46.58249949536505","21.61202879443285"
"newPredictions/NEWQuarterTrain_MATRIX_Price_Consump_windSpeed_temperatureRow_weekdays_monthOfYear_PREDICT1371469998653.csv","2585.0","74.19337819808761","36.59042884032201","668.0","132.82078045818625","51.601953684909475","554.0","55.94412200331604","45.98484421468326","1363.0","43.909768649092435","18.28597367611046"
"newPredictions/NEWQuarterTrain_MATRIX_Price_Consump_windSpeed_temperatureRow_weekdays_PREDICT1371469924241.csv","2740.0","69.49627825078775","36.89179700287074","741.0","109.34884065335356","38.16154233140541","668.0","54.857089131519814","48.183822067411405","1331.0","50.58624828831383","27.470469208064213"
"newPredictions/NEWQuarterTrain_Price_Consump_windSpeed_temperatureRow__PREDICT1371473674021.csv","2820.0","71.31232611453963","37.05091112917023","773.0","118.70075860785603","39.797974357755905","672.0","54.113224990048735","49.30363614831048","1375.0","48.67032758792107","25.801069943375815"
"newPredictions/NEWQuarterTrain_Price_Consump_windSpeed_temperatureRow_timeOfDay_seasonOfYear_PREDICT1371471269144.csv","2867.0","78.6908505026299","37.18351076272674","686.0","153.7818496038094","49.599767872557955","678.0","52.238374970855624","49.97134425163499","1503.0","42.21195782557581","18.280442813672373"
"newPredictions/NEWQuarterTrain_MATRIX_Price_Consump_windSpeed_timeOfDay_weekdays_seasonOfYear_PREDICT1371470720978.csv","2879.0","71.88908599722613","37.63195800207956","759.0","138.37094443109163","56.242611677327716","659.0","45.041912090293664","42.19267122329218","1461.0","42.16307260202712","20.253432829733995"
"newPredictions/NEWQuarterTrain_MATRIX_Price_Consump_timeOfDay_weekdays_monthOfYear_PREDICT1371468274581.csv","2392.0","79.70791261409866","37.751298607882674","697.0","142.17099511435697","54.11605782884169","454.0","60.15923266250282","42.08706945940664","1241.0","47.52211070260102","22.225901053520328"
"newPredictions/NEWQuarterTrain_MATRIX_Price_Consump_temperatureRow_timeOfDay_weekdays_seasonOfYear_PREDICT1371467468753.csv","2592.0","78.56567955967402","37.76633013811549","784.0","142.45597664997223","50.58560515189839","476.0","58.403154343070646","44.273073136316434","1332.0","45.76985065440244","23.271816629127162"
"newPredictions/NEWQuarterTrain_MATRIX_Price_Consump_temperatureRow_timeOfDay_weekdays_monthOfYear_PREDICT1371467341426.csv","2463.0","84.5015018886898","38.21232047004514","681.0","158.47402281427043","59.04534937349379","472.0","61.98895845584593","42.13645718077112","1310.0","45.90651876913622","19.644446259414362"
"newPredictions/NEWQuarterTrain_MATRIX_Price_Consump_windSpeed_temperatureRow_monthOfYear_PREDICT1371469060043.csv","2708.0","76.18379277629991","38.39811091143556","640.0","139.2787183673421","54.40754849655537","644.0","55.81273519415156","47.88881920262471","1424.0","44.14089176962915","19.27300150420411"
"newPredictions/NEWQuarterTrain_MATRIX_Price_Consump_windSpeed_seasonOfYear_PREDICT1371468925911.csv","2527.0","75.51773588225288","38.459802152977765","638.0","123.13402502300333","42.1849530068996","707.0","58.93277554992489","52.733171949812366","1182.0","52.24423927593517","24.96091166491029"
"newPredictions/NEWQuarterTrain_Price_Consump_windSpeed_weekdays_PREDICT1371471019164.csv","2436.0","75.62662468849388","38.513854763380664","610.0","120.04581583832838","38.037508240786735","681.0","60.597565437786635","45.28389389996548","1145.0","53.58402576414869","33.79358530288779"
"newPredictions/NEWQuarterTrain_MATRIX_Price_Consump_windSpeed_temperatureRow__PREDICT1371468994411.csv","2868.0","71.5801680704224","38.94244128704612","770.0","118.42903269326806","46.71559828218304","719.0","55.658141424555026","49.55777055348541","1379.0","48.38503958768866","25.151076590864097"
"newPredictions/NEWQuarterTrain_MATRIX_Price_Consump_windSpeed_temperatureRow_weekdays_seasonOfYear_PREDICT1371470088413.csv","2636.0","75.30848626576407","39.003403356836756","646.0","130.5389829251637","48.14680752591903","669.0","54.53158111063518","49.1010630145359","1321.0","49.46829263756066","24.57260548675045"
"newPredictions/NEWQuarterTrain_MATRIX_Price_Consump_windSpeed_temperatureRow_timeOfDay_monthOfYear_PREDICT1371469314462.csv","3072.0","77.69775524933829","39.309538369654575","834.0","161.77738822734918","70.25682185420291","596.0","48.45503827180517","41.45868745107265","1642.0","36.57006824898079","14.487213945180017"
"newPredictions/NEWQuarterTrain_MATRIX_Price_Consump_timeOfDay_weekdays_seasonOfYear_PREDICT1371468405034.csv","2377.0","81.57608077781575","39.330269791411425","699.0","146.4891495637251","53.98149666031746","479.0","57.46599728534443","43.79763565908932","1199.0","50.97384180773725","24.9913252389737"
"newPredictions/NEWQuarterTrain_MATRIX_Price_Consump_temperatureRow_timeOfDay_seasonOfYear_PREDICT1371467129414.csv","2542.0","85.50948001433116","39.62664519865888","703.0","163.7217076233999","58.30438647917483","535.0","55.27633267553723","43.717512339879306","1304.0","49.525169811625254","22.55018888235695"
"newPredictions/NEWQuarterTrain_MATRIX_Price_Consump_windSpeed_temperatureRow_seasonOfYear_PREDICT1371469141676.csv","2645.0","82.03468323967085","40.22708864839221","611.0","153.0823932711365","51.3889299080962","674.0","56.03510462952387","50.75444021624567","1360.0","48.24858467368258","23.960194027724125"
"newPredictions/NEWQuarterTrain_MATRIX_Price_Consump_timeOfDay_seasonOfYear_PREDICT1371468053068.csv","2566.0","86.99996053743789","40.37036997139819","730.0","167.4030338758789","60.823014948591656","536.0","55.01607571767178","44.07396170446338","1300.0","50.685569148432556","22.25319243870401"
"newPredictions/NEWQuarterTrain_Price_Consump_windSpeed_temperatureRow_weekdays_seasonOfYear_PREDICT1371472620167.csv","2658.0","81.34058712056255","41.051885006911846","667.0","151.86821851133766","54.983866777269974","629.0","55.794614724910915","51.412163455473426","1362.0","47.60434287421986","22.8326898427221"
"newPredictions/NEWQuarterTrain_Price_Consump_temperatureRow_timeOfDay_weekdays__PREDICT1371472369037.csv","2411.0","79.01185714546553","41.06500715590264","668.0","123.653436219531","46.14134446422797","527.0","65.37800568342509","42.067550196380395","1216.0","55.756061436447375","36.50584689429988"
"newPredictions/NEWQuarterTrain_MATRIX_Price_Consump_windSpeed_weekdays_PREDICT1371470836083.csv","2435.0","82.32191280087302","41.200463146870625","578.0","143.48574621969937","47.69580945632532","699.0","57.88900169476537","45.39451878870394","1158.0","54.77372106633379","33.18341168340464"
"newPredictions/NEWQuarterTrain_Price_Consump_windSpeed__PREDICT1371470246201.csv","2483.0","76.3249264275067","41.23725668678412","612.0","127.61895574529947","56.13398217525998","665.0","59.06497431943434","48.619329040754295","1206.0","50.79936852021644","24.528158304949418"
"newPredictions/NEWQuarterTrain_MATRIX_Price_Consump_windSpeed_weekdays_seasonOfYear_PREDICT1371470994160.csv","2367.0","80.2029540461319","41.25766074123211","577.0","139.078682900731","51.7097239570922","649.0","58.25538291654602","52.44496210508386","1141.0","52.50683575237264","25.028137306448244"
"newPredictions/NEWQuarterTrain_Price_Consump_windSpeed_seasonOfYear_PREDICT1371474455021.csv","2519.0","85.66430538944431","41.294780454896","650.0","162.16959308227692","54.0628622005967","635.0","56.98988691956937","53.48910669085932","1234.0","49.791153472226675","22.572974468648273"
"newPredictions/NEWQuarterTrain_MATRIX_Price_Consump_timeOfDay_PREDICT1371467839542.csv","2473.0","91.22668782261043","42.01588492825151","802.0","173.38845779195734","57.27612240662885","493.0","57.342457629900736","45.8470653947687","1178.0","55.018532990132165","27.69732146958073"
"newPredictions/NEWQuarterTrain_Price_Consump_windSpeed_weekdays_seasonOfYear_PREDICT1371470768069.csv","2474.0","85.56824830954163","42.14986180015987","633.0","159.43687463332722","57.594411366561395","627.0","59.904995624174454","53.00569744045558","1214.0","49.41421808072832","22.424572895136787"
"newPredictions/NEWQuarterTrain_Price_Consump_timeOfDay_PREDICT1371467582375.csv","2220.0","83.34664030487458","42.35088813352686","627.0","132.50355013427054","51.7352523235232","475.0","68.01267916785086","45.45210348413606","1118.0","57.979428785595424","32.986703478073274"
"newPredictions/NEWQuarterTrain_MATRIX_Price_Consump_timeOfDay_weekdays__PREDICT1371468156749.csv","2371.0","85.14814530030262","42.38098486319899","693.0","153.11874041801065","58.74630904235869","438.0","62.06366354949541","48.49716801588798","1240.0","51.483560275127815","25.519854364312266"
"newPredictions/NEWQuarterTrain_Price_Consump_timeOfDay_weekdays_monthOfYear_PREDICT1371466491686.csv","2121.0","90.72549010071981","42.920373669528956","464.0","159.4767408527234","55.72756043490972","545.0","65.73447948457154","41.386543548677814","1112.0","57.90530999882844","34.465356186131714"
"newPredictions/NEWQuarterTrain_Price_Consump_windSpeed_temperatureRow_monthOfYear_PREDICT1371469934429.csv","2662.0","79.89335229773876","43.330237451499144","608.0","150.96224866288097","69.19672758450326","660.0","52.58497413355456","46.310144828515334","1394.0","47.072963647020515","21.695439318983443"
"newPredictions/NEWQuarterTrain_MATRIX_Price_Consump_temperatureRow_timeOfDay_PREDICT1371466916154.csv","2558.0","91.05500330227159","43.48992684510812","768.0","176.1911439096708","68.36128908937913","489.0","59.34872439474358","46.053515838912595","1301.0","50.98260702736702","22.913713416551737"
"newPredictions/NEWQuarterTrain_Price_Consump_windSpeed_temperatureRow_seasonOfYear_PREDICT1371477060259.csv","2591.0","89.54605428636883","43.92585303981328","647.0","180.23034844905362","67.36120091131394","635.0","53.546705929211896","48.53931077492988","1309.0","48.53234493222266","22.889248834850548"
"newPredictions/NEWQuarterTrain_Price_Consump_windSpeed_monthOfYear_PREDICT1371467094956.csv","2743.0","85.54881673499663","44.00260404371659","633.0","167.1036112864955","63.54509188509155","764.0","54.03097530088512","44.352198144787025","1346.0","48.021101896955535","29.083542586882295"
"newPredictions/NEWQuarterTrain_MATRIX_Price_Consump__PREDICT1371466500745.csv","2209.0","81.28462845407738","44.01786958558686","578.0","124.04061058346858","52.40140907018953","560.0","71.39770040182083","47.53203356192319","1071.0","56.63283789622599","35.09459198988279"
"newPredictions/NEWQuarterTrain_Price_Consump_timeOfDay_weekdays__PREDICT1371476027636.csv","2352.0","85.99533771276737","44.629009589493535","575.0","150.59881748193635","58.10747262534066","598.0","62.66203521078879","44.223190913021085","1179.0","55.042704762374576","34.824526319963226"
"newPredictions/NEWQuarterTrain_Price_Consump_temperatureRow_timeOfDay_PREDICT1371467822802.csv","2339.0","82.29367336042728","45.14076812441222","665.0","129.29059997362845","66.28675461996252","444.0","72.24781466665577","46.930913815718945","1230.0","54.58037242085522","27.938668984269743"
"newPredictions/NEWQuarterTrain_MATRIX_Price_Consump_timeOfDay_monthOfYear_PREDICT1371467937161.csv","2512.0","104.9252295487136","45.830369600244545","661.0","229.95518778649298","81.34499290515092","527.0","55.52904932488093","41.82536687599152","1324.0","48.19989603825541","22.198154164754936"
"newPredictions/NEWQuarterTrain_MATRIX_Price_Consump_windSpeed_monthOfYear_PREDICT1371468844629.csv","2648.0","93.63011701044154","46.041456494779695","550.0","196.71230173631264","81.64297819045146","707.0","54.657353829479575","45.32461841968593","1391.0","45.54805085175966","19.877943779346662"
"newPredictions/NEWQuarterTrain_Price_Consump_windSpeed_weekdays_monthOfYear_PREDICT1371469678934.csv","2588.0","85.993260841614","46.32460438502103","590.0","169.31261887266322","79.03675250018703","670.0","53.54859856186266","45.92712136403398","1328.0","47.83723902813991","22.088605564386636"
"newPredictions/NEWQuarterTrain_Price_Consump_timeOfDay_seasonOfYear_PREDICT1371473969054.csv","2205.0","97.09370365418201","46.82964725926587","561.0","175.91825746718752","64.84922364521938","520.0","72.40014303265832","45.76320733760009","1124.0","56.49545876057087","34.114794911050424"
"newPredictions/NEWQuarterTrain_Price_Consump_temperatureRow_timeOfDay_weekdays_seasonOfYear_PREDICT1371478384625.csv","2210.0","92.9497056341066","46.84381425373589","599.0","160.13247051922795","62.390498108390304","422.0","75.4968243942521","48.11529901326911","1189.0","55.652292900156105","34.230187793094785"
"newPredictions/NEWQuarterTrain_Price_Consump_temperatureRow_weekdays_PREDICT1371475780265.csv","2254.0","86.3307734076078","46.91072881480071","585.0","138.62577335126036","68.85279180081842","581.0","68.37983824056994","42.10790805847471","1088.0","60.57272482514682","34.0562971425316"
"newPredictions/NEWQuarterTrain_MATRIX_Price_Consump_temperatureRow__PREDICT1371466706892.csv","2262.0","82.71593772772047","47.13123654546892","589.0","126.34528320398883","67.36517183833193","596.0","70.59402540350781","44.3582140167889","1077.0","59.08536286367845","34.03555197233166"
"newPredictions/NEWQuarterTrain_Price_Consump_weekdays_PREDICT1371476273711.csv","2243.0","87.89215229376772","47.445235572823634","568.0","141.48156858845942","55.44713755569308","630.0","69.8859037750064","39.10100575785595","1045.0","61.20477646181939","47.701981446897165"
"newPredictions/NEWQuarterTrain_Price_Consump_temperatureRow__PREDICT1371468072304.csv","2348.0","87.9408094832679","47.526530751179955","601.0","144.3301825112409","59.43589157952619","600.0","72.41089747544153","45.07027005218418","1147.0","57.296213718158135","40.43670565416713"
"newPredictions/NEWQuarterTrain_MATRIX_Price_Consump_seasonOfYear_PREDICT1371466640689.csv","2167.0","91.66530104590143","47.68958680727547","539.0","153.11346484196022","66.25876739422101","617.0","70.09003279179348","44.767823845746","1011.0","61.76062938943857","35.954023588213495"
"newPredictions/NEWQuarterTrain_Price_Consump__PREDICT1371477879792.csv","2102.0","89.03383855711272","49.181398441272094","558.0","144.97590694397823","62.36106002611177","595.0","69.67459547154095","46.047475552399206","949.0","61.59671958114317","41.6470944192972"
"newPredictions/NEWQuarterTrain_Price_Consump_timeOfDay_weekdays_seasonOfYear_PREDICT1371475528164.csv","2225.0","99.10295196794141","49.556140909528565","514.0","188.3715710845882","76.21710663336658","568.0","66.14071334334696","51.16763907577818","1143.0","56.87316659890218","28.351792991962693"
"newPredictions/NEWQuarterTrain_Price_Consump_temperatureRow_timeOfDay_seasonOfYear_PREDICT1371474210221.csv","2226.0","105.04407608005236","49.869686240292005","500.0","202.08927503368793","73.38633633351647","509.0","73.97518201559787","44.59414061613855","1217.0","55.56184741316638","36.18885788848852"
"newPredictions/NEWQuarterTrain_MATRIX_Price_Consump_temperatureRow_timeOfDay_monthOfYear_PREDICT1371467013369.csv","2545.0","103.01387419441753","49.896810978175324","710.0","219.6142880075859","95.5896646413864","499.0","58.856701413180694","41.35171739256988","1336.0","48.6814434204679","22.03599091997093"
"newPredictions/NEWQuarterTrain_Price_Consump_temperatureRow_timeOfDay_weekdays_monthOfYear_PREDICT1371473115632.csv","2160.0","98.17037862541964","50.758770290981545","501.0","185.15027492143716","90.73791918015571","536.0","67.61656939324622","42.482883449947764","1123.0","55.85081332753743","26.981323754875923"
"newPredictions/NEWQuarterTrain_MATRIX_Price_Consump_weekdays_PREDICT1371468526296.csv","2079.0","96.77920212216223","51.57472009550166","470.0","171.7976532847785","80.75752783878293","543.0","72.94239361072593","46.79098262155532","1066.0","58.392970133776906","33.27541739350053"
"newPredictions/NEWQuarterTrain_Price_Consump_timeOfDay_monthOfYear_PREDICT1371468913787.csv","2088.0","99.78266474881335","51.63138458121295","492.0","187.7368778541734","90.26918377398668","572.0","65.42213893452117","40.77655010331564","1024.0","59.58739928051225","30.794161045054945"
"newPredictions/NEWQuarterTrain_Price_Consump_weekdays_seasonOfYear_PREDICT1371475232278.csv","2166.0","103.7141240286046","51.863130069583804","478.0","196.39339418425317","85.27342737878034","575.0","69.38511799117539","46.36912862107996","1113.0","59.951425939940414","30.925908174064315"
"newPredictions/NEWQuarterTrain_Price_Consump_seasonOfYear_PREDICT1371472872840.csv","2258.0","96.69575215664015","52.42012297962621","553.0","172.72252656829446","78.9668893859918","606.0","71.83710544115362","43.44275139535827","1099.0","58.319656384514275","39.24307686305329"
"newPredictions/NEWQuarterTrain_MATRIX_Price_Consump_temperatureRow_seasonOfYear_PREDICT1371466848310.csv","2234.0","102.76389472213515","52.52377123131787","547.0","196.57906955167437","87.4348649760271","580.0","69.19734022937693","46.30189625495913","1107.0","57.5774294695482","31.006857155055297"
"newPredictions/NEWQuarterTrain_Price_Consump_weekdays_monthOfYear_PREDICT1371477369659.csv","2069.0","103.559782940856","52.77675143369366","462.0","193.21967429683792","76.38235717078571","599.0","67.1485876276808","43.341941885306326","1008.0","63.62326090875005","42.14865429216441"
"newPredictions/NEWQuarterTrain_MATRIX_Price_Consump_weekdays_seasonOfYear_PREDICT1371468693838.csv","1993.0","107.85340634269281","53.14648482207319","453.0","203.04827878410794","77.45693273206831","509.0","73.51050977505653","47.014839154303864","1031.0","62.21442443735838","39.51238314040359"
"newPredictions/NEWQuarterTrain_Price_Consump_temperatureRow_weekdays_seasonOfYear_PREDICT1371474694234.csv","2210.0","104.19462004209457","53.48339644039418","472.0","199.94928079867904","83.43624652419197","601.0","68.43691872071325","44.53760220773446","1137.0","59.19690046569323","37.728104552040634"
"newPredictions/NEWQuarterTrain_Price_Consump_temperatureRow_timeOfDay_monthOfYear_PREDICT1371468657194.csv","2151.0","108.37187933774973","53.731886649995964","466.0","214.37142908466672","91.17969088089353","535.0","72.4838170407582","44.60091465371549","1150.0","55.788263750305106","32.494262474033484"
"newPredictions/NEWQuarterTrain_MATRIX_Price_Consump_temperatureRow_monthOfYear_PREDICT1371466769992.csv","2013.0","111.64507705381125","53.857941581776736","445.0","220.045792856621","90.53953994480553","527.0","72.44500801395601","44.59173284116781","1041.0","59.74459198159531","33.296399364961665"
"newPredictions/NEWQuarterTrain_MATRIX_Price_Consump_temperatureRow_weekdays_PREDICT1371467590249.csv","2156.0","104.33078234324954","54.234782902592094","500.0","197.27099132624588","90.35199526871483","546.0","69.01894073249926","40.67278739186495","1110.0","61.10950681406495","37.318370261045295"
"newPredictions/NEWQuarterTrain_Price_Consump_monthOfYear_PREDICT1371470521543.csv","2051.0","99.38470444288312","54.637157015957236","476.0","183.92868906424866","96.35637777371502","580.0","65.92218748462102","43.644266479959384","995.0","61.07360369555611","31.592409349637578"
"newPredictions/NEWQuarterTrain_Price_Consump_temperatureRow_weekdays_monthOfYear_PREDICT1371466790824.csv","2075.0","117.17032428391609","55.54294652867856","457.0","242.31239575851674","102.43471595882743","586.0","69.30729582255657","40.935082121797386","1032.0","59.211042023986","31.33001776122784"
"newPredictions/NEWQuarterTrain_MATRIX_Price_Consump_temperatureRow_weekdays_monthOfYear_PREDICT1371467662757.csv","1924.0","113.55660054364844","55.871223599499956","408.0","226.59171103849988","97.6063829655096","499.0","71.23800025411829","43.02775727406734","1017.0","60.51921788965797","34.20245381906765"
"newPredictions/NEWQuarterTrain_Price_Consump_temperatureRow_seasonOfYear_PREDICT1371476515210.csv","2123.0","115.28727710782886","57.645018514443095","482.0","227.5756302358949","88.70320133620997","611.0","74.04901814617573","46.41735268995003","1030.0","61.99970648301746","42.77213076648764"
"newPredictions/NEWQuarterTrain_MATRIX_Price_Consump_weekdays_monthOfYear_PREDICT1371468606312.csv","2006.0","117.33818815342678","58.253886419210424","412.0","238.68300785340955","104.51062174023397","524.0","72.33742192167442","42.307981888901494","1070.0","60.08014805225298","35.52076332617467"
"newPredictions/NEWQuarterTrain_Price_Consump_temperatureRow_monthOfYear_PREDICT1371472122757.csv","2197.0","111.13512493971615","59.003024870864195","492.0","219.08093153432918","99.43311933278125","650.0","67.68226780894604","41.22268693135407","1055.0","62.765412841834575","42.01570747905898"
"newPredictions/NEWQuarterTrain_MATRIX_Price_Consump_temperatureRow_weekdays_seasonOfYear_PREDICT1371467756847.csv","2029.0","115.82963812660294","59.19452269767096","417.0","231.77903787841927","96.5732144422698","596.0","67.5830786068447","45.11862630706478","1016.0","65.0525079525587","41.71742618217676"
"newPredictions/NEWQuarterTrain_MATRIX_Price_Consump_windSpeed_weekdays_monthOfYear_PREDICT1371470907250.csv","2422.0","105.69590790618385","60.779536950322644","526.0","229.74067230371813","133.08933907051292","528.0","60.66158637560444","43.50943599526033","1368.0","46.43807575596767","19.499761076477053"
"newPredictions/NEWQuarterTrain_MATRIX_Price_Consump_monthOfYear_PREDICT1371466562106.csv","2011.0","115.81114652723008","62.36878363642299","390.0","239.79595230794888","120.56298249720099","565.0","67.98637827811824","50.216331105504445","1056.0","58.69111837852517","27.83747388902861"
